========================================================================
  ConstructiveHeuristic — unknown
========================================================================
  alpha=0.4  time_limit=60s  seed=None  min_sep=10.0
  weights: makespan=0.1  delay=1.0  movements=10

  Instance: 30 aircraft  5 positions  3 blocking arcs
  Blocking arcs: P3→P4  P3→P5  P4→P5

────────────────────────────────────────────────────────────────────────
  Best construction detail  (iter 3  obj=310.4410)
────────────────────────────────────────────────────────────────────────
Blocking arcs: P3→P4  P3→P5  P4→P5

Aircraft initial ranking (target_finish ASC, total_duration ASC):
  Rank   ID       earliest     target    duration
  ----------------------------------------------
  [ 0]  R3           0.00      72.88       19.65
  [ 1]  R8          10.34      78.23        6.50
  [ 2]  R7           9.38      83.56       23.76
  [ 3]  R9          12.47      87.20       17.47
  [ 4]  R15         26.16      97.47       16.75
  [ 5]  R20         38.51     111.08       21.70
  [ 6]  R23         44.71     116.46       20.42
  [ 7]  R1           0.00     129.38       26.62
  [ 8]  R2           0.00     132.06       29.04
  [ 9]  R4           0.00     132.53       26.60
  [10]  R10         15.67     137.74       30.05
  [11]  R5           7.76     137.83       27.39
  [12]  R11         16.77     143.11       35.39
  [13]  R19         36.60     151.16       25.37
  [14]  R21         38.54     160.49       27.48
  [15]  R24         45.21     162.07       22.14
  [16]  R27         53.10     169.35       21.10
  [17]  R28         54.36     169.62       22.64
  [18]  R6           9.27     177.39       32.70
  [19]  R12         20.15     178.35       31.28
  [20]  R13         21.59     183.04       31.50
  [21]  R16         27.77     184.16       36.10
  [22]  R17         29.12     187.72       32.19
  [23]  R14         24.24     187.88       36.54
  [24]  R18         33.41     191.33       31.95
  [25]  R22         41.72     191.93       33.40
  [26]  R26         50.46     195.51       37.94
  [27]  R25         47.78     196.12       36.68
  [28]  R30         55.42     199.75       34.12
  [29]  R29         55.44     201.48       41.37

========================================================================
  STEP 1/30
========================================================================

  Pair evaluation  (150 pairs):
    Rank   ID      Pos     t_start   t_finish    delay      gap   blocking      score    weight     P(%)   cum(%)
    ---------------------------------------------------------------------------------------------------------
    [ 0]  R8      P1        10.34      16.84     0.00     0.00       none       1.68    1.0000   40.00%   40.00%
    [ 1]  R8      P2        10.34      16.84     0.00     0.00       none       1.68    0.6000   24.00%   64.00%
    [ 2]  R8      P3        10.34      16.84     0.00     0.00       none       1.68    0.3600   14.40%   78.40%
    [ 3]  R8      P4        10.34      16.84     0.00     0.00       none       1.68    0.2160    8.64%   87.04%
    [ 4]  R8      P5        10.34      16.84     0.00     0.00       none       1.68    0.1296    5.18%   92.22%
    [ 5]  R3      P1         0.00      19.65     0.00     0.00       none       1.96    0.0778    3.11%   95.33%
    [ 6]  R3      P2         0.00      19.65     0.00     0.00       none       1.96    0.0467    1.87%   97.20%
    [ 7]  R3      P3         0.00      19.65     0.00     0.00       none       1.96    0.0280    1.12%   98.32%
    [ 8]  R3      P4         0.00      19.65     0.00     0.00       none       1.96    0.0168    0.67%   98.99%
    [ 9]  R3      P5         0.00      19.65     0.00     0.00       none       1.96    0.0101    0.40%   99.40%
    [10]  R4      P1         0.00      26.60     0.00     0.00       none       2.66    0.0060    0.24%   99.64%
    [11]  R4      P2         0.00      26.60     0.00     0.00       none       2.66    0.0036    0.15%   99.78%
    [12]  R4      P3         0.00      26.60     0.00     0.00       none       2.66    0.0022    0.09%   99.87%
    [13]  R4      P4         0.00      26.60     0.00     0.00       none       2.66    0.0013    0.05%   99.92%
    [14]  R4      P5         0.00      26.60     0.00     0.00       none       2.66    0.0008    0.03%   99.95%
    [15]  R1      P1         0.00      26.62     0.00     0.00       none       2.66    0.0005    0.02%   99.97%
    [16]  R1      P2         0.00      26.62     0.00     0.00       none       2.66    0.0003    0.01%   99.98%
    [17]  R1      P3         0.00      26.62     0.00     0.00       none       2.66    0.0002    0.01%   99.99%
    [18]  R1      P4         0.00      26.62     0.00     0.00       none       2.66    0.0001    0.00%   99.99%
    [19]  R1      P5         0.00      26.62     0.00     0.00       none       2.66    0.0001    0.00%  100.00%
    [20]  R2      P1         0.00      29.04     0.00     0.00       none       2.90    0.0000    0.00%  100.00%
    [21]  R2      P2         0.00      29.04     0.00     0.00       none       2.90    0.0000    0.00%  100.00%
    [22]  R2      P3         0.00      29.04     0.00     0.00       none       2.90    0.0000    0.00%  100.00%
    [23]  R2      P4         0.00      29.04     0.00     0.00       none       2.90    0.0000    0.00%  100.00%
    [24]  R2      P5         0.00      29.04     0.00     0.00       none       2.90    0.0000    0.00%  100.00%
    [25]  R9      P1        12.47      29.95     0.00     0.00       none       2.99    0.0000    0.00%  100.00%
    [26]  R9      P2        12.47      29.95     0.00     0.00       none       2.99    0.0000    0.00%  100.00%
    [27]  R9      P3        12.47      29.95     0.00     0.00       none       2.99    0.0000    0.00%  100.00%
    [28]  R9      P4        12.47      29.95     0.00     0.00       none       2.99    0.0000    0.00%  100.00%
    [29]  R9      P5        12.47      29.95     0.00     0.00       none       2.99    0.0000    0.00%  100.00%
    [30]  R7      P1         9.38      33.14     0.00     0.00       none       3.31    0.0000    0.00%  100.00%
    [31]  R7      P2         9.38      33.14     0.00     0.00       none       3.31    0.0000    0.00%  100.00%
    [32]  R7      P3         9.38      33.14     0.00     0.00       none       3.31    0.0000    0.00%  100.00%
    [33]  R7      P4         9.38      33.14     0.00     0.00       none       3.31    0.0000    0.00%  100.00%
    [34]  R7      P5         9.38      33.14     0.00     0.00       none       3.31    0.0000    0.00%  100.00%
    [35]  R5      P1         7.76      35.15     0.00     0.00       none       3.51    0.0000    0.00%  100.00%
    [36]  R5      P2         7.76      35.15     0.00     0.00       none       3.51    0.0000    0.00%  100.00%
    [37]  R5      P3         7.76      35.15     0.00     0.00       none       3.51    0.0000    0.00%  100.00%
    [38]  R5      P4         7.76      35.15     0.00     0.00       none       3.51    0.0000    0.00%  100.00%
    [39]  R5      P5         7.76      35.15     0.00     0.00       none       3.51    0.0000    0.00%  100.00%
    [40]  R6      P1         9.27      41.97     0.00     0.00       none       4.20    0.0000    0.00%  100.00%
    [41]  R6      P2         9.27      41.97     0.00     0.00       none       4.20    0.0000    0.00%  100.00%
    [42]  R6      P3         9.27      41.97     0.00     0.00       none       4.20    0.0000    0.00%  100.00%
    [43]  R6      P4         9.27      41.97     0.00     0.00       none       4.20    0.0000    0.00%  100.00%
    [44]  R6      P5         9.27      41.97     0.00     0.00       none       4.20    0.0000    0.00%  100.00%
    [45]  R15     P1        26.16      42.91     0.00     0.00       none       4.29    0.0000    0.00%  100.00%
    [46]  R15     P2        26.16      42.91     0.00     0.00       none       4.29    0.0000    0.00%  100.00%
    [47]  R15     P3        26.16      42.91     0.00     0.00       none       4.29    0.0000    0.00%  100.00%
    [48]  R15     P4        26.16      42.91     0.00     0.00       none       4.29    0.0000    0.00%  100.00%
    [49]  R15     P5        26.16      42.91     0.00     0.00       none       4.29    0.0000    0.00%  100.00%
    [50]  R10     P1        15.67      45.72     0.00     0.00       none       4.57    0.0000    0.00%  100.00%
    [51]  R10     P2        15.67      45.72     0.00     0.00       none       4.57    0.0000    0.00%  100.00%
    [52]  R10     P3        15.67      45.72     0.00     0.00       none       4.57    0.0000    0.00%  100.00%
    [53]  R10     P4        15.67      45.72     0.00     0.00       none       4.57    0.0000    0.00%  100.00%
    [54]  R10     P5        15.67      45.72     0.00     0.00       none       4.57    0.0000    0.00%  100.00%
    [55]  R12     P1        20.15      51.43     0.00     0.00       none       5.14    0.0000    0.00%  100.00%
    [56]  R12     P2        20.15      51.43     0.00     0.00       none       5.14    0.0000    0.00%  100.00%
    [57]  R12     P3        20.15      51.43     0.00     0.00       none       5.14    0.0000    0.00%  100.00%
    [58]  R12     P4        20.15      51.43     0.00     0.00       none       5.14    0.0000    0.00%  100.00%
    [59]  R12     P5        20.15      51.43     0.00     0.00       none       5.14    0.0000    0.00%  100.00%
    [60]  R11     P1        16.77      52.16     0.00     0.00       none       5.22    0.0000    0.00%  100.00%
    [61]  R11     P2        16.77      52.16     0.00     0.00       none       5.22    0.0000    0.00%  100.00%
    [62]  R11     P3        16.77      52.16     0.00     0.00       none       5.22    0.0000    0.00%  100.00%
    [63]  R11     P4        16.77      52.16     0.00     0.00       none       5.22    0.0000    0.00%  100.00%
    [64]  R11     P5        16.77      52.16     0.00     0.00       none       5.22    0.0000    0.00%  100.00%
    [65]  R13     P1        21.59      53.09     0.00     0.00       none       5.31    0.0000    0.00%  100.00%
    [66]  R13     P2        21.59      53.09     0.00     0.00       none       5.31    0.0000    0.00%  100.00%
    [67]  R13     P3        21.59      53.09     0.00     0.00       none       5.31    0.0000    0.00%  100.00%
    [68]  R13     P4        21.59      53.09     0.00     0.00       none       5.31    0.0000    0.00%  100.00%
    [69]  R13     P5        21.59      53.09     0.00     0.00       none       5.31    0.0000    0.00%  100.00%
    [70]  R20     P1        38.51      60.21     0.00     0.00       none       6.02    0.0000    0.00%  100.00%
    [71]  R20     P2        38.51      60.21     0.00     0.00       none       6.02    0.0000    0.00%  100.00%
    [72]  R20     P3        38.51      60.21     0.00     0.00       none       6.02    0.0000    0.00%  100.00%
    [73]  R20     P4        38.51      60.21     0.00     0.00       none       6.02    0.0000    0.00%  100.00%
    [74]  R20     P5        38.51      60.21     0.00     0.00       none       6.02    0.0000    0.00%  100.00%
    [75]  R14     P1        24.24      60.78     0.00     0.00       none       6.08    0.0000    0.00%  100.00%
    [76]  R14     P2        24.24      60.78     0.00     0.00       none       6.08    0.0000    0.00%  100.00%
    [77]  R14     P3        24.24      60.78     0.00     0.00       none       6.08    0.0000    0.00%  100.00%
    [78]  R14     P4        24.24      60.78     0.00     0.00       none       6.08    0.0000    0.00%  100.00%
    [79]  R14     P5        24.24      60.78     0.00     0.00       none       6.08    0.0000    0.00%  100.00%
    [80]  R17     P1        29.12      61.31     0.00     0.00       none       6.13    0.0000    0.00%  100.00%
    [81]  R17     P2        29.12      61.31     0.00     0.00       none       6.13    0.0000    0.00%  100.00%
    [82]  R17     P3        29.12      61.31     0.00     0.00       none       6.13    0.0000    0.00%  100.00%
    [83]  R17     P4        29.12      61.31     0.00     0.00       none       6.13    0.0000    0.00%  100.00%
    [84]  R17     P5        29.12      61.31     0.00     0.00       none       6.13    0.0000    0.00%  100.00%
    [85]  R19     P1        36.60      61.97     0.00     0.00       none       6.20    0.0000    0.00%  100.00%
    [86]  R19     P2        36.60      61.97     0.00     0.00       none       6.20    0.0000    0.00%  100.00%
    [87]  R19     P3        36.60      61.97     0.00     0.00       none       6.20    0.0000    0.00%  100.00%
    [88]  R19     P4        36.60      61.97     0.00     0.00       none       6.20    0.0000    0.00%  100.00%
    [89]  R19     P5        36.60      61.97     0.00     0.00       none       6.20    0.0000    0.00%  100.00%
    [90]  R16     P1        27.77      63.87     0.00     0.00       none       6.39    0.0000    0.00%  100.00%
    [91]  R16     P2        27.77      63.87     0.00     0.00       none       6.39    0.0000    0.00%  100.00%
    [92]  R16     P3        27.77      63.87     0.00     0.00       none       6.39    0.0000    0.00%  100.00%
    [93]  R16     P4        27.77      63.87     0.00     0.00       none       6.39    0.0000    0.00%  100.00%
    [94]  R16     P5        27.77      63.87     0.00     0.00       none       6.39    0.0000    0.00%  100.00%
    [95]  R23     P1        44.71      65.13     0.00     0.00       none       6.51    0.0000    0.00%  100.00%
    [96]  R23     P2        44.71      65.13     0.00     0.00       none       6.51    0.0000    0.00%  100.00%
    [97]  R23     P3        44.71      65.13     0.00     0.00       none       6.51    0.0000    0.00%  100.00%
    [98]  R23     P4        44.71      65.13     0.00     0.00       none       6.51    0.0000    0.00%  100.00%
    [99]  R23     P5        44.71      65.13     0.00     0.00       none       6.51    0.0000    0.00%  100.00%
    [100]  R18     P1        33.41      65.36     0.00     0.00       none       6.54    0.0000    0.00%  100.00%
    [101]  R18     P2        33.41      65.36     0.00     0.00       none       6.54    0.0000    0.00%  100.00%
    [102]  R18     P3        33.41      65.36     0.00     0.00       none       6.54    0.0000    0.00%  100.00%
    [103]  R18     P4        33.41      65.36     0.00     0.00       none       6.54    0.0000    0.00%  100.00%
    [104]  R18     P5        33.41      65.36     0.00     0.00       none       6.54    0.0000    0.00%  100.00%
    [105]  R21     P1        38.54      66.02     0.00     0.00       none       6.60    0.0000    0.00%  100.00%
    [106]  R21     P2        38.54      66.02     0.00     0.00       none       6.60    0.0000    0.00%  100.00%
    [107]  R21     P3        38.54      66.02     0.00     0.00       none       6.60    0.0000    0.00%  100.00%
    [108]  R21     P4        38.54      66.02     0.00     0.00       none       6.60    0.0000    0.00%  100.00%
    [109]  R21     P5        38.54      66.02     0.00     0.00       none       6.60    0.0000    0.00%  100.00%
    [110]  R24     P1        45.21      67.35     0.00     0.00       none       6.73    0.0000    0.00%  100.00%
    [111]  R24     P2        45.21      67.35     0.00     0.00       none       6.73    0.0000    0.00%  100.00%
    [112]  R24     P3        45.21      67.35     0.00     0.00       none       6.73    0.0000    0.00%  100.00%
    [113]  R24     P4        45.21      67.35     0.00     0.00       none       6.73    0.0000    0.00%  100.00%
    [114]  R24     P5        45.21      67.35     0.00     0.00       none       6.73    0.0000    0.00%  100.00%
    [115]  R27     P1        53.10      74.20     0.00     0.00       none       7.42    0.0000    0.00%  100.00%
    [116]  R27     P2        53.10      74.20     0.00     0.00       none       7.42    0.0000    0.00%  100.00%
    [117]  R27     P3        53.10      74.20     0.00     0.00       none       7.42    0.0000    0.00%  100.00%
    [118]  R27     P4        53.10      74.20     0.00     0.00       none       7.42    0.0000    0.00%  100.00%
    [119]  R27     P5        53.10      74.20     0.00     0.00       none       7.42    0.0000    0.00%  100.00%
    [120]  R22     P1        41.72      75.12     0.00     0.00       none       7.51    0.0000    0.00%  100.00%
    [121]  R22     P2        41.72      75.12     0.00     0.00       none       7.51    0.0000    0.00%  100.00%
    [122]  R22     P3        41.72      75.12     0.00     0.00       none       7.51    0.0000    0.00%  100.00%
    [123]  R22     P4        41.72      75.12     0.00     0.00       none       7.51    0.0000    0.00%  100.00%
    [124]  R22     P5        41.72      75.12     0.00     0.00       none       7.51    0.0000    0.00%  100.00%
    [125]  R28     P1        54.36      77.00     0.00     0.00       none       7.70    0.0000    0.00%  100.00%
    [126]  R28     P2        54.36      77.00     0.00     0.00       none       7.70    0.0000    0.00%  100.00%
    [127]  R28     P3        54.36      77.00     0.00     0.00       none       7.70    0.0000    0.00%  100.00%
    [128]  R28     P4        54.36      77.00     0.00     0.00       none       7.70    0.0000    0.00%  100.00%
    [129]  R28     P5        54.36      77.00     0.00     0.00       none       7.70    0.0000    0.00%  100.00%
    [130]  R25     P1        47.78      84.46     0.00     0.00       none       8.45    0.0000    0.00%  100.00%
    [131]  R25     P2        47.78      84.46     0.00     0.00       none       8.45    0.0000    0.00%  100.00%
    [132]  R25     P3        47.78      84.46     0.00     0.00       none       8.45    0.0000    0.00%  100.00%
    [133]  R25     P4        47.78      84.46     0.00     0.00       none       8.45    0.0000    0.00%  100.00%
    [134]  R25     P5        47.78      84.46     0.00     0.00       none       8.45    0.0000    0.00%  100.00%
    [135]  R26     P1        50.46      88.40     0.00     0.00       none       8.84    0.0000    0.00%  100.00%
    [136]  R26     P2        50.46      88.40     0.00     0.00       none       8.84    0.0000    0.00%  100.00%
    [137]  R26     P3        50.46      88.40     0.00     0.00       none       8.84    0.0000    0.00%  100.00%
    [138]  R26     P4        50.46      88.40     0.00     0.00       none       8.84    0.0000    0.00%  100.00%
    [139]  R26     P5        50.46      88.40     0.00     0.00       none       8.84    0.0000    0.00%  100.00%
    [140]  R30     P1        55.42      89.54     0.00     0.00       none       8.95    0.0000    0.00%  100.00%
    [141]  R30     P2        55.42      89.54     0.00     0.00       none       8.95    0.0000    0.00%  100.00%
    [142]  R30     P3        55.42      89.54     0.00     0.00       none       8.95    0.0000    0.00%  100.00%
    [143]  R30     P4        55.42      89.54     0.00     0.00       none       8.95    0.0000    0.00%  100.00%
    [144]  R30     P5        55.42      89.54     0.00     0.00       none       8.95    0.0000    0.00%  100.00%
    [145]  R29     P1        55.44      96.81     0.00     0.00       none       9.68    0.0000    0.00%  100.00%
    [146]  R29     P2        55.44      96.81     0.00     0.00       none       9.68    0.0000    0.00%  100.00%
    [147]  R29     P3        55.44      96.81     0.00     0.00       none       9.68    0.0000    0.00%  100.00%
    [148]  R29     P4        55.44      96.81     0.00     0.00       none       9.68    0.0000    0.00%  100.00%
    [149]  R29     P5        55.44      96.81     0.00     0.00       none       9.68    0.0000    0.00%  100.00%
    draw=1.2066  →  (R8, P2) (rank 1) selected

  Assignment: R8 → P2  [10.34 → 16.84]  delay=0.00
    J8-1       [10.34 → 12.56]
    J8-2       [12.56 → 16.84]

  Assigned so far:
    ID      Pos       start    finish    delay
    ----------------------------------------
    R8      P2        10.34     16.84     0.00

========================================================================
  STEP 2/30
========================================================================

  Pair evaluation  (145 pairs):
    Rank   ID      Pos     t_start   t_finish    delay      gap   blocking      score    weight     P(%)   cum(%)
    ---------------------------------------------------------------------------------------------------------
    [ 0]  R3      P1         0.00      19.65     0.00     0.00       none       1.96    1.0000   40.00%   40.00%
    [ 1]  R3      P3         0.00      19.65     0.00     0.00       none       1.96    0.6000   24.00%   64.00%
    [ 2]  R3      P4         0.00      19.65     0.00     0.00       none       1.96    0.3600   14.40%   78.40%
    [ 3]  R3      P5         0.00      19.65     0.00     0.00       none       1.96    0.2160    8.64%   87.04%
    [ 4]  R4      P1         0.00      26.60     0.00     0.00       none       2.66    0.1296    5.18%   92.22%
    [ 5]  R4      P3         0.00      26.60     0.00     0.00       none       2.66    0.0778    3.11%   95.33%
    [ 6]  R4      P4         0.00      26.60     0.00     0.00       none       2.66    0.0467    1.87%   97.20%
    [ 7]  R4      P5         0.00      26.60     0.00     0.00       none       2.66    0.0280    1.12%   98.32%
    [ 8]  R1      P1         0.00      26.62     0.00     0.00       none       2.66    0.0168    0.67%   98.99%
    [ 9]  R1      P3         0.00      26.62     0.00     0.00       none       2.66    0.0101    0.40%   99.40%
    [10]  R1      P4         0.00      26.62     0.00     0.00       none       2.66    0.0060    0.24%   99.64%
    [11]  R1      P5         0.00      26.62     0.00     0.00       none       2.66    0.0036    0.15%   99.78%
    [12]  R2      P1         0.00      29.04     0.00     0.00       none       2.90    0.0022    0.09%   99.87%
    [13]  R2      P3         0.00      29.04     0.00     0.00       none       2.90    0.0013    0.05%   99.92%
    [14]  R2      P4         0.00      29.04     0.00     0.00       none       2.90    0.0008    0.03%   99.95%
    [15]  R2      P5         0.00      29.04     0.00     0.00       none       2.90    0.0005    0.02%   99.97%
    [16]  R9      P1        12.47      29.95     0.00     0.00       none       2.99    0.0003    0.01%   99.98%
    [17]  R9      P3        12.47      29.95     0.00     0.00       none       2.99    0.0002    0.01%   99.99%
    [18]  R9      P4        12.47      29.95     0.00     0.00       none       2.99    0.0001    0.00%   99.99%
    [19]  R9      P5        12.47      29.95     0.00     0.00       none       2.99    0.0001    0.00%  100.00%
    [20]  R7      P1         9.38      33.14     0.00     0.00       none       3.31    0.0000    0.00%  100.00%
    [21]  R7      P3         9.38      33.14     0.00     0.00       none       3.31    0.0000    0.00%  100.00%
    [22]  R7      P4         9.38      33.14     0.00     0.00       none       3.31    0.0000    0.00%  100.00%
    [23]  R7      P5         9.38      33.14     0.00     0.00       none       3.31    0.0000    0.00%  100.00%
    [24]  R5      P1         7.76      35.15     0.00     0.00       none       3.51    0.0000    0.00%  100.00%
    [25]  R5      P3         7.76      35.15     0.00     0.00       none       3.51    0.0000    0.00%  100.00%
    [26]  R5      P4         7.76      35.15     0.00     0.00       none       3.51    0.0000    0.00%  100.00%
    [27]  R5      P5         7.76      35.15     0.00     0.00       none       3.51    0.0000    0.00%  100.00%
    [28]  R6      P1         9.27      41.97     0.00     0.00       none       4.20    0.0000    0.00%  100.00%
    [29]  R6      P3         9.27      41.97     0.00     0.00       none       4.20    0.0000    0.00%  100.00%
    [30]  R6      P4         9.27      41.97     0.00     0.00       none       4.20    0.0000    0.00%  100.00%
    [31]  R6      P5         9.27      41.97     0.00     0.00       none       4.20    0.0000    0.00%  100.00%
    [32]  R15     P1        26.16      42.91     0.00     0.00       none       4.29    0.0000    0.00%  100.00%
    [33]  R15     P3        26.16      42.91     0.00     0.00       none       4.29    0.0000    0.00%  100.00%
    [34]  R15     P4        26.16      42.91     0.00     0.00       none       4.29    0.0000    0.00%  100.00%
    [35]  R15     P5        26.16      42.91     0.00     0.00       none       4.29    0.0000    0.00%  100.00%
    [36]  R10     P1        15.67      45.72     0.00     0.00       none       4.57    0.0000    0.00%  100.00%
    [37]  R10     P3        15.67      45.72     0.00     0.00       none       4.57    0.0000    0.00%  100.00%
    [38]  R10     P4        15.67      45.72     0.00     0.00       none       4.57    0.0000    0.00%  100.00%
    [39]  R10     P5        15.67      45.72     0.00     0.00       none       4.57    0.0000    0.00%  100.00%
    [40]  R12     P1        20.15      51.43     0.00     0.00       none       5.14    0.0000    0.00%  100.00%
    [41]  R12     P3        20.15      51.43     0.00     0.00       none       5.14    0.0000    0.00%  100.00%
    [42]  R12     P4        20.15      51.43     0.00     0.00       none       5.14    0.0000    0.00%  100.00%
    [43]  R12     P5        20.15      51.43     0.00     0.00       none       5.14    0.0000    0.00%  100.00%
    [44]  R11     P1        16.77      52.16     0.00     0.00       none       5.22    0.0000    0.00%  100.00%
    [45]  R11     P3        16.77      52.16     0.00     0.00       none       5.22    0.0000    0.00%  100.00%
    [46]  R11     P4        16.77      52.16     0.00     0.00       none       5.22    0.0000    0.00%  100.00%
    [47]  R11     P5        16.77      52.16     0.00     0.00       none       5.22    0.0000    0.00%  100.00%
    [48]  R13     P1        21.59      53.09     0.00     0.00       none       5.31    0.0000    0.00%  100.00%
    [49]  R13     P3        21.59      53.09     0.00     0.00       none       5.31    0.0000    0.00%  100.00%
    [50]  R13     P4        21.59      53.09     0.00     0.00       none       5.31    0.0000    0.00%  100.00%
    [51]  R13     P5        21.59      53.09     0.00     0.00       none       5.31    0.0000    0.00%  100.00%
    [52]  R15     P2        26.84      43.59     0.00    10.00       none       5.36    0.0000    0.00%  100.00%
    [53]  R9      P2        26.84      44.31     0.00    10.00       none       5.43    0.0000    0.00%  100.00%
    [54]  R3      P2        26.84      46.49     0.00    10.00       none       5.65    0.0000    0.00%  100.00%
    [55]  R20     P1        38.51      60.21     0.00     0.00       none       6.02    0.0000    0.00%  100.00%
    [56]  R20     P3        38.51      60.21     0.00     0.00       none       6.02    0.0000    0.00%  100.00%
    [57]  R20     P4        38.51      60.21     0.00     0.00       none       6.02    0.0000    0.00%  100.00%
    [58]  R20     P5        38.51      60.21     0.00     0.00       none       6.02    0.0000    0.00%  100.00%
    [59]  R7      P2        26.84      50.60     0.00    10.00       none       6.06    0.0000    0.00%  100.00%
    [60]  R14     P1        24.24      60.78     0.00     0.00       none       6.08    0.0000    0.00%  100.00%
    [61]  R14     P3        24.24      60.78     0.00     0.00       none       6.08    0.0000    0.00%  100.00%
    [62]  R14     P4        24.24      60.78     0.00     0.00       none       6.08    0.0000    0.00%  100.00%
    [63]  R14     P5        24.24      60.78     0.00     0.00       none       6.08    0.0000    0.00%  100.00%
    [64]  R17     P1        29.12      61.31     0.00     0.00       none       6.13    0.0000    0.00%  100.00%
    [65]  R17     P3        29.12      61.31     0.00     0.00       none       6.13    0.0000    0.00%  100.00%
    [66]  R17     P4        29.12      61.31     0.00     0.00       none       6.13    0.0000    0.00%  100.00%
    [67]  R17     P5        29.12      61.31     0.00     0.00       none       6.13    0.0000    0.00%  100.00%
    [68]  R19     P1        36.60      61.97     0.00     0.00       none       6.20    0.0000    0.00%  100.00%
    [69]  R19     P3        36.60      61.97     0.00     0.00       none       6.20    0.0000    0.00%  100.00%
    [70]  R19     P4        36.60      61.97     0.00     0.00       none       6.20    0.0000    0.00%  100.00%
    [71]  R19     P5        36.60      61.97     0.00     0.00       none       6.20    0.0000    0.00%  100.00%
    [72]  R4      P2        26.84      53.44     0.00    10.00       none       6.34    0.0000    0.00%  100.00%
    [73]  R1      P2        26.84      53.46     0.00    10.00       none       6.35    0.0000    0.00%  100.00%
    [74]  R16     P1        27.77      63.87     0.00     0.00       none       6.39    0.0000    0.00%  100.00%
    [75]  R16     P3        27.77      63.87     0.00     0.00       none       6.39    0.0000    0.00%  100.00%
    [76]  R16     P4        27.77      63.87     0.00     0.00       none       6.39    0.0000    0.00%  100.00%
    [77]  R16     P5        27.77      63.87     0.00     0.00       none       6.39    0.0000    0.00%  100.00%
    [78]  R5      P2        26.84      54.23     0.00    10.00       none       6.42    0.0000    0.00%  100.00%
    [79]  R23     P1        44.71      65.13     0.00     0.00       none       6.51    0.0000    0.00%  100.00%
    [80]  R23     P3        44.71      65.13     0.00     0.00       none       6.51    0.0000    0.00%  100.00%
    [81]  R23     P4        44.71      65.13     0.00     0.00       none       6.51    0.0000    0.00%  100.00%
    [82]  R23     P5        44.71      65.13     0.00     0.00       none       6.51    0.0000    0.00%  100.00%
    [83]  R18     P1        33.41      65.36     0.00     0.00       none       6.54    0.0000    0.00%  100.00%
    [84]  R18     P3        33.41      65.36     0.00     0.00       none       6.54    0.0000    0.00%  100.00%
    [85]  R18     P4        33.41      65.36     0.00     0.00       none       6.54    0.0000    0.00%  100.00%
    [86]  R18     P5        33.41      65.36     0.00     0.00       none       6.54    0.0000    0.00%  100.00%
    [87]  R2      P2        26.84      55.88     0.00    10.00       none       6.59    0.0000    0.00%  100.00%
    [88]  R21     P1        38.54      66.02     0.00     0.00       none       6.60    0.0000    0.00%  100.00%
    [89]  R21     P3        38.54      66.02     0.00     0.00       none       6.60    0.0000    0.00%  100.00%
    [90]  R21     P4        38.54      66.02     0.00     0.00       none       6.60    0.0000    0.00%  100.00%
    [91]  R21     P5        38.54      66.02     0.00     0.00       none       6.60    0.0000    0.00%  100.00%
    [92]  R10     P2        26.84      56.89     0.00    10.00       none       6.69    0.0000    0.00%  100.00%
    [93]  R24     P1        45.21      67.35     0.00     0.00       none       6.73    0.0000    0.00%  100.00%
    [94]  R24     P3        45.21      67.35     0.00     0.00       none       6.73    0.0000    0.00%  100.00%
    [95]  R24     P4        45.21      67.35     0.00     0.00       none       6.73    0.0000    0.00%  100.00%
    [96]  R24     P5        45.21      67.35     0.00     0.00       none       6.73    0.0000    0.00%  100.00%
    [97]  R12     P2        26.84      58.12     0.00    10.00       none       6.81    0.0000    0.00%  100.00%
    [98]  R13     P2        26.84      58.34     0.00    10.00       none       6.83    0.0000    0.00%  100.00%
    [99]  R6      P2        26.84      59.54     0.00    10.00       none       6.95    0.0000    0.00%  100.00%
    [100]  R11     P2        26.84      62.23     0.00    10.00       none       7.22    0.0000    0.00%  100.00%
    [101]  R14     P2        26.84      63.38     0.00    10.00       none       7.34    0.0000    0.00%  100.00%
    [102]  R17     P2        29.12      61.31     0.00    12.28       none       7.36    0.0000    0.00%  100.00%
    [103]  R27     P1        53.10      74.20     0.00     0.00       none       7.42    0.0000    0.00%  100.00%
    [104]  R27     P3        53.10      74.20     0.00     0.00       none       7.42    0.0000    0.00%  100.00%
    [105]  R27     P4        53.10      74.20     0.00     0.00       none       7.42    0.0000    0.00%  100.00%
    [106]  R27     P5        53.10      74.20     0.00     0.00       none       7.42    0.0000    0.00%  100.00%
    [107]  R16     P2        27.77      63.87     0.00    10.93       none       7.48    0.0000    0.00%  100.00%
    [108]  R22     P1        41.72      75.12     0.00     0.00       none       7.51    0.0000    0.00%  100.00%
    [109]  R22     P3        41.72      75.12     0.00     0.00       none       7.51    0.0000    0.00%  100.00%
    [110]  R22     P4        41.72      75.12     0.00     0.00       none       7.51    0.0000    0.00%  100.00%
    [111]  R22     P5        41.72      75.12     0.00     0.00       none       7.51    0.0000    0.00%  100.00%
    [112]  R28     P1        54.36      77.00     0.00     0.00       none       7.70    0.0000    0.00%  100.00%
    [113]  R28     P3        54.36      77.00     0.00     0.00       none       7.70    0.0000    0.00%  100.00%
    [114]  R28     P4        54.36      77.00     0.00     0.00       none       7.70    0.0000    0.00%  100.00%
    [115]  R28     P5        54.36      77.00     0.00     0.00       none       7.70    0.0000    0.00%  100.00%
    [116]  R19     P2        36.60      61.97     0.00    19.76       none       8.17    0.0000    0.00%  100.00%
    [117]  R20     P2        38.51      60.21     0.00    21.66       none       8.19    0.0000    0.00%  100.00%
    [118]  R18     P2        33.41      65.36     0.00    16.57       none       8.19    0.0000    0.00%  100.00%
    [119]  R25     P1        47.78      84.46     0.00     0.00       none       8.45    0.0000    0.00%  100.00%
    [120]  R25     P3        47.78      84.46     0.00     0.00       none       8.45    0.0000    0.00%  100.00%
    [121]  R25     P4        47.78      84.46     0.00     0.00       none       8.45    0.0000    0.00%  100.00%
    [122]  R25     P5        47.78      84.46     0.00     0.00       none       8.45    0.0000    0.00%  100.00%
    [123]  R21     P2        38.54      66.02     0.00    21.70       none       8.77    0.0000    0.00%  100.00%
    [124]  R26     P1        50.46      88.40     0.00     0.00       none       8.84    0.0000    0.00%  100.00%
    [125]  R26     P3        50.46      88.40     0.00     0.00       none       8.84    0.0000    0.00%  100.00%
    [126]  R26     P4        50.46      88.40     0.00     0.00       none       8.84    0.0000    0.00%  100.00%
    [127]  R26     P5        50.46      88.40     0.00     0.00       none       8.84    0.0000    0.00%  100.00%
    [128]  R30     P1        55.42      89.54     0.00     0.00       none       8.95    0.0000    0.00%  100.00%
    [129]  R30     P3        55.42      89.54     0.00     0.00       none       8.95    0.0000    0.00%  100.00%
    [130]  R30     P4        55.42      89.54     0.00     0.00       none       8.95    0.0000    0.00%  100.00%
    [131]  R30     P5        55.42      89.54     0.00     0.00       none       8.95    0.0000    0.00%  100.00%
    [132]  R23     P2        44.71      65.13     0.00    27.87       none       9.30    0.0000    0.00%  100.00%
    [133]  R24     P2        45.21      67.35     0.00    28.37       none       9.57    0.0000    0.00%  100.00%
    [134]  R29     P1        55.44      96.81     0.00     0.00       none       9.68    0.0000    0.00%  100.00%
    [135]  R29     P3        55.44      96.81     0.00     0.00       none       9.68    0.0000    0.00%  100.00%
    [136]  R29     P4        55.44      96.81     0.00     0.00       none       9.68    0.0000    0.00%  100.00%
    [137]  R29     P5        55.44      96.81     0.00     0.00       none       9.68    0.0000    0.00%  100.00%
    [138]  R22     P2        41.72      75.12     0.00    24.88       none      10.00    0.0000    0.00%  100.00%
    [139]  R27     P2        53.10      74.20     0.00    36.26       none      11.05    0.0000    0.00%  100.00%
    [140]  R28     P2        54.36      77.00     0.00    37.52       none      11.45    0.0000    0.00%  100.00%
    [141]  R25     P2        47.78      84.46     0.00    30.94       none      11.54    0.0000    0.00%  100.00%
    [142]  R26     P2        50.46      88.40     0.00    33.62       none      12.20    0.0000    0.00%  100.00%
    [143]  R30     P2        55.42      89.54     0.00    38.58       none      12.81    0.0000    0.00%  100.00%
    [144]  R29     P2        55.44      96.81     0.00    38.60       none      13.54    0.0000    0.00%  100.00%
    draw=0.0758  →  (R3, P1) (rank 0) selected

  Assignment: R3 → P1  [0.00 → 19.65]  delay=0.00
    J3-1       [0.00 → 9.91]
    J3-2       [9.91 → 19.65]

  Assigned so far:
    ID      Pos       start    finish    delay
    ----------------------------------------
    R8      P2        10.34     16.84     0.00
    R3      P1         0.00     19.65     0.00

========================================================================
  STEP 3/30
========================================================================

  Pair evaluation  (140 pairs):
    Rank   ID      Pos     t_start   t_finish    delay      gap   blocking      score    weight     P(%)   cum(%)
    ---------------------------------------------------------------------------------------------------------
    [ 0]  R4      P3         0.00      26.60     0.00     0.00       none       2.66    1.0000   40.00%   40.00%
    [ 1]  R4      P4         0.00      26.60     0.00     0.00       none       2.66    0.6000   24.00%   64.00%
    [ 2]  R4      P5         0.00      26.60     0.00     0.00       none       2.66    0.3600   14.40%   78.40%
    [ 3]  R1      P3         0.00      26.62     0.00     0.00       none       2.66    0.2160    8.64%   87.04%
    [ 4]  R1      P4         0.00      26.62     0.00     0.00       none       2.66    0.1296    5.18%   92.22%
    [ 5]  R1      P5         0.00      26.62     0.00     0.00       none       2.66    0.0778    3.11%   95.33%
    [ 6]  R2      P3         0.00      29.04     0.00     0.00       none       2.90    0.0467    1.87%   97.20%
    [ 7]  R2      P4         0.00      29.04     0.00     0.00       none       2.90    0.0280    1.12%   98.32%
    [ 8]  R2      P5         0.00      29.04     0.00     0.00       none       2.90    0.0168    0.67%   98.99%
    [ 9]  R9      P3        12.47      29.95     0.00     0.00       none       2.99    0.0101    0.40%   99.40%
    [10]  R9      P4        12.47      29.95     0.00     0.00       none       2.99    0.0060    0.24%   99.64%
    [11]  R9      P5        12.47      29.95     0.00     0.00       none       2.99    0.0036    0.15%   99.78%
    [12]  R7      P3         9.38      33.14     0.00     0.00       none       3.31    0.0022    0.09%   99.87%
    [13]  R7      P4         9.38      33.14     0.00     0.00       none       3.31    0.0013    0.05%   99.92%
    [14]  R7      P5         9.38      33.14     0.00     0.00       none       3.31    0.0008    0.03%   99.95%
    [15]  R5      P3         7.76      35.15     0.00     0.00       none       3.51    0.0005    0.02%   99.97%
    [16]  R5      P4         7.76      35.15     0.00     0.00       none       3.51    0.0003    0.01%   99.98%
    [17]  R5      P5         7.76      35.15     0.00     0.00       none       3.51    0.0002    0.01%   99.99%
    [18]  R6      P3         9.27      41.97     0.00     0.00       none       4.20    0.0001    0.00%   99.99%
    [19]  R6      P4         9.27      41.97     0.00     0.00       none       4.20    0.0001    0.00%  100.00%
    [20]  R6      P5         9.27      41.97     0.00     0.00       none       4.20    0.0000    0.00%  100.00%
    [21]  R15     P3        26.16      42.91     0.00     0.00       none       4.29    0.0000    0.00%  100.00%
    [22]  R15     P4        26.16      42.91     0.00     0.00       none       4.29    0.0000    0.00%  100.00%
    [23]  R15     P5        26.16      42.91     0.00     0.00       none       4.29    0.0000    0.00%  100.00%
    [24]  R10     P3        15.67      45.72     0.00     0.00       none       4.57    0.0000    0.00%  100.00%
    [25]  R10     P4        15.67      45.72     0.00     0.00       none       4.57    0.0000    0.00%  100.00%
    [26]  R10     P5        15.67      45.72     0.00     0.00       none       4.57    0.0000    0.00%  100.00%
    [27]  R12     P3        20.15      51.43     0.00     0.00       none       5.14    0.0000    0.00%  100.00%
    [28]  R12     P4        20.15      51.43     0.00     0.00       none       5.14    0.0000    0.00%  100.00%
    [29]  R12     P5        20.15      51.43     0.00     0.00       none       5.14    0.0000    0.00%  100.00%
    [30]  R11     P3        16.77      52.16     0.00     0.00       none       5.22    0.0000    0.00%  100.00%
    [31]  R11     P4        16.77      52.16     0.00     0.00       none       5.22    0.0000    0.00%  100.00%
    [32]  R11     P5        16.77      52.16     0.00     0.00       none       5.22    0.0000    0.00%  100.00%
    [33]  R13     P3        21.59      53.09     0.00     0.00       none       5.31    0.0000    0.00%  100.00%
    [34]  R13     P4        21.59      53.09     0.00     0.00       none       5.31    0.0000    0.00%  100.00%
    [35]  R13     P5        21.59      53.09     0.00     0.00       none       5.31    0.0000    0.00%  100.00%
    [36]  R15     P2        26.84      43.59     0.00    10.00       none       5.36    0.0000    0.00%  100.00%
    [37]  R9      P2        26.84      44.31     0.00    10.00       none       5.43    0.0000    0.00%  100.00%
    [38]  R15     P1        29.65      46.40     0.00    10.00       none       5.64    0.0000    0.00%  100.00%
    [39]  R9      P1        29.65      47.12     0.00    10.00       none       5.71    0.0000    0.00%  100.00%
    [40]  R20     P3        38.51      60.21     0.00     0.00       none       6.02    0.0000    0.00%  100.00%
    [41]  R20     P4        38.51      60.21     0.00     0.00       none       6.02    0.0000    0.00%  100.00%
    [42]  R20     P5        38.51      60.21     0.00     0.00       none       6.02    0.0000    0.00%  100.00%
    [43]  R7      P2        26.84      50.60     0.00    10.00       none       6.06    0.0000    0.00%  100.00%
    [44]  R14     P3        24.24      60.78     0.00     0.00       none       6.08    0.0000    0.00%  100.00%
    [45]  R14     P4        24.24      60.78     0.00     0.00       none       6.08    0.0000    0.00%  100.00%
    [46]  R14     P5        24.24      60.78     0.00     0.00       none       6.08    0.0000    0.00%  100.00%
    [47]  R17     P3        29.12      61.31     0.00     0.00       none       6.13    0.0000    0.00%  100.00%
    [48]  R17     P4        29.12      61.31     0.00     0.00       none       6.13    0.0000    0.00%  100.00%
    [49]  R17     P5        29.12      61.31     0.00     0.00       none       6.13    0.0000    0.00%  100.00%
    [50]  R19     P3        36.60      61.97     0.00     0.00       none       6.20    0.0000    0.00%  100.00%
    [51]  R19     P4        36.60      61.97     0.00     0.00       none       6.20    0.0000    0.00%  100.00%
    [52]  R19     P5        36.60      61.97     0.00     0.00       none       6.20    0.0000    0.00%  100.00%
    [53]  R7      P1        29.65      53.41     0.00    10.00       none       6.34    0.0000    0.00%  100.00%
    [54]  R4      P2        26.84      53.44     0.00    10.00       none       6.34    0.0000    0.00%  100.00%
    [55]  R1      P2        26.84      53.46     0.00    10.00       none       6.35    0.0000    0.00%  100.00%
    [56]  R16     P3        27.77      63.87     0.00     0.00       none       6.39    0.0000    0.00%  100.00%
    [57]  R16     P4        27.77      63.87     0.00     0.00       none       6.39    0.0000    0.00%  100.00%
    [58]  R16     P5        27.77      63.87     0.00     0.00       none       6.39    0.0000    0.00%  100.00%
    [59]  R5      P2        26.84      54.23     0.00    10.00       none       6.42    0.0000    0.00%  100.00%
    [60]  R23     P3        44.71      65.13     0.00     0.00       none       6.51    0.0000    0.00%  100.00%
    [61]  R23     P4        44.71      65.13     0.00     0.00       none       6.51    0.0000    0.00%  100.00%
    [62]  R23     P5        44.71      65.13     0.00     0.00       none       6.51    0.0000    0.00%  100.00%
    [63]  R18     P3        33.41      65.36     0.00     0.00       none       6.54    0.0000    0.00%  100.00%
    [64]  R18     P4        33.41      65.36     0.00     0.00       none       6.54    0.0000    0.00%  100.00%
    [65]  R18     P5        33.41      65.36     0.00     0.00       none       6.54    0.0000    0.00%  100.00%
    [66]  R2      P2        26.84      55.88     0.00    10.00       none       6.59    0.0000    0.00%  100.00%
    [67]  R21     P3        38.54      66.02     0.00     0.00       none       6.60    0.0000    0.00%  100.00%
    [68]  R21     P4        38.54      66.02     0.00     0.00       none       6.60    0.0000    0.00%  100.00%
    [69]  R21     P5        38.54      66.02     0.00     0.00       none       6.60    0.0000    0.00%  100.00%
    [70]  R4      P1        29.65      56.25     0.00    10.00       none       6.62    0.0000    0.00%  100.00%
    [71]  R1      P1        29.65      56.27     0.00    10.00       none       6.63    0.0000    0.00%  100.00%
    [72]  R10     P2        26.84      56.89     0.00    10.00       none       6.69    0.0000    0.00%  100.00%
    [73]  R5      P1        29.65      57.04     0.00    10.00       none       6.70    0.0000    0.00%  100.00%
    [74]  R24     P3        45.21      67.35     0.00     0.00       none       6.73    0.0000    0.00%  100.00%
    [75]  R24     P4        45.21      67.35     0.00     0.00       none       6.73    0.0000    0.00%  100.00%
    [76]  R24     P5        45.21      67.35     0.00     0.00       none       6.73    0.0000    0.00%  100.00%
    [77]  R12     P2        26.84      58.12     0.00    10.00       none       6.81    0.0000    0.00%  100.00%
    [78]  R13     P2        26.84      58.34     0.00    10.00       none       6.83    0.0000    0.00%  100.00%
    [79]  R2      P1        29.65      58.69     0.00    10.00       none       6.87    0.0000    0.00%  100.00%
    [80]  R6      P2        26.84      59.54     0.00    10.00       none       6.95    0.0000    0.00%  100.00%
    [81]  R10     P1        29.65      59.70     0.00    10.00       none       6.97    0.0000    0.00%  100.00%
    [82]  R12     P1        29.65      60.93     0.00    10.00       none       7.09    0.0000    0.00%  100.00%
    [83]  R13     P1        29.65      61.15     0.00    10.00       none       7.12    0.0000    0.00%  100.00%
    [84]  R17     P1        29.65      61.84     0.00    10.00       none       7.18    0.0000    0.00%  100.00%
    [85]  R11     P2        26.84      62.23     0.00    10.00       none       7.22    0.0000    0.00%  100.00%
    [86]  R6      P1        29.65      62.35     0.00    10.00       none       7.23    0.0000    0.00%  100.00%
    [87]  R14     P2        26.84      63.38     0.00    10.00       none       7.34    0.0000    0.00%  100.00%
    [88]  R17     P2        29.12      61.31     0.00    12.28       none       7.36    0.0000    0.00%  100.00%
    [89]  R27     P3        53.10      74.20     0.00     0.00       none       7.42    0.0000    0.00%  100.00%
    [90]  R27     P4        53.10      74.20     0.00     0.00       none       7.42    0.0000    0.00%  100.00%
    [91]  R27     P5        53.10      74.20     0.00     0.00       none       7.42    0.0000    0.00%  100.00%
    [92]  R16     P2        27.77      63.87     0.00    10.93       none       7.48    0.0000    0.00%  100.00%
    [93]  R11     P1        29.65      65.04     0.00    10.00       none       7.50    0.0000    0.00%  100.00%
    [94]  R22     P3        41.72      75.12     0.00     0.00       none       7.51    0.0000    0.00%  100.00%
    [95]  R22     P4        41.72      75.12     0.00     0.00       none       7.51    0.0000    0.00%  100.00%
    [96]  R22     P5        41.72      75.12     0.00     0.00       none       7.51    0.0000    0.00%  100.00%
    [97]  R16     P1        29.65      65.75     0.00    10.00       none       7.58    0.0000    0.00%  100.00%
    [98]  R14     P1        29.65      66.19     0.00    10.00       none       7.62    0.0000    0.00%  100.00%
    [99]  R28     P3        54.36      77.00     0.00     0.00       none       7.70    0.0000    0.00%  100.00%
    [100]  R28     P4        54.36      77.00     0.00     0.00       none       7.70    0.0000    0.00%  100.00%
    [101]  R28     P5        54.36      77.00     0.00     0.00       none       7.70    0.0000    0.00%  100.00%
    [102]  R19     P1        36.60      61.97     0.00    16.95       none       7.89    0.0000    0.00%  100.00%
    [103]  R20     P1        38.51      60.21     0.00    18.86       none       7.91    0.0000    0.00%  100.00%
    [104]  R18     P1        33.41      65.36     0.00    13.76       none       7.91    0.0000    0.00%  100.00%
    [105]  R19     P2        36.60      61.97     0.00    19.76       none       8.17    0.0000    0.00%  100.00%
    [106]  R20     P2        38.51      60.21     0.00    21.66       none       8.19    0.0000    0.00%  100.00%
    [107]  R18     P2        33.41      65.36     0.00    16.57       none       8.19    0.0000    0.00%  100.00%
    [108]  R25     P3        47.78      84.46     0.00     0.00       none       8.45    0.0000    0.00%  100.00%
    [109]  R25     P4        47.78      84.46     0.00     0.00       none       8.45    0.0000    0.00%  100.00%
    [110]  R25     P5        47.78      84.46     0.00     0.00       none       8.45    0.0000    0.00%  100.00%
    [111]  R21     P1        38.54      66.02     0.00    18.89       none       8.49    0.0000    0.00%  100.00%
    [112]  R21     P2        38.54      66.02     0.00    21.70       none       8.77    0.0000    0.00%  100.00%
    [113]  R26     P3        50.46      88.40     0.00     0.00       none       8.84    0.0000    0.00%  100.00%
    [114]  R26     P4        50.46      88.40     0.00     0.00       none       8.84    0.0000    0.00%  100.00%
    [115]  R26     P5        50.46      88.40     0.00     0.00       none       8.84    0.0000    0.00%  100.00%
    [116]  R30     P3        55.42      89.54     0.00     0.00       none       8.95    0.0000    0.00%  100.00%
    [117]  R30     P4        55.42      89.54     0.00     0.00       none       8.95    0.0000    0.00%  100.00%
    [118]  R30     P5        55.42      89.54     0.00     0.00       none       8.95    0.0000    0.00%  100.00%
    [119]  R23     P1        44.71      65.13     0.00    25.06       none       9.02    0.0000    0.00%  100.00%
    [120]  R24     P1        45.21      67.35     0.00    25.56       none       9.29    0.0000    0.00%  100.00%
    [121]  R23     P2        44.71      65.13     0.00    27.87       none       9.30    0.0000    0.00%  100.00%
    [122]  R24     P2        45.21      67.35     0.00    28.37       none       9.57    0.0000    0.00%  100.00%
    [123]  R29     P3        55.44      96.81     0.00     0.00       none       9.68    0.0000    0.00%  100.00%
    [124]  R29     P4        55.44      96.81     0.00     0.00       none       9.68    0.0000    0.00%  100.00%
    [125]  R29     P5        55.44      96.81     0.00     0.00       none       9.68    0.0000    0.00%  100.00%
    [126]  R22     P1        41.72      75.12     0.00    22.07       none       9.72    0.0000    0.00%  100.00%
    [127]  R22     P2        41.72      75.12     0.00    24.88       none      10.00    0.0000    0.00%  100.00%
    [128]  R27     P1        53.10      74.20     0.00    33.45       none      10.77    0.0000    0.00%  100.00%
    [129]  R27     P2        53.10      74.20     0.00    36.26       none      11.05    0.0000    0.00%  100.00%
    [130]  R28     P1        54.36      77.00     0.00    34.71       none      11.17    0.0000    0.00%  100.00%
    [131]  R25     P1        47.78      84.46     0.00    28.13       none      11.26    0.0000    0.00%  100.00%
    [132]  R28     P2        54.36      77.00     0.00    37.52       none      11.45    0.0000    0.00%  100.00%
    [133]  R25     P2        47.78      84.46     0.00    30.94       none      11.54    0.0000    0.00%  100.00%
    [134]  R26     P1        50.46      88.40     0.00    30.81       none      11.92    0.0000    0.00%  100.00%
    [135]  R26     P2        50.46      88.40     0.00    33.62       none      12.20    0.0000    0.00%  100.00%
    [136]  R30     P1        55.42      89.54     0.00    35.77       none      12.53    0.0000    0.00%  100.00%
    [137]  R30     P2        55.42      89.54     0.00    38.58       none      12.81    0.0000    0.00%  100.00%
    [138]  R29     P1        55.44      96.81     0.00    35.79       none      13.26    0.0000    0.00%  100.00%
    [139]  R29     P2        55.44      96.81     0.00    38.60       none      13.54    0.0000    0.00%  100.00%
    draw=1.9233  →  (R4, P5) (rank 2) selected

  Assignment: R4 → P5  [0.00 → 26.60]  delay=0.00
    J4-1       [0.00 → 9.07]
    J4-2       [9.07 → 19.44]
    J4-3       [19.44 → 26.60]

  Assigned so far:
    ID      Pos       start    finish    delay
    ----------------------------------------
    R8      P2        10.34     16.84     0.00
    R3      P1         0.00     19.65     0.00
    R4      P5         0.00     26.60     0.00

========================================================================
  STEP 4/30
========================================================================

  Pair evaluation  (135 pairs):
    Rank   ID      Pos     t_start   t_finish    delay      gap   blocking      score    weight     P(%)   cum(%)
    ---------------------------------------------------------------------------------------------------------
    [ 0]  R15     P3        26.60      43.35     0.00     0.00       none       4.33    1.0000   40.00%   40.00%
    [ 1]  R15     P4        26.60      43.35     0.00     0.00       none       4.33    0.6000   24.00%   64.00%
    [ 2]  R9      P3        26.60      44.07     0.00     0.00       none       4.41    0.3600   14.40%   78.40%
    [ 3]  R9      P4        26.60      44.07     0.00     0.00       none       4.41    0.2160    8.64%   87.04%
    [ 4]  R7      P3        26.60      50.36     0.00     0.00       none       5.04    0.1296    5.18%   92.22%
    [ 5]  R7      P4        26.60      50.36     0.00     0.00       none       5.04    0.0778    3.11%   95.33%
    [ 6]  R1      P3        26.60      53.22     0.00     0.00       none       5.32    0.0467    1.87%   97.20%
    [ 7]  R1      P4        26.60      53.22     0.00     0.00       none       5.32    0.0280    1.12%   98.32%
    [ 8]  R15     P2        26.84      43.59     0.00    10.00       none       5.36    0.0168    0.67%   98.99%
    [ 9]  R5      P3        26.60      53.99     0.00     0.00       none       5.40    0.0101    0.40%   99.40%
    [10]  R5      P4        26.60      53.99     0.00     0.00       none       5.40    0.0060    0.24%   99.64%
    [11]  R9      P2        26.84      44.31     0.00    10.00       none       5.43    0.0036    0.15%   99.78%
    [12]  R2      P3        26.60      55.64     0.00     0.00       none       5.56    0.0022    0.09%   99.87%
    [13]  R2      P4        26.60      55.64     0.00     0.00       none       5.56    0.0013    0.05%   99.92%
    [14]  R15     P1        29.65      46.40     0.00    10.00       none       5.64    0.0008    0.03%   99.95%
    [15]  R10     P3        26.60      56.65     0.00     0.00       none       5.66    0.0005    0.02%   99.97%
    [16]  R10     P4        26.60      56.65     0.00     0.00       none       5.66    0.0003    0.01%   99.98%
    [17]  R9      P1        29.65      47.12     0.00    10.00       none       5.71    0.0002    0.01%   99.99%
    [18]  R12     P3        26.60      57.88     0.00     0.00       none       5.79    0.0001    0.00%   99.99%
    [19]  R12     P4        26.60      57.88     0.00     0.00       none       5.79    0.0001    0.00%  100.00%
    [20]  R13     P3        26.60      58.10     0.00     0.00       none       5.81    0.0000    0.00%  100.00%
    [21]  R13     P4        26.60      58.10     0.00     0.00       none       5.81    0.0000    0.00%  100.00%
    [22]  R6      P3        26.60      59.30     0.00     0.00       none       5.93    0.0000    0.00%  100.00%
    [23]  R6      P4        26.60      59.30     0.00     0.00       none       5.93    0.0000    0.00%  100.00%
    [24]  R20     P3        38.51      60.21     0.00     0.00       none       6.02    0.0000    0.00%  100.00%
    [25]  R20     P4        38.51      60.21     0.00     0.00       none       6.02    0.0000    0.00%  100.00%
    [26]  R7      P2        26.84      50.60     0.00    10.00       none       6.06    0.0000    0.00%  100.00%
    [27]  R17     P3        29.12      61.31     0.00     0.00       none       6.13    0.0000    0.00%  100.00%
    [28]  R17     P4        29.12      61.31     0.00     0.00       none       6.13    0.0000    0.00%  100.00%
    [29]  R19     P3        36.60      61.97     0.00     0.00       none       6.20    0.0000    0.00%  100.00%
    [30]  R19     P4        36.60      61.97     0.00     0.00       none       6.20    0.0000    0.00%  100.00%
    [31]  R11     P3        26.60      61.99     0.00     0.00       none       6.20    0.0000    0.00%  100.00%
    [32]  R11     P4        26.60      61.99     0.00     0.00       none       6.20    0.0000    0.00%  100.00%
    [33]  R14     P3        26.60      63.14     0.00     0.00       none       6.31    0.0000    0.00%  100.00%
    [34]  R14     P4        26.60      63.14     0.00     0.00       none       6.31    0.0000    0.00%  100.00%
    [35]  R15     P5        36.60      53.35     0.00    10.00       none       6.33    0.0000    0.00%  100.00%
    [36]  R7      P1        29.65      53.41     0.00    10.00       none       6.34    0.0000    0.00%  100.00%
    [37]  R1      P2        26.84      53.46     0.00    10.00       none       6.35    0.0000    0.00%  100.00%
    [38]  R16     P3        27.77      63.87     0.00     0.00       none       6.39    0.0000    0.00%  100.00%
    [39]  R16     P4        27.77      63.87     0.00     0.00       none       6.39    0.0000    0.00%  100.00%
    [40]  R9      P5        36.60      54.07     0.00    10.00       none       6.41    0.0000    0.00%  100.00%
    [41]  R5      P2        26.84      54.23     0.00    10.00       none       6.42    0.0000    0.00%  100.00%
    [42]  R23     P3        44.71      65.13     0.00     0.00       none       6.51    0.0000    0.00%  100.00%
    [43]  R23     P4        44.71      65.13     0.00     0.00       none       6.51    0.0000    0.00%  100.00%
    [44]  R18     P3        33.41      65.36     0.00     0.00       none       6.54    0.0000    0.00%  100.00%
    [45]  R18     P4        33.41      65.36     0.00     0.00       none       6.54    0.0000    0.00%  100.00%
    [46]  R2      P2        26.84      55.88     0.00    10.00       none       6.59    0.0000    0.00%  100.00%
    [47]  R21     P3        38.54      66.02     0.00     0.00       none       6.60    0.0000    0.00%  100.00%
    [48]  R21     P4        38.54      66.02     0.00     0.00       none       6.60    0.0000    0.00%  100.00%
    [49]  R1      P1        29.65      56.27     0.00    10.00       none       6.63    0.0000    0.00%  100.00%
    [50]  R10     P2        26.84      56.89     0.00    10.00       none       6.69    0.0000    0.00%  100.00%
    [51]  R5      P1        29.65      57.04     0.00    10.00       none       6.70    0.0000    0.00%  100.00%
    [52]  R24     P3        45.21      67.35     0.00     0.00       none       6.73    0.0000    0.00%  100.00%
    [53]  R24     P4        45.21      67.35     0.00     0.00       none       6.73    0.0000    0.00%  100.00%
    [54]  R12     P2        26.84      58.12     0.00    10.00       none       6.81    0.0000    0.00%  100.00%
    [55]  R13     P2        26.84      58.34     0.00    10.00       none       6.83    0.0000    0.00%  100.00%
    [56]  R2      P1        29.65      58.69     0.00    10.00       none       6.87    0.0000    0.00%  100.00%
    [57]  R6      P2        26.84      59.54     0.00    10.00       none       6.95    0.0000    0.00%  100.00%
    [58]  R10     P1        29.65      59.70     0.00    10.00       none       6.97    0.0000    0.00%  100.00%
    [59]  R7      P5        36.60      60.36     0.00    10.00       none       7.04    0.0000    0.00%  100.00%
    [60]  R12     P1        29.65      60.93     0.00    10.00       none       7.09    0.0000    0.00%  100.00%
    [61]  R13     P1        29.65      61.15     0.00    10.00       none       7.12    0.0000    0.00%  100.00%
    [62]  R17     P1        29.65      61.84     0.00    10.00       none       7.18    0.0000    0.00%  100.00%
    [63]  R19     P5        36.60      61.97     0.00    10.00       none       7.20    0.0000    0.00%  100.00%
    [64]  R20     P5        38.51      60.21     0.00    11.91       none       7.21    0.0000    0.00%  100.00%
    [65]  R11     P2        26.84      62.23     0.00    10.00       none       7.22    0.0000    0.00%  100.00%
    [66]  R6      P1        29.65      62.35     0.00    10.00       none       7.23    0.0000    0.00%  100.00%
    [67]  R1      P5        36.60      63.22     0.00    10.00       none       7.32    0.0000    0.00%  100.00%
    [68]  R14     P2        26.84      63.38     0.00    10.00       none       7.34    0.0000    0.00%  100.00%
    [69]  R17     P2        29.12      61.31     0.00    12.28       none       7.36    0.0000    0.00%  100.00%
    [70]  R5      P5        36.60      63.99     0.00    10.00       none       7.40    0.0000    0.00%  100.00%
    [71]  R27     P3        53.10      74.20     0.00     0.00       none       7.42    0.0000    0.00%  100.00%
    [72]  R27     P4        53.10      74.20     0.00     0.00       none       7.42    0.0000    0.00%  100.00%
    [73]  R16     P2        27.77      63.87     0.00    10.93       none       7.48    0.0000    0.00%  100.00%
    [74]  R11     P1        29.65      65.04     0.00    10.00       none       7.50    0.0000    0.00%  100.00%
    [75]  R22     P3        41.72      75.12     0.00     0.00       none       7.51    0.0000    0.00%  100.00%
    [76]  R22     P4        41.72      75.12     0.00     0.00       none       7.51    0.0000    0.00%  100.00%
    [77]  R2      P5        36.60      65.64     0.00    10.00       none       7.56    0.0000    0.00%  100.00%
    [78]  R16     P1        29.65      65.75     0.00    10.00       none       7.58    0.0000    0.00%  100.00%
    [79]  R14     P1        29.65      66.19     0.00    10.00       none       7.62    0.0000    0.00%  100.00%
    [80]  R10     P5        36.60      66.65     0.00    10.00       none       7.66    0.0000    0.00%  100.00%
    [81]  R28     P3        54.36      77.00     0.00     0.00       none       7.70    0.0000    0.00%  100.00%
    [82]  R28     P4        54.36      77.00     0.00     0.00       none       7.70    0.0000    0.00%  100.00%
    [83]  R12     P5        36.60      67.88     0.00    10.00       none       7.79    0.0000    0.00%  100.00%
    [84]  R21     P5        38.54      66.02     0.00    11.94       none       7.80    0.0000    0.00%  100.00%
    [85]  R13     P5        36.60      68.10     0.00    10.00       none       7.81    0.0000    0.00%  100.00%
    [86]  R18     P5        36.60      68.55     0.00    10.00       none       7.86    0.0000    0.00%  100.00%
    [87]  R17     P5        36.60      68.79     0.00    10.00       none       7.88    0.0000    0.00%  100.00%
    [88]  R19     P1        36.60      61.97     0.00    16.95       none       7.89    0.0000    0.00%  100.00%
    [89]  R20     P1        38.51      60.21     0.00    18.86       none       7.91    0.0000    0.00%  100.00%
    [90]  R18     P1        33.41      65.36     0.00    13.76       none       7.91    0.0000    0.00%  100.00%
    [91]  R6      P5        36.60      69.30     0.00    10.00       none       7.93    0.0000    0.00%  100.00%
    [92]  R19     P2        36.60      61.97     0.00    19.76       none       8.17    0.0000    0.00%  100.00%
    [93]  R20     P2        38.51      60.21     0.00    21.66       none       8.19    0.0000    0.00%  100.00%
    [94]  R18     P2        33.41      65.36     0.00    16.57       none       8.19    0.0000    0.00%  100.00%
    [95]  R11     P5        36.60      71.99     0.00    10.00       none       8.20    0.0000    0.00%  100.00%
    [96]  R16     P5        36.60      72.70     0.00    10.00       none       8.27    0.0000    0.00%  100.00%
    [97]  R14     P5        36.60      73.14     0.00    10.00       none       8.31    0.0000    0.00%  100.00%
    [98]  R23     P5        44.71      65.13     0.00    18.11       none       8.32    0.0000    0.00%  100.00%
    [99]  R25     P3        47.78      84.46     0.00     0.00       none       8.45    0.0000    0.00%  100.00%
    [100]  R25     P4        47.78      84.46     0.00     0.00       none       8.45    0.0000    0.00%  100.00%
    [101]  R21     P1        38.54      66.02     0.00    18.89       none       8.49    0.0000    0.00%  100.00%
    [102]  R24     P5        45.21      67.35     0.00    18.61       none       8.60    0.0000    0.00%  100.00%
    [103]  R21     P2        38.54      66.02     0.00    21.70       none       8.77    0.0000    0.00%  100.00%
    [104]  R26     P3        50.46      88.40     0.00     0.00       none       8.84    0.0000    0.00%  100.00%
    [105]  R26     P4        50.46      88.40     0.00     0.00       none       8.84    0.0000    0.00%  100.00%
    [106]  R30     P3        55.42      89.54     0.00     0.00       none       8.95    0.0000    0.00%  100.00%
    [107]  R30     P4        55.42      89.54     0.00     0.00       none       8.95    0.0000    0.00%  100.00%
    [108]  R23     P1        44.71      65.13     0.00    25.06       none       9.02    0.0000    0.00%  100.00%
    [109]  R22     P5        41.72      75.12     0.00    15.12       none       9.02    0.0000    0.00%  100.00%
    [110]  R24     P1        45.21      67.35     0.00    25.56       none       9.29    0.0000    0.00%  100.00%
    [111]  R23     P2        44.71      65.13     0.00    27.87       none       9.30    0.0000    0.00%  100.00%
    [112]  R24     P2        45.21      67.35     0.00    28.37       none       9.57    0.0000    0.00%  100.00%
    [113]  R29     P3        55.44      96.81     0.00     0.00       none       9.68    0.0000    0.00%  100.00%
    [114]  R29     P4        55.44      96.81     0.00     0.00       none       9.68    0.0000    0.00%  100.00%
    [115]  R22     P1        41.72      75.12     0.00    22.07       none       9.72    0.0000    0.00%  100.00%
    [116]  R22     P2        41.72      75.12     0.00    24.88       none      10.00    0.0000    0.00%  100.00%
    [117]  R27     P5        53.10      74.20     0.00    26.50       none      10.07    0.0000    0.00%  100.00%
    [118]  R28     P5        54.36      77.00     0.00    27.76       none      10.48    0.0000    0.00%  100.00%
    [119]  R25     P5        47.78      84.46     0.00    21.18       none      10.56    0.0000    0.00%  100.00%
    [120]  R27     P1        53.10      74.20     0.00    33.45       none      10.77    0.0000    0.00%  100.00%
    [121]  R27     P2        53.10      74.20     0.00    36.26       none      11.05    0.0000    0.00%  100.00%
    [122]  R28     P1        54.36      77.00     0.00    34.71       none      11.17    0.0000    0.00%  100.00%
    [123]  R26     P5        50.46      88.40     0.00    23.86       none      11.23    0.0000    0.00%  100.00%
    [124]  R25     P1        47.78      84.46     0.00    28.13       none      11.26    0.0000    0.00%  100.00%
    [125]  R28     P2        54.36      77.00     0.00    37.52       none      11.45    0.0000    0.00%  100.00%
    [126]  R25     P2        47.78      84.46     0.00    30.94       none      11.54    0.0000    0.00%  100.00%
    [127]  R30     P5        55.42      89.54     0.00    28.82       none      11.84    0.0000    0.00%  100.00%
    [128]  R26     P1        50.46      88.40     0.00    30.81       none      11.92    0.0000    0.00%  100.00%
    [129]  R26     P2        50.46      88.40     0.00    33.62       none      12.20    0.0000    0.00%  100.00%
    [130]  R30     P1        55.42      89.54     0.00    35.77       none      12.53    0.0000    0.00%  100.00%
    [131]  R29     P5        55.44      96.81     0.00    28.84       none      12.57    0.0000    0.00%  100.00%
    [132]  R30     P2        55.42      89.54     0.00    38.58       none      12.81    0.0000    0.00%  100.00%
    [133]  R29     P1        55.44      96.81     0.00    35.79       none      13.26    0.0000    0.00%  100.00%
    [134]  R29     P2        55.44      96.81     0.00    38.60       none      13.54    0.0000    0.00%  100.00%
    draw=0.6166  →  (R15, P3) (rank 0) selected
  start-time compare  R15 → P3:  t_imm=26.16 cost=44.29 (2 new movs)  vs  t_nob=26.60 cost=4.33

  Assignment: R15 → P3  [26.60 → 43.35]  delay=0.00
    J15-1      [26.60 → 36.40]
    J15-2      [36.40 → 43.35]

  Assigned so far:
    ID      Pos       start    finish    delay
    ----------------------------------------
    R8      P2        10.34     16.84     0.00
    R3      P1         0.00     19.65     0.00
    R4      P5         0.00     26.60     0.00
    R15     P3        26.60     43.35     0.00

========================================================================
  STEP 5/30
========================================================================

  Pair evaluation  (130 pairs):
    Rank   ID      Pos     t_start   t_finish    delay      gap   blocking      score    weight     P(%)   cum(%)
    ---------------------------------------------------------------------------------------------------------
    [ 0]  R9      P4        26.60      44.07     0.00     0.00       none       4.41    1.0000   40.00%   40.00%
    [ 1]  R7      P4        26.60      50.36     0.00     0.00       none       5.04    0.6000   24.00%   64.00%
    [ 2]  R1      P4        26.60      53.22     0.00     0.00       none       5.32    0.3600   14.40%   78.40%
    [ 3]  R5      P4        26.60      53.99     0.00     0.00       none       5.40    0.2160    8.64%   87.04%
    [ 4]  R9      P2        26.84      44.31     0.00    10.00       none       5.43    0.1296    5.18%   92.22%
    [ 5]  R2      P4        26.60      55.64     0.00     0.00       none       5.56    0.0778    3.11%   95.33%
    [ 6]  R10     P4        26.60      56.65     0.00     0.00       none       5.66    0.0467    1.87%   97.20%
    [ 7]  R9      P1        29.65      47.12     0.00    10.00       none       5.71    0.0280    1.12%   98.32%
    [ 8]  R12     P4        26.60      57.88     0.00     0.00       none       5.79    0.0168    0.67%   98.99%
    [ 9]  R13     P4        26.60      58.10     0.00     0.00       none       5.81    0.0101    0.40%   99.40%
    [10]  R6      P4        26.60      59.30     0.00     0.00       none       5.93    0.0060    0.24%   99.64%
    [11]  R7      P2        26.84      50.60     0.00    10.00       none       6.06    0.0036    0.15%   99.78%
    [12]  R11     P4        26.60      61.99     0.00     0.00       none       6.20    0.0022    0.09%   99.87%
    [13]  R14     P4        26.60      63.14     0.00     0.00       none       6.31    0.0013    0.05%   99.92%
    [14]  R7      P1        29.65      53.41     0.00    10.00       none       6.34    0.0008    0.03%   99.95%
    [15]  R1      P2        26.84      53.46     0.00    10.00       none       6.35    0.0005    0.02%   99.97%
    [16]  R5      P2        26.84      54.23     0.00    10.00       none       6.42    0.0003    0.01%   99.98%
    [17]  R20     P4        43.35      65.05     0.00     0.00       none       6.51    0.0002    0.01%   99.99%
    [18]  R23     P4        44.71      65.13     0.00     0.00       none       6.51    0.0001    0.00%   99.99%
    [19]  R2      P2        26.84      55.88     0.00    10.00       none       6.59    0.0001    0.00%  100.00%
    [20]  R1      P1        29.65      56.27     0.00    10.00       none       6.63    0.0000    0.00%  100.00%
    [21]  R10     P2        26.84      56.89     0.00    10.00       none       6.69    0.0000    0.00%  100.00%
    [22]  R5      P1        29.65      57.04     0.00    10.00       none       6.70    0.0000    0.00%  100.00%
    [23]  R24     P4        45.21      67.35     0.00     0.00       none       6.73    0.0000    0.00%  100.00%
    [24]  R12     P2        26.84      58.12     0.00    10.00       none       6.81    0.0000    0.00%  100.00%
    [25]  R13     P2        26.84      58.34     0.00    10.00       none       6.83    0.0000    0.00%  100.00%
    [26]  R2      P1        29.65      58.69     0.00    10.00       none       6.87    0.0000    0.00%  100.00%
    [27]  R19     P4        43.35      68.72     0.00     0.00       none       6.87    0.0000    0.00%  100.00%
    [28]  R6      P2        26.84      59.54     0.00    10.00       none       6.95    0.0000    0.00%  100.00%
    [29]  R10     P1        29.65      59.70     0.00    10.00       none       6.97    0.0000    0.00%  100.00%
    [30]  R21     P4        43.35      70.83     0.00     0.00       none       7.08    0.0000    0.00%  100.00%
    [31]  R12     P1        29.65      60.93     0.00    10.00       none       7.09    0.0000    0.00%  100.00%
    [32]  R13     P1        29.65      61.15     0.00    10.00       none       7.12    0.0000    0.00%  100.00%
    [33]  R17     P1        29.65      61.84     0.00    10.00       none       7.18    0.0000    0.00%  100.00%
    [34]  R11     P2        26.84      62.23     0.00    10.00       none       7.22    0.0000    0.00%  100.00%
    [35]  R6      P1        29.65      62.35     0.00    10.00       none       7.23    0.0000    0.00%  100.00%
    [36]  R14     P2        26.84      63.38     0.00    10.00       none       7.34    0.0000    0.00%  100.00%
    [37]  R17     P2        29.12      61.31     0.00    12.28       none       7.36    0.0000    0.00%  100.00%
    [38]  R27     P4        53.10      74.20     0.00     0.00       none       7.42    0.0000    0.00%  100.00%
    [39]  R16     P2        27.77      63.87     0.00    10.93       none       7.48    0.0000    0.00%  100.00%
    [40]  R11     P1        29.65      65.04     0.00    10.00       none       7.50    0.0000    0.00%  100.00%
    [41]  R18     P4        43.35      75.30     0.00     0.00       none       7.53    0.0000    0.00%  100.00%
    [42]  R17     P4        43.35      75.54     0.00     0.00       none       7.55    0.0000    0.00%  100.00%
    [43]  R16     P1        29.65      65.75     0.00    10.00       none       7.58    0.0000    0.00%  100.00%
    [44]  R14     P1        29.65      66.19     0.00    10.00       none       7.62    0.0000    0.00%  100.00%
    [45]  R22     P4        43.35      76.75     0.00     0.00       none       7.68    0.0000    0.00%  100.00%
    [46]  R28     P4        54.36      77.00     0.00     0.00       none       7.70    0.0000    0.00%  100.00%
    [47]  R9      P5        43.35      60.82     0.00    16.75       none       7.76    0.0000    0.00%  100.00%
    [48]  R19     P1        36.60      61.97     0.00    16.95       none       7.89    0.0000    0.00%  100.00%
    [49]  R20     P1        38.51      60.21     0.00    18.86       none       7.91    0.0000    0.00%  100.00%
    [50]  R18     P1        33.41      65.36     0.00    13.76       none       7.91    0.0000    0.00%  100.00%
    [51]  R16     P4        43.35      79.45     0.00     0.00       none       7.95    0.0000    0.00%  100.00%
    [52]  R9      P3        53.35      70.82     0.00    10.00       none       8.08    0.0000    0.00%  100.00%
    [53]  R19     P2        36.60      61.97     0.00    19.76       none       8.17    0.0000    0.00%  100.00%
    [54]  R20     P5        43.35      65.05     0.00    16.75       none       8.18    0.0000    0.00%  100.00%
    [55]  R20     P2        38.51      60.21     0.00    21.66       none       8.19    0.0000    0.00%  100.00%
    [56]  R18     P2        33.41      65.36     0.00    16.57       none       8.19    0.0000    0.00%  100.00%
    [57]  R23     P5        44.71      65.13     0.00    18.11       none       8.32    0.0000    0.00%  100.00%
    [58]  R23     P3        53.35      73.77     0.00    10.00       none       8.38    0.0000    0.00%  100.00%
    [59]  R7      P5        43.35      67.11     0.00    16.75       none       8.39    0.0000    0.00%  100.00%
    [60]  R27     P3        53.35      74.45     0.00    10.00       none       8.45    0.0000    0.00%  100.00%
    [61]  R25     P4        47.78      84.46     0.00     0.00       none       8.45    0.0000    0.00%  100.00%
    [62]  R21     P1        38.54      66.02     0.00    18.89       none       8.49    0.0000    0.00%  100.00%
    [63]  R20     P3        53.35      75.05     0.00    10.00       none       8.51    0.0000    0.00%  100.00%
    [64]  R19     P5        43.35      68.72     0.00    16.75       none       8.55    0.0000    0.00%  100.00%
    [65]  R24     P3        53.35      75.49     0.00    10.00       none       8.55    0.0000    0.00%  100.00%
    [66]  R24     P5        45.21      67.35     0.00    18.61       none       8.60    0.0000    0.00%  100.00%
    [67]  R1      P5        43.35      69.97     0.00    16.75       none       8.67    0.0000    0.00%  100.00%
    [68]  R7      P3        53.35      77.11     0.00    10.00       none       8.71    0.0000    0.00%  100.00%
    [69]  R5      P5        43.35      70.74     0.00    16.75       none       8.75    0.0000    0.00%  100.00%
    [70]  R21     P5        43.35      70.83     0.00    16.75       none       8.76    0.0000    0.00%  100.00%
    [71]  R21     P2        38.54      66.02     0.00    21.70       none       8.77    0.0000    0.00%  100.00%
    [72]  R28     P3        54.36      77.00     0.00    11.01       none       8.80    0.0000    0.00%  100.00%
    [73]  R26     P4        50.46      88.40     0.00     0.00       none       8.84    0.0000    0.00%  100.00%
    [74]  R19     P3        53.35      78.72     0.00    10.00       none       8.87    0.0000    0.00%  100.00%
    [75]  R2      P5        43.35      72.39     0.00    16.75       none       8.91    0.0000    0.00%  100.00%
    [76]  R30     P4        55.42      89.54     0.00     0.00       none       8.95    0.0000    0.00%  100.00%
    [77]  R1      P3        53.35      79.97     0.00    10.00       none       9.00    0.0000    0.00%  100.00%
    [78]  R10     P5        43.35      73.40     0.00    16.75       none       9.02    0.0000    0.00%  100.00%
    [79]  R23     P1        44.71      65.13     0.00    25.06       none       9.02    0.0000    0.00%  100.00%
    [80]  R5      P3        53.35      80.74     0.00    10.00       none       9.07    0.0000    0.00%  100.00%
    [81]  R21     P3        53.35      80.83     0.00    10.00       none       9.08    0.0000    0.00%  100.00%
    [82]  R12     P5        43.35      74.63     0.00    16.75       none       9.14    0.0000    0.00%  100.00%
    [83]  R13     P5        43.35      74.85     0.00    16.75       none       9.16    0.0000    0.00%  100.00%
    [84]  R18     P5        43.35      75.30     0.00    16.75       none       9.21    0.0000    0.00%  100.00%
    [85]  R17     P5        43.35      75.54     0.00    16.75       none       9.23    0.0000    0.00%  100.00%
    [86]  R2      P3        53.35      82.39     0.00    10.00       none       9.24    0.0000    0.00%  100.00%
    [87]  R6      P5        43.35      76.05     0.00    16.75       none       9.28    0.0000    0.00%  100.00%
    [88]  R24     P1        45.21      67.35     0.00    25.56       none       9.29    0.0000    0.00%  100.00%
    [89]  R23     P2        44.71      65.13     0.00    27.87       none       9.30    0.0000    0.00%  100.00%
    [90]  R10     P3        53.35      83.40     0.00    10.00       none       9.34    0.0000    0.00%  100.00%
    [91]  R22     P5        43.35      76.75     0.00    16.75       none       9.35    0.0000    0.00%  100.00%
    [92]  R12     P3        53.35      84.63     0.00    10.00       none       9.46    0.0000    0.00%  100.00%
    [93]  R13     P3        53.35      84.85     0.00    10.00       none       9.48    0.0000    0.00%  100.00%
    [94]  R18     P3        53.35      85.30     0.00    10.00       none       9.53    0.0000    0.00%  100.00%
    [95]  R11     P5        43.35      78.74     0.00    16.75       none       9.55    0.0000    0.00%  100.00%
    [96]  R17     P3        53.35      85.54     0.00    10.00       none       9.55    0.0000    0.00%  100.00%
    [97]  R24     P2        45.21      67.35     0.00    28.37       none       9.57    0.0000    0.00%  100.00%
    [98]  R6      P3        53.35      86.05     0.00    10.00       none       9.61    0.0000    0.00%  100.00%
    [99]  R16     P5        43.35      79.45     0.00    16.75       none       9.62    0.0000    0.00%  100.00%
    [100]  R14     P5        43.35      79.89     0.00    16.75       none       9.66    0.0000    0.00%  100.00%
    [101]  R22     P3        53.35      86.75     0.00    10.00       none       9.68    0.0000    0.00%  100.00%
    [102]  R29     P4        55.44      96.81     0.00     0.00       none       9.68    0.0000    0.00%  100.00%
    [103]  R22     P1        41.72      75.12     0.00    22.07       none       9.72    0.0000    0.00%  100.00%
    [104]  R11     P3        53.35      88.74     0.00    10.00       none       9.87    0.0000    0.00%  100.00%
    [105]  R16     P3        53.35      89.45     0.00    10.00       none       9.95    0.0000    0.00%  100.00%
    [106]  R14     P3        53.35      89.89     0.00    10.00       none       9.99    0.0000    0.00%  100.00%
    [107]  R22     P2        41.72      75.12     0.00    24.88       none      10.00    0.0000    0.00%  100.00%
    [108]  R25     P3        53.35      90.03     0.00    10.00       none      10.00    0.0000    0.00%  100.00%
    [109]  R27     P5        53.10      74.20     0.00    26.50       none      10.07    0.0000    0.00%  100.00%
    [110]  R26     P3        53.35      91.29     0.00    10.00       none      10.13    0.0000    0.00%  100.00%
    [111]  R30     P3        55.42      89.54     0.00    12.07       none      10.16    0.0000    0.00%  100.00%
    [112]  R28     P5        54.36      77.00     0.00    27.76       none      10.48    0.0000    0.00%  100.00%
    [113]  R25     P5        47.78      84.46     0.00    21.18       none      10.56    0.0000    0.00%  100.00%
    [114]  R27     P1        53.10      74.20     0.00    33.45       none      10.77    0.0000    0.00%  100.00%
    [115]  R29     P3        55.44      96.81     0.00    12.09       none      10.89    0.0000    0.00%  100.00%
    [116]  R27     P2        53.10      74.20     0.00    36.26       none      11.05    0.0000    0.00%  100.00%
    [117]  R28     P1        54.36      77.00     0.00    34.71       none      11.17    0.0000    0.00%  100.00%
    [118]  R26     P5        50.46      88.40     0.00    23.86       none      11.23    0.0000    0.00%  100.00%
    [119]  R25     P1        47.78      84.46     0.00    28.13       none      11.26    0.0000    0.00%  100.00%
    [120]  R28     P2        54.36      77.00     0.00    37.52       none      11.45    0.0000    0.00%  100.00%
    [121]  R25     P2        47.78      84.46     0.00    30.94       none      11.54    0.0000    0.00%  100.00%
    [122]  R30     P5        55.42      89.54     0.00    28.82       none      11.84    0.0000    0.00%  100.00%
    [123]  R26     P1        50.46      88.40     0.00    30.81       none      11.92    0.0000    0.00%  100.00%
    [124]  R26     P2        50.46      88.40     0.00    33.62       none      12.20    0.0000    0.00%  100.00%
    [125]  R30     P1        55.42      89.54     0.00    35.77       none      12.53    0.0000    0.00%  100.00%
    [126]  R29     P5        55.44      96.81     0.00    28.84       none      12.57    0.0000    0.00%  100.00%
    [127]  R30     P2        55.42      89.54     0.00    38.58       none      12.81    0.0000    0.00%  100.00%
    [128]  R29     P1        55.44      96.81     0.00    35.79       none      13.26    0.0000    0.00%  100.00%
    [129]  R29     P2        55.44      96.81     0.00    38.60       none      13.54    0.0000    0.00%  100.00%
    draw=2.4560  →  (R9, P1) (rank 7) selected

  Assignment: R9 → P1  [29.65 → 47.12]  delay=0.00
    J9-1       [29.65 → 37.59]
    J9-2       [37.59 → 47.12]

  Assigned so far:
    ID      Pos       start    finish    delay
    ----------------------------------------
    R8      P2        10.34     16.84     0.00
    R3      P1         0.00     19.65     0.00
    R4      P5         0.00     26.60     0.00
    R15     P3        26.60     43.35     0.00
    R9      P1        29.65     47.12     0.00

========================================================================
  STEP 6/30
========================================================================

  Pair evaluation  (125 pairs):
    Rank   ID      Pos     t_start   t_finish    delay      gap   blocking      score    weight     P(%)   cum(%)
    ---------------------------------------------------------------------------------------------------------
    [ 0]  R7      P4        26.60      50.36     0.00     0.00       none       5.04    1.0000   40.00%   40.00%
    [ 1]  R1      P4        26.60      53.22     0.00     0.00       none       5.32    0.6000   24.00%   64.00%
    [ 2]  R5      P4        26.60      53.99     0.00     0.00       none       5.40    0.3600   14.40%   78.40%
    [ 3]  R2      P4        26.60      55.64     0.00     0.00       none       5.56    0.2160    8.64%   87.04%
    [ 4]  R10     P4        26.60      56.65     0.00     0.00       none       5.66    0.1296    5.18%   92.22%
    [ 5]  R12     P4        26.60      57.88     0.00     0.00       none       5.79    0.0778    3.11%   95.33%
    [ 6]  R13     P4        26.60      58.10     0.00     0.00       none       5.81    0.0467    1.87%   97.20%
    [ 7]  R6      P4        26.60      59.30     0.00     0.00       none       5.93    0.0280    1.12%   98.32%
    [ 8]  R7      P2        26.84      50.60     0.00    10.00       none       6.06    0.0168    0.67%   98.99%
    [ 9]  R11     P4        26.60      61.99     0.00     0.00       none       6.20    0.0101    0.40%   99.40%
    [10]  R14     P4        26.60      63.14     0.00     0.00       none       6.31    0.0060    0.24%   99.64%
    [11]  R1      P2        26.84      53.46     0.00    10.00       none       6.35    0.0036    0.15%   99.78%
    [12]  R5      P2        26.84      54.23     0.00    10.00       none       6.42    0.0022    0.09%   99.87%
    [13]  R20     P4        43.35      65.05     0.00     0.00       none       6.51    0.0013    0.05%   99.92%
    [14]  R23     P4        44.71      65.13     0.00     0.00       none       6.51    0.0008    0.03%   99.95%
    [15]  R2      P2        26.84      55.88     0.00    10.00       none       6.59    0.0005    0.02%   99.97%
    [16]  R10     P2        26.84      56.89     0.00    10.00       none       6.69    0.0003    0.01%   99.98%
    [17]  R24     P4        45.21      67.35     0.00     0.00       none       6.73    0.0002    0.01%   99.99%
    [18]  R12     P2        26.84      58.12     0.00    10.00       none       6.81    0.0001    0.00%   99.99%
    [19]  R13     P2        26.84      58.34     0.00    10.00       none       6.83    0.0001    0.00%  100.00%
    [20]  R19     P4        43.35      68.72     0.00     0.00       none       6.87    0.0000    0.00%  100.00%
    [21]  R6      P2        26.84      59.54     0.00    10.00       none       6.95    0.0000    0.00%  100.00%
    [22]  R21     P4        43.35      70.83     0.00     0.00       none       7.08    0.0000    0.00%  100.00%
    [23]  R11     P2        26.84      62.23     0.00    10.00       none       7.22    0.0000    0.00%  100.00%
    [24]  R14     P2        26.84      63.38     0.00    10.00       none       7.34    0.0000    0.00%  100.00%
    [25]  R17     P2        29.12      61.31     0.00    12.28       none       7.36    0.0000    0.00%  100.00%
    [26]  R27     P4        53.10      74.20     0.00     0.00       none       7.42    0.0000    0.00%  100.00%
    [27]  R16     P2        27.77      63.87     0.00    10.93       none       7.48    0.0000    0.00%  100.00%
    [28]  R18     P4        43.35      75.30     0.00     0.00       none       7.53    0.0000    0.00%  100.00%
    [29]  R17     P4        43.35      75.54     0.00     0.00       none       7.55    0.0000    0.00%  100.00%
    [30]  R22     P4        43.35      76.75     0.00     0.00       none       7.68    0.0000    0.00%  100.00%
    [31]  R28     P4        54.36      77.00     0.00     0.00       none       7.70    0.0000    0.00%  100.00%
    [32]  R16     P4        43.35      79.45     0.00     0.00       none       7.95    0.0000    0.00%  100.00%
    [33]  R19     P2        36.60      61.97     0.00    19.76       none       8.17    0.0000    0.00%  100.00%
    [34]  R20     P5        43.35      65.05     0.00    16.75       none       8.18    0.0000    0.00%  100.00%
    [35]  R20     P2        38.51      60.21     0.00    21.66       none       8.19    0.0000    0.00%  100.00%
    [36]  R18     P2        33.41      65.36     0.00    16.57       none       8.19    0.0000    0.00%  100.00%
    [37]  R23     P5        44.71      65.13     0.00    18.11       none       8.32    0.0000    0.00%  100.00%
    [38]  R23     P3        53.35      73.77     0.00    10.00       none       8.38    0.0000    0.00%  100.00%
    [39]  R7      P5        43.35      67.11     0.00    16.75       none       8.39    0.0000    0.00%  100.00%
    [40]  R27     P3        53.35      74.45     0.00    10.00       none       8.45    0.0000    0.00%  100.00%
    [41]  R25     P4        47.78      84.46     0.00     0.00       none       8.45    0.0000    0.00%  100.00%
    [42]  R20     P3        53.35      75.05     0.00    10.00       none       8.51    0.0000    0.00%  100.00%
    [43]  R19     P5        43.35      68.72     0.00    16.75       none       8.55    0.0000    0.00%  100.00%
    [44]  R24     P3        53.35      75.49     0.00    10.00       none       8.55    0.0000    0.00%  100.00%
    [45]  R24     P5        45.21      67.35     0.00    18.61       none       8.60    0.0000    0.00%  100.00%
    [46]  R1      P5        43.35      69.97     0.00    16.75       none       8.67    0.0000    0.00%  100.00%
    [47]  R7      P3        53.35      77.11     0.00    10.00       none       8.71    0.0000    0.00%  100.00%
    [48]  R5      P5        43.35      70.74     0.00    16.75       none       8.75    0.0000    0.00%  100.00%
    [49]  R23     P1        57.12      77.54     0.00    10.00       none       8.75    0.0000    0.00%  100.00%
    [50]  R21     P5        43.35      70.83     0.00    16.75       none       8.76    0.0000    0.00%  100.00%
    [51]  R21     P2        38.54      66.02     0.00    21.70       none       8.77    0.0000    0.00%  100.00%
    [52]  R28     P3        54.36      77.00     0.00    11.01       none       8.80    0.0000    0.00%  100.00%
    [53]  R27     P1        57.12      78.22     0.00    10.00       none       8.82    0.0000    0.00%  100.00%
    [54]  R26     P4        50.46      88.40     0.00     0.00       none       8.84    0.0000    0.00%  100.00%
    [55]  R19     P3        53.35      78.72     0.00    10.00       none       8.87    0.0000    0.00%  100.00%
    [56]  R20     P1        57.12      78.82     0.00    10.00       none       8.88    0.0000    0.00%  100.00%
    [57]  R2      P5        43.35      72.39     0.00    16.75       none       8.91    0.0000    0.00%  100.00%
    [58]  R24     P1        57.12      79.26     0.00    10.00       none       8.93    0.0000    0.00%  100.00%
    [59]  R30     P4        55.42      89.54     0.00     0.00       none       8.95    0.0000    0.00%  100.00%
    [60]  R28     P1        57.12      79.76     0.00    10.00       none       8.98    0.0000    0.00%  100.00%
    [61]  R1      P3        53.35      79.97     0.00    10.00       none       9.00    0.0000    0.00%  100.00%
    [62]  R10     P5        43.35      73.40     0.00    16.75       none       9.02    0.0000    0.00%  100.00%
    [63]  R5      P3        53.35      80.74     0.00    10.00       none       9.07    0.0000    0.00%  100.00%
    [64]  R21     P3        53.35      80.83     0.00    10.00       none       9.08    0.0000    0.00%  100.00%
    [65]  R7      P1        57.12      80.88     0.00    10.00       none       9.09    0.0000    0.00%  100.00%
    [66]  R12     P5        43.35      74.63     0.00    16.75       none       9.14    0.0000    0.00%  100.00%
    [67]  R13     P5        43.35      74.85     0.00    16.75       none       9.16    0.0000    0.00%  100.00%
    [68]  R18     P5        43.35      75.30     0.00    16.75       none       9.21    0.0000    0.00%  100.00%
    [69]  R17     P5        43.35      75.54     0.00    16.75       none       9.23    0.0000    0.00%  100.00%
    [70]  R2      P3        53.35      82.39     0.00    10.00       none       9.24    0.0000    0.00%  100.00%
    [71]  R19     P1        57.12      82.49     0.00    10.00       none       9.25    0.0000    0.00%  100.00%
    [72]  R6      P5        43.35      76.05     0.00    16.75       none       9.28    0.0000    0.00%  100.00%
    [73]  R23     P2        44.71      65.13     0.00    27.87       none       9.30    0.0000    0.00%  100.00%
    [74]  R10     P3        53.35      83.40     0.00    10.00       none       9.34    0.0000    0.00%  100.00%
    [75]  R22     P5        43.35      76.75     0.00    16.75       none       9.35    0.0000    0.00%  100.00%
    [76]  R1      P1        57.12      83.74     0.00    10.00       none       9.37    0.0000    0.00%  100.00%
    [77]  R5      P1        57.12      84.51     0.00    10.00       none       9.45    0.0000    0.00%  100.00%
    [78]  R21     P1        57.12      84.60     0.00    10.00       none       9.46    0.0000    0.00%  100.00%
    [79]  R12     P3        53.35      84.63     0.00    10.00       none       9.46    0.0000    0.00%  100.00%
    [80]  R13     P3        53.35      84.85     0.00    10.00       none       9.48    0.0000    0.00%  100.00%
    [81]  R18     P3        53.35      85.30     0.00    10.00       none       9.53    0.0000    0.00%  100.00%
    [82]  R11     P5        43.35      78.74     0.00    16.75       none       9.55    0.0000    0.00%  100.00%
    [83]  R17     P3        53.35      85.54     0.00    10.00       none       9.55    0.0000    0.00%  100.00%
    [84]  R24     P2        45.21      67.35     0.00    28.37       none       9.57    0.0000    0.00%  100.00%
    [85]  R6      P3        53.35      86.05     0.00    10.00       none       9.61    0.0000    0.00%  100.00%
    [86]  R2      P1        57.12      86.16     0.00    10.00       none       9.62    0.0000    0.00%  100.00%
    [87]  R16     P5        43.35      79.45     0.00    16.75       none       9.62    0.0000    0.00%  100.00%
    [88]  R14     P5        43.35      79.89     0.00    16.75       none       9.66    0.0000    0.00%  100.00%
    [89]  R22     P3        53.35      86.75     0.00    10.00       none       9.68    0.0000    0.00%  100.00%
    [90]  R29     P4        55.44      96.81     0.00     0.00       none       9.68    0.0000    0.00%  100.00%
    [91]  R10     P1        57.12      87.17     0.00    10.00       none       9.72    0.0000    0.00%  100.00%
    [92]  R12     P1        57.12      88.40     0.00    10.00       none       9.84    0.0000    0.00%  100.00%
    [93]  R13     P1        57.12      88.62     0.00    10.00       none       9.86    0.0000    0.00%  100.00%
    [94]  R11     P3        53.35      88.74     0.00    10.00       none       9.87    0.0000    0.00%  100.00%
    [95]  R18     P1        57.12      89.07     0.00    10.00       none       9.91    0.0000    0.00%  100.00%
    [96]  R17     P1        57.12      89.31     0.00    10.00       none       9.93    0.0000    0.00%  100.00%
    [97]  R16     P3        53.35      89.45     0.00    10.00       none       9.95    0.0000    0.00%  100.00%
    [98]  R6      P1        57.12      89.82     0.00    10.00       none       9.98    0.0000    0.00%  100.00%
    [99]  R14     P3        53.35      89.89     0.00    10.00       none       9.99    0.0000    0.00%  100.00%
    [100]  R22     P2        41.72      75.12     0.00    24.88       none      10.00    0.0000    0.00%  100.00%
    [101]  R25     P3        53.35      90.03     0.00    10.00       none      10.00    0.0000    0.00%  100.00%
    [102]  R22     P1        57.12      90.52     0.00    10.00       none      10.05    0.0000    0.00%  100.00%
    [103]  R27     P5        53.10      74.20     0.00    26.50       none      10.07    0.0000    0.00%  100.00%
    [104]  R30     P1        57.12      91.24     0.00    10.00       none      10.12    0.0000    0.00%  100.00%
    [105]  R26     P3        53.35      91.29     0.00    10.00       none      10.13    0.0000    0.00%  100.00%
    [106]  R30     P3        55.42      89.54     0.00    12.07       none      10.16    0.0000    0.00%  100.00%
    [107]  R11     P1        57.12      92.51     0.00    10.00       none      10.25    0.0000    0.00%  100.00%
    [108]  R16     P1        57.12      93.22     0.00    10.00       none      10.32    0.0000    0.00%  100.00%
    [109]  R14     P1        57.12      93.66     0.00    10.00       none      10.37    0.0000    0.00%  100.00%
    [110]  R25     P1        57.12      93.80     0.00    10.00       none      10.38    0.0000    0.00%  100.00%
    [111]  R28     P5        54.36      77.00     0.00    27.76       none      10.48    0.0000    0.00%  100.00%
    [112]  R26     P1        57.12      95.06     0.00    10.00       none      10.51    0.0000    0.00%  100.00%
    [113]  R25     P5        47.78      84.46     0.00    21.18       none      10.56    0.0000    0.00%  100.00%
    [114]  R29     P1        57.12      98.49     0.00    10.00       none      10.85    0.0000    0.00%  100.00%
    [115]  R29     P3        55.44      96.81     0.00    12.09       none      10.89    0.0000    0.00%  100.00%
    [116]  R27     P2        53.10      74.20     0.00    36.26       none      11.05    0.0000    0.00%  100.00%
    [117]  R26     P5        50.46      88.40     0.00    23.86       none      11.23    0.0000    0.00%  100.00%
    [118]  R28     P2        54.36      77.00     0.00    37.52       none      11.45    0.0000    0.00%  100.00%
    [119]  R25     P2        47.78      84.46     0.00    30.94       none      11.54    0.0000    0.00%  100.00%
    [120]  R30     P5        55.42      89.54     0.00    28.82       none      11.84    0.0000    0.00%  100.00%
    [121]  R26     P2        50.46      88.40     0.00    33.62       none      12.20    0.0000    0.00%  100.00%
    [122]  R29     P5        55.44      96.81     0.00    28.84       none      12.57    0.0000    0.00%  100.00%
    [123]  R30     P2        55.42      89.54     0.00    38.58       none      12.81    0.0000    0.00%  100.00%
    [124]  R29     P2        55.44      96.81     0.00    38.60       none      13.54    0.0000    0.00%  100.00%
    draw=0.6927  →  (R7, P4) (rank 0) selected
  start-time compare  R7 → P4:  t_imm=9.38 cost=83.31 (4 new movs)  vs  t_nob=26.60 cost=5.04

  Assignment: R7 → P4  [26.60 → 50.36]  delay=0.00
    J7-1       [26.60 → 38.84]
    J7-2       [38.84 → 50.36]

  Assigned so far:
    ID      Pos       start    finish    delay
    ----------------------------------------
    R8      P2        10.34     16.84     0.00
    R3      P1         0.00     19.65     0.00
    R4      P5         0.00     26.60     0.00
    R15     P3        26.60     43.35     0.00
    R9      P1        29.65     47.12     0.00
    R7      P4        26.60     50.36     0.00

========================================================================
  STEP 7/30
========================================================================

  Pair evaluation  (120 pairs):
    Rank   ID      Pos     t_start   t_finish    delay      gap   blocking      score    weight     P(%)   cum(%)
    ---------------------------------------------------------------------------------------------------------
    [ 0]  R1      P2        26.84      53.46     0.00    10.00       none       6.35    1.0000   40.00%   40.00%
    [ 1]  R5      P2        26.84      54.23     0.00    10.00       none       6.42    0.6000   24.00%   64.00%
    [ 2]  R2      P2        26.84      55.88     0.00    10.00       none       6.59    0.3600   14.40%   78.40%
    [ 3]  R10     P2        26.84      56.89     0.00    10.00       none       6.69    0.2160    8.64%   87.04%
    [ 4]  R12     P2        26.84      58.12     0.00    10.00       none       6.81    0.1296    5.18%   92.22%
    [ 5]  R13     P2        26.84      58.34     0.00    10.00       none       6.83    0.0778    3.11%   95.33%
    [ 6]  R6      P2        26.84      59.54     0.00    10.00       none       6.95    0.0467    1.87%   97.20%
    [ 7]  R11     P2        26.84      62.23     0.00    10.00       none       7.22    0.0280    1.12%   98.32%
    [ 8]  R14     P2        26.84      63.38     0.00    10.00       none       7.34    0.0168    0.67%   98.99%
    [ 9]  R17     P2        29.12      61.31     0.00    12.28       none       7.36    0.0101    0.40%   99.40%
    [10]  R16     P2        27.77      63.87     0.00    10.93       none       7.48    0.0060    0.24%   99.64%
    [11]  R19     P2        36.60      61.97     0.00    19.76       none       8.17    0.0036    0.15%   99.78%
    [12]  R20     P2        38.51      60.21     0.00    21.66       none       8.19    0.0022    0.09%   99.87%
    [13]  R18     P2        33.41      65.36     0.00    16.57       none       8.19    0.0013    0.05%   99.92%
    [14]  R23     P3        53.35      73.77     0.00    10.00       none       8.38    0.0008    0.03%   99.95%
    [15]  R27     P3        53.35      74.45     0.00    10.00       none       8.45    0.0005    0.02%   99.97%
    [16]  R20     P3        53.35      75.05     0.00    10.00       none       8.51    0.0003    0.01%   99.98%
    [17]  R24     P3        53.35      75.49     0.00    10.00       none       8.55    0.0002    0.01%   99.99%
    [18]  R23     P1        57.12      77.54     0.00    10.00       none       8.75    0.0001    0.00%   99.99%
    [19]  R21     P2        38.54      66.02     0.00    21.70       none       8.77    0.0001    0.00%  100.00%
    [20]  R28     P3        54.36      77.00     0.00    11.01       none       8.80    0.0000    0.00%  100.00%
    [21]  R27     P1        57.12      78.22     0.00    10.00       none       8.82    0.0000    0.00%  100.00%
    [22]  R19     P3        53.35      78.72     0.00    10.00       none       8.87    0.0000    0.00%  100.00%
    [23]  R20     P1        57.12      78.82     0.00    10.00       none       8.88    0.0000    0.00%  100.00%
    [24]  R24     P1        57.12      79.26     0.00    10.00       none       8.93    0.0000    0.00%  100.00%
    [25]  R28     P1        57.12      79.76     0.00    10.00       none       8.98    0.0000    0.00%  100.00%
    [26]  R1      P3        53.35      79.97     0.00    10.00       none       9.00    0.0000    0.00%  100.00%
    [27]  R5      P3        53.35      80.74     0.00    10.00       none       9.07    0.0000    0.00%  100.00%
    [28]  R23     P4        60.36      80.78     0.00    10.00       none       9.08    0.0000    0.00%  100.00%
    [29]  R21     P3        53.35      80.83     0.00    10.00       none       9.08    0.0000    0.00%  100.00%
    [30]  R27     P4        60.36      81.46     0.00    10.00       none       9.15    0.0000    0.00%  100.00%
    [31]  R20     P4        60.36      82.06     0.00    10.00       none       9.21    0.0000    0.00%  100.00%
    [32]  R2      P3        53.35      82.39     0.00    10.00       none       9.24    0.0000    0.00%  100.00%
    [33]  R19     P1        57.12      82.49     0.00    10.00       none       9.25    0.0000    0.00%  100.00%
    [34]  R24     P4        60.36      82.50     0.00    10.00       none       9.25    0.0000    0.00%  100.00%
    [35]  R28     P4        60.36      83.00     0.00    10.00       none       9.30    0.0000    0.00%  100.00%
    [36]  R23     P2        44.71      65.13     0.00    27.87       none       9.30    0.0000    0.00%  100.00%
    [37]  R10     P3        53.35      83.40     0.00    10.00       none       9.34    0.0000    0.00%  100.00%
    [38]  R1      P1        57.12      83.74     0.00    10.00       none       9.37    0.0000    0.00%  100.00%
    [39]  R5      P1        57.12      84.51     0.00    10.00       none       9.45    0.0000    0.00%  100.00%
    [40]  R23     P5        50.36      70.78     0.00    23.76       none       9.45    0.0000    0.00%  100.00%
    [41]  R21     P1        57.12      84.60     0.00    10.00       none       9.46    0.0000    0.00%  100.00%
    [42]  R12     P3        53.35      84.63     0.00    10.00       none       9.46    0.0000    0.00%  100.00%
    [43]  R13     P3        53.35      84.85     0.00    10.00       none       9.48    0.0000    0.00%  100.00%
    [44]  R18     P3        53.35      85.30     0.00    10.00       none       9.53    0.0000    0.00%  100.00%
    [45]  R17     P3        53.35      85.54     0.00    10.00       none       9.55    0.0000    0.00%  100.00%
    [46]  R24     P2        45.21      67.35     0.00    28.37       none       9.57    0.0000    0.00%  100.00%
    [47]  R19     P4        60.36      85.73     0.00    10.00       none       9.57    0.0000    0.00%  100.00%
    [48]  R20     P5        50.36      72.06     0.00    23.76       none       9.58    0.0000    0.00%  100.00%
    [49]  R6      P3        53.35      86.05     0.00    10.00       none       9.61    0.0000    0.00%  100.00%
    [50]  R2      P1        57.12      86.16     0.00    10.00       none       9.62    0.0000    0.00%  100.00%
    [51]  R24     P5        50.36      72.50     0.00    23.76       none       9.63    0.0000    0.00%  100.00%
    [52]  R22     P3        53.35      86.75     0.00    10.00       none       9.68    0.0000    0.00%  100.00%
    [53]  R1      P4        60.36      86.98     0.00    10.00       none       9.70    0.0000    0.00%  100.00%
    [54]  R10     P1        57.12      87.17     0.00    10.00       none       9.72    0.0000    0.00%  100.00%
    [55]  R5      P4        60.36      87.75     0.00    10.00       none       9.78    0.0000    0.00%  100.00%
    [56]  R21     P4        60.36      87.84     0.00    10.00       none       9.78    0.0000    0.00%  100.00%
    [57]  R12     P1        57.12      88.40     0.00    10.00       none       9.84    0.0000    0.00%  100.00%
    [58]  R13     P1        57.12      88.62     0.00    10.00       none       9.86    0.0000    0.00%  100.00%
    [59]  R11     P3        53.35      88.74     0.00    10.00       none       9.87    0.0000    0.00%  100.00%
    [60]  R18     P1        57.12      89.07     0.00    10.00       none       9.91    0.0000    0.00%  100.00%
    [61]  R17     P1        57.12      89.31     0.00    10.00       none       9.93    0.0000    0.00%  100.00%
    [62]  R2      P4        60.36      89.40     0.00    10.00       none       9.94    0.0000    0.00%  100.00%
    [63]  R16     P3        53.35      89.45     0.00    10.00       none       9.95    0.0000    0.00%  100.00%
    [64]  R19     P5        50.36      75.73     0.00    23.76       none       9.95    0.0000    0.00%  100.00%
    [65]  R6      P1        57.12      89.82     0.00    10.00       none       9.98    0.0000    0.00%  100.00%
    [66]  R14     P3        53.35      89.89     0.00    10.00       none       9.99    0.0000    0.00%  100.00%
    [67]  R22     P2        41.72      75.12     0.00    24.88       none      10.00    0.0000    0.00%  100.00%
    [68]  R25     P3        53.35      90.03     0.00    10.00       none      10.00    0.0000    0.00%  100.00%
    [69]  R10     P4        60.36      90.41     0.00    10.00       none      10.04    0.0000    0.00%  100.00%
    [70]  R22     P1        57.12      90.52     0.00    10.00       none      10.05    0.0000    0.00%  100.00%
    [71]  R27     P5        53.10      74.20     0.00    26.50       none      10.07    0.0000    0.00%  100.00%
    [72]  R1      P5        50.36      76.98     0.00    23.76       none      10.07    0.0000    0.00%  100.00%
    [73]  R30     P1        57.12      91.24     0.00    10.00       none      10.12    0.0000    0.00%  100.00%
    [74]  R26     P3        53.35      91.29     0.00    10.00       none      10.13    0.0000    0.00%  100.00%
    [75]  R5      P5        50.36      77.75     0.00    23.76       none      10.15    0.0000    0.00%  100.00%
    [76]  R21     P5        50.36      77.84     0.00    23.76       none      10.16    0.0000    0.00%  100.00%
    [77]  R30     P3        55.42      89.54     0.00    12.07       none      10.16    0.0000    0.00%  100.00%
    [78]  R12     P4        60.36      91.64     0.00    10.00       none      10.16    0.0000    0.00%  100.00%
    [79]  R13     P4        60.36      91.86     0.00    10.00       none      10.19    0.0000    0.00%  100.00%
    [80]  R18     P4        60.36      92.31     0.00    10.00       none      10.23    0.0000    0.00%  100.00%
    [81]  R11     P1        57.12      92.51     0.00    10.00       none      10.25    0.0000    0.00%  100.00%
    [82]  R17     P4        60.36      92.55     0.00    10.00       none      10.26    0.0000    0.00%  100.00%
    [83]  R6      P4        60.36      93.06     0.00    10.00       none      10.31    0.0000    0.00%  100.00%
    [84]  R2      P5        50.36      79.40     0.00    23.76       none      10.32    0.0000    0.00%  100.00%
    [85]  R16     P1        57.12      93.22     0.00    10.00       none      10.32    0.0000    0.00%  100.00%
    [86]  R14     P1        57.12      93.66     0.00    10.00       none      10.37    0.0000    0.00%  100.00%
    [87]  R22     P4        60.36      93.76     0.00    10.00       none      10.38    0.0000    0.00%  100.00%
    [88]  R25     P1        57.12      93.80     0.00    10.00       none      10.38    0.0000    0.00%  100.00%
    [89]  R10     P5        50.36      80.41     0.00    23.76       none      10.42    0.0000    0.00%  100.00%
    [90]  R30     P4        60.36      94.48     0.00    10.00       none      10.45    0.0000    0.00%  100.00%
    [91]  R28     P5        54.36      77.00     0.00    27.76       none      10.48    0.0000    0.00%  100.00%
    [92]  R26     P1        57.12      95.06     0.00    10.00       none      10.51    0.0000    0.00%  100.00%
    [93]  R12     P5        50.36      81.64     0.00    23.76       none      10.54    0.0000    0.00%  100.00%
    [94]  R13     P5        50.36      81.86     0.00    23.76       none      10.56    0.0000    0.00%  100.00%
    [95]  R11     P4        60.36      95.75     0.00    10.00       none      10.58    0.0000    0.00%  100.00%
    [96]  R18     P5        50.36      82.31     0.00    23.76       none      10.61    0.0000    0.00%  100.00%
    [97]  R17     P5        50.36      82.55     0.00    23.76       none      10.63    0.0000    0.00%  100.00%
    [98]  R16     P4        60.36      96.46     0.00    10.00       none      10.65    0.0000    0.00%  100.00%
    [99]  R6      P5        50.36      83.06     0.00    23.76       none      10.68    0.0000    0.00%  100.00%
    [100]  R14     P4        60.36      96.90     0.00    10.00       none      10.69    0.0000    0.00%  100.00%
    [101]  R25     P4        60.36      97.04     0.00    10.00       none      10.70    0.0000    0.00%  100.00%
    [102]  R22     P5        50.36      83.76     0.00    23.76       none      10.75    0.0000    0.00%  100.00%
    [103]  R26     P4        60.36      98.30     0.00    10.00       none      10.83    0.0000    0.00%  100.00%
    [104]  R29     P1        57.12      98.49     0.00    10.00       none      10.85    0.0000    0.00%  100.00%
    [105]  R29     P3        55.44      96.81     0.00    12.09       none      10.89    0.0000    0.00%  100.00%
    [106]  R11     P5        50.36      85.75     0.00    23.76       none      10.95    0.0000    0.00%  100.00%
    [107]  R16     P5        50.36      86.46     0.00    23.76       none      11.02    0.0000    0.00%  100.00%
    [108]  R27     P2        53.10      74.20     0.00    36.26       none      11.05    0.0000    0.00%  100.00%
    [109]  R14     P5        50.36      86.90     0.00    23.76       none      11.07    0.0000    0.00%  100.00%
    [110]  R25     P5        50.36      87.04     0.00    23.76       none      11.08    0.0000    0.00%  100.00%
    [111]  R29     P4        60.36     101.73     0.00    10.00       none      11.17    0.0000    0.00%  100.00%
    [112]  R26     P5        50.46      88.40     0.00    23.86       none      11.23    0.0000    0.00%  100.00%
    [113]  R28     P2        54.36      77.00     0.00    37.52       none      11.45    0.0000    0.00%  100.00%
    [114]  R25     P2        47.78      84.46     0.00    30.94       none      11.54    0.0000    0.00%  100.00%
    [115]  R30     P5        55.42      89.54     0.00    28.82       none      11.84    0.0000    0.00%  100.00%
    [116]  R26     P2        50.46      88.40     0.00    33.62       none      12.20    0.0000    0.00%  100.00%
    [117]  R29     P5        55.44      96.81     0.00    28.84       none      12.57    0.0000    0.00%  100.00%
    [118]  R30     P2        55.42      89.54     0.00    38.58       none      12.81    0.0000    0.00%  100.00%
    [119]  R29     P2        55.44      96.81     0.00    38.60       none      13.54    0.0000    0.00%  100.00%
    draw=1.1524  →  (R5, P2) (rank 1) selected

  Assignment: R5 → P2  [26.84 → 54.23]  delay=0.00
    J5-1       [26.84 → 34.63]
    J5-2       [34.63 → 45.13]
    J5-3       [45.13 → 54.23]

  Assigned so far:
    ID      Pos       start    finish    delay
    ----------------------------------------
    R8      P2        10.34     16.84     0.00
    R3      P1         0.00     19.65     0.00
    R4      P5         0.00     26.60     0.00
    R15     P3        26.60     43.35     0.00
    R9      P1        29.65     47.12     0.00
    R7      P4        26.60     50.36     0.00
    R5      P2        26.84     54.23     0.00

========================================================================
  STEP 8/30
========================================================================

  Pair evaluation  (115 pairs):
    Rank   ID      Pos     t_start   t_finish    delay      gap   blocking      score    weight     P(%)   cum(%)
    ---------------------------------------------------------------------------------------------------------
    [ 0]  R23     P3        53.35      73.77     0.00    10.00       none       8.38    1.0000   40.00%   40.00%
    [ 1]  R27     P3        53.35      74.45     0.00    10.00       none       8.45    0.6000   24.00%   64.00%
    [ 2]  R20     P3        53.35      75.05     0.00    10.00       none       8.51    0.3600   14.40%   78.40%
    [ 3]  R24     P3        53.35      75.49     0.00    10.00       none       8.55    0.2160    8.64%   87.04%
    [ 4]  R23     P1        57.12      77.54     0.00    10.00       none       8.75    0.1296    5.18%   92.22%
    [ 5]  R28     P3        54.36      77.00     0.00    11.01       none       8.80    0.0778    3.11%   95.33%
    [ 6]  R27     P1        57.12      78.22     0.00    10.00       none       8.82    0.0467    1.87%   97.20%
    [ 7]  R19     P3        53.35      78.72     0.00    10.00       none       8.87    0.0280    1.12%   98.32%
    [ 8]  R20     P1        57.12      78.82     0.00    10.00       none       8.88    0.0168    0.67%   98.99%
    [ 9]  R24     P1        57.12      79.26     0.00    10.00       none       8.93    0.0101    0.40%   99.40%
    [10]  R28     P1        57.12      79.76     0.00    10.00       none       8.98    0.0060    0.24%   99.64%
    [11]  R1      P3        53.35      79.97     0.00    10.00       none       9.00    0.0036    0.15%   99.78%
    [12]  R23     P4        60.36      80.78     0.00    10.00       none       9.08    0.0022    0.09%   99.87%
    [13]  R21     P3        53.35      80.83     0.00    10.00       none       9.08    0.0013    0.05%   99.92%
    [14]  R27     P4        60.36      81.46     0.00    10.00       none       9.15    0.0008    0.03%   99.95%
    [15]  R20     P4        60.36      82.06     0.00    10.00       none       9.21    0.0005    0.02%   99.97%
    [16]  R2      P3        53.35      82.39     0.00    10.00       none       9.24    0.0003    0.01%   99.98%
    [17]  R19     P1        57.12      82.49     0.00    10.00       none       9.25    0.0002    0.01%   99.99%
    [18]  R24     P4        60.36      82.50     0.00    10.00       none       9.25    0.0001    0.00%   99.99%
    [19]  R28     P4        60.36      83.00     0.00    10.00       none       9.30    0.0001    0.00%  100.00%
    [20]  R10     P3        53.35      83.40     0.00    10.00       none       9.34    0.0000    0.00%  100.00%
    [21]  R1      P1        57.12      83.74     0.00    10.00       none       9.37    0.0000    0.00%  100.00%
    [22]  R23     P5        50.36      70.78     0.00    23.76       none       9.45    0.0000    0.00%  100.00%
    [23]  R21     P1        57.12      84.60     0.00    10.00       none       9.46    0.0000    0.00%  100.00%
    [24]  R12     P3        53.35      84.63     0.00    10.00       none       9.46    0.0000    0.00%  100.00%
    [25]  R23     P2        64.23      84.65     0.00    10.00       none       9.47    0.0000    0.00%  100.00%
    [26]  R13     P3        53.35      84.85     0.00    10.00       none       9.48    0.0000    0.00%  100.00%
    [27]  R18     P3        53.35      85.30     0.00    10.00       none       9.53    0.0000    0.00%  100.00%
    [28]  R27     P2        64.23      85.33     0.00    10.00       none       9.53    0.0000    0.00%  100.00%
    [29]  R17     P3        53.35      85.54     0.00    10.00       none       9.55    0.0000    0.00%  100.00%
    [30]  R19     P4        60.36      85.73     0.00    10.00       none       9.57    0.0000    0.00%  100.00%
    [31]  R20     P5        50.36      72.06     0.00    23.76       none       9.58    0.0000    0.00%  100.00%
    [32]  R20     P2        64.23      85.93     0.00    10.00       none       9.59    0.0000    0.00%  100.00%
    [33]  R6      P3        53.35      86.05     0.00    10.00       none       9.61    0.0000    0.00%  100.00%
    [34]  R2      P1        57.12      86.16     0.00    10.00       none       9.62    0.0000    0.00%  100.00%
    [35]  R24     P5        50.36      72.50     0.00    23.76       none       9.63    0.0000    0.00%  100.00%
    [36]  R24     P2        64.23      86.37     0.00    10.00       none       9.64    0.0000    0.00%  100.00%
    [37]  R22     P3        53.35      86.75     0.00    10.00       none       9.68    0.0000    0.00%  100.00%
    [38]  R28     P2        64.23      86.87     0.00    10.00       none       9.69    0.0000    0.00%  100.00%
    [39]  R1      P4        60.36      86.98     0.00    10.00       none       9.70    0.0000    0.00%  100.00%
    [40]  R10     P1        57.12      87.17     0.00    10.00       none       9.72    0.0000    0.00%  100.00%
    [41]  R21     P4        60.36      87.84     0.00    10.00       none       9.78    0.0000    0.00%  100.00%
    [42]  R12     P1        57.12      88.40     0.00    10.00       none       9.84    0.0000    0.00%  100.00%
    [43]  R13     P1        57.12      88.62     0.00    10.00       none       9.86    0.0000    0.00%  100.00%
    [44]  R11     P3        53.35      88.74     0.00    10.00       none       9.87    0.0000    0.00%  100.00%
    [45]  R18     P1        57.12      89.07     0.00    10.00       none       9.91    0.0000    0.00%  100.00%
    [46]  R17     P1        57.12      89.31     0.00    10.00       none       9.93    0.0000    0.00%  100.00%
    [47]  R2      P4        60.36      89.40     0.00    10.00       none       9.94    0.0000    0.00%  100.00%
    [48]  R16     P3        53.35      89.45     0.00    10.00       none       9.95    0.0000    0.00%  100.00%
    [49]  R19     P5        50.36      75.73     0.00    23.76       none       9.95    0.0000    0.00%  100.00%
    [50]  R19     P2        64.23      89.60     0.00    10.00       none       9.96    0.0000    0.00%  100.00%
    [51]  R6      P1        57.12      89.82     0.00    10.00       none       9.98    0.0000    0.00%  100.00%
    [52]  R14     P3        53.35      89.89     0.00    10.00       none       9.99    0.0000    0.00%  100.00%
    [53]  R25     P3        53.35      90.03     0.00    10.00       none      10.00    0.0000    0.00%  100.00%
    [54]  R10     P4        60.36      90.41     0.00    10.00       none      10.04    0.0000    0.00%  100.00%
    [55]  R22     P1        57.12      90.52     0.00    10.00       none      10.05    0.0000    0.00%  100.00%
    [56]  R27     P5        53.10      74.20     0.00    26.50       none      10.07    0.0000    0.00%  100.00%
    [57]  R1      P5        50.36      76.98     0.00    23.76       none      10.07    0.0000    0.00%  100.00%
    [58]  R1      P2        64.23      90.85     0.00    10.00       none      10.09    0.0000    0.00%  100.00%
    [59]  R30     P1        57.12      91.24     0.00    10.00       none      10.12    0.0000    0.00%  100.00%
    [60]  R26     P3        53.35      91.29     0.00    10.00       none      10.13    0.0000    0.00%  100.00%
    [61]  R21     P5        50.36      77.84     0.00    23.76       none      10.16    0.0000    0.00%  100.00%
    [62]  R30     P3        55.42      89.54     0.00    12.07       none      10.16    0.0000    0.00%  100.00%
    [63]  R12     P4        60.36      91.64     0.00    10.00       none      10.16    0.0000    0.00%  100.00%
    [64]  R21     P2        64.23      91.71     0.00    10.00       none      10.17    0.0000    0.00%  100.00%
    [65]  R13     P4        60.36      91.86     0.00    10.00       none      10.19    0.0000    0.00%  100.00%
    [66]  R18     P4        60.36      92.31     0.00    10.00       none      10.23    0.0000    0.00%  100.00%
    [67]  R11     P1        57.12      92.51     0.00    10.00       none      10.25    0.0000    0.00%  100.00%
    [68]  R17     P4        60.36      92.55     0.00    10.00       none      10.26    0.0000    0.00%  100.00%
    [69]  R6      P4        60.36      93.06     0.00    10.00       none      10.31    0.0000    0.00%  100.00%
    [70]  R2      P5        50.36      79.40     0.00    23.76       none      10.32    0.0000    0.00%  100.00%
    [71]  R16     P1        57.12      93.22     0.00    10.00       none      10.32    0.0000    0.00%  100.00%
    [72]  R2      P2        64.23      93.27     0.00    10.00       none      10.33    0.0000    0.00%  100.00%
    [73]  R14     P1        57.12      93.66     0.00    10.00       none      10.37    0.0000    0.00%  100.00%
    [74]  R22     P4        60.36      93.76     0.00    10.00       none      10.38    0.0000    0.00%  100.00%
    [75]  R25     P1        57.12      93.80     0.00    10.00       none      10.38    0.0000    0.00%  100.00%
    [76]  R10     P5        50.36      80.41     0.00    23.76       none      10.42    0.0000    0.00%  100.00%
    [77]  R10     P2        64.23      94.28     0.00    10.00       none      10.43    0.0000    0.00%  100.00%
    [78]  R30     P4        60.36      94.48     0.00    10.00       none      10.45    0.0000    0.00%  100.00%
    [79]  R28     P5        54.36      77.00     0.00    27.76       none      10.48    0.0000    0.00%  100.00%
    [80]  R26     P1        57.12      95.06     0.00    10.00       none      10.51    0.0000    0.00%  100.00%
    [81]  R12     P5        50.36      81.64     0.00    23.76       none      10.54    0.0000    0.00%  100.00%
    [82]  R12     P2        64.23      95.51     0.00    10.00       none      10.55    0.0000    0.00%  100.00%
    [83]  R13     P5        50.36      81.86     0.00    23.76       none      10.56    0.0000    0.00%  100.00%
    [84]  R13     P2        64.23      95.73     0.00    10.00       none      10.57    0.0000    0.00%  100.00%
    [85]  R11     P4        60.36      95.75     0.00    10.00       none      10.58    0.0000    0.00%  100.00%
    [86]  R18     P5        50.36      82.31     0.00    23.76       none      10.61    0.0000    0.00%  100.00%
    [87]  R18     P2        64.23      96.18     0.00    10.00       none      10.62    0.0000    0.00%  100.00%
    [88]  R17     P5        50.36      82.55     0.00    23.76       none      10.63    0.0000    0.00%  100.00%
    [89]  R17     P2        64.23      96.42     0.00    10.00       none      10.64    0.0000    0.00%  100.00%
    [90]  R16     P4        60.36      96.46     0.00    10.00       none      10.65    0.0000    0.00%  100.00%
    [91]  R6      P5        50.36      83.06     0.00    23.76       none      10.68    0.0000    0.00%  100.00%
    [92]  R14     P4        60.36      96.90     0.00    10.00       none      10.69    0.0000    0.00%  100.00%
    [93]  R6      P2        64.23      96.93     0.00    10.00       none      10.69    0.0000    0.00%  100.00%
    [94]  R25     P4        60.36      97.04     0.00    10.00       none      10.70    0.0000    0.00%  100.00%
    [95]  R22     P5        50.36      83.76     0.00    23.76       none      10.75    0.0000    0.00%  100.00%
    [96]  R22     P2        64.23      97.63     0.00    10.00       none      10.76    0.0000    0.00%  100.00%
    [97]  R26     P4        60.36      98.30     0.00    10.00       none      10.83    0.0000    0.00%  100.00%
    [98]  R30     P2        64.23      98.35     0.00    10.00       none      10.84    0.0000    0.00%  100.00%
    [99]  R29     P1        57.12      98.49     0.00    10.00       none      10.85    0.0000    0.00%  100.00%
    [100]  R29     P3        55.44      96.81     0.00    12.09       none      10.89    0.0000    0.00%  100.00%
    [101]  R11     P5        50.36      85.75     0.00    23.76       none      10.95    0.0000    0.00%  100.00%
    [102]  R11     P2        64.23      99.62     0.00    10.00       none      10.96    0.0000    0.00%  100.00%
    [103]  R16     P5        50.36      86.46     0.00    23.76       none      11.02    0.0000    0.00%  100.00%
    [104]  R16     P2        64.23     100.33     0.00    10.00       none      11.03    0.0000    0.00%  100.00%
    [105]  R14     P5        50.36      86.90     0.00    23.76       none      11.07    0.0000    0.00%  100.00%
    [106]  R14     P2        64.23     100.77     0.00    10.00       none      11.08    0.0000    0.00%  100.00%
    [107]  R25     P5        50.36      87.04     0.00    23.76       none      11.08    0.0000    0.00%  100.00%
    [108]  R25     P2        64.23     100.91     0.00    10.00       none      11.09    0.0000    0.00%  100.00%
    [109]  R29     P4        60.36     101.73     0.00    10.00       none      11.17    0.0000    0.00%  100.00%
    [110]  R26     P2        64.23     102.17     0.00    10.00       none      11.22    0.0000    0.00%  100.00%
    [111]  R26     P5        50.46      88.40     0.00    23.86       none      11.23    0.0000    0.00%  100.00%
    [112]  R29     P2        64.23     105.60     0.00    10.00       none      11.56    0.0000    0.00%  100.00%
    [113]  R30     P5        55.42      89.54     0.00    28.82       none      11.84    0.0000    0.00%  100.00%
    [114]  R29     P5        55.44      96.81     0.00    28.84       none      12.57    0.0000    0.00%  100.00%
    draw=1.0867  →  (R27, P3) (rank 1) selected

  Assignment: R27 → P3  [53.35 → 74.45]  delay=0.00
    J27-1      [53.35 → 56.72]
    J27-2      [56.72 → 65.37]
    J27-3      [65.37 → 74.45]

  Assigned so far:
    ID      Pos       start    finish    delay
    ----------------------------------------
    R8      P2        10.34     16.84     0.00
    R3      P1         0.00     19.65     0.00
    R4      P5         0.00     26.60     0.00
    R15     P3        26.60     43.35     0.00
    R9      P1        29.65     47.12     0.00
    R7      P4        26.60     50.36     0.00
    R5      P2        26.84     54.23     0.00
    R27     P3        53.35     74.45     0.00

========================================================================
  STEP 9/30
========================================================================

  Pair evaluation  (110 pairs):
    Rank   ID      Pos     t_start   t_finish    delay      gap   blocking      score    weight     P(%)   cum(%)
    ---------------------------------------------------------------------------------------------------------
    [ 0]  R23     P1        57.12      77.54     0.00    10.00       none       8.75    1.0000   40.00%   40.00%
    [ 1]  R20     P1        57.12      78.82     0.00    10.00       none       8.88    0.6000   24.00%   64.00%
    [ 2]  R24     P1        57.12      79.26     0.00    10.00       none       8.93    0.3600   14.40%   78.40%
    [ 3]  R28     P1        57.12      79.76     0.00    10.00       none       8.98    0.2160    8.64%   87.04%
    [ 4]  R19     P1        57.12      82.49     0.00    10.00       none       9.25    0.1296    5.18%   92.22%
    [ 5]  R1      P1        57.12      83.74     0.00    10.00       none       9.37    0.0778    3.11%   95.33%
    [ 6]  R21     P1        57.12      84.60     0.00    10.00       none       9.46    0.0467    1.87%   97.20%
    [ 7]  R23     P2        64.23      84.65     0.00    10.00       none       9.47    0.0280    1.12%   98.32%
    [ 8]  R20     P2        64.23      85.93     0.00    10.00       none       9.59    0.0168    0.67%   98.99%
    [ 9]  R2      P1        57.12      86.16     0.00    10.00       none       9.62    0.0101    0.40%   99.40%
    [10]  R24     P2        64.23      86.37     0.00    10.00       none       9.64    0.0060    0.24%   99.64%
    [11]  R28     P2        64.23      86.87     0.00    10.00       none       9.69    0.0036    0.15%   99.78%
    [12]  R10     P1        57.12      87.17     0.00    10.00       none       9.72    0.0022    0.09%   99.87%
    [13]  R12     P1        57.12      88.40     0.00    10.00       none       9.84    0.0013    0.05%   99.92%
    [14]  R13     P1        57.12      88.62     0.00    10.00       none       9.86    0.0008    0.03%   99.95%
    [15]  R18     P1        57.12      89.07     0.00    10.00       none       9.91    0.0005    0.02%   99.97%
    [16]  R17     P1        57.12      89.31     0.00    10.00       none       9.93    0.0003    0.01%   99.98%
    [17]  R19     P5        50.36      75.73     0.00    23.76       none       9.95    0.0002    0.01%   99.99%
    [18]  R19     P2        64.23      89.60     0.00    10.00       none       9.96    0.0001    0.00%   99.99%
    [19]  R6      P1        57.12      89.82     0.00    10.00       none       9.98    0.0001    0.00%  100.00%
    [20]  R24     P5        52.31      74.45     0.00    25.71       none      10.02    0.0000    0.00%  100.00%
    [21]  R22     P1        57.12      90.52     0.00    10.00       none      10.05    0.0000    0.00%  100.00%
    [22]  R20     P5        52.75      74.45     0.00    26.15       none      10.06    0.0000    0.00%  100.00%
    [23]  R1      P5        50.36      76.98     0.00    23.76       none      10.07    0.0000    0.00%  100.00%
    [24]  R1      P2        64.23      90.85     0.00    10.00       none      10.09    0.0000    0.00%  100.00%
    [25]  R30     P1        57.12      91.24     0.00    10.00       none      10.12    0.0000    0.00%  100.00%
    [26]  R21     P5        50.36      77.84     0.00    23.76       none      10.16    0.0000    0.00%  100.00%
    [27]  R21     P2        64.23      91.71     0.00    10.00       none      10.17    0.0000    0.00%  100.00%
    [28]  R11     P1        57.12      92.51     0.00    10.00       none      10.25    0.0000    0.00%  100.00%
    [29]  R2      P5        50.36      79.40     0.00    23.76       none      10.32    0.0000    0.00%  100.00%
    [30]  R16     P1        57.12      93.22     0.00    10.00       none      10.32    0.0000    0.00%  100.00%
    [31]  R2      P2        64.23      93.27     0.00    10.00       none      10.33    0.0000    0.00%  100.00%
    [32]  R14     P1        57.12      93.66     0.00    10.00       none      10.37    0.0000    0.00%  100.00%
    [33]  R25     P1        57.12      93.80     0.00    10.00       none      10.38    0.0000    0.00%  100.00%
    [34]  R10     P5        50.36      80.41     0.00    23.76       none      10.42    0.0000    0.00%  100.00%
    [35]  R10     P2        64.23      94.28     0.00    10.00       none      10.43    0.0000    0.00%  100.00%
    [36]  R26     P1        57.12      95.06     0.00    10.00       none      10.51    0.0000    0.00%  100.00%
    [37]  R12     P5        50.36      81.64     0.00    23.76       none      10.54    0.0000    0.00%  100.00%
    [38]  R12     P2        64.23      95.51     0.00    10.00       none      10.55    0.0000    0.00%  100.00%
    [39]  R13     P5        50.36      81.86     0.00    23.76       none      10.56    0.0000    0.00%  100.00%
    [40]  R13     P2        64.23      95.73     0.00    10.00       none      10.57    0.0000    0.00%  100.00%
    [41]  R18     P5        50.36      82.31     0.00    23.76       none      10.61    0.0000    0.00%  100.00%
    [42]  R18     P2        64.23      96.18     0.00    10.00       none      10.62    0.0000    0.00%  100.00%
    [43]  R17     P5        50.36      82.55     0.00    23.76       none      10.63    0.0000    0.00%  100.00%
    [44]  R17     P2        64.23      96.42     0.00    10.00       none      10.64    0.0000    0.00%  100.00%
    [45]  R6      P5        50.36      83.06     0.00    23.76       none      10.68    0.0000    0.00%  100.00%
    [46]  R6      P2        64.23      96.93     0.00    10.00       none      10.69    0.0000    0.00%  100.00%
    [47]  R22     P5        50.36      83.76     0.00    23.76       none      10.75    0.0000    0.00%  100.00%
    [48]  R22     P2        64.23      97.63     0.00    10.00       none      10.76    0.0000    0.00%  100.00%
    [49]  R30     P2        64.23      98.35     0.00    10.00       none      10.84    0.0000    0.00%  100.00%
    [50]  R29     P1        57.12      98.49     0.00    10.00       none      10.85    0.0000    0.00%  100.00%
    [51]  R11     P5        50.36      85.75     0.00    23.76       none      10.95    0.0000    0.00%  100.00%
    [52]  R11     P2        64.23      99.62     0.00    10.00       none      10.96    0.0000    0.00%  100.00%
    [53]  R16     P5        50.36      86.46     0.00    23.76       none      11.02    0.0000    0.00%  100.00%
    [54]  R16     P2        64.23     100.33     0.00    10.00       none      11.03    0.0000    0.00%  100.00%
    [55]  R14     P5        50.36      86.90     0.00    23.76       none      11.07    0.0000    0.00%  100.00%
    [56]  R14     P2        64.23     100.77     0.00    10.00       none      11.08    0.0000    0.00%  100.00%
    [57]  R25     P5        50.36      87.04     0.00    23.76       none      11.08    0.0000    0.00%  100.00%
    [58]  R25     P2        64.23     100.91     0.00    10.00       none      11.09    0.0000    0.00%  100.00%
    [59]  R26     P2        64.23     102.17     0.00    10.00       none      11.22    0.0000    0.00%  100.00%
    [60]  R26     P5        50.46      88.40     0.00    23.86       none      11.23    0.0000    0.00%  100.00%
    [61]  R23     P3        84.45     104.87     0.00    10.00       none      11.49    0.0000    0.00%  100.00%
    [62]  R29     P2        64.23     105.60     0.00    10.00       none      11.56    0.0000    0.00%  100.00%
    [63]  R20     P3        84.45     106.15     0.00    10.00       none      11.62    0.0000    0.00%  100.00%
    [64]  R24     P3        84.45     106.59     0.00    10.00       none      11.66    0.0000    0.00%  100.00%
    [65]  R28     P3        84.45     107.09     0.00    10.00       none      11.71    0.0000    0.00%  100.00%
    [66]  R23     P4        74.45      94.87     0.00    24.09       none      11.90    0.0000    0.00%  100.00%
    [67]  R19     P3        84.45     109.82     0.00    10.00       none      11.98    0.0000    0.00%  100.00%
    [68]  R20     P4        74.45      96.15     0.00    24.09       none      12.02    0.0000    0.00%  100.00%
    [69]  R24     P4        74.45      96.59     0.00    24.09       none      12.07    0.0000    0.00%  100.00%
    [70]  R1      P3        84.45     111.07     0.00    10.00       none      12.11    0.0000    0.00%  100.00%
    [71]  R28     P4        74.45      97.09     0.00    24.09       none      12.12    0.0000    0.00%  100.00%
    [72]  R21     P3        84.45     111.93     0.00    10.00       none      12.19    0.0000    0.00%  100.00%
    [73]  R2      P3        84.45     113.49     0.00    10.00       none      12.35    0.0000    0.00%  100.00%
    [74]  R19     P4        74.45      99.82     0.00    24.09       none      12.39    0.0000    0.00%  100.00%
    [75]  R10     P3        84.45     114.50     0.00    10.00       none      12.45    0.0000    0.00%  100.00%
    [76]  R1      P4        74.45     101.07     0.00    24.09       none      12.52    0.0000    0.00%  100.00%
    [77]  R12     P3        84.45     115.73     0.00    10.00       none      12.57    0.0000    0.00%  100.00%
    [78]  R13     P3        84.45     115.95     0.00    10.00       none      12.60    0.0000    0.00%  100.00%
    [79]  R21     P4        74.45     101.93     0.00    24.09       none      12.60    0.0000    0.00%  100.00%
    [80]  R18     P3        84.45     116.40     0.00    10.00       none      12.64    0.0000    0.00%  100.00%
    [81]  R17     P3        84.45     116.64     0.00    10.00       none      12.66    0.0000    0.00%  100.00%
    [82]  R6      P3        84.45     117.15     0.00    10.00       none      12.72    0.0000    0.00%  100.00%
    [83]  R2      P4        74.45     103.49     0.00    24.09       none      12.76    0.0000    0.00%  100.00%
    [84]  R22     P3        84.45     117.85     0.00    10.00       none      12.79    0.0000    0.00%  100.00%
    [85]  R30     P3        84.45     118.57     0.00    10.00       none      12.86    0.0000    0.00%  100.00%
    [86]  R10     P4        74.45     104.50     0.00    24.09       none      12.86    0.0000    0.00%  100.00%
    [87]  R12     P4        74.45     105.73     0.00    24.09       none      12.98    0.0000    0.00%  100.00%
    [88]  R11     P3        84.45     119.84     0.00    10.00       none      12.98    0.0000    0.00%  100.00%
    [89]  R13     P4        74.45     105.95     0.00    24.09       none      13.00    0.0000    0.00%  100.00%
    [90]  R18     P4        74.45     106.40     0.00    24.09       none      13.05    0.0000    0.00%  100.00%
    [91]  R16     P3        84.45     120.55     0.00    10.00       none      13.06    0.0000    0.00%  100.00%
    [92]  R17     P4        74.45     106.64     0.00    24.09       none      13.07    0.0000    0.00%  100.00%
    [93]  R14     P3        84.45     120.99     0.00    10.00       none      13.10    0.0000    0.00%  100.00%
    [94]  R25     P3        84.45     121.13     0.00    10.00       none      13.11    0.0000    0.00%  100.00%
    [95]  R6      P4        74.45     107.15     0.00    24.09       none      13.12    0.0000    0.00%  100.00%
    [96]  R22     P4        74.45     107.85     0.00    24.09       none      13.19    0.0000    0.00%  100.00%
    [97]  R26     P3        84.45     122.39     0.00    10.00       none      13.24    0.0000    0.00%  100.00%
    [98]  R30     P4        74.45     108.57     0.00    24.09       none      13.27    0.0000    0.00%  100.00%
    [99]  R11     P4        74.45     109.84     0.00    24.09       none      13.39    0.0000    0.00%  100.00%
    [100]  R16     P4        74.45     110.55     0.00    24.09       none      13.46    0.0000    0.00%  100.00%
    [101]  R14     P4        74.45     110.99     0.00    24.09       none      13.51    0.0000    0.00%  100.00%
    [102]  R25     P4        74.45     111.13     0.00    24.09       none      13.52    0.0000    0.00%  100.00%
    [103]  R29     P3        84.45     125.82     0.00    10.00       none      13.58    0.0000    0.00%  100.00%
    [104]  R26     P4        74.45     112.39     0.00    24.09       none      13.65    0.0000    0.00%  100.00%
    [105]  R29     P4        74.45     115.82     0.00    24.09       none      13.99    0.0000    0.00%  100.00%
    [106]  R23     P5        74.45      94.87     0.00    47.85       none      14.27    0.0000    0.00%  100.00%
    [107]  R28     P5        74.45      97.09     0.00    47.85       none      14.49    0.0000    0.00%  100.00%
    [108]  R30     P5        74.45     108.57     0.00    47.85       none      15.64    0.0000    0.00%  100.00%
    [109]  R29     P5        74.45     115.82     0.00    47.85       none      16.37    0.0000    0.00%  100.00%
    draw=0.0620  →  (R23, P1) (rank 0) selected

  Assignment: R23 → P1  [57.12 → 77.54]  delay=0.00
    J23-1      [57.12 → 68.06]
    J23-2      [68.06 → 77.54]

  Assigned so far:
    ID      Pos       start    finish    delay
    ----------------------------------------
    R8      P2        10.34     16.84     0.00
    R3      P1         0.00     19.65     0.00
    R4      P5         0.00     26.60     0.00
    R15     P3        26.60     43.35     0.00
    R9      P1        29.65     47.12     0.00
    R7      P4        26.60     50.36     0.00
    R5      P2        26.84     54.23     0.00
    R27     P3        53.35     74.45     0.00
    R23     P1        57.12     77.54     0.00

========================================================================
  STEP 10/30
========================================================================

  Pair evaluation  (105 pairs):
    Rank   ID      Pos     t_start   t_finish    delay      gap   blocking      score    weight     P(%)   cum(%)
    ---------------------------------------------------------------------------------------------------------
    [ 0]  R20     P2        64.23      85.93     0.00    10.00       none       9.59    1.0000   40.00%   40.00%
    [ 1]  R24     P2        64.23      86.37     0.00    10.00       none       9.64    0.6000   24.00%   64.00%
    [ 2]  R28     P2        64.23      86.87     0.00    10.00       none       9.69    0.3600   14.40%   78.40%
    [ 3]  R19     P5        50.36      75.73     0.00    23.76       none       9.95    0.2160    8.64%   87.04%
    [ 4]  R19     P2        64.23      89.60     0.00    10.00       none       9.96    0.1296    5.18%   92.22%
    [ 5]  R24     P5        52.31      74.45     0.00    25.71       none      10.02    0.0778    3.11%   95.33%
    [ 6]  R20     P5        52.75      74.45     0.00    26.15       none      10.06    0.0467    1.87%   97.20%
    [ 7]  R1      P5        50.36      76.98     0.00    23.76       none      10.07    0.0280    1.12%   98.32%
    [ 8]  R1      P2        64.23      90.85     0.00    10.00       none      10.09    0.0168    0.67%   98.99%
    [ 9]  R21     P5        50.36      77.84     0.00    23.76       none      10.16    0.0101    0.40%   99.40%
    [10]  R21     P2        64.23      91.71     0.00    10.00       none      10.17    0.0060    0.24%   99.64%
    [11]  R2      P5        50.36      79.40     0.00    23.76       none      10.32    0.0036    0.15%   99.78%
    [12]  R2      P2        64.23      93.27     0.00    10.00       none      10.33    0.0022    0.09%   99.87%
    [13]  R10     P5        50.36      80.41     0.00    23.76       none      10.42    0.0013    0.05%   99.92%
    [14]  R10     P2        64.23      94.28     0.00    10.00       none      10.43    0.0008    0.03%   99.95%
    [15]  R12     P5        50.36      81.64     0.00    23.76       none      10.54    0.0005    0.02%   99.97%
    [16]  R12     P2        64.23      95.51     0.00    10.00       none      10.55    0.0003    0.01%   99.98%
    [17]  R13     P5        50.36      81.86     0.00    23.76       none      10.56    0.0002    0.01%   99.99%
    [18]  R13     P2        64.23      95.73     0.00    10.00       none      10.57    0.0001    0.00%   99.99%
    [19]  R18     P5        50.36      82.31     0.00    23.76       none      10.61    0.0001    0.00%  100.00%
    [20]  R18     P2        64.23      96.18     0.00    10.00       none      10.62    0.0000    0.00%  100.00%
    [21]  R17     P5        50.36      82.55     0.00    23.76       none      10.63    0.0000    0.00%  100.00%
    [22]  R17     P2        64.23      96.42     0.00    10.00       none      10.64    0.0000    0.00%  100.00%
    [23]  R6      P5        50.36      83.06     0.00    23.76       none      10.68    0.0000    0.00%  100.00%
    [24]  R6      P2        64.23      96.93     0.00    10.00       none      10.69    0.0000    0.00%  100.00%
    [25]  R22     P5        50.36      83.76     0.00    23.76       none      10.75    0.0000    0.00%  100.00%
    [26]  R22     P2        64.23      97.63     0.00    10.00       none      10.76    0.0000    0.00%  100.00%
    [27]  R30     P2        64.23      98.35     0.00    10.00       none      10.84    0.0000    0.00%  100.00%
    [28]  R11     P5        50.36      85.75     0.00    23.76       none      10.95    0.0000    0.00%  100.00%
    [29]  R11     P2        64.23      99.62     0.00    10.00       none      10.96    0.0000    0.00%  100.00%
    [30]  R16     P5        50.36      86.46     0.00    23.76       none      11.02    0.0000    0.00%  100.00%
    [31]  R16     P2        64.23     100.33     0.00    10.00       none      11.03    0.0000    0.00%  100.00%
    [32]  R14     P5        50.36      86.90     0.00    23.76       none      11.07    0.0000    0.00%  100.00%
    [33]  R14     P2        64.23     100.77     0.00    10.00       none      11.08    0.0000    0.00%  100.00%
    [34]  R25     P5        50.36      87.04     0.00    23.76       none      11.08    0.0000    0.00%  100.00%
    [35]  R25     P2        64.23     100.91     0.00    10.00       none      11.09    0.0000    0.00%  100.00%
    [36]  R26     P2        64.23     102.17     0.00    10.00       none      11.22    0.0000    0.00%  100.00%
    [37]  R26     P5        50.46      88.40     0.00    23.86       none      11.23    0.0000    0.00%  100.00%
    [38]  R29     P2        64.23     105.60     0.00    10.00       none      11.56    0.0000    0.00%  100.00%
    [39]  R20     P3        84.45     106.15     0.00    10.00       none      11.62    0.0000    0.00%  100.00%
    [40]  R24     P3        84.45     106.59     0.00    10.00       none      11.66    0.0000    0.00%  100.00%
    [41]  R28     P3        84.45     107.09     0.00    10.00       none      11.71    0.0000    0.00%  100.00%
    [42]  R20     P1        87.54     109.24     0.00    10.00       none      11.92    0.0000    0.00%  100.00%
    [43]  R24     P1        87.54     109.68     0.00    10.00       none      11.97    0.0000    0.00%  100.00%
    [44]  R19     P3        84.45     109.82     0.00    10.00       none      11.98    0.0000    0.00%  100.00%
    [45]  R28     P1        87.54     110.18     0.00    10.00       none      12.02    0.0000    0.00%  100.00%
    [46]  R20     P4        74.45      96.15     0.00    24.09       none      12.02    0.0000    0.00%  100.00%
    [47]  R24     P4        74.45      96.59     0.00    24.09       none      12.07    0.0000    0.00%  100.00%
    [48]  R1      P3        84.45     111.07     0.00    10.00       none      12.11    0.0000    0.00%  100.00%
    [49]  R28     P4        74.45      97.09     0.00    24.09       none      12.12    0.0000    0.00%  100.00%
    [50]  R21     P3        84.45     111.93     0.00    10.00       none      12.19    0.0000    0.00%  100.00%
    [51]  R19     P1        87.54     112.91     0.00    10.00       none      12.29    0.0000    0.00%  100.00%
    [52]  R2      P3        84.45     113.49     0.00    10.00       none      12.35    0.0000    0.00%  100.00%
    [53]  R19     P4        74.45      99.82     0.00    24.09       none      12.39    0.0000    0.00%  100.00%
    [54]  R1      P1        87.54     114.16     0.00    10.00       none      12.42    0.0000    0.00%  100.00%
    [55]  R10     P3        84.45     114.50     0.00    10.00       none      12.45    0.0000    0.00%  100.00%
    [56]  R21     P1        87.54     115.02     0.00    10.00       none      12.50    0.0000    0.00%  100.00%
    [57]  R1      P4        74.45     101.07     0.00    24.09       none      12.52    0.0000    0.00%  100.00%
    [58]  R12     P3        84.45     115.73     0.00    10.00       none      12.57    0.0000    0.00%  100.00%
    [59]  R13     P3        84.45     115.95     0.00    10.00       none      12.60    0.0000    0.00%  100.00%
    [60]  R21     P4        74.45     101.93     0.00    24.09       none      12.60    0.0000    0.00%  100.00%
    [61]  R18     P3        84.45     116.40     0.00    10.00       none      12.64    0.0000    0.00%  100.00%
    [62]  R2      P1        87.54     116.58     0.00    10.00       none      12.66    0.0000    0.00%  100.00%
    [63]  R17     P3        84.45     116.64     0.00    10.00       none      12.66    0.0000    0.00%  100.00%
    [64]  R6      P3        84.45     117.15     0.00    10.00       none      12.72    0.0000    0.00%  100.00%
    [65]  R2      P4        74.45     103.49     0.00    24.09       none      12.76    0.0000    0.00%  100.00%
    [66]  R10     P1        87.54     117.59     0.00    10.00       none      12.76    0.0000    0.00%  100.00%
    [67]  R22     P3        84.45     117.85     0.00    10.00       none      12.79    0.0000    0.00%  100.00%
    [68]  R30     P3        84.45     118.57     0.00    10.00       none      12.86    0.0000    0.00%  100.00%
    [69]  R10     P4        74.45     104.50     0.00    24.09       none      12.86    0.0000    0.00%  100.00%
    [70]  R12     P1        87.54     118.82     0.00    10.00       none      12.88    0.0000    0.00%  100.00%
    [71]  R13     P1        87.54     119.04     0.00    10.00       none      12.90    0.0000    0.00%  100.00%
    [72]  R18     P1        87.54     119.49     0.00    10.00       none      12.95    0.0000    0.00%  100.00%
    [73]  R17     P1        87.54     119.73     0.00    10.00       none      12.97    0.0000    0.00%  100.00%
    [74]  R12     P4        74.45     105.73     0.00    24.09       none      12.98    0.0000    0.00%  100.00%
    [75]  R11     P3        84.45     119.84     0.00    10.00       none      12.98    0.0000    0.00%  100.00%
    [76]  R13     P4        74.45     105.95     0.00    24.09       none      13.00    0.0000    0.00%  100.00%
    [77]  R6      P1        87.54     120.24     0.00    10.00       none      13.02    0.0000    0.00%  100.00%
    [78]  R18     P4        74.45     106.40     0.00    24.09       none      13.05    0.0000    0.00%  100.00%
    [79]  R16     P3        84.45     120.55     0.00    10.00       none      13.06    0.0000    0.00%  100.00%
    [80]  R17     P4        74.45     106.64     0.00    24.09       none      13.07    0.0000    0.00%  100.00%
    [81]  R22     P1        87.54     120.94     0.00    10.00       none      13.09    0.0000    0.00%  100.00%
    [82]  R14     P3        84.45     120.99     0.00    10.00       none      13.10    0.0000    0.00%  100.00%
    [83]  R25     P3        84.45     121.13     0.00    10.00       none      13.11    0.0000    0.00%  100.00%
    [84]  R6      P4        74.45     107.15     0.00    24.09       none      13.12    0.0000    0.00%  100.00%
    [85]  R30     P1        87.54     121.66     0.00    10.00       none      13.17    0.0000    0.00%  100.00%
    [86]  R22     P4        74.45     107.85     0.00    24.09       none      13.19    0.0000    0.00%  100.00%
    [87]  R26     P3        84.45     122.39     0.00    10.00       none      13.24    0.0000    0.00%  100.00%
    [88]  R30     P4        74.45     108.57     0.00    24.09       none      13.27    0.0000    0.00%  100.00%
    [89]  R11     P1        87.54     122.93     0.00    10.00       none      13.29    0.0000    0.00%  100.00%
    [90]  R16     P1        87.54     123.64     0.00    10.00       none      13.36    0.0000    0.00%  100.00%
    [91]  R11     P4        74.45     109.84     0.00    24.09       none      13.39    0.0000    0.00%  100.00%
    [92]  R14     P1        87.54     124.08     0.00    10.00       none      13.41    0.0000    0.00%  100.00%
    [93]  R25     P1        87.54     124.22     0.00    10.00       none      13.42    0.0000    0.00%  100.00%
    [94]  R16     P4        74.45     110.55     0.00    24.09       none      13.46    0.0000    0.00%  100.00%
    [95]  R14     P4        74.45     110.99     0.00    24.09       none      13.51    0.0000    0.00%  100.00%
    [96]  R25     P4        74.45     111.13     0.00    24.09       none      13.52    0.0000    0.00%  100.00%
    [97]  R26     P1        87.54     125.48     0.00    10.00       none      13.55    0.0000    0.00%  100.00%
    [98]  R29     P3        84.45     125.82     0.00    10.00       none      13.58    0.0000    0.00%  100.00%
    [99]  R26     P4        74.45     112.39     0.00    24.09       none      13.65    0.0000    0.00%  100.00%
    [100]  R29     P1        87.54     128.91     0.00    10.00       none      13.89    0.0000    0.00%  100.00%
    [101]  R29     P4        74.45     115.82     0.00    24.09       none      13.99    0.0000    0.00%  100.00%
    [102]  R28     P5        74.45      97.09     0.00    47.85       none      14.49    0.0000    0.00%  100.00%
    [103]  R30     P5        74.45     108.57     0.00    47.85       none      15.64    0.0000    0.00%  100.00%
    [104]  R29     P5        74.45     115.82     0.00    47.85       none      16.37    0.0000    0.00%  100.00%
    draw=0.9986  →  (R20, P2) (rank 0) selected

  Assignment: R20 → P2  [64.23 → 85.93]  delay=0.00
    J20-1      [64.23 → 73.87]
    J20-2      [73.87 → 85.93]

  Assigned so far:
    ID      Pos       start    finish    delay
    ----------------------------------------
    R8      P2        10.34     16.84     0.00
    R3      P1         0.00     19.65     0.00
    R4      P5         0.00     26.60     0.00
    R15     P3        26.60     43.35     0.00
    R9      P1        29.65     47.12     0.00
    R7      P4        26.60     50.36     0.00
    R5      P2        26.84     54.23     0.00
    R27     P3        53.35     74.45     0.00
    R23     P1        57.12     77.54     0.00
    R20     P2        64.23     85.93     0.00

========================================================================
  STEP 11/30
========================================================================

  Pair evaluation  (100 pairs):
    Rank   ID      Pos     t_start   t_finish    delay      gap   blocking      score    weight     P(%)   cum(%)
    ---------------------------------------------------------------------------------------------------------
    [ 0]  R19     P5        50.36      75.73     0.00    23.76       none       9.95    1.0000   40.00%   40.00%
    [ 1]  R24     P5        52.31      74.45     0.00    25.71       none      10.02    0.6000   24.00%   64.00%
    [ 2]  R1      P5        50.36      76.98     0.00    23.76       none      10.07    0.3600   14.40%   78.40%
    [ 3]  R21     P5        50.36      77.84     0.00    23.76       none      10.16    0.2160    8.64%   87.04%
    [ 4]  R2      P5        50.36      79.40     0.00    23.76       none      10.32    0.1296    5.18%   92.22%
    [ 5]  R10     P5        50.36      80.41     0.00    23.76       none      10.42    0.0778    3.11%   95.33%
    [ 6]  R12     P5        50.36      81.64     0.00    23.76       none      10.54    0.0467    1.87%   97.20%
    [ 7]  R13     P5        50.36      81.86     0.00    23.76       none      10.56    0.0280    1.12%   98.32%
    [ 8]  R18     P5        50.36      82.31     0.00    23.76       none      10.61    0.0168    0.67%   98.99%
    [ 9]  R17     P5        50.36      82.55     0.00    23.76       none      10.63    0.0101    0.40%   99.40%
    [10]  R6      P5        50.36      83.06     0.00    23.76       none      10.68    0.0060    0.24%   99.64%
    [11]  R22     P5        50.36      83.76     0.00    23.76       none      10.75    0.0036    0.15%   99.78%
    [12]  R11     P5        50.36      85.75     0.00    23.76       none      10.95    0.0022    0.09%   99.87%
    [13]  R16     P5        50.36      86.46     0.00    23.76       none      11.02    0.0013    0.05%   99.92%
    [14]  R14     P5        50.36      86.90     0.00    23.76       none      11.07    0.0008    0.03%   99.95%
    [15]  R25     P5        50.36      87.04     0.00    23.76       none      11.08    0.0005    0.02%   99.97%
    [16]  R26     P5        50.46      88.40     0.00    23.86       none      11.23    0.0003    0.01%   99.98%
    [17]  R24     P3        84.45     106.59     0.00    10.00       none      11.66    0.0002    0.01%   99.99%
    [18]  R28     P3        84.45     107.09     0.00    10.00       none      11.71    0.0001    0.00%   99.99%
    [19]  R24     P1        87.54     109.68     0.00    10.00       none      11.97    0.0001    0.00%  100.00%
    [20]  R19     P3        84.45     109.82     0.00    10.00       none      11.98    0.0000    0.00%  100.00%
    [21]  R28     P1        87.54     110.18     0.00    10.00       none      12.02    0.0000    0.00%  100.00%
    [22]  R24     P4        74.45      96.59     0.00    24.09       none      12.07    0.0000    0.00%  100.00%
    [23]  R1      P3        84.45     111.07     0.00    10.00       none      12.11    0.0000    0.00%  100.00%
    [24]  R28     P4        74.45      97.09     0.00    24.09       none      12.12    0.0000    0.00%  100.00%
    [25]  R21     P3        84.45     111.93     0.00    10.00       none      12.19    0.0000    0.00%  100.00%
    [26]  R19     P1        87.54     112.91     0.00    10.00       none      12.29    0.0000    0.00%  100.00%
    [27]  R2      P3        84.45     113.49     0.00    10.00       none      12.35    0.0000    0.00%  100.00%
    [28]  R19     P4        74.45      99.82     0.00    24.09       none      12.39    0.0000    0.00%  100.00%
    [29]  R1      P1        87.54     114.16     0.00    10.00       none      12.42    0.0000    0.00%  100.00%
    [30]  R10     P3        84.45     114.50     0.00    10.00       none      12.45    0.0000    0.00%  100.00%
    [31]  R21     P1        87.54     115.02     0.00    10.00       none      12.50    0.0000    0.00%  100.00%
    [32]  R1      P4        74.45     101.07     0.00    24.09       none      12.52    0.0000    0.00%  100.00%
    [33]  R12     P3        84.45     115.73     0.00    10.00       none      12.57    0.0000    0.00%  100.00%
    [34]  R13     P3        84.45     115.95     0.00    10.00       none      12.60    0.0000    0.00%  100.00%
    [35]  R21     P4        74.45     101.93     0.00    24.09       none      12.60    0.0000    0.00%  100.00%
    [36]  R18     P3        84.45     116.40     0.00    10.00       none      12.64    0.0000    0.00%  100.00%
    [37]  R2      P1        87.54     116.58     0.00    10.00       none      12.66    0.0000    0.00%  100.00%
    [38]  R17     P3        84.45     116.64     0.00    10.00       none      12.66    0.0000    0.00%  100.00%
    [39]  R6      P3        84.45     117.15     0.00    10.00       none      12.72    0.0000    0.00%  100.00%
    [40]  R2      P4        74.45     103.49     0.00    24.09       none      12.76    0.0000    0.00%  100.00%
    [41]  R10     P1        87.54     117.59     0.00    10.00       none      12.76    0.0000    0.00%  100.00%
    [42]  R22     P3        84.45     117.85     0.00    10.00       none      12.79    0.0000    0.00%  100.00%
    [43]  R24     P2        95.93     118.07     0.00    10.00       none      12.81    0.0000    0.00%  100.00%
    [44]  R30     P3        84.45     118.57     0.00    10.00       none      12.86    0.0000    0.00%  100.00%
    [45]  R28     P2        95.93     118.57     0.00    10.00       none      12.86    0.0000    0.00%  100.00%
    [46]  R10     P4        74.45     104.50     0.00    24.09       none      12.86    0.0000    0.00%  100.00%
    [47]  R12     P1        87.54     118.82     0.00    10.00       none      12.88    0.0000    0.00%  100.00%
    [48]  R13     P1        87.54     119.04     0.00    10.00       none      12.90    0.0000    0.00%  100.00%
    [49]  R18     P1        87.54     119.49     0.00    10.00       none      12.95    0.0000    0.00%  100.00%
    [50]  R17     P1        87.54     119.73     0.00    10.00       none      12.97    0.0000    0.00%  100.00%
    [51]  R12     P4        74.45     105.73     0.00    24.09       none      12.98    0.0000    0.00%  100.00%
    [52]  R11     P3        84.45     119.84     0.00    10.00       none      12.98    0.0000    0.00%  100.00%
    [53]  R13     P4        74.45     105.95     0.00    24.09       none      13.00    0.0000    0.00%  100.00%
    [54]  R6      P1        87.54     120.24     0.00    10.00       none      13.02    0.0000    0.00%  100.00%
    [55]  R18     P4        74.45     106.40     0.00    24.09       none      13.05    0.0000    0.00%  100.00%
    [56]  R16     P3        84.45     120.55     0.00    10.00       none      13.06    0.0000    0.00%  100.00%
    [57]  R17     P4        74.45     106.64     0.00    24.09       none      13.07    0.0000    0.00%  100.00%
    [58]  R22     P1        87.54     120.94     0.00    10.00       none      13.09    0.0000    0.00%  100.00%
    [59]  R14     P3        84.45     120.99     0.00    10.00       none      13.10    0.0000    0.00%  100.00%
    [60]  R25     P3        84.45     121.13     0.00    10.00       none      13.11    0.0000    0.00%  100.00%
    [61]  R6      P4        74.45     107.15     0.00    24.09       none      13.12    0.0000    0.00%  100.00%
    [62]  R19     P2        95.93     121.30     0.00    10.00       none      13.13    0.0000    0.00%  100.00%
    [63]  R30     P1        87.54     121.66     0.00    10.00       none      13.17    0.0000    0.00%  100.00%
    [64]  R22     P4        74.45     107.85     0.00    24.09       none      13.19    0.0000    0.00%  100.00%
    [65]  R26     P3        84.45     122.39     0.00    10.00       none      13.24    0.0000    0.00%  100.00%
    [66]  R1      P2        95.93     122.55     0.00    10.00       none      13.26    0.0000    0.00%  100.00%
    [67]  R30     P4        74.45     108.57     0.00    24.09       none      13.27    0.0000    0.00%  100.00%
    [68]  R11     P1        87.54     122.93     0.00    10.00       none      13.29    0.0000    0.00%  100.00%
    [69]  R21     P2        95.93     123.41     0.00    10.00       none      13.34    0.0000    0.00%  100.00%
    [70]  R16     P1        87.54     123.64     0.00    10.00       none      13.36    0.0000    0.00%  100.00%
    [71]  R11     P4        74.45     109.84     0.00    24.09       none      13.39    0.0000    0.00%  100.00%
    [72]  R14     P1        87.54     124.08     0.00    10.00       none      13.41    0.0000    0.00%  100.00%
    [73]  R25     P1        87.54     124.22     0.00    10.00       none      13.42    0.0000    0.00%  100.00%
    [74]  R16     P4        74.45     110.55     0.00    24.09       none      13.46    0.0000    0.00%  100.00%
    [75]  R2      P2        95.93     124.97     0.00    10.00       none      13.50    0.0000    0.00%  100.00%
    [76]  R14     P4        74.45     110.99     0.00    24.09       none      13.51    0.0000    0.00%  100.00%
    [77]  R25     P4        74.45     111.13     0.00    24.09       none      13.52    0.0000    0.00%  100.00%
    [78]  R26     P1        87.54     125.48     0.00    10.00       none      13.55    0.0000    0.00%  100.00%
    [79]  R29     P3        84.45     125.82     0.00    10.00       none      13.58    0.0000    0.00%  100.00%
    [80]  R10     P2        95.93     125.98     0.00    10.00       none      13.60    0.0000    0.00%  100.00%
    [81]  R26     P4        74.45     112.39     0.00    24.09       none      13.65    0.0000    0.00%  100.00%
    [82]  R12     P2        95.93     127.21     0.00    10.00       none      13.72    0.0000    0.00%  100.00%
    [83]  R13     P2        95.93     127.43     0.00    10.00       none      13.74    0.0000    0.00%  100.00%
    [84]  R18     P2        95.93     127.88     0.00    10.00       none      13.79    0.0000    0.00%  100.00%
    [85]  R17     P2        95.93     128.12     0.00    10.00       none      13.81    0.0000    0.00%  100.00%
    [86]  R6      P2        95.93     128.63     0.00    10.00       none      13.86    0.0000    0.00%  100.00%
    [87]  R29     P1        87.54     128.91     0.00    10.00       none      13.89    0.0000    0.00%  100.00%
    [88]  R22     P2        95.93     129.33     0.00    10.00       none      13.93    0.0000    0.00%  100.00%
    [89]  R29     P4        74.45     115.82     0.00    24.09       none      13.99    0.0000    0.00%  100.00%
    [90]  R30     P2        95.93     130.05     0.00    10.00       none      14.01    0.0000    0.00%  100.00%
    [91]  R11     P2        95.93     131.32     0.00    10.00       none      14.13    0.0000    0.00%  100.00%
    [92]  R16     P2        95.93     132.03     0.00    10.00       none      14.20    0.0000    0.00%  100.00%
    [93]  R14     P2        95.93     132.47     0.00    10.00       none      14.25    0.0000    0.00%  100.00%
    [94]  R25     P2        95.93     132.61     0.00    10.00       none      14.26    0.0000    0.00%  100.00%
    [95]  R26     P2        95.93     133.87     0.00    10.00       none      14.39    0.0000    0.00%  100.00%
    [96]  R28     P5        74.45      97.09     0.00    47.85       none      14.49    0.0000    0.00%  100.00%
    [97]  R29     P2        95.93     137.30     0.00    10.00       none      14.73    0.0000    0.00%  100.00%
    [98]  R30     P5        74.45     108.57     0.00    47.85       none      15.64    0.0000    0.00%  100.00%
    [99]  R29     P5        74.45     115.82     0.00    47.85       none      16.37    0.0000    0.00%  100.00%
    draw=2.1504  →  (R21, P5) (rank 3) selected
  start-time compare  R21 → P5:  t_imm=38.54 cost=126.60 (6 new movs)  vs  t_nob=50.36 cost=7.78

  Assignment: R21 → P5  [50.36 → 77.84]  delay=0.00
    J21-1      [50.36 → 57.33]
    J21-2      [57.33 → 68.21]
    J21-3      [68.21 → 77.84]

  Assigned so far:
    ID      Pos       start    finish    delay
    ----------------------------------------
    R8      P2        10.34     16.84     0.00
    R3      P1         0.00     19.65     0.00
    R4      P5         0.00     26.60     0.00
    R15     P3        26.60     43.35     0.00
    R9      P1        29.65     47.12     0.00
    R7      P4        26.60     50.36     0.00
    R5      P2        26.84     54.23     0.00
    R27     P3        53.35     74.45     0.00
    R23     P1        57.12     77.54     0.00
    R20     P2        64.23     85.93     0.00
    R21     P5        50.36     77.84     0.00

========================================================================
  STEP 12/30
========================================================================

  Pair evaluation  (95 pairs):
    Rank   ID      Pos     t_start   t_finish    delay      gap   blocking      score    weight     P(%)   cum(%)
    ---------------------------------------------------------------------------------------------------------
    [ 0]  R24     P3        84.45     106.59     0.00    10.00       none      11.66    1.0000   40.00%   40.00%
    [ 1]  R28     P3        84.45     107.09     0.00    10.00       none      11.71    0.6000   24.00%   64.00%
    [ 2]  R24     P1        87.54     109.68     0.00    10.00       none      11.97    0.3600   14.40%   78.40%
    [ 3]  R19     P3        84.45     109.82     0.00    10.00       none      11.98    0.2160    8.64%   87.04%
    [ 4]  R24     P5        87.84     109.98     0.00    10.00       none      12.00    0.1296    5.18%   92.22%
    [ 5]  R28     P1        87.54     110.18     0.00    10.00       none      12.02    0.0778    3.11%   95.33%
    [ 6]  R28     P5        87.84     110.48     0.00    10.00       none      12.05    0.0467    1.87%   97.20%
    [ 7]  R1      P3        84.45     111.07     0.00    10.00       none      12.11    0.0280    1.12%   98.32%
    [ 8]  R19     P1        87.54     112.91     0.00    10.00       none      12.29    0.0168    0.67%   98.99%
    [ 9]  R19     P5        87.84     113.21     0.00    10.00       none      12.32    0.0101    0.40%   99.40%
    [10]  R2      P3        84.45     113.49     0.00    10.00       none      12.35    0.0060    0.24%   99.64%
    [11]  R1      P1        87.54     114.16     0.00    10.00       none      12.42    0.0036    0.15%   99.78%
    [12]  R1      P5        87.84     114.46     0.00    10.00       none      12.45    0.0022    0.09%   99.87%
    [13]  R10     P3        84.45     114.50     0.00    10.00       none      12.45    0.0013    0.05%   99.92%
    [14]  R12     P3        84.45     115.73     0.00    10.00       none      12.57    0.0008    0.03%   99.95%
    [15]  R13     P3        84.45     115.95     0.00    10.00       none      12.60    0.0005    0.02%   99.97%
    [16]  R18     P3        84.45     116.40     0.00    10.00       none      12.64    0.0003    0.01%   99.98%
    [17]  R2      P1        87.54     116.58     0.00    10.00       none      12.66    0.0002    0.01%   99.99%
    [18]  R17     P3        84.45     116.64     0.00    10.00       none      12.66    0.0001    0.00%   99.99%
    [19]  R2      P5        87.84     116.88     0.00    10.00       none      12.69    0.0001    0.00%  100.00%
    [20]  R6      P3        84.45     117.15     0.00    10.00       none      12.72    0.0000    0.00%  100.00%
    [21]  R24     P4        77.84      99.98     0.00    27.48       none      12.75    0.0000    0.00%  100.00%
    [22]  R10     P1        87.54     117.59     0.00    10.00       none      12.76    0.0000    0.00%  100.00%
    [23]  R22     P3        84.45     117.85     0.00    10.00       none      12.79    0.0000    0.00%  100.00%
    [24]  R10     P5        87.84     117.89     0.00    10.00       none      12.79    0.0000    0.00%  100.00%
    [25]  R28     P4        77.84     100.48     0.00    27.48       none      12.80    0.0000    0.00%  100.00%
    [26]  R24     P2        95.93     118.07     0.00    10.00       none      12.81    0.0000    0.00%  100.00%
    [27]  R30     P3        84.45     118.57     0.00    10.00       none      12.86    0.0000    0.00%  100.00%
    [28]  R28     P2        95.93     118.57     0.00    10.00       none      12.86    0.0000    0.00%  100.00%
    [29]  R12     P1        87.54     118.82     0.00    10.00       none      12.88    0.0000    0.00%  100.00%
    [30]  R13     P1        87.54     119.04     0.00    10.00       none      12.90    0.0000    0.00%  100.00%
    [31]  R12     P5        87.84     119.12     0.00    10.00       none      12.91    0.0000    0.00%  100.00%
    [32]  R13     P5        87.84     119.34     0.00    10.00       none      12.93    0.0000    0.00%  100.00%
    [33]  R18     P1        87.54     119.49     0.00    10.00       none      12.95    0.0000    0.00%  100.00%
    [34]  R17     P1        87.54     119.73     0.00    10.00       none      12.97    0.0000    0.00%  100.00%
    [35]  R18     P5        87.84     119.79     0.00    10.00       none      12.98    0.0000    0.00%  100.00%
    [36]  R11     P3        84.45     119.84     0.00    10.00       none      12.98    0.0000    0.00%  100.00%
    [37]  R17     P5        87.84     120.03     0.00    10.00       none      13.00    0.0000    0.00%  100.00%
    [38]  R6      P1        87.54     120.24     0.00    10.00       none      13.02    0.0000    0.00%  100.00%
    [39]  R6      P5        87.84     120.54     0.00    10.00       none      13.05    0.0000    0.00%  100.00%
    [40]  R16     P3        84.45     120.55     0.00    10.00       none      13.06    0.0000    0.00%  100.00%
    [41]  R19     P4        77.84     103.21     0.00    27.48       none      13.07    0.0000    0.00%  100.00%
    [42]  R22     P1        87.54     120.94     0.00    10.00       none      13.09    0.0000    0.00%  100.00%
    [43]  R14     P3        84.45     120.99     0.00    10.00       none      13.10    0.0000    0.00%  100.00%
    [44]  R25     P3        84.45     121.13     0.00    10.00       none      13.11    0.0000    0.00%  100.00%
    [45]  R22     P5        87.84     121.24     0.00    10.00       none      13.12    0.0000    0.00%  100.00%
    [46]  R19     P2        95.93     121.30     0.00    10.00       none      13.13    0.0000    0.00%  100.00%
    [47]  R30     P1        87.54     121.66     0.00    10.00       none      13.17    0.0000    0.00%  100.00%
    [48]  R1      P4        77.84     104.46     0.00    27.48       none      13.19    0.0000    0.00%  100.00%
    [49]  R30     P5        87.84     121.96     0.00    10.00       none      13.20    0.0000    0.00%  100.00%
    [50]  R26     P3        84.45     122.39     0.00    10.00       none      13.24    0.0000    0.00%  100.00%
    [51]  R1      P2        95.93     122.55     0.00    10.00       none      13.26    0.0000    0.00%  100.00%
    [52]  R11     P1        87.54     122.93     0.00    10.00       none      13.29    0.0000    0.00%  100.00%
    [53]  R11     P5        87.84     123.23     0.00    10.00       none      13.32    0.0000    0.00%  100.00%
    [54]  R16     P1        87.54     123.64     0.00    10.00       none      13.36    0.0000    0.00%  100.00%
    [55]  R16     P5        87.84     123.94     0.00    10.00       none      13.39    0.0000    0.00%  100.00%
    [56]  R14     P1        87.54     124.08     0.00    10.00       none      13.41    0.0000    0.00%  100.00%
    [57]  R25     P1        87.54     124.22     0.00    10.00       none      13.42    0.0000    0.00%  100.00%
    [58]  R2      P4        77.84     106.88     0.00    27.48       none      13.44    0.0000    0.00%  100.00%
    [59]  R14     P5        87.84     124.38     0.00    10.00       none      13.44    0.0000    0.00%  100.00%
    [60]  R25     P5        87.84     124.52     0.00    10.00       none      13.45    0.0000    0.00%  100.00%
    [61]  R2      P2        95.93     124.97     0.00    10.00       none      13.50    0.0000    0.00%  100.00%
    [62]  R10     P4        77.84     107.89     0.00    27.48       none      13.54    0.0000    0.00%  100.00%
    [63]  R26     P1        87.54     125.48     0.00    10.00       none      13.55    0.0000    0.00%  100.00%
    [64]  R26     P5        87.84     125.78     0.00    10.00       none      13.58    0.0000    0.00%  100.00%
    [65]  R29     P3        84.45     125.82     0.00    10.00       none      13.58    0.0000    0.00%  100.00%
    [66]  R10     P2        95.93     125.98     0.00    10.00       none      13.60    0.0000    0.00%  100.00%
    [67]  R12     P4        77.84     109.12     0.00    27.48       none      13.66    0.0000    0.00%  100.00%
    [68]  R13     P4        77.84     109.34     0.00    27.48       none      13.68    0.0000    0.00%  100.00%
    [69]  R12     P2        95.93     127.21     0.00    10.00       none      13.72    0.0000    0.00%  100.00%
    [70]  R18     P4        77.84     109.79     0.00    27.48       none      13.73    0.0000    0.00%  100.00%
    [71]  R13     P2        95.93     127.43     0.00    10.00       none      13.74    0.0000    0.00%  100.00%
    [72]  R17     P4        77.84     110.03     0.00    27.48       none      13.75    0.0000    0.00%  100.00%
    [73]  R18     P2        95.93     127.88     0.00    10.00       none      13.79    0.0000    0.00%  100.00%
    [74]  R6      P4        77.84     110.54     0.00    27.48       none      13.80    0.0000    0.00%  100.00%
    [75]  R17     P2        95.93     128.12     0.00    10.00       none      13.81    0.0000    0.00%  100.00%
    [76]  R6      P2        95.93     128.63     0.00    10.00       none      13.86    0.0000    0.00%  100.00%
    [77]  R22     P4        77.84     111.24     0.00    27.48       none      13.87    0.0000    0.00%  100.00%
    [78]  R29     P1        87.54     128.91     0.00    10.00       none      13.89    0.0000    0.00%  100.00%
    [79]  R29     P5        87.84     129.21     0.00    10.00       none      13.92    0.0000    0.00%  100.00%
    [80]  R22     P2        95.93     129.33     0.00    10.00       none      13.93    0.0000    0.00%  100.00%
    [81]  R30     P4        77.84     111.96     0.00    27.48       none      13.94    0.0000    0.00%  100.00%
    [82]  R30     P2        95.93     130.05     0.00    10.00       none      14.01    0.0000    0.00%  100.00%
    [83]  R11     P4        77.84     113.23     0.00    27.48       none      14.07    0.0000    0.00%  100.00%
    [84]  R11     P2        95.93     131.32     0.00    10.00       none      14.13    0.0000    0.00%  100.00%
    [85]  R16     P4        77.84     113.94     0.00    27.48       none      14.14    0.0000    0.00%  100.00%
    [86]  R14     P4        77.84     114.38     0.00    27.48       none      14.19    0.0000    0.00%  100.00%
    [87]  R25     P4        77.84     114.52     0.00    27.48       none      14.20    0.0000    0.00%  100.00%
    [88]  R16     P2        95.93     132.03     0.00    10.00       none      14.20    0.0000    0.00%  100.00%
    [89]  R14     P2        95.93     132.47     0.00    10.00       none      14.25    0.0000    0.00%  100.00%
    [90]  R25     P2        95.93     132.61     0.00    10.00       none      14.26    0.0000    0.00%  100.00%
    [91]  R26     P4        77.84     115.78     0.00    27.48       none      14.33    0.0000    0.00%  100.00%
    [92]  R26     P2        95.93     133.87     0.00    10.00       none      14.39    0.0000    0.00%  100.00%
    [93]  R29     P4        77.84     119.21     0.00    27.48       none      14.67    0.0000    0.00%  100.00%
    [94]  R29     P2        95.93     137.30     0.00    10.00       none      14.73    0.0000    0.00%  100.00%
    draw=2.3927  →  (R28, P5) (rank 6) selected

  Assignment: R28 → P5  [87.84 → 110.48]  delay=0.00
    J28-1      [87.84 → 93.28]
    J28-2      [93.28 → 103.11]
    J28-3      [103.11 → 110.48]

  Assigned so far:
    ID      Pos       start    finish    delay
    ----------------------------------------
    R8      P2        10.34     16.84     0.00
    R3      P1         0.00     19.65     0.00
    R4      P5         0.00     26.60     0.00
    R15     P3        26.60     43.35     0.00
    R9      P1        29.65     47.12     0.00
    R7      P4        26.60     50.36     0.00
    R5      P2        26.84     54.23     0.00
    R27     P3        53.35     74.45     0.00
    R23     P1        57.12     77.54     0.00
    R20     P2        64.23     85.93     0.00
    R21     P5        50.36     77.84     0.00
    R28     P5        87.84    110.48     0.00

========================================================================
  STEP 13/30
========================================================================

  Pair evaluation  (90 pairs):
    Rank   ID      Pos     t_start   t_finish    delay      gap   blocking      score    weight     P(%)   cum(%)
    ---------------------------------------------------------------------------------------------------------
    [ 0]  R24     P1        87.54     109.68     0.00    10.00       none      11.97    1.0000   40.00%   40.00%
    [ 1]  R19     P1        87.54     112.91     0.00    10.00       none      12.29    0.6000   24.00%   64.00%
    [ 2]  R24     P3        87.84     109.98     0.00    13.39       none      12.34    0.3600   14.40%   78.40%
    [ 3]  R1      P1        87.54     114.16     0.00    10.00       none      12.42    0.2160    8.64%   87.04%
    [ 4]  R2      P1        87.54     116.58     0.00    10.00       none      12.66    0.1296    5.18%   92.22%
    [ 5]  R10     P1        87.54     117.59     0.00    10.00       none      12.76    0.0778    3.11%   95.33%
    [ 6]  R24     P2        95.93     118.07     0.00    10.00       none      12.81    0.0467    1.87%   97.20%
    [ 7]  R12     P1        87.54     118.82     0.00    10.00       none      12.88    0.0280    1.12%   98.32%
    [ 8]  R13     P1        87.54     119.04     0.00    10.00       none      12.90    0.0168    0.67%   98.99%
    [ 9]  R18     P1        87.54     119.49     0.00    10.00       none      12.95    0.0101    0.40%   99.40%
    [10]  R17     P1        87.54     119.73     0.00    10.00       none      12.97    0.0060    0.24%   99.64%
    [11]  R6      P1        87.54     120.24     0.00    10.00       none      13.02    0.0036    0.15%   99.78%
    [12]  R22     P1        87.54     120.94     0.00    10.00       none      13.09    0.0022    0.09%   99.87%
    [13]  R19     P2        95.93     121.30     0.00    10.00       none      13.13    0.0013    0.05%   99.92%
    [14]  R30     P1        87.54     121.66     0.00    10.00       none      13.17    0.0008    0.03%   99.95%
    [15]  R1      P2        95.93     122.55     0.00    10.00       none      13.26    0.0005    0.02%   99.97%
    [16]  R11     P1        87.54     122.93     0.00    10.00       none      13.29    0.0003    0.01%   99.98%
    [17]  R16     P1        87.54     123.64     0.00    10.00       none      13.36    0.0002    0.01%   99.99%
    [18]  R14     P1        87.54     124.08     0.00    10.00       none      13.41    0.0001    0.00%   99.99%
    [19]  R25     P1        87.54     124.22     0.00    10.00       none      13.42    0.0001    0.00%  100.00%
    [20]  R2      P2        95.93     124.97     0.00    10.00       none      13.50    0.0000    0.00%  100.00%
    [21]  R26     P1        87.54     125.48     0.00    10.00       none      13.55    0.0000    0.00%  100.00%
    [22]  R10     P2        95.93     125.98     0.00    10.00       none      13.60    0.0000    0.00%  100.00%
    [23]  R12     P2        95.93     127.21     0.00    10.00       none      13.72    0.0000    0.00%  100.00%
    [24]  R13     P2        95.93     127.43     0.00    10.00       none      13.74    0.0000    0.00%  100.00%
    [25]  R18     P2        95.93     127.88     0.00    10.00       none      13.79    0.0000    0.00%  100.00%
    [26]  R17     P2        95.93     128.12     0.00    10.00       none      13.81    0.0000    0.00%  100.00%
    [27]  R6      P2        95.93     128.63     0.00    10.00       none      13.86    0.0000    0.00%  100.00%
    [28]  R29     P1        87.54     128.91     0.00    10.00       none      13.89    0.0000    0.00%  100.00%
    [29]  R22     P2        95.93     129.33     0.00    10.00       none      13.93    0.0000    0.00%  100.00%
    [30]  R30     P2        95.93     130.05     0.00    10.00       none      14.01    0.0000    0.00%  100.00%
    [31]  R11     P2        95.93     131.32     0.00    10.00       none      14.13    0.0000    0.00%  100.00%
    [32]  R16     P2        95.93     132.03     0.00    10.00       none      14.20    0.0000    0.00%  100.00%
    [33]  R14     P2        95.93     132.47     0.00    10.00       none      14.25    0.0000    0.00%  100.00%
    [34]  R25     P2        95.93     132.61     0.00    10.00       none      14.26    0.0000    0.00%  100.00%
    [35]  R26     P2        95.93     133.87     0.00    10.00       none      14.39    0.0000    0.00%  100.00%
    [36]  R29     P2        95.93     137.30     0.00    10.00       none      14.73    0.0000    0.00%  100.00%
    [37]  R24     P4        87.84     109.98     0.00    37.48       none      14.75    0.0000    0.00%  100.00%
    [38]  R24     P5       120.48     142.62     0.00    10.00       none      15.26    0.0000    0.00%  100.00%
    [39]  R19     P5       120.48     145.85     0.00    10.00       none      15.59    0.0000    0.00%  100.00%
    [40]  R12     P5       120.48     151.76     0.00    10.00       none      16.18    0.0000    0.00%  100.00%
    [41]  R13     P5       120.48     151.98     0.00    10.00       none      16.20    0.0000    0.00%  100.00%
    [42]  R18     P5       120.48     152.43     0.00    10.00       none      16.24    0.0000    0.00%  100.00%
    [43]  R17     P5       120.48     152.67     0.00    10.00       none      16.27    0.0000    0.00%  100.00%
    [44]  R6      P5       120.48     153.18     0.00    10.00       none      16.32    0.0000    0.00%  100.00%
    [45]  R22     P5       120.48     153.88     0.00    10.00       none      16.39    0.0000    0.00%  100.00%
    [46]  R30     P5       120.48     154.60     0.00    10.00       none      16.46    0.0000    0.00%  100.00%
    [47]  R16     P5       120.48     156.58     0.00    10.00       none      16.66    0.0000    0.00%  100.00%
    [48]  R14     P5       120.48     157.02     0.00    10.00       none      16.70    0.0000    0.00%  100.00%
    [49]  R25     P5       120.48     157.16     0.00    10.00       none      16.72    0.0000    0.00%  100.00%
    [50]  R26     P5       120.48     158.42     0.00    10.00       none      16.84    0.0000    0.00%  100.00%
    [51]  R29     P5       120.48     161.85     0.00    10.00       none      17.18    0.0000    0.00%  100.00%
    [52]  R19     P3       110.48     135.85     0.00    36.03       none      17.19    0.0000    0.00%  100.00%
    [53]  R12     P3       110.48     141.76     0.00    36.03       none      17.78    0.0000    0.00%  100.00%
    [54]  R13     P3       110.48     141.98     0.00    36.03       none      17.80    0.0000    0.00%  100.00%
    [55]  R18     P3       110.48     142.43     0.00    36.03       none      17.85    0.0000    0.00%  100.00%
    [56]  R17     P3       110.48     142.67     0.00    36.03       none      17.87    0.0000    0.00%  100.00%
    [57]  R6      P3       110.48     143.18     0.00    36.03       none      17.92    0.0000    0.00%  100.00%
    [58]  R22     P3       110.48     143.88     0.00    36.03       none      17.99    0.0000    0.00%  100.00%
    [59]  R30     P3       110.48     144.60     0.00    36.03       none      18.06    0.0000    0.00%  100.00%
    [60]  R16     P3       110.48     146.58     0.00    36.03       none      18.26    0.0000    0.00%  100.00%
    [61]  R14     P3       110.48     147.02     0.00    36.03       none      18.30    0.0000    0.00%  100.00%
    [62]  R25     P3       110.48     147.16     0.00    36.03       none      18.32    0.0000    0.00%  100.00%
    [63]  R26     P3       110.48     148.42     0.00    36.03       none      18.44    0.0000    0.00%  100.00%
    [64]  R29     P3       110.48     151.85     0.00    36.03       none      18.79    0.0000    0.00%  100.00%
    [65]  R19     P4       110.48     135.85     0.00    60.12       none      19.60    0.0000    0.00%  100.00%
    [66]  R12     P4       110.48     141.76     0.00    60.12       none      20.19    0.0000    0.00%  100.00%
    [67]  R13     P4       110.48     141.98     0.00    60.12       none      20.21    0.0000    0.00%  100.00%
    [68]  R18     P4       110.48     142.43     0.00    60.12       none      20.25    0.0000    0.00%  100.00%
    [69]  R17     P4       110.48     142.67     0.00    60.12       none      20.28    0.0000    0.00%  100.00%
    [70]  R6      P4       110.48     143.18     0.00    60.12       none      20.33    0.0000    0.00%  100.00%
    [71]  R22     P4       110.48     143.88     0.00    60.12       none      20.40    0.0000    0.00%  100.00%
    [72]  R10     P3       110.48     140.53     2.79    36.03       none      20.44    0.0000    0.00%  100.00%
    [73]  R30     P4       110.48     144.60     0.00    60.12       none      20.47    0.0000    0.00%  100.00%
    [74]  R16     P4       110.48     146.58     0.00    60.12       none      20.67    0.0000    0.00%  100.00%
    [75]  R14     P4       110.48     147.02     0.00    60.12       none      20.71    0.0000    0.00%  100.00%
    [76]  R25     P4       110.48     147.16     0.00    60.12       none      20.73    0.0000    0.00%  100.00%
    [77]  R26     P4       110.48     148.42     0.00    60.12       none      20.85    0.0000    0.00%  100.00%
    [78]  R11     P3       110.48     145.87     2.76    36.03       none      20.95    0.0000    0.00%  100.00%
    [79]  R29     P4       110.48     151.85     0.00    60.12       none      21.20    0.0000    0.00%  100.00%
    [80]  R10     P4       110.48     140.53     2.79    60.12       none      22.85    0.0000    0.00%  100.00%
    [81]  R11     P4       110.48     145.87     2.76    60.12       none      23.36    0.0000    0.00%  100.00%
    [82]  R2      P3       110.48     139.52     7.46    36.03       none      25.02    0.0000    0.00%  100.00%
    [83]  R1      P3       110.48     137.10     7.72    36.03       none      25.03    0.0000    0.00%  100.00%
    [84]  R2      P4       110.48     139.52     7.46    60.12       none      27.43    0.0000    0.00%  100.00%
    [85]  R1      P4       110.48     137.10     7.72    60.12       none      27.44    0.0000    0.00%  100.00%
    [86]  R10     P5       120.48     150.53    12.79    10.00       none      28.84    0.0000    0.00%  100.00%
    [87]  R11     P5       120.48     155.87    12.76    10.00       none      29.35    0.0000    0.00%  100.00%
    [88]  R2      P5       120.48     149.52    17.46    10.00       none      33.42    0.0000    0.00%  100.00%
    [89]  R1      P5       120.48     147.10    17.72    10.00       none      33.43    0.0000    0.00%  100.00%
    draw=2.2515  →  (R2, P1) (rank 4) selected

  Assignment: R2 → P1  [87.54 → 116.58]  delay=0.00
    J2-1       [87.54 → 98.80]
    J2-2       [98.80 → 108.92]
    J2-3       [108.92 → 116.58]

  Assigned so far:
    ID      Pos       start    finish    delay
    ----------------------------------------
    R8      P2        10.34     16.84     0.00
    R3      P1         0.00     19.65     0.00
    R4      P5         0.00     26.60     0.00
    R15     P3        26.60     43.35     0.00
    R9      P1        29.65     47.12     0.00
    R7      P4        26.60     50.36     0.00
    R5      P2        26.84     54.23     0.00
    R27     P3        53.35     74.45     0.00
    R23     P1        57.12     77.54     0.00
    R20     P2        64.23     85.93     0.00
    R21     P5        50.36     77.84     0.00
    R28     P5        87.84    110.48     0.00
    R2      P1        87.54    116.58     0.00

========================================================================
  STEP 14/30
========================================================================

  Pair evaluation  (85 pairs):
    Rank   ID      Pos     t_start   t_finish    delay      gap   blocking      score    weight     P(%)   cum(%)
    ---------------------------------------------------------------------------------------------------------
    [ 0]  R24     P3        87.84     109.98     0.00    13.39       none      12.34    1.0000   40.00%   40.00%
    [ 1]  R24     P2        95.93     118.07     0.00    10.00       none      12.81    0.6000   24.00%   64.00%
    [ 2]  R19     P2        95.93     121.30     0.00    10.00       none      13.13    0.3600   14.40%   78.40%
    [ 3]  R1      P2        95.93     122.55     0.00    10.00       none      13.26    0.2160    8.64%   87.04%
    [ 4]  R10     P2        95.93     125.98     0.00    10.00       none      13.60    0.1296    5.18%   92.22%
    [ 5]  R12     P2        95.93     127.21     0.00    10.00       none      13.72    0.0778    3.11%   95.33%
    [ 6]  R13     P2        95.93     127.43     0.00    10.00       none      13.74    0.0467    1.87%   97.20%
    [ 7]  R18     P2        95.93     127.88     0.00    10.00       none      13.79    0.0280    1.12%   98.32%
    [ 8]  R17     P2        95.93     128.12     0.00    10.00       none      13.81    0.0168    0.67%   98.99%
    [ 9]  R6      P2        95.93     128.63     0.00    10.00       none      13.86    0.0101    0.40%   99.40%
    [10]  R22     P2        95.93     129.33     0.00    10.00       none      13.93    0.0060    0.24%   99.64%
    [11]  R30     P2        95.93     130.05     0.00    10.00       none      14.01    0.0036    0.15%   99.78%
    [12]  R11     P2        95.93     131.32     0.00    10.00       none      14.13    0.0022    0.09%   99.87%
    [13]  R16     P2        95.93     132.03     0.00    10.00       none      14.20    0.0013    0.05%   99.92%
    [14]  R14     P2        95.93     132.47     0.00    10.00       none      14.25    0.0008    0.03%   99.95%
    [15]  R25     P2        95.93     132.61     0.00    10.00       none      14.26    0.0005    0.02%   99.97%
    [16]  R26     P2        95.93     133.87     0.00    10.00       none      14.39    0.0003    0.01%   99.98%
    [17]  R29     P2        95.93     137.30     0.00    10.00       none      14.73    0.0002    0.01%   99.99%
    [18]  R24     P4        87.84     109.98     0.00    37.48       none      14.75    0.0001    0.00%   99.99%
    [19]  R24     P5       120.48     142.62     0.00    10.00       none      15.26    0.0001    0.00%  100.00%
    [20]  R19     P5       120.48     145.85     0.00    10.00       none      15.59    0.0000    0.00%  100.00%
    [21]  R24     P1       126.58     148.72     0.00    10.00       none      15.87    0.0000    0.00%  100.00%
    [22]  R12     P5       120.48     151.76     0.00    10.00       none      16.18    0.0000    0.00%  100.00%
    [23]  R13     P5       120.48     151.98     0.00    10.00       none      16.20    0.0000    0.00%  100.00%
    [24]  R18     P5       120.48     152.43     0.00    10.00       none      16.24    0.0000    0.00%  100.00%
    [25]  R17     P5       120.48     152.67     0.00    10.00       none      16.27    0.0000    0.00%  100.00%
    [26]  R6      P5       120.48     153.18     0.00    10.00       none      16.32    0.0000    0.00%  100.00%
    [27]  R22     P5       120.48     153.88     0.00    10.00       none      16.39    0.0000    0.00%  100.00%
    [28]  R30     P5       120.48     154.60     0.00    10.00       none      16.46    0.0000    0.00%  100.00%
    [29]  R16     P5       120.48     156.58     0.00    10.00       none      16.66    0.0000    0.00%  100.00%
    [30]  R14     P5       120.48     157.02     0.00    10.00       none      16.70    0.0000    0.00%  100.00%
    [31]  R25     P5       120.48     157.16     0.00    10.00       none      16.72    0.0000    0.00%  100.00%
    [32]  R12     P1       126.58     157.86     0.00    10.00       none      16.79    0.0000    0.00%  100.00%
    [33]  R13     P1       126.58     158.08     0.00    10.00       none      16.81    0.0000    0.00%  100.00%
    [34]  R26     P5       120.48     158.42     0.00    10.00       none      16.84    0.0000    0.00%  100.00%
    [35]  R18     P1       126.58     158.53     0.00    10.00       none      16.85    0.0000    0.00%  100.00%
    [36]  R17     P1       126.58     158.77     0.00    10.00       none      16.88    0.0000    0.00%  100.00%
    [37]  R6      P1       126.58     159.28     0.00    10.00       none      16.93    0.0000    0.00%  100.00%
    [38]  R19     P1       126.58     151.95     0.79    10.00       none      16.98    0.0000    0.00%  100.00%
    [39]  R22     P1       126.58     159.98     0.00    10.00       none      17.00    0.0000    0.00%  100.00%
    [40]  R30     P1       126.58     160.70     0.00    10.00       none      17.07    0.0000    0.00%  100.00%
    [41]  R29     P5       120.48     161.85     0.00    10.00       none      17.18    0.0000    0.00%  100.00%
    [42]  R19     P3       110.48     135.85     0.00    36.03       none      17.19    0.0000    0.00%  100.00%
    [43]  R16     P1       126.58     162.68     0.00    10.00       none      17.27    0.0000    0.00%  100.00%
    [44]  R14     P1       126.58     163.12     0.00    10.00       none      17.31    0.0000    0.00%  100.00%
    [45]  R25     P1       126.58     163.26     0.00    10.00       none      17.33    0.0000    0.00%  100.00%
    [46]  R26     P1       126.58     164.52     0.00    10.00       none      17.45    0.0000    0.00%  100.00%
    [47]  R12     P3       110.48     141.76     0.00    36.03       none      17.78    0.0000    0.00%  100.00%
    [48]  R29     P1       126.58     167.95     0.00    10.00       none      17.80    0.0000    0.00%  100.00%
    [49]  R13     P3       110.48     141.98     0.00    36.03       none      17.80    0.0000    0.00%  100.00%
    [50]  R18     P3       110.48     142.43     0.00    36.03       none      17.85    0.0000    0.00%  100.00%
    [51]  R17     P3       110.48     142.67     0.00    36.03       none      17.87    0.0000    0.00%  100.00%
    [52]  R6      P3       110.48     143.18     0.00    36.03       none      17.92    0.0000    0.00%  100.00%
    [53]  R22     P3       110.48     143.88     0.00    36.03       none      17.99    0.0000    0.00%  100.00%
    [54]  R30     P3       110.48     144.60     0.00    36.03       none      18.06    0.0000    0.00%  100.00%
    [55]  R16     P3       110.48     146.58     0.00    36.03       none      18.26    0.0000    0.00%  100.00%
    [56]  R14     P3       110.48     147.02     0.00    36.03       none      18.30    0.0000    0.00%  100.00%
    [57]  R25     P3       110.48     147.16     0.00    36.03       none      18.32    0.0000    0.00%  100.00%
    [58]  R26     P3       110.48     148.42     0.00    36.03       none      18.44    0.0000    0.00%  100.00%
    [59]  R29     P3       110.48     151.85     0.00    36.03       none      18.79    0.0000    0.00%  100.00%
    [60]  R19     P4       110.48     135.85     0.00    60.12       none      19.60    0.0000    0.00%  100.00%
    [61]  R12     P4       110.48     141.76     0.00    60.12       none      20.19    0.0000    0.00%  100.00%
    [62]  R13     P4       110.48     141.98     0.00    60.12       none      20.21    0.0000    0.00%  100.00%
    [63]  R18     P4       110.48     142.43     0.00    60.12       none      20.25    0.0000    0.00%  100.00%
    [64]  R17     P4       110.48     142.67     0.00    60.12       none      20.28    0.0000    0.00%  100.00%
    [65]  R6      P4       110.48     143.18     0.00    60.12       none      20.33    0.0000    0.00%  100.00%
    [66]  R22     P4       110.48     143.88     0.00    60.12       none      20.40    0.0000    0.00%  100.00%
    [67]  R10     P3       110.48     140.53     2.79    36.03       none      20.44    0.0000    0.00%  100.00%
    [68]  R30     P4       110.48     144.60     0.00    60.12       none      20.47    0.0000    0.00%  100.00%
    [69]  R16     P4       110.48     146.58     0.00    60.12       none      20.67    0.0000    0.00%  100.00%
    [70]  R14     P4       110.48     147.02     0.00    60.12       none      20.71    0.0000    0.00%  100.00%
    [71]  R25     P4       110.48     147.16     0.00    60.12       none      20.73    0.0000    0.00%  100.00%
    [72]  R26     P4       110.48     148.42     0.00    60.12       none      20.85    0.0000    0.00%  100.00%
    [73]  R11     P3       110.48     145.87     2.76    36.03       none      20.95    0.0000    0.00%  100.00%
    [74]  R29     P4       110.48     151.85     0.00    60.12       none      21.20    0.0000    0.00%  100.00%
    [75]  R10     P4       110.48     140.53     2.79    60.12       none      22.85    0.0000    0.00%  100.00%
    [76]  R11     P4       110.48     145.87     2.76    60.12       none      23.36    0.0000    0.00%  100.00%
    [77]  R1      P3       110.48     137.10     7.72    36.03       none      25.03    0.0000    0.00%  100.00%
    [78]  R1      P4       110.48     137.10     7.72    60.12       none      27.44    0.0000    0.00%  100.00%
    [79]  R10     P5       120.48     150.53    12.79    10.00       none      28.84    0.0000    0.00%  100.00%
    [80]  R11     P5       120.48     155.87    12.76    10.00       none      29.35    0.0000    0.00%  100.00%
    [81]  R1      P5       120.48     147.10    17.72    10.00       none      33.43    0.0000    0.00%  100.00%
    [82]  R10     P1       126.58     156.63    18.89    10.00       none      35.55    0.0000    0.00%  100.00%
    [83]  R11     P1       126.58     161.97    18.86    10.00       none      36.06    0.0000    0.00%  100.00%
    [84]  R1      P1       126.58     153.20    23.82    10.00       none      40.14    0.0000    0.00%  100.00%
    draw=1.2518  →  (R24, P2) (rank 1) selected

  Assignment: R24 → P2  [95.93 → 118.07]  delay=0.00
    J24-1      [95.93 → 100.85]
    J24-2      [100.85 → 106.86]
    J24-3      [106.86 → 118.07]

  Assigned so far:
    ID      Pos       start    finish    delay
    ----------------------------------------
    R8      P2        10.34     16.84     0.00
    R3      P1         0.00     19.65     0.00
    R4      P5         0.00     26.60     0.00
    R15     P3        26.60     43.35     0.00
    R9      P1        29.65     47.12     0.00
    R7      P4        26.60     50.36     0.00
    R5      P2        26.84     54.23     0.00
    R27     P3        53.35     74.45     0.00
    R23     P1        57.12     77.54     0.00
    R20     P2        64.23     85.93     0.00
    R21     P5        50.36     77.84     0.00
    R28     P5        87.84    110.48     0.00
    R2      P1        87.54    116.58     0.00
    R24     P2        95.93    118.07     0.00

========================================================================
  STEP 15/30
========================================================================

  Pair evaluation  (80 pairs):
    Rank   ID      Pos     t_start   t_finish    delay      gap   blocking      score    weight     P(%)   cum(%)
    ---------------------------------------------------------------------------------------------------------
    [ 0]  R19     P5       120.48     145.85     0.00    10.00       none      15.59    1.0000   40.00%   40.00%
    [ 1]  R12     P5       120.48     151.76     0.00    10.00       none      16.18    0.6000   24.00%   64.00%
    [ 2]  R13     P5       120.48     151.98     0.00    10.00       none      16.20    0.3600   14.40%   78.40%
    [ 3]  R18     P5       120.48     152.43     0.00    10.00       none      16.24    0.2160    8.64%   87.04%
    [ 4]  R17     P5       120.48     152.67     0.00    10.00       none      16.27    0.1296    5.18%   92.22%
    [ 5]  R6      P5       120.48     153.18     0.00    10.00       none      16.32    0.0778    3.11%   95.33%
    [ 6]  R22     P5       120.48     153.88     0.00    10.00       none      16.39    0.0467    1.87%   97.20%
    [ 7]  R30     P5       120.48     154.60     0.00    10.00       none      16.46    0.0280    1.12%   98.32%
    [ 8]  R16     P5       120.48     156.58     0.00    10.00       none      16.66    0.0168    0.67%   98.99%
    [ 9]  R14     P5       120.48     157.02     0.00    10.00       none      16.70    0.0101    0.40%   99.40%
    [10]  R25     P5       120.48     157.16     0.00    10.00       none      16.72    0.0060    0.24%   99.64%
    [11]  R12     P1       126.58     157.86     0.00    10.00       none      16.79    0.0036    0.15%   99.78%
    [12]  R13     P1       126.58     158.08     0.00    10.00       none      16.81    0.0022    0.09%   99.87%
    [13]  R26     P5       120.48     158.42     0.00    10.00       none      16.84    0.0013    0.05%   99.92%
    [14]  R18     P1       126.58     158.53     0.00    10.00       none      16.85    0.0008    0.03%   99.95%
    [15]  R17     P1       126.58     158.77     0.00    10.00       none      16.88    0.0005    0.02%   99.97%
    [16]  R6      P1       126.58     159.28     0.00    10.00       none      16.93    0.0003    0.01%   99.98%
    [17]  R12     P2       128.07     159.35     0.00    10.00       none      16.94    0.0002    0.01%   99.99%
    [18]  R13     P2       128.07     159.57     0.00    10.00       none      16.96    0.0001    0.00%   99.99%
    [19]  R19     P1       126.58     151.95     0.79    10.00       none      16.98    0.0001    0.00%  100.00%
    [20]  R22     P1       126.58     159.98     0.00    10.00       none      17.00    0.0000    0.00%  100.00%
    [21]  R18     P2       128.07     160.02     0.00    10.00       none      17.00    0.0000    0.00%  100.00%
    [22]  R17     P2       128.07     160.26     0.00    10.00       none      17.03    0.0000    0.00%  100.00%
    [23]  R30     P1       126.58     160.70     0.00    10.00       none      17.07    0.0000    0.00%  100.00%
    [24]  R6      P2       128.07     160.77     0.00    10.00       none      17.08    0.0000    0.00%  100.00%
    [25]  R22     P2       128.07     161.47     0.00    10.00       none      17.15    0.0000    0.00%  100.00%
    [26]  R29     P5       120.48     161.85     0.00    10.00       none      17.18    0.0000    0.00%  100.00%
    [27]  R19     P3       110.48     135.85     0.00    36.03       none      17.19    0.0000    0.00%  100.00%
    [28]  R30     P2       128.07     162.19     0.00    10.00       none      17.22    0.0000    0.00%  100.00%
    [29]  R16     P1       126.58     162.68     0.00    10.00       none      17.27    0.0000    0.00%  100.00%
    [30]  R14     P1       126.58     163.12     0.00    10.00       none      17.31    0.0000    0.00%  100.00%
    [31]  R25     P1       126.58     163.26     0.00    10.00       none      17.33    0.0000    0.00%  100.00%
    [32]  R16     P2       128.07     164.17     0.00    10.00       none      17.42    0.0000    0.00%  100.00%
    [33]  R26     P1       126.58     164.52     0.00    10.00       none      17.45    0.0000    0.00%  100.00%
    [34]  R14     P2       128.07     164.61     0.00    10.00       none      17.46    0.0000    0.00%  100.00%
    [35]  R25     P2       128.07     164.75     0.00    10.00       none      17.48    0.0000    0.00%  100.00%
    [36]  R26     P2       128.07     166.01     0.00    10.00       none      17.60    0.0000    0.00%  100.00%
    [37]  R12     P3       110.48     141.76     0.00    36.03       none      17.78    0.0000    0.00%  100.00%
    [38]  R29     P1       126.58     167.95     0.00    10.00       none      17.80    0.0000    0.00%  100.00%
    [39]  R13     P3       110.48     141.98     0.00    36.03       none      17.80    0.0000    0.00%  100.00%
    [40]  R18     P3       110.48     142.43     0.00    36.03       none      17.85    0.0000    0.00%  100.00%
    [41]  R17     P3       110.48     142.67     0.00    36.03       none      17.87    0.0000    0.00%  100.00%
    [42]  R6      P3       110.48     143.18     0.00    36.03       none      17.92    0.0000    0.00%  100.00%
    [43]  R29     P2       128.07     169.44     0.00    10.00       none      17.94    0.0000    0.00%  100.00%
    [44]  R22     P3       110.48     143.88     0.00    36.03       none      17.99    0.0000    0.00%  100.00%
    [45]  R30     P3       110.48     144.60     0.00    36.03       none      18.06    0.0000    0.00%  100.00%
    [46]  R16     P3       110.48     146.58     0.00    36.03       none      18.26    0.0000    0.00%  100.00%
    [47]  R14     P3       110.48     147.02     0.00    36.03       none      18.30    0.0000    0.00%  100.00%
    [48]  R25     P3       110.48     147.16     0.00    36.03       none      18.32    0.0000    0.00%  100.00%
    [49]  R26     P3       110.48     148.42     0.00    36.03       none      18.44    0.0000    0.00%  100.00%
    [50]  R19     P2       128.07     153.44     2.28    10.00       none      18.62    0.0000    0.00%  100.00%
    [51]  R29     P3       110.48     151.85     0.00    36.03       none      18.79    0.0000    0.00%  100.00%
    [52]  R19     P4       110.48     135.85     0.00    60.12       none      19.60    0.0000    0.00%  100.00%
    [53]  R12     P4       110.48     141.76     0.00    60.12       none      20.19    0.0000    0.00%  100.00%
    [54]  R13     P4       110.48     141.98     0.00    60.12       none      20.21    0.0000    0.00%  100.00%
    [55]  R18     P4       110.48     142.43     0.00    60.12       none      20.25    0.0000    0.00%  100.00%
    [56]  R17     P4       110.48     142.67     0.00    60.12       none      20.28    0.0000    0.00%  100.00%
    [57]  R6      P4       110.48     143.18     0.00    60.12       none      20.33    0.0000    0.00%  100.00%
    [58]  R22     P4       110.48     143.88     0.00    60.12       none      20.40    0.0000    0.00%  100.00%
    [59]  R10     P3       110.48     140.53     2.79    36.03       none      20.44    0.0000    0.00%  100.00%
    [60]  R30     P4       110.48     144.60     0.00    60.12       none      20.47    0.0000    0.00%  100.00%
    [61]  R16     P4       110.48     146.58     0.00    60.12       none      20.67    0.0000    0.00%  100.00%
    [62]  R14     P4       110.48     147.02     0.00    60.12       none      20.71    0.0000    0.00%  100.00%
    [63]  R25     P4       110.48     147.16     0.00    60.12       none      20.73    0.0000    0.00%  100.00%
    [64]  R26     P4       110.48     148.42     0.00    60.12       none      20.85    0.0000    0.00%  100.00%
    [65]  R11     P3       110.48     145.87     2.76    36.03       none      20.95    0.0000    0.00%  100.00%
    [66]  R29     P4       110.48     151.85     0.00    60.12       none      21.20    0.0000    0.00%  100.00%
    [67]  R10     P4       110.48     140.53     2.79    60.12       none      22.85    0.0000    0.00%  100.00%
    [68]  R11     P4       110.48     145.87     2.76    60.12       none      23.36    0.0000    0.00%  100.00%
    [69]  R1      P3       110.48     137.10     7.72    36.03       none      25.03    0.0000    0.00%  100.00%
    [70]  R1      P4       110.48     137.10     7.72    60.12       none      27.44    0.0000    0.00%  100.00%
    [71]  R10     P5       120.48     150.53    12.79    10.00       none      28.84    0.0000    0.00%  100.00%
    [72]  R11     P5       120.48     155.87    12.76    10.00       none      29.35    0.0000    0.00%  100.00%
    [73]  R1      P5       120.48     147.10    17.72    10.00       none      33.43    0.0000    0.00%  100.00%
    [74]  R10     P1       126.58     156.63    18.89    10.00       none      35.55    0.0000    0.00%  100.00%
    [75]  R11     P1       126.58     161.97    18.86    10.00       none      36.06    0.0000    0.00%  100.00%
    [76]  R10     P2       128.07     158.12    20.38    10.00       none      37.19    0.0000    0.00%  100.00%
    [77]  R11     P2       128.07     163.46    20.35    10.00       none      37.70    0.0000    0.00%  100.00%
    [78]  R1      P1       126.58     153.20    23.82    10.00       none      40.14    0.0000    0.00%  100.00%
    [79]  R1      P2       128.07     154.69    25.31    10.00       none      41.78    0.0000    0.00%  100.00%
    draw=1.3891  →  (R12, P5) (rank 1) selected

  Assignment: R12 → P5  [120.48 → 151.76]  delay=0.00
    J12-1      [120.48 → 128.19]
    J12-2      [128.19 → 133.07]
    J12-3      [133.07 → 142.49]
    J12-4      [142.49 → 151.76]

  Assigned so far:
    ID      Pos       start    finish    delay
    ----------------------------------------
    R8      P2        10.34     16.84     0.00
    R3      P1         0.00     19.65     0.00
    R4      P5         0.00     26.60     0.00
    R15     P3        26.60     43.35     0.00
    R9      P1        29.65     47.12     0.00
    R7      P4        26.60     50.36     0.00
    R5      P2        26.84     54.23     0.00
    R27     P3        53.35     74.45     0.00
    R23     P1        57.12     77.54     0.00
    R20     P2        64.23     85.93     0.00
    R21     P5        50.36     77.84     0.00
    R28     P5        87.84    110.48     0.00
    R2      P1        87.54    116.58     0.00
    R24     P2        95.93    118.07     0.00
    R12     P5       120.48    151.76     0.00

========================================================================
  STEP 16/30
========================================================================

  Pair evaluation  (75 pairs):
    Rank   ID      Pos     t_start   t_finish    delay      gap   blocking      score    weight     P(%)   cum(%)
    ---------------------------------------------------------------------------------------------------------
    [ 0]  R13     P1       126.58     158.08     0.00    10.00       none      16.81    1.0000   40.00%   40.00%
    [ 1]  R18     P1       126.58     158.53     0.00    10.00       none      16.85    0.6000   24.00%   64.00%
    [ 2]  R17     P1       126.58     158.77     0.00    10.00       none      16.88    0.3600   14.40%   78.40%
    [ 3]  R6      P1       126.58     159.28     0.00    10.00       none      16.93    0.2160    8.64%   87.04%
    [ 4]  R13     P2       128.07     159.57     0.00    10.00       none      16.96    0.1296    5.18%   92.22%
    [ 5]  R19     P1       126.58     151.95     0.79    10.00       none      16.98    0.0778    3.11%   95.33%
    [ 6]  R22     P1       126.58     159.98     0.00    10.00       none      17.00    0.0467    1.87%   97.20%
    [ 7]  R18     P2       128.07     160.02     0.00    10.00       none      17.00    0.0280    1.12%   98.32%
    [ 8]  R17     P2       128.07     160.26     0.00    10.00       none      17.03    0.0168    0.67%   98.99%
    [ 9]  R30     P1       126.58     160.70     0.00    10.00       none      17.07    0.0101    0.40%   99.40%
    [10]  R6      P2       128.07     160.77     0.00    10.00       none      17.08    0.0060    0.24%   99.64%
    [11]  R22     P2       128.07     161.47     0.00    10.00       none      17.15    0.0036    0.15%   99.78%
    [12]  R30     P2       128.07     162.19     0.00    10.00       none      17.22    0.0022    0.09%   99.87%
    [13]  R16     P1       126.58     162.68     0.00    10.00       none      17.27    0.0013    0.05%   99.92%
    [14]  R14     P1       126.58     163.12     0.00    10.00       none      17.31    0.0008    0.03%   99.95%
    [15]  R25     P1       126.58     163.26     0.00    10.00       none      17.33    0.0005    0.02%   99.97%
    [16]  R16     P2       128.07     164.17     0.00    10.00       none      17.42    0.0003    0.01%   99.98%
    [17]  R26     P1       126.58     164.52     0.00    10.00       none      17.45    0.0002    0.01%   99.99%
    [18]  R14     P2       128.07     164.61     0.00    10.00       none      17.46    0.0001    0.00%   99.99%
    [19]  R25     P2       128.07     164.75     0.00    10.00       none      17.48    0.0001    0.00%  100.00%
    [20]  R26     P2       128.07     166.01     0.00    10.00       none      17.60    0.0000    0.00%  100.00%
    [21]  R29     P1       126.58     167.95     0.00    10.00       none      17.80    0.0000    0.00%  100.00%
    [22]  R29     P2       128.07     169.44     0.00    10.00       none      17.94    0.0000    0.00%  100.00%
    [23]  R19     P2       128.07     153.44     2.28    10.00       none      18.62    0.0000    0.00%  100.00%
    [24]  R19     P3       120.48     145.85     0.00    46.03       none      19.19    0.0000    0.00%  100.00%
    [25]  R30     P5       161.76     195.88     0.00    10.00       none      20.59    0.0000    0.00%  100.00%
    [26]  R19     P4       120.48     145.85     0.00    70.12       none      21.60    0.0000    0.00%  100.00%
    [27]  R18     P5       161.76     193.71     2.38    10.00       none      22.75    0.0000    0.00%  100.00%
    [28]  R29     P5       161.76     203.13     1.65    10.00       none      22.96    0.0000    0.00%  100.00%
    [29]  R25     P5       161.76     198.44     2.32    10.00       none      23.16    0.0000    0.00%  100.00%
    [30]  R22     P5       161.76     195.16     3.23    10.00       none      23.75    0.0000    0.00%  100.00%
    [31]  R26     P5       161.76     199.70     4.19    10.00       none      25.16    0.0000    0.00%  100.00%
    [32]  R18     P3       151.76     183.71     0.00    77.31       none      26.10    0.0000    0.00%  100.00%
    [33]  R17     P3       151.76     183.95     0.00    77.31       none      26.13    0.0000    0.00%  100.00%
    [34]  R22     P3       151.76     185.16     0.00    77.31       none      26.25    0.0000    0.00%  100.00%
    [35]  R13     P3       151.76     183.26     0.22    77.31       none      26.28    0.0000    0.00%  100.00%
    [36]  R30     P3       151.76     185.88     0.00    77.31       none      26.32    0.0000    0.00%  100.00%
    [37]  R25     P3       151.76     188.44     0.00    77.31       none      26.57    0.0000    0.00%  100.00%
    [38]  R17     P5       161.76     193.95     6.23    10.00       none      26.62    0.0000    0.00%  100.00%
    [39]  R26     P3       151.76     189.70     0.00    77.31       none      26.70    0.0000    0.00%  100.00%
    [40]  R14     P3       151.76     188.30     0.41    77.31       none      26.98    0.0000    0.00%  100.00%
    [41]  R29     P3       151.76     193.13     0.00    77.31       none      27.04    0.0000    0.00%  100.00%
    [42]  R18     P4       151.76     183.71     0.00   101.40       none      28.51    0.0000    0.00%  100.00%
    [43]  R17     P4       151.76     183.95     0.00   101.40       none      28.54    0.0000    0.00%  100.00%
    [44]  R22     P4       151.76     185.16     0.00   101.40       none      28.66    0.0000    0.00%  100.00%
    [45]  R13     P4       151.76     183.26     0.22   101.40       none      28.69    0.0000    0.00%  100.00%
    [46]  R30     P4       151.76     185.88     0.00   101.40       none      28.73    0.0000    0.00%  100.00%
    [47]  R25     P4       151.76     188.44     0.00   101.40       none      28.98    0.0000    0.00%  100.00%
    [48]  R26     P4       151.76     189.70     0.00   101.40       none      29.11    0.0000    0.00%  100.00%
    [49]  R14     P4       151.76     188.30     0.41   101.40       none      29.38    0.0000    0.00%  100.00%
    [50]  R29     P4       151.76     193.13     0.00   101.40       none      29.45    0.0000    0.00%  100.00%
    [51]  R16     P3       151.76     187.86     3.70    77.31       none      30.21    0.0000    0.00%  100.00%
    [52]  R13     P5       161.76     193.26    10.22    10.00       none      30.55    0.0000    0.00%  100.00%
    [53]  R14     P5       161.76     198.30    10.41    10.00       none      31.24    0.0000    0.00%  100.00%
    [54]  R10     P3       120.48     150.53    12.79    46.03       none      32.44    0.0000    0.00%  100.00%
    [55]  R16     P4       151.76     187.86     3.70   101.40       none      32.62    0.0000    0.00%  100.00%
    [56]  R6      P3       151.76     184.46     7.07    77.31       none      33.25    0.0000    0.00%  100.00%
    [57]  R16     P5       161.76     197.86    13.70    10.00       none      34.48    0.0000    0.00%  100.00%
    [58]  R10     P4       120.48     150.53    12.79    70.12       none      34.85    0.0000    0.00%  100.00%
    [59]  R10     P1       126.58     156.63    18.89    10.00       none      35.55    0.0000    0.00%  100.00%
    [60]  R6      P4       151.76     184.46     7.07   101.40       none      35.66    0.0000    0.00%  100.00%
    [61]  R11     P1       126.58     161.97    18.86    10.00       none      36.06    0.0000    0.00%  100.00%
    [62]  R1      P3       120.48     147.10    17.72    46.03       none      37.03    0.0000    0.00%  100.00%
    [63]  R10     P2       128.07     158.12    20.38    10.00       none      37.19    0.0000    0.00%  100.00%
    [64]  R6      P5       161.76     194.46    17.07    10.00       none      37.52    0.0000    0.00%  100.00%
    [65]  R11     P2       128.07     163.46    20.35    10.00       none      37.70    0.0000    0.00%  100.00%
    [66]  R1      P4       120.48     147.10    17.72    70.12       none      39.44    0.0000    0.00%  100.00%
    [67]  R1      P1       126.58     153.20    23.82    10.00       none      40.14    0.0000    0.00%  100.00%
    [68]  R1      P2       128.07     154.69    25.31    10.00       none      41.78    0.0000    0.00%  100.00%
    [69]  R19     P5       161.76     187.13    35.97    10.00       none      55.68    0.0000    0.00%  100.00%
    [70]  R11     P3       151.76     187.15    44.04    77.31       none      70.49    0.0000    0.00%  100.00%
    [71]  R11     P4       151.76     187.15    44.04   101.40       none      72.90    0.0000    0.00%  100.00%
    [72]  R10     P5       161.76     191.81    54.07    10.00       none      74.25    0.0000    0.00%  100.00%
    [73]  R11     P5       161.76     197.15    54.04    10.00       none      74.76    0.0000    0.00%  100.00%
    [74]  R1      P5       161.76     188.38    59.00    10.00       none      78.84    0.0000    0.00%  100.00%
    draw=1.5924  →  (R18, P1) (rank 1) selected

  Assignment: R18 → P1  [126.58 → 158.53]  delay=0.00
    J18-1      [126.58 → 136.26]
    J18-2      [136.26 → 142.80]
    J18-3      [142.80 → 149.03]
    J18-4      [149.03 → 158.53]

  Assigned so far:
    ID      Pos       start    finish    delay
    ----------------------------------------
    R8      P2        10.34     16.84     0.00
    R3      P1         0.00     19.65     0.00
    R4      P5         0.00     26.60     0.00
    R15     P3        26.60     43.35     0.00
    R9      P1        29.65     47.12     0.00
    R7      P4        26.60     50.36     0.00
    R5      P2        26.84     54.23     0.00
    R27     P3        53.35     74.45     0.00
    R23     P1        57.12     77.54     0.00
    R20     P2        64.23     85.93     0.00
    R21     P5        50.36     77.84     0.00
    R28     P5        87.84    110.48     0.00
    R2      P1        87.54    116.58     0.00
    R24     P2        95.93    118.07     0.00
    R12     P5       120.48    151.76     0.00
    R18     P1       126.58    158.53     0.00

========================================================================
  STEP 17/30
========================================================================

  Pair evaluation  (70 pairs):
    Rank   ID      Pos     t_start   t_finish    delay      gap   blocking      score    weight     P(%)   cum(%)
    ---------------------------------------------------------------------------------------------------------
    [ 0]  R13     P2       128.07     159.57     0.00    10.00       none      16.96    1.0000   40.00%   40.00%
    [ 1]  R17     P2       128.07     160.26     0.00    10.00       none      17.03    0.6000   24.00%   64.00%
    [ 2]  R6      P2       128.07     160.77     0.00    10.00       none      17.08    0.3600   14.40%   78.40%
    [ 3]  R22     P2       128.07     161.47     0.00    10.00       none      17.15    0.2160    8.64%   87.04%
    [ 4]  R30     P2       128.07     162.19     0.00    10.00       none      17.22    0.1296    5.18%   92.22%
    [ 5]  R16     P2       128.07     164.17     0.00    10.00       none      17.42    0.0778    3.11%   95.33%
    [ 6]  R14     P2       128.07     164.61     0.00    10.00       none      17.46    0.0467    1.87%   97.20%
    [ 7]  R25     P2       128.07     164.75     0.00    10.00       none      17.48    0.0280    1.12%   98.32%
    [ 8]  R26     P2       128.07     166.01     0.00    10.00       none      17.60    0.0168    0.67%   98.99%
    [ 9]  R29     P2       128.07     169.44     0.00    10.00       none      17.94    0.0101    0.40%   99.40%
    [10]  R19     P2       128.07     153.44     2.28    10.00       none      18.62    0.0060    0.24%   99.64%
    [11]  R19     P3       120.48     145.85     0.00    46.03       none      19.19    0.0036    0.15%   99.78%
    [12]  R30     P5       161.76     195.88     0.00    10.00       none      20.59    0.0022    0.09%   99.87%
    [13]  R19     P4       120.48     145.85     0.00    70.12       none      21.60    0.0013    0.05%   99.92%
    [14]  R29     P5       161.76     203.13     1.65    10.00       none      22.96    0.0008    0.03%   99.95%
    [15]  R25     P5       161.76     198.44     2.32    10.00       none      23.16    0.0005    0.02%   99.97%
    [16]  R22     P5       161.76     195.16     3.23    10.00       none      23.75    0.0003    0.01%   99.98%
    [17]  R30     P1       168.53     202.65     2.90    10.00       none      24.17    0.0002    0.01%   99.99%
    [18]  R26     P5       161.76     199.70     4.19    10.00       none      25.16    0.0001    0.00%   99.99%
    [19]  R17     P3       151.76     183.95     0.00    77.31       none      26.13    0.0001    0.00%  100.00%
    [20]  R22     P3       151.76     185.16     0.00    77.31       none      26.25    0.0000    0.00%  100.00%
    [21]  R13     P3       151.76     183.26     0.22    77.31       none      26.28    0.0000    0.00%  100.00%
    [22]  R30     P3       151.76     185.88     0.00    77.31       none      26.32    0.0000    0.00%  100.00%
    [23]  R25     P3       151.76     188.44     0.00    77.31       none      26.57    0.0000    0.00%  100.00%
    [24]  R17     P5       161.76     193.95     6.23    10.00       none      26.62    0.0000    0.00%  100.00%
    [25]  R26     P3       151.76     189.70     0.00    77.31       none      26.70    0.0000    0.00%  100.00%
    [26]  R14     P3       151.76     188.30     0.41    77.31       none      26.98    0.0000    0.00%  100.00%
    [27]  R29     P3       151.76     193.13     0.00    77.31       none      27.04    0.0000    0.00%  100.00%
    [28]  R17     P4       151.76     183.95     0.00   101.40       none      28.54    0.0000    0.00%  100.00%
    [29]  R22     P4       151.76     185.16     0.00   101.40       none      28.66    0.0000    0.00%  100.00%
    [30]  R13     P4       151.76     183.26     0.22   101.40       none      28.69    0.0000    0.00%  100.00%
    [31]  R30     P4       151.76     185.88     0.00   101.40       none      28.73    0.0000    0.00%  100.00%
    [32]  R25     P4       151.76     188.44     0.00   101.40       none      28.98    0.0000    0.00%  100.00%
    [33]  R26     P4       151.76     189.70     0.00   101.40       none      29.11    0.0000    0.00%  100.00%
    [34]  R14     P4       151.76     188.30     0.41   101.40       none      29.38    0.0000    0.00%  100.00%
    [35]  R29     P4       151.76     193.13     0.00   101.40       none      29.45    0.0000    0.00%  100.00%
    [36]  R16     P3       151.76     187.86     3.70    77.31       none      30.21    0.0000    0.00%  100.00%
    [37]  R29     P1       168.53     209.90     8.42    10.00       none      30.41    0.0000    0.00%  100.00%
    [38]  R13     P5       161.76     193.26    10.22    10.00       none      30.55    0.0000    0.00%  100.00%
    [39]  R25     P1       168.53     205.21     9.09    10.00       none      30.61    0.0000    0.00%  100.00%
    [40]  R22     P1       168.53     201.93    10.00    10.00       none      31.20    0.0000    0.00%  100.00%
    [41]  R14     P5       161.76     198.30    10.41    10.00       none      31.24    0.0000    0.00%  100.00%
    [42]  R10     P3       120.48     150.53    12.79    46.03       none      32.44    0.0000    0.00%  100.00%
    [43]  R26     P1       168.53     206.47    10.96    10.00       none      32.60    0.0000    0.00%  100.00%
    [44]  R16     P4       151.76     187.86     3.70   101.40       none      32.62    0.0000    0.00%  100.00%
    [45]  R6      P3       151.76     184.46     7.07    77.31       none      33.25    0.0000    0.00%  100.00%
    [46]  R17     P1       168.53     200.72    13.00    10.00       none      34.07    0.0000    0.00%  100.00%
    [47]  R16     P5       161.76     197.86    13.70    10.00       none      34.48    0.0000    0.00%  100.00%
    [48]  R10     P4       120.48     150.53    12.79    70.12       none      34.85    0.0000    0.00%  100.00%
    [49]  R6      P4       151.76     184.46     7.07   101.40       none      35.66    0.0000    0.00%  100.00%
    [50]  R1      P3       120.48     147.10    17.72    46.03       none      37.03    0.0000    0.00%  100.00%
    [51]  R10     P2       128.07     158.12    20.38    10.00       none      37.19    0.0000    0.00%  100.00%
    [52]  R6      P5       161.76     194.46    17.07    10.00       none      37.52    0.0000    0.00%  100.00%
    [53]  R11     P2       128.07     163.46    20.35    10.00       none      37.70    0.0000    0.00%  100.00%
    [54]  R13     P1       168.53     200.03    16.99    10.00       none      37.99    0.0000    0.00%  100.00%
    [55]  R14     P1       168.53     205.07    17.19    10.00       none      38.69    0.0000    0.00%  100.00%
    [56]  R1      P4       120.48     147.10    17.72    70.12       none      39.44    0.0000    0.00%  100.00%
    [57]  R1      P2       128.07     154.69    25.31    10.00       none      41.78    0.0000    0.00%  100.00%
    [58]  R16     P1       168.53     204.63    20.47    10.00       none      41.93    0.0000    0.00%  100.00%
    [59]  R6      P1       168.53     201.23    23.84    10.00       none      44.97    0.0000    0.00%  100.00%
    [60]  R19     P5       161.76     187.13    35.97    10.00       none      55.68    0.0000    0.00%  100.00%
    [61]  R19     P1       168.53     193.90    42.74    10.00       none      63.13    0.0000    0.00%  100.00%
    [62]  R11     P3       151.76     187.15    44.04    77.31       none      70.49    0.0000    0.00%  100.00%
    [63]  R11     P4       151.76     187.15    44.04   101.40       none      72.90    0.0000    0.00%  100.00%
    [64]  R10     P5       161.76     191.81    54.07    10.00       none      74.25    0.0000    0.00%  100.00%
    [65]  R11     P5       161.76     197.15    54.04    10.00       none      74.76    0.0000    0.00%  100.00%
    [66]  R1      P5       161.76     188.38    59.00    10.00       none      78.84    0.0000    0.00%  100.00%
    [67]  R10     P1       168.53     198.58    60.84    10.00       none      81.69    0.0000    0.00%  100.00%
    [68]  R11     P1       168.53     203.92    60.81    10.00       none      82.20    0.0000    0.00%  100.00%
    [69]  R1      P1       168.53     195.15    65.77    10.00       none      86.29    0.0000    0.00%  100.00%
    draw=0.6813  →  (R13, P2) (rank 0) selected

  Assignment: R13 → P2  [128.07 → 159.57]  delay=0.00
    J13-1      [128.07 → 135.36]
    J13-2      [135.36 → 144.18]
    J13-3      [144.18 → 150.82]
    J13-4      [150.82 → 159.57]

  Assigned so far:
    ID      Pos       start    finish    delay
    ----------------------------------------
    R8      P2        10.34     16.84     0.00
    R3      P1         0.00     19.65     0.00
    R4      P5         0.00     26.60     0.00
    R15     P3        26.60     43.35     0.00
    R9      P1        29.65     47.12     0.00
    R7      P4        26.60     50.36     0.00
    R5      P2        26.84     54.23     0.00
    R27     P3        53.35     74.45     0.00
    R23     P1        57.12     77.54     0.00
    R20     P2        64.23     85.93     0.00
    R21     P5        50.36     77.84     0.00
    R28     P5        87.84    110.48     0.00
    R2      P1        87.54    116.58     0.00
    R24     P2        95.93    118.07     0.00
    R12     P5       120.48    151.76     0.00
    R18     P1       126.58    158.53     0.00
    R13     P2       128.07    159.57     0.00

========================================================================
  STEP 18/30
========================================================================

  Pair evaluation  (65 pairs):
    Rank   ID      Pos     t_start   t_finish    delay      gap   blocking      score    weight     P(%)   cum(%)
    ---------------------------------------------------------------------------------------------------------
    [ 0]  R19     P3       120.48     145.85     0.00    46.03       none      19.19    1.0000   40.00%   40.00%
    [ 1]  R30     P5       161.76     195.88     0.00    10.00       none      20.59    0.6000   24.00%   64.00%
    [ 2]  R19     P4       120.48     145.85     0.00    70.12       none      21.60    0.3600   14.40%   78.40%
    [ 3]  R29     P5       161.76     203.13     1.65    10.00       none      22.96    0.2160    8.64%   87.04%
    [ 4]  R25     P5       161.76     198.44     2.32    10.00       none      23.16    0.1296    5.18%   92.22%
    [ 5]  R22     P5       161.76     195.16     3.23    10.00       none      23.75    0.0778    3.11%   95.33%
    [ 6]  R30     P1       168.53     202.65     2.90    10.00       none      24.17    0.0467    1.87%   97.20%
    [ 7]  R26     P5       161.76     199.70     4.19    10.00       none      25.16    0.0280    1.12%   98.32%
    [ 8]  R30     P2       169.57     203.69     3.94    10.00       none      25.31    0.0168    0.67%   98.99%
    [ 9]  R17     P3       151.76     183.95     0.00    77.31       none      26.13    0.0101    0.40%   99.40%
    [10]  R22     P3       151.76     185.16     0.00    77.31       none      26.25    0.0060    0.24%   99.64%
    [11]  R30     P3       151.76     185.88     0.00    77.31       none      26.32    0.0036    0.15%   99.78%
    [12]  R25     P3       151.76     188.44     0.00    77.31       none      26.57    0.0022    0.09%   99.87%
    [13]  R17     P5       161.76     193.95     6.23    10.00       none      26.62    0.0013    0.05%   99.92%
    [14]  R26     P3       151.76     189.70     0.00    77.31       none      26.70    0.0008    0.03%   99.95%
    [15]  R14     P3       151.76     188.30     0.41    77.31       none      26.98    0.0005    0.02%   99.97%
    [16]  R29     P3       151.76     193.13     0.00    77.31       none      27.04    0.0003    0.01%   99.98%
    [17]  R17     P4       151.76     183.95     0.00   101.40       none      28.54    0.0002    0.01%   99.99%
    [18]  R22     P4       151.76     185.16     0.00   101.40       none      28.66    0.0001    0.00%   99.99%
    [19]  R30     P4       151.76     185.88     0.00   101.40       none      28.73    0.0001    0.00%  100.00%
    [20]  R25     P4       151.76     188.44     0.00   101.40       none      28.98    0.0000    0.00%  100.00%
    [21]  R26     P4       151.76     189.70     0.00   101.40       none      29.11    0.0000    0.00%  100.00%
    [22]  R14     P4       151.76     188.30     0.41   101.40       none      29.38    0.0000    0.00%  100.00%
    [23]  R29     P4       151.76     193.13     0.00   101.40       none      29.45    0.0000    0.00%  100.00%
    [24]  R16     P3       151.76     187.86     3.70    77.31       none      30.21    0.0000    0.00%  100.00%
    [25]  R29     P1       168.53     209.90     8.42    10.00       none      30.41    0.0000    0.00%  100.00%
    [26]  R25     P1       168.53     205.21     9.09    10.00       none      30.61    0.0000    0.00%  100.00%
    [27]  R22     P1       168.53     201.93    10.00    10.00       none      31.20    0.0000    0.00%  100.00%
    [28]  R14     P5       161.76     198.30    10.41    10.00       none      31.24    0.0000    0.00%  100.00%
    [29]  R29     P2       169.57     210.94     9.46    10.00       none      31.55    0.0000    0.00%  100.00%
    [30]  R25     P2       169.57     206.25    10.13    10.00       none      31.76    0.0000    0.00%  100.00%
    [31]  R22     P2       169.57     202.97    11.04    10.00       none      32.34    0.0000    0.00%  100.00%
    [32]  R10     P3       120.48     150.53    12.79    46.03       none      32.44    0.0000    0.00%  100.00%
    [33]  R26     P1       168.53     206.47    10.96    10.00       none      32.60    0.0000    0.00%  100.00%
    [34]  R16     P4       151.76     187.86     3.70   101.40       none      32.62    0.0000    0.00%  100.00%
    [35]  R6      P3       151.76     184.46     7.07    77.31       none      33.25    0.0000    0.00%  100.00%
    [36]  R26     P2       169.57     207.51    12.00    10.00       none      33.75    0.0000    0.00%  100.00%
    [37]  R17     P1       168.53     200.72    13.00    10.00       none      34.07    0.0000    0.00%  100.00%
    [38]  R16     P5       161.76     197.86    13.70    10.00       none      34.48    0.0000    0.00%  100.00%
    [39]  R10     P4       120.48     150.53    12.79    70.12       none      34.85    0.0000    0.00%  100.00%
    [40]  R17     P2       169.57     201.76    14.04    10.00       none      35.21    0.0000    0.00%  100.00%
    [41]  R6      P4       151.76     184.46     7.07   101.40       none      35.66    0.0000    0.00%  100.00%
    [42]  R1      P3       120.48     147.10    17.72    46.03       none      37.03    0.0000    0.00%  100.00%
    [43]  R6      P5       161.76     194.46    17.07    10.00       none      37.52    0.0000    0.00%  100.00%
    [44]  R14     P1       168.53     205.07    17.19    10.00       none      38.69    0.0000    0.00%  100.00%
    [45]  R1      P4       120.48     147.10    17.72    70.12       none      39.44    0.0000    0.00%  100.00%
    [46]  R14     P2       169.57     206.11    18.23    10.00       none      39.84    0.0000    0.00%  100.00%
    [47]  R16     P1       168.53     204.63    20.47    10.00       none      41.93    0.0000    0.00%  100.00%
    [48]  R16     P2       169.57     205.67    21.51    10.00       none      43.08    0.0000    0.00%  100.00%
    [49]  R6      P1       168.53     201.23    23.84    10.00       none      44.97    0.0000    0.00%  100.00%
    [50]  R6      P2       169.57     202.27    24.88    10.00       none      46.11    0.0000    0.00%  100.00%
    [51]  R19     P5       161.76     187.13    35.97    10.00       none      55.68    0.0000    0.00%  100.00%
    [52]  R19     P1       168.53     193.90    42.74    10.00       none      63.13    0.0000    0.00%  100.00%
    [53]  R19     P2       169.57     194.94    43.78    10.00       none      64.27    0.0000    0.00%  100.00%
    [54]  R11     P3       151.76     187.15    44.04    77.31       none      70.49    0.0000    0.00%  100.00%
    [55]  R11     P4       151.76     187.15    44.04   101.40       none      72.90    0.0000    0.00%  100.00%
    [56]  R10     P5       161.76     191.81    54.07    10.00       none      74.25    0.0000    0.00%  100.00%
    [57]  R11     P5       161.76     197.15    54.04    10.00       none      74.76    0.0000    0.00%  100.00%
    [58]  R1      P5       161.76     188.38    59.00    10.00       none      78.84    0.0000    0.00%  100.00%
    [59]  R10     P1       168.53     198.58    60.84    10.00       none      81.69    0.0000    0.00%  100.00%
    [60]  R11     P1       168.53     203.92    60.81    10.00       none      82.20    0.0000    0.00%  100.00%
    [61]  R10     P2       169.57     199.62    61.88    10.00       none      82.84    0.0000    0.00%  100.00%
    [62]  R11     P2       169.57     204.96    61.85    10.00       none      83.35    0.0000    0.00%  100.00%
    [63]  R1      P1       168.53     195.15    65.77    10.00       none      86.29    0.0000    0.00%  100.00%
    [64]  R1      P2       169.57     196.19    66.81    10.00       none      87.43    0.0000    0.00%  100.00%
    draw=1.1189  →  (R30, P5) (rank 1) selected

  Assignment: R30 → P5  [161.76 → 195.88]  delay=0.00
    J30-1      [161.76 → 168.57]
    J30-2      [168.57 → 173.78]
    J30-3      [173.78 → 187.16]
    J30-4      [187.16 → 195.88]

  Assigned so far:
    ID      Pos       start    finish    delay
    ----------------------------------------
    R8      P2        10.34     16.84     0.00
    R3      P1         0.00     19.65     0.00
    R4      P5         0.00     26.60     0.00
    R15     P3        26.60     43.35     0.00
    R9      P1        29.65     47.12     0.00
    R7      P4        26.60     50.36     0.00
    R5      P2        26.84     54.23     0.00
    R27     P3        53.35     74.45     0.00
    R23     P1        57.12     77.54     0.00
    R20     P2        64.23     85.93     0.00
    R21     P5        50.36     77.84     0.00
    R28     P5        87.84    110.48     0.00
    R2      P1        87.54    116.58     0.00
    R24     P2        95.93    118.07     0.00
    R12     P5       120.48    151.76     0.00
    R18     P1       126.58    158.53     0.00
    R13     P2       128.07    159.57     0.00
    R30     P5       161.76    195.88     0.00

========================================================================
  STEP 19/30
========================================================================

  Pair evaluation  (60 pairs):
    Rank   ID      Pos     t_start   t_finish    delay      gap   blocking      score    weight     P(%)   cum(%)
    ---------------------------------------------------------------------------------------------------------
    [ 0]  R19     P3       120.48     145.85     0.00    46.03       none      19.19    1.0000   40.00%   40.00%
    [ 1]  R19     P4       120.48     145.85     0.00    70.12       none      21.60    0.6000   24.00%   64.00%
    [ 2]  R29     P1       168.53     209.90     8.42    10.00       none      30.41    0.3600   14.40%   78.40%
    [ 3]  R25     P1       168.53     205.21     9.09    10.00       none      30.61    0.2160    8.64%   87.04%
    [ 4]  R22     P1       168.53     201.93    10.00    10.00       none      31.20    0.1296    5.18%   92.22%
    [ 5]  R22     P3       161.76     195.16     3.23    87.31       none      31.48    0.0778    3.11%   95.33%
    [ 6]  R29     P2       169.57     210.94     9.46    10.00       none      31.55    0.0467    1.87%   97.20%
    [ 7]  R25     P2       169.57     206.25    10.13    10.00       none      31.76    0.0280    1.12%   98.32%
    [ 8]  R22     P2       169.57     202.97    11.04    10.00       none      32.34    0.0168    0.67%   98.99%
    [ 9]  R10     P3       120.48     150.53    12.79    46.03       none      32.44    0.0101    0.40%   99.40%
    [10]  R26     P1       168.53     206.47    10.96    10.00       none      32.60    0.0060    0.24%   99.64%
    [11]  R26     P2       169.57     207.51    12.00    10.00       none      33.75    0.0036    0.15%   99.78%
    [12]  R22     P4       161.76     195.16     3.23   111.40       none      33.89    0.0022    0.09%   99.87%
    [13]  R17     P1       168.53     200.72    13.00    10.00       none      34.07    0.0013    0.05%   99.92%
    [14]  R17     P3       161.76     193.95     6.23    87.31       none      34.35    0.0008    0.03%   99.95%
    [15]  R10     P4       120.48     150.53    12.79    70.12       none      34.85    0.0005    0.02%   99.97%
    [16]  R17     P2       169.57     201.76    14.04    10.00       none      35.21    0.0003    0.01%   99.98%
    [17]  R17     P4       161.76     193.95     6.23   111.40       none      36.76    0.0002    0.01%   99.99%
    [18]  R1      P3       120.48     147.10    17.72    46.03       none      37.03    0.0001    0.00%   99.99%
    [19]  R14     P1       168.53     205.07    17.19    10.00       none      38.69    0.0001    0.00%  100.00%
    [20]  R1      P4       120.48     147.10    17.72    70.12       none      39.44    0.0000    0.00%  100.00%
    [21]  R14     P2       169.57     206.11    18.23    10.00       none      39.84    0.0000    0.00%  100.00%
    [22]  R16     P1       168.53     204.63    20.47    10.00       none      41.93    0.0000    0.00%  100.00%
    [23]  R16     P2       169.57     205.67    21.51    10.00       none      43.08    0.0000    0.00%  100.00%
    [24]  R6      P1       168.53     201.23    23.84    10.00       none      44.97    0.0000    0.00%  100.00%
    [25]  R6      P3       161.76     194.46    17.07    87.31       none      45.25    0.0000    0.00%  100.00%
    [26]  R6      P2       169.57     202.27    24.88    10.00       none      46.11    0.0000    0.00%  100.00%
    [27]  R6      P4       161.76     194.46    17.07   111.40       none      47.66    0.0000    0.00%  100.00%
    [28]  R19     P1       168.53     193.90    42.74    10.00       none      63.13    0.0000    0.00%  100.00%
    [29]  R19     P2       169.57     194.94    43.78    10.00       none      64.27    0.0000    0.00%  100.00%
    [30]  R29     P5       205.88     247.25    45.77    10.00       none      71.49    0.0000    0.00%  100.00%
    [31]  R29     P3       195.88     237.25    35.77   121.43       none      71.64    0.0000    0.00%  100.00%
    [32]  R25     P5       205.88     242.56    46.44    10.00       none      71.69    0.0000    0.00%  100.00%
    [33]  R25     P3       195.88     232.56    36.44   121.43       none      71.84    0.0000    0.00%  100.00%
    [34]  R22     P5       205.88     239.28    47.35    10.00       none      72.28    0.0000    0.00%  100.00%
    [35]  R26     P5       205.88     243.82    48.31    10.00       none      73.69    0.0000    0.00%  100.00%
    [36]  R26     P3       195.88     233.82    38.31   121.43       none      73.83    0.0000    0.00%  100.00%
    [37]  R29     P4       195.88     237.25    35.77   145.52       none      74.05    0.0000    0.00%  100.00%
    [38]  R25     P4       195.88     232.56    36.44   145.52       none      74.25    0.0000    0.00%  100.00%
    [39]  R17     P5       205.88     238.07    50.35    10.00       none      75.15    0.0000    0.00%  100.00%
    [40]  R26     P4       195.88     233.82    38.31   145.52       none      76.24    0.0000    0.00%  100.00%
    [41]  R14     P5       205.88     242.42    54.53    10.00       none      79.78    0.0000    0.00%  100.00%
    [42]  R14     P3       195.88     232.42    44.53   121.43       none      79.92    0.0000    0.00%  100.00%
    [43]  R10     P1       168.53     198.58    60.84    10.00       none      81.69    0.0000    0.00%  100.00%
    [44]  R11     P1       168.53     203.92    60.81    10.00       none      82.20    0.0000    0.00%  100.00%
    [45]  R14     P4       195.88     232.42    44.53   145.52       none      82.33    0.0000    0.00%  100.00%
    [46]  R10     P2       169.57     199.62    61.88    10.00       none      82.84    0.0000    0.00%  100.00%
    [47]  R16     P5       205.88     241.98    57.82    10.00       none      83.01    0.0000    0.00%  100.00%
    [48]  R16     P3       195.88     231.98    47.82   121.43       none      83.16    0.0000    0.00%  100.00%
    [49]  R11     P2       169.57     204.96    61.85    10.00       none      83.35    0.0000    0.00%  100.00%
    [50]  R16     P4       195.88     231.98    47.82   145.52       none      85.57    0.0000    0.00%  100.00%
    [51]  R6      P5       205.88     238.58    61.19    10.00       none      86.05    0.0000    0.00%  100.00%
    [52]  R1      P1       168.53     195.15    65.77    10.00       none      86.29    0.0000    0.00%  100.00%
    [53]  R1      P2       169.57     196.19    66.81    10.00       none      87.43    0.0000    0.00%  100.00%
    [54]  R11     P3        84.45     119.84     0.00    10.00      4 mov      92.98    0.0000    0.00%  100.00%
    [55]  R19     P5       205.88     231.25    80.09    10.00       none     104.21    0.0000    0.00%  100.00%
    [56]  R10     P5       205.88     235.93    98.19    10.00       none     122.78    0.0000    0.00%  100.00%
    [57]  R11     P5       205.88     241.27    98.16    10.00       none     123.29    0.0000    0.00%  100.00%
    [58]  R11     P4       195.88     231.27    88.16   145.52       none     125.84    0.0000    0.00%  100.00%
    [59]  R1      P5       205.88     232.50   103.12    10.00       none     127.37    0.0000    0.00%  100.00%
    draw=2.0717  →  (R25, P1) (rank 3) selected

  Assignment: R25 → P1  [168.53 → 205.21]  delay=9.09
    J25-1      [168.53 → 175.93]
    J25-2      [175.93 → 184.93]
    J25-3      [184.93 → 195.04]
    J25-4      [195.04 → 205.21]

  Assigned so far:
    ID      Pos       start    finish    delay
    ----------------------------------------
    R8      P2        10.34     16.84     0.00
    R3      P1         0.00     19.65     0.00
    R4      P5         0.00     26.60     0.00
    R15     P3        26.60     43.35     0.00
    R9      P1        29.65     47.12     0.00
    R7      P4        26.60     50.36     0.00
    R5      P2        26.84     54.23     0.00
    R27     P3        53.35     74.45     0.00
    R23     P1        57.12     77.54     0.00
    R20     P2        64.23     85.93     0.00
    R21     P5        50.36     77.84     0.00
    R28     P5        87.84    110.48     0.00
    R2      P1        87.54    116.58     0.00
    R24     P2        95.93    118.07     0.00
    R12     P5       120.48    151.76     0.00
    R18     P1       126.58    158.53     0.00
    R13     P2       128.07    159.57     0.00
    R30     P5       161.76    195.88     0.00
    R25     P1       168.53    205.21     9.09

========================================================================
  STEP 20/30
========================================================================

  Pair evaluation  (55 pairs):
    Rank   ID      Pos     t_start   t_finish    delay      gap   blocking      score    weight     P(%)   cum(%)
    ---------------------------------------------------------------------------------------------------------
    [ 0]  R19     P3       120.48     145.85     0.00    46.03       none      19.19    1.0000   40.00%   40.00%
    [ 1]  R19     P4       120.48     145.85     0.00    70.12       none      21.60    0.6000   24.00%   64.00%
    [ 2]  R22     P3       161.76     195.16     3.23    87.31       none      31.48    0.3600   14.40%   78.40%
    [ 3]  R29     P2       169.57     210.94     9.46    10.00       none      31.55    0.2160    8.64%   87.04%
    [ 4]  R22     P2       169.57     202.97    11.04    10.00       none      32.34    0.1296    5.18%   92.22%
    [ 5]  R10     P3       120.48     150.53    12.79    46.03       none      32.44    0.0778    3.11%   95.33%
    [ 6]  R26     P2       169.57     207.51    12.00    10.00       none      33.75    0.0467    1.87%   97.20%
    [ 7]  R22     P4       161.76     195.16     3.23   111.40       none      33.89    0.0280    1.12%   98.32%
    [ 8]  R17     P3       161.76     193.95     6.23    87.31       none      34.35    0.0168    0.67%   98.99%
    [ 9]  R10     P4       120.48     150.53    12.79    70.12       none      34.85    0.0101    0.40%   99.40%
    [10]  R17     P2       169.57     201.76    14.04    10.00       none      35.21    0.0060    0.24%   99.64%
    [11]  R17     P4       161.76     193.95     6.23   111.40       none      36.76    0.0036    0.15%   99.78%
    [12]  R1      P3       120.48     147.10    17.72    46.03       none      37.03    0.0022    0.09%   99.87%
    [13]  R1      P4       120.48     147.10    17.72    70.12       none      39.44    0.0013    0.05%   99.92%
    [14]  R14     P2       169.57     206.11    18.23    10.00       none      39.84    0.0008    0.03%   99.95%
    [15]  R16     P2       169.57     205.67    21.51    10.00       none      43.08    0.0005    0.02%   99.97%
    [16]  R6      P3       161.76     194.46    17.07    87.31       none      45.25    0.0003    0.01%   99.98%
    [17]  R6      P2       169.57     202.27    24.88    10.00       none      46.11    0.0002    0.01%   99.99%
    [18]  R6      P4       161.76     194.46    17.07   111.40       none      47.66    0.0001    0.00%   99.99%
    [19]  R19     P2       169.57     194.94    43.78    10.00       none      64.27    0.0001    0.00%  100.00%
    [20]  R29     P5       205.88     247.25    45.77    10.00       none      71.49    0.0000    0.00%  100.00%
    [21]  R29     P3       195.88     237.25    35.77   121.43       none      71.64    0.0000    0.00%  100.00%
    [22]  R22     P5       205.88     239.28    47.35    10.00       none      72.28    0.0000    0.00%  100.00%
    [23]  R26     P5       205.88     243.82    48.31    10.00       none      73.69    0.0000    0.00%  100.00%
    [24]  R26     P3       195.88     233.82    38.31   121.43       none      73.83    0.0000    0.00%  100.00%
    [25]  R29     P4       195.88     237.25    35.77   145.52       none      74.05    0.0000    0.00%  100.00%
    [26]  R17     P5       205.88     238.07    50.35    10.00       none      75.15    0.0000    0.00%  100.00%
    [27]  R26     P4       195.88     233.82    38.31   145.52       none      76.24    0.0000    0.00%  100.00%
    [28]  R14     P5       205.88     242.42    54.53    10.00       none      79.78    0.0000    0.00%  100.00%
    [29]  R14     P3       195.88     232.42    44.53   121.43       none      79.92    0.0000    0.00%  100.00%
    [30]  R29     P1       215.21     256.58    55.10    10.00       none      81.76    0.0000    0.00%  100.00%
    [31]  R14     P4       195.88     232.42    44.53   145.52       none      82.33    0.0000    0.00%  100.00%
    [32]  R22     P1       215.21     248.61    56.68    10.00       none      82.55    0.0000    0.00%  100.00%
    [33]  R10     P2       169.57     199.62    61.88    10.00       none      82.84    0.0000    0.00%  100.00%
    [34]  R16     P5       205.88     241.98    57.82    10.00       none      83.01    0.0000    0.00%  100.00%
    [35]  R16     P3       195.88     231.98    47.82   121.43       none      83.16    0.0000    0.00%  100.00%
    [36]  R11     P2       169.57     204.96    61.85    10.00       none      83.35    0.0000    0.00%  100.00%
    [37]  R26     P1       215.21     253.15    57.64    10.00       none      83.95    0.0000    0.00%  100.00%
    [38]  R17     P1       215.21     247.40    59.68    10.00       none      85.42    0.0000    0.00%  100.00%
    [39]  R16     P4       195.88     231.98    47.82   145.52       none      85.57    0.0000    0.00%  100.00%
    [40]  R6      P5       205.88     238.58    61.19    10.00       none      86.05    0.0000    0.00%  100.00%
    [41]  R1      P2       169.57     196.19    66.81    10.00       none      87.43    0.0000    0.00%  100.00%
    [42]  R14     P1       215.21     251.75    63.87    10.00       none      90.04    0.0000    0.00%  100.00%
    [43]  R11     P3        84.45     119.84     0.00    10.00      4 mov      92.98    0.0000    0.00%  100.00%
    [44]  R16     P1       215.21     251.31    67.15    10.00       none      93.28    0.0000    0.00%  100.00%
    [45]  R6      P1       215.21     247.91    70.52    10.00       none      96.31    0.0000    0.00%  100.00%
    [46]  R19     P5       205.88     231.25    80.09    10.00       none     104.21    0.0000    0.00%  100.00%
    [47]  R19     P1       215.21     240.58    89.42    10.00       none     114.47    0.0000    0.00%  100.00%
    [48]  R10     P5       205.88     235.93    98.19    10.00       none     122.78    0.0000    0.00%  100.00%
    [49]  R11     P5       205.88     241.27    98.16    10.00       none     123.29    0.0000    0.00%  100.00%
    [50]  R11     P4       195.88     231.27    88.16   145.52       none     125.84    0.0000    0.00%  100.00%
    [51]  R1      P5       205.88     232.50   103.12    10.00       none     127.37    0.0000    0.00%  100.00%
    [52]  R10     P1       215.21     245.26   107.52    10.00       none     133.04    0.0000    0.00%  100.00%
    [53]  R11     P1       215.21     250.60   107.49    10.00       none     133.55    0.0000    0.00%  100.00%
    [54]  R1      P1       215.21     241.83   112.45    10.00       none     137.63    0.0000    0.00%  100.00%
    draw=0.8717  →  (R19, P3) (rank 0) selected
  start-time compare  R19 → P3:  t_imm=84.45 cost=50.98 (2 new movs)  vs  t_nob=120.48 cost=14.59

  Assignment: R19 → P3  [120.48 → 145.85]  delay=0.00
    J19-1      [120.48 → 130.07]
    J19-2      [130.07 → 140.97]
    J19-3      [140.97 → 145.85]

  Assigned so far:
    ID      Pos       start    finish    delay
    ----------------------------------------
    R8      P2        10.34     16.84     0.00
    R3      P1         0.00     19.65     0.00
    R4      P5         0.00     26.60     0.00
    R15     P3        26.60     43.35     0.00
    R9      P1        29.65     47.12     0.00
    R7      P4        26.60     50.36     0.00
    R5      P2        26.84     54.23     0.00
    R27     P3        53.35     74.45     0.00
    R23     P1        57.12     77.54     0.00
    R20     P2        64.23     85.93     0.00
    R21     P5        50.36     77.84     0.00
    R28     P5        87.84    110.48     0.00
    R2      P1        87.54    116.58     0.00
    R24     P2        95.93    118.07     0.00
    R12     P5       120.48    151.76     0.00
    R18     P1       126.58    158.53     0.00
    R13     P2       128.07    159.57     0.00
    R30     P5       161.76    195.88     0.00
    R25     P1       168.53    205.21     9.09
    R19     P3       120.48    145.85     0.00

========================================================================
  STEP 21/30
========================================================================

  Pair evaluation  (50 pairs):
    Rank   ID      Pos     t_start   t_finish    delay      gap   blocking      score    weight     P(%)   cum(%)
    ---------------------------------------------------------------------------------------------------------
    [ 0]  R22     P3       161.76     195.16     3.23    15.91       none      24.34    1.0000   40.00%   40.00%
    [ 1]  R17     P3       161.76     193.95     6.23    15.91       none      27.21    0.6000   24.00%   64.00%
    [ 2]  R29     P2       169.57     210.94     9.46    10.00       none      31.55    0.3600   14.40%   78.40%
    [ 3]  R22     P2       169.57     202.97    11.04    10.00       none      32.34    0.2160    8.64%   87.04%
    [ 4]  R26     P2       169.57     207.51    12.00    10.00       none      33.75    0.1296    5.18%   92.22%
    [ 5]  R22     P4       161.76     195.16     3.23   111.40       none      33.89    0.0778    3.11%   95.33%
    [ 6]  R10     P4       120.48     150.53    12.79    70.12       none      34.85    0.0467    1.87%   97.20%
    [ 7]  R17     P2       169.57     201.76    14.04    10.00       none      35.21    0.0280    1.12%   98.32%
    [ 8]  R17     P4       161.76     193.95     6.23   111.40       none      36.76    0.0168    0.67%   98.99%
    [ 9]  R6      P3       161.76     194.46    17.07    15.91       none      38.11    0.0101    0.40%   99.40%
    [10]  R1      P4       120.48     147.10    17.72    70.12       none      39.44    0.0060    0.24%   99.64%
    [11]  R14     P2       169.57     206.11    18.23    10.00       none      39.84    0.0036    0.15%   99.78%
    [12]  R16     P2       169.57     205.67    21.51    10.00       none      43.08    0.0022    0.09%   99.87%
    [13]  R6      P2       169.57     202.27    24.88    10.00       none      46.11    0.0013    0.05%   99.92%
    [14]  R6      P4       161.76     194.46    17.07   111.40       none      47.66    0.0008    0.03%   99.95%
    [15]  R26     P3       155.85     193.79     0.00    10.00      2 mov      60.38    0.0005    0.02%   99.97%
    [16]  R29     P3       195.88     237.25    35.77    50.03       none      64.50    0.0003    0.01%   99.98%
    [17]  R14     P3       155.85     192.39     4.50    10.00      2 mov      64.74    0.0002    0.01%   99.99%
    [18]  R16     P3       155.85     191.95     7.79    10.00      2 mov      67.98    0.0001    0.00%   99.99%
    [19]  R29     P5       205.88     247.25    45.77    10.00       none      71.49    0.0001    0.00%  100.00%
    [20]  R22     P5       205.88     239.28    47.35    10.00       none      72.28    0.0000    0.00%  100.00%
    [21]  R26     P5       205.88     243.82    48.31    10.00       none      73.69    0.0000    0.00%  100.00%
    [22]  R29     P4       195.88     237.25    35.77   145.52       none      74.05    0.0000    0.00%  100.00%
    [23]  R10     P3       161.76     191.81    54.07    15.91       none      74.84    0.0000    0.00%  100.00%
    [24]  R17     P5       205.88     238.07    50.35    10.00       none      75.15    0.0000    0.00%  100.00%
    [25]  R26     P4       195.88     233.82    38.31   145.52       none      76.24    0.0000    0.00%  100.00%
    [26]  R1      P3       161.76     188.38    59.00    15.91       none      79.43    0.0000    0.00%  100.00%
    [27]  R14     P5       205.88     242.42    54.53    10.00       none      79.78    0.0000    0.00%  100.00%
    [28]  R29     P1       215.21     256.58    55.10    10.00       none      81.76    0.0000    0.00%  100.00%
    [29]  R14     P4       195.88     232.42    44.53   145.52       none      82.33    0.0000    0.00%  100.00%
    [30]  R22     P1       215.21     248.61    56.68    10.00       none      82.55    0.0000    0.00%  100.00%
    [31]  R10     P2       169.57     199.62    61.88    10.00       none      82.84    0.0000    0.00%  100.00%
    [32]  R16     P5       205.88     241.98    57.82    10.00       none      83.01    0.0000    0.00%  100.00%
    [33]  R11     P2       169.57     204.96    61.85    10.00       none      83.35    0.0000    0.00%  100.00%
    [34]  R26     P1       215.21     253.15    57.64    10.00       none      83.95    0.0000    0.00%  100.00%
    [35]  R17     P1       215.21     247.40    59.68    10.00       none      85.42    0.0000    0.00%  100.00%
    [36]  R16     P4       195.88     231.98    47.82   145.52       none      85.57    0.0000    0.00%  100.00%
    [37]  R6      P5       205.88     238.58    61.19    10.00       none      86.05    0.0000    0.00%  100.00%
    [38]  R1      P2       169.57     196.19    66.81    10.00       none      87.43    0.0000    0.00%  100.00%
    [39]  R14     P1       215.21     251.75    63.87    10.00       none      90.04    0.0000    0.00%  100.00%
    [40]  R16     P1       215.21     251.31    67.15    10.00       none      93.28    0.0000    0.00%  100.00%
    [41]  R6      P1       215.21     247.91    70.52    10.00       none      96.31    0.0000    0.00%  100.00%
    [42]  R11     P3       155.85     191.24    48.13    10.00      2 mov     108.26    0.0000    0.00%  100.00%
    [43]  R10     P5       205.88     235.93    98.19    10.00       none     122.78    0.0000    0.00%  100.00%
    [44]  R11     P5       205.88     241.27    98.16    10.00       none     123.29    0.0000    0.00%  100.00%
    [45]  R11     P4       195.88     231.27    88.16   145.52       none     125.84    0.0000    0.00%  100.00%
    [46]  R1      P5       205.88     232.50   103.12    10.00       none     127.37    0.0000    0.00%  100.00%
    [47]  R10     P1       215.21     245.26   107.52    10.00       none     133.04    0.0000    0.00%  100.00%
    [48]  R11     P1       215.21     250.60   107.49    10.00       none     133.55    0.0000    0.00%  100.00%
    [49]  R1      P1       215.21     241.83   112.45    10.00       none     137.63    0.0000    0.00%  100.00%
    draw=1.6776  →  (R29, P2) (rank 2) selected

  Assignment: R29 → P2  [169.57 → 210.94]  delay=9.46
    J29-1      [169.57 → 178.26]
    J29-2      [178.26 → 188.93]
    J29-3      [188.93 → 200.98]
    J29-4      [200.98 → 210.94]

  Assigned so far:
    ID      Pos       start    finish    delay
    ----------------------------------------
    R8      P2        10.34     16.84     0.00
    R3      P1         0.00     19.65     0.00
    R4      P5         0.00     26.60     0.00
    R15     P3        26.60     43.35     0.00
    R9      P1        29.65     47.12     0.00
    R7      P4        26.60     50.36     0.00
    R5      P2        26.84     54.23     0.00
    R27     P3        53.35     74.45     0.00
    R23     P1        57.12     77.54     0.00
    R20     P2        64.23     85.93     0.00
    R21     P5        50.36     77.84     0.00
    R28     P5        87.84    110.48     0.00
    R2      P1        87.54    116.58     0.00
    R24     P2        95.93    118.07     0.00
    R12     P5       120.48    151.76     0.00
    R18     P1       126.58    158.53     0.00
    R13     P2       128.07    159.57     0.00
    R30     P5       161.76    195.88     0.00
    R25     P1       168.53    205.21     9.09
    R19     P3       120.48    145.85     0.00
    R29     P2       169.57    210.94     9.46

========================================================================
  STEP 22/30
========================================================================

  Pair evaluation  (45 pairs):
    Rank   ID      Pos     t_start   t_finish    delay      gap   blocking      score    weight     P(%)   cum(%)
    ---------------------------------------------------------------------------------------------------------
    [ 0]  R22     P3       161.76     195.16     3.23    15.91       none      24.34    1.0000   40.00%   40.00%
    [ 1]  R17     P3       161.76     193.95     6.23    15.91       none      27.21    0.6000   24.00%   64.00%
    [ 2]  R22     P4       161.76     195.16     3.23   111.40       none      33.89    0.3600   14.40%   78.40%
    [ 3]  R10     P4       120.48     150.53    12.79    70.12       none      34.85    0.2160    8.64%   87.04%
    [ 4]  R17     P4       161.76     193.95     6.23   111.40       none      36.76    0.1296    5.18%   92.22%
    [ 5]  R6      P3       161.76     194.46    17.07    15.91       none      38.11    0.0778    3.11%   95.33%
    [ 6]  R1      P4       120.48     147.10    17.72    70.12       none      39.44    0.0467    1.87%   97.20%
    [ 7]  R6      P4       161.76     194.46    17.07   111.40       none      47.66    0.0280    1.12%   98.32%
    [ 8]  R26     P3       155.85     193.79     0.00    10.00      2 mov      60.38    0.0168    0.67%   98.99%
    [ 9]  R14     P3       155.85     192.39     4.50    10.00      2 mov      64.74    0.0101    0.40%   99.40%
    [10]  R16     P3       155.85     191.95     7.79    10.00      2 mov      67.98    0.0060    0.24%   99.64%
    [11]  R22     P5       205.88     239.28    47.35    10.00       none      72.28    0.0036    0.15%   99.78%
    [12]  R26     P5       205.88     243.82    48.31    10.00       none      73.69    0.0022    0.09%   99.87%
    [13]  R10     P3       161.76     191.81    54.07    15.91       none      74.84    0.0013    0.05%   99.92%
    [14]  R17     P5       205.88     238.07    50.35    10.00       none      75.15    0.0008    0.03%   99.95%
    [15]  R26     P4       195.88     233.82    38.31   145.52       none      76.24    0.0005    0.02%   99.97%
    [16]  R1      P3       161.76     188.38    59.00    15.91       none      79.43    0.0003    0.01%   99.98%
    [17]  R14     P5       205.88     242.42    54.53    10.00       none      79.78    0.0002    0.01%   99.99%
    [18]  R14     P4       195.88     232.42    44.53   145.52       none      82.33    0.0001    0.00%   99.99%
    [19]  R22     P1       215.21     248.61    56.68    10.00       none      82.55    0.0001    0.00%  100.00%
    [20]  R16     P5       205.88     241.98    57.82    10.00       none      83.01    0.0000    0.00%  100.00%
    [21]  R26     P1       215.21     253.15    57.64    10.00       none      83.95    0.0000    0.00%  100.00%
    [22]  R17     P1       215.21     247.40    59.68    10.00       none      85.42    0.0000    0.00%  100.00%
    [23]  R16     P4       195.88     231.98    47.82   145.52       none      85.57    0.0000    0.00%  100.00%
    [24]  R6      P5       205.88     238.58    61.19    10.00       none      86.05    0.0000    0.00%  100.00%
    [25]  R22     P2       220.94     254.34    62.41    10.00       none      88.85    0.0000    0.00%  100.00%
    [26]  R14     P1       215.21     251.75    63.87    10.00       none      90.04    0.0000    0.00%  100.00%
    [27]  R26     P2       220.94     258.88    63.37    10.00       none      90.26    0.0000    0.00%  100.00%
    [28]  R17     P2       220.94     253.13    65.41    10.00       none      91.72    0.0000    0.00%  100.00%
    [29]  R16     P1       215.21     251.31    67.15    10.00       none      93.28    0.0000    0.00%  100.00%
    [30]  R6      P1       215.21     247.91    70.52    10.00       none      96.31    0.0000    0.00%  100.00%
    [31]  R14     P2       220.94     257.48    69.60    10.00       none      96.34    0.0000    0.00%  100.00%
    [32]  R16     P2       220.94     257.04    72.88    10.00       none      99.58    0.0000    0.00%  100.00%
    [33]  R6      P2       220.94     253.64    76.25    10.00       none     102.62    0.0000    0.00%  100.00%
    [34]  R11     P3       155.85     191.24    48.13    10.00      2 mov     108.26    0.0000    0.00%  100.00%
    [35]  R10     P5       205.88     235.93    98.19    10.00       none     122.78    0.0000    0.00%  100.00%
    [36]  R11     P5       205.88     241.27    98.16    10.00       none     123.29    0.0000    0.00%  100.00%
    [37]  R11     P4       195.88     231.27    88.16   145.52       none     125.84    0.0000    0.00%  100.00%
    [38]  R1      P5       205.88     232.50   103.12    10.00       none     127.37    0.0000    0.00%  100.00%
    [39]  R10     P1       215.21     245.26   107.52    10.00       none     133.04    0.0000    0.00%  100.00%
    [40]  R11     P1       215.21     250.60   107.49    10.00       none     133.55    0.0000    0.00%  100.00%
    [41]  R1      P1       215.21     241.83   112.45    10.00       none     137.63    0.0000    0.00%  100.00%
    [42]  R10     P2       220.94     250.99   113.25    10.00       none     139.35    0.0000    0.00%  100.00%
    [43]  R11     P2       220.94     256.33   113.22    10.00       none     139.86    0.0000    0.00%  100.00%
    [44]  R1      P2       220.94     247.56   118.18    10.00       none     143.94    0.0000    0.00%  100.00%
    draw=1.7449  →  (R22, P4) (rank 2) selected
  start-time compare  R22 → P4:  t_imm=60.36 cost=129.38 (6 new movs)  vs  t_nob=161.76 cost=22.75

  Assignment: R22 → P4  [161.76 → 195.16]  delay=3.23
    J22-1      [161.76 → 173.00]
    J22-2      [173.00 → 181.14]
    J22-3      [181.14 → 186.44]
    J22-4      [186.44 → 195.16]

  Assigned so far:
    ID      Pos       start    finish    delay
    ----------------------------------------
    R8      P2        10.34     16.84     0.00
    R3      P1         0.00     19.65     0.00
    R4      P5         0.00     26.60     0.00
    R15     P3        26.60     43.35     0.00
    R9      P1        29.65     47.12     0.00
    R7      P4        26.60     50.36     0.00
    R5      P2        26.84     54.23     0.00
    R27     P3        53.35     74.45     0.00
    R23     P1        57.12     77.54     0.00
    R20     P2        64.23     85.93     0.00
    R21     P5        50.36     77.84     0.00
    R28     P5        87.84    110.48     0.00
    R2      P1        87.54    116.58     0.00
    R24     P2        95.93    118.07     0.00
    R12     P5       120.48    151.76     0.00
    R18     P1       126.58    158.53     0.00
    R13     P2       128.07    159.57     0.00
    R30     P5       161.76    195.88     0.00
    R25     P1       168.53    205.21     9.09
    R19     P3       120.48    145.85     0.00
    R29     P2       169.57    210.94     9.46
    R22     P4       161.76    195.16     3.23

========================================================================
  STEP 23/30
========================================================================

  Pair evaluation  (40 pairs):
    Rank   ID      Pos     t_start   t_finish    delay      gap   blocking      score    weight     P(%)   cum(%)
    ---------------------------------------------------------------------------------------------------------
    [ 0]  R17     P3       161.76     193.95     6.23    15.91       none      27.21    1.0000   40.00%   40.00%
    [ 1]  R6      P3       161.76     194.46    17.07    15.91       none      38.11    0.6000   24.00%   64.00%
    [ 2]  R26     P3       195.88     233.82    38.31    50.03       none      66.69    0.3600   14.40%   78.40%
    [ 3]  R14     P3       195.88     232.42    44.53    50.03       none      72.78    0.2160    8.64%   87.04%
    [ 4]  R26     P4       205.16     243.10    47.59    10.00       none      72.90    0.1296    5.18%   92.22%
    [ 5]  R26     P5       205.88     243.82    48.31    10.00       none      73.69    0.0778    3.11%   95.33%
    [ 6]  R17     P4       205.16     237.35    49.63    10.00       none      74.36    0.0467    1.87%   97.20%
    [ 7]  R10     P3       161.76     191.81    54.07    15.91       none      74.84    0.0280    1.12%   98.32%
    [ 8]  R17     P5       205.88     238.07    50.35    10.00       none      75.15    0.0168    0.67%   98.99%
    [ 9]  R16     P3       195.88     231.98    47.82    50.03       none      76.02    0.0101    0.40%   99.40%
    [10]  R14     P4       205.16     241.70    53.81    10.00       none      78.98    0.0060    0.24%   99.64%
    [11]  R1      P3       161.76     188.38    59.00    15.91       none      79.43    0.0036    0.15%   99.78%
    [12]  R14     P5       205.88     242.42    54.53    10.00       none      79.78    0.0022    0.09%   99.87%
    [13]  R16     P4       205.16     241.26    57.10    10.00       none      82.22    0.0013    0.05%   99.92%
    [14]  R16     P5       205.88     241.98    57.82    10.00       none      83.01    0.0008    0.03%   99.95%
    [15]  R26     P1       215.21     253.15    57.64    10.00       none      83.95    0.0005    0.02%   99.97%
    [16]  R6      P4       205.16     237.86    60.47    10.00       none      85.26    0.0003    0.01%   99.98%
    [17]  R17     P1       215.21     247.40    59.68    10.00       none      85.42    0.0002    0.01%   99.99%
    [18]  R6      P5       205.88     238.58    61.19    10.00       none      86.05    0.0001    0.00%   99.99%
    [19]  R14     P1       215.21     251.75    63.87    10.00       none      90.04    0.0001    0.00%  100.00%
    [20]  R26     P2       220.94     258.88    63.37    10.00       none      90.26    0.0000    0.00%  100.00%
    [21]  R17     P2       220.94     253.13    65.41    10.00       none      91.72    0.0000    0.00%  100.00%
    [22]  R16     P1       215.21     251.31    67.15    10.00       none      93.28    0.0000    0.00%  100.00%
    [23]  R6      P1       215.21     247.91    70.52    10.00       none      96.31    0.0000    0.00%  100.00%
    [24]  R14     P2       220.94     257.48    69.60    10.00       none      96.34    0.0000    0.00%  100.00%
    [25]  R16     P2       220.94     257.04    72.88    10.00       none      99.58    0.0000    0.00%  100.00%
    [26]  R6      P2       220.94     253.64    76.25    10.00       none     102.62    0.0000    0.00%  100.00%
    [27]  R11     P3       195.88     231.27    88.16    50.03       none     116.29    0.0000    0.00%  100.00%
    [28]  R10     P4       205.16     235.21    97.47    10.00       none     121.99    0.0000    0.00%  100.00%
    [29]  R11     P4       205.16     240.55    97.44    10.00       none     122.50    0.0000    0.00%  100.00%
    [30]  R10     P5       205.88     235.93    98.19    10.00       none     122.78    0.0000    0.00%  100.00%
    [31]  R11     P5       205.88     241.27    98.16    10.00       none     123.29    0.0000    0.00%  100.00%
    [32]  R1      P4       205.16     231.78   102.40    10.00       none     126.58    0.0000    0.00%  100.00%
    [33]  R1      P5       205.88     232.50   103.12    10.00       none     127.37    0.0000    0.00%  100.00%
    [34]  R10     P1       215.21     245.26   107.52    10.00       none     133.04    0.0000    0.00%  100.00%
    [35]  R11     P1       215.21     250.60   107.49    10.00       none     133.55    0.0000    0.00%  100.00%
    [36]  R1      P1       215.21     241.83   112.45    10.00       none     137.63    0.0000    0.00%  100.00%
    [37]  R10     P2       220.94     250.99   113.25    10.00       none     139.35    0.0000    0.00%  100.00%
    [38]  R11     P2       220.94     256.33   113.22    10.00       none     139.86    0.0000    0.00%  100.00%
    [39]  R1      P2       220.94     247.56   118.18    10.00       none     143.94    0.0000    0.00%  100.00%
    draw=1.8878  →  (R26, P3) (rank 2) selected
  start-time compare  R26 → P3:  t_imm=155.85 cost=99.38 (4 new movs)  vs  t_nob=195.88 cost=61.69

  Assignment: R26 → P3  [195.88 → 233.82]  delay=38.31
    J26-1      [195.88 → 207.07]
    J26-2      [207.07 → 216.71]
    J26-3      [216.71 → 225.47]
    J26-4      [225.47 → 233.82]

  Assigned so far:
    ID      Pos       start    finish    delay
    ----------------------------------------
    R8      P2        10.34     16.84     0.00
    R3      P1         0.00     19.65     0.00
    R4      P5         0.00     26.60     0.00
    R15     P3        26.60     43.35     0.00
    R9      P1        29.65     47.12     0.00
    R7      P4        26.60     50.36     0.00
    R5      P2        26.84     54.23     0.00
    R27     P3        53.35     74.45     0.00
    R23     P1        57.12     77.54     0.00
    R20     P2        64.23     85.93     0.00
    R21     P5        50.36     77.84     0.00
    R28     P5        87.84    110.48     0.00
    R2      P1        87.54    116.58     0.00
    R24     P2        95.93    118.07     0.00
    R12     P5       120.48    151.76     0.00
    R18     P1       126.58    158.53     0.00
    R13     P2       128.07    159.57     0.00
    R30     P5       161.76    195.88     0.00
    R25     P1       168.53    205.21     9.09
    R19     P3       120.48    145.85     0.00
    R29     P2       169.57    210.94     9.46
    R22     P4       161.76    195.16     3.23
    R26     P3       195.88    233.82    38.31

========================================================================
  STEP 24/30
========================================================================

  Pair evaluation  (35 pairs):
    Rank   ID      Pos     t_start   t_finish    delay      gap   blocking      score    weight     P(%)   cum(%)
    ---------------------------------------------------------------------------------------------------------
    [ 0]  R17     P1       215.21     247.40    59.68    10.00       none      85.42    1.0000   40.00%   40.00%
    [ 1]  R14     P1       215.21     251.75    63.87    10.00       none      90.04    0.6000   24.00%   64.00%
    [ 2]  R17     P2       220.94     253.13    65.41    10.00       none      91.72    0.3600   14.40%   78.40%
    [ 3]  R16     P1       215.21     251.31    67.15    10.00       none      93.28    0.2160    8.64%   87.04%
    [ 4]  R6      P1       215.21     247.91    70.52    10.00       none      96.31    0.1296    5.18%   92.22%
    [ 5]  R14     P2       220.94     257.48    69.60    10.00       none      96.34    0.0778    3.11%   95.33%
    [ 6]  R16     P2       220.94     257.04    72.88    10.00       none      99.58    0.0467    1.87%   97.20%
    [ 7]  R6      P2       220.94     253.64    76.25    10.00       none     102.62    0.0280    1.12%   98.32%
    [ 8]  R17     P5       233.82     266.01    78.29    37.94       none     108.68    0.0168    0.67%   98.99%
    [ 9]  R17     P4       233.82     266.01    78.29    38.66       none     108.75    0.0101    0.40%   99.40%
    [10]  R14     P5       233.82     270.36    82.47    37.94       none     113.30    0.0060    0.24%   99.64%
    [11]  R14     P4       233.82     270.36    82.47    38.66       none     113.38    0.0036    0.15%   99.78%
    [12]  R16     P5       233.82     269.92    85.76    37.94       none     116.54    0.0022    0.09%   99.87%
    [13]  R16     P4       233.82     269.92    85.76    38.66       none     116.61    0.0013    0.05%   99.92%
    [14]  R17     P3       243.82     276.01    88.29    10.00       none     116.89    0.0008    0.03%   99.95%
    [15]  R6      P5       233.82     266.52    89.13    37.94       none     119.58    0.0005    0.02%   99.97%
    [16]  R6      P4       233.82     266.52    89.13    38.66       none     119.65    0.0003    0.01%   99.98%
    [17]  R14     P3       243.82     280.36    92.47    10.00       none     121.51    0.0002    0.01%   99.99%
    [18]  R16     P3       243.82     279.92    95.76    10.00       none     124.75    0.0001    0.00%   99.99%
    [19]  R6      P3       243.82     276.52    99.13    10.00       none     127.79    0.0001    0.00%  100.00%
    [20]  R10     P1       215.21     245.26   107.52    10.00       none     133.04    0.0000    0.00%  100.00%
    [21]  R11     P1       215.21     250.60   107.49    10.00       none     133.55    0.0000    0.00%  100.00%
    [22]  R1      P1       215.21     241.83   112.45    10.00       none     137.63    0.0000    0.00%  100.00%
    [23]  R10     P2       220.94     250.99   113.25    10.00       none     139.35    0.0000    0.00%  100.00%
    [24]  R11     P2       220.94     256.33   113.22    10.00       none     139.86    0.0000    0.00%  100.00%
    [25]  R1      P2       220.94     247.56   118.18    10.00       none     143.94    0.0000    0.00%  100.00%
    [26]  R10     P5       233.82     263.87   126.13    37.94       none     156.31    0.0000    0.00%  100.00%
    [27]  R10     P4       233.82     263.87   126.13    38.66       none     156.38    0.0000    0.00%  100.00%
    [28]  R11     P5       233.82     269.21   126.10    37.94       none     156.82    0.0000    0.00%  100.00%
    [29]  R11     P4       233.82     269.21   126.10    38.66       none     156.89    0.0000    0.00%  100.00%
    [30]  R1      P5       233.82     260.44   131.06    37.94       none     160.90    0.0000    0.00%  100.00%
    [31]  R1      P4       233.82     260.44   131.06    38.66       none     160.97    0.0000    0.00%  100.00%
    [32]  R10     P3       243.82     273.87   136.13    10.00       none     164.51    0.0000    0.00%  100.00%
    [33]  R11     P3       243.82     279.21   136.10    10.00       none     165.02    0.0000    0.00%  100.00%
    [34]  R1      P3       243.82     270.44   141.06    10.00       none     169.10    0.0000    0.00%  100.00%
    draw=2.4737  →  (R17, P5) (rank 8) selected
  start-time compare  R17 → P5:  t_imm=205.88 cost=114.15 (2 new movs)  vs  t_nob=233.82 cost=104.89

  Assignment: R17 → P5  [233.82 → 266.01]  delay=78.29
    J17-1      [233.82 → 242.77]
    J17-2      [242.77 → 248.65]
    J17-3      [248.65 → 256.87]
    J17-4      [256.87 → 266.01]

  Assigned so far:
    ID      Pos       start    finish    delay
    ----------------------------------------
    R8      P2        10.34     16.84     0.00
    R3      P1         0.00     19.65     0.00
    R4      P5         0.00     26.60     0.00
    R15     P3        26.60     43.35     0.00
    R9      P1        29.65     47.12     0.00
    R7      P4        26.60     50.36     0.00
    R5      P2        26.84     54.23     0.00
    R27     P3        53.35     74.45     0.00
    R23     P1        57.12     77.54     0.00
    R20     P2        64.23     85.93     0.00
    R21     P5        50.36     77.84     0.00
    R28     P5        87.84    110.48     0.00
    R2      P1        87.54    116.58     0.00
    R24     P2        95.93    118.07     0.00
    R12     P5       120.48    151.76     0.00
    R18     P1       126.58    158.53     0.00
    R13     P2       128.07    159.57     0.00
    R30     P5       161.76    195.88     0.00
    R25     P1       168.53    205.21     9.09
    R19     P3       120.48    145.85     0.00
    R29     P2       169.57    210.94     9.46
    R22     P4       161.76    195.16     3.23
    R26     P3       195.88    233.82    38.31
    R17     P5       233.82    266.01    78.29

========================================================================
  STEP 25/30
========================================================================

  Pair evaluation  (30 pairs):
    Rank   ID      Pos     t_start   t_finish    delay      gap   blocking      score    weight     P(%)   cum(%)
    ---------------------------------------------------------------------------------------------------------
    [ 0]  R14     P1       215.21     251.75    63.87    10.00       none      90.04    1.0000   40.00%   40.00%
    [ 1]  R16     P1       215.21     251.31    67.15    10.00       none      93.28    0.6000   24.00%   64.00%
    [ 2]  R6      P1       215.21     247.91    70.52    10.00       none      96.31    0.3600   14.40%   78.40%
    [ 3]  R14     P2       220.94     257.48    69.60    10.00       none      96.34    0.2160    8.64%   87.04%
    [ 4]  R16     P2       220.94     257.04    72.88    10.00       none      99.58    0.1296    5.18%   92.22%
    [ 5]  R6      P2       220.94     253.64    76.25    10.00       none     102.62    0.0778    3.11%   95.33%
    [ 6]  R10     P1       215.21     245.26   107.52    10.00       none     133.04    0.0467    1.87%   97.20%
    [ 7]  R11     P1       215.21     250.60   107.49    10.00       none     133.55    0.0280    1.12%   98.32%
    [ 8]  R1      P1       215.21     241.83   112.45    10.00       none     137.63    0.0168    0.67%   98.99%
    [ 9]  R10     P2       220.94     250.99   113.25    10.00       none     139.35    0.0101    0.40%   99.40%
    [10]  R11     P2       220.94     256.33   113.22    10.00       none     139.86    0.0060    0.24%   99.64%
    [11]  R1      P2       220.94     247.56   118.18    10.00       none     143.94    0.0036    0.15%   99.78%
    [12]  R14     P3       266.01     302.55   114.66    32.19       none     148.14    0.0022    0.09%   99.87%
    [13]  R16     P3       266.01     302.11   117.95    32.19       none     151.38    0.0013    0.05%   99.92%
    [14]  R14     P4       266.01     302.55   114.66    70.85       none     152.00    0.0008    0.03%   99.95%
    [15]  R6      P3       266.01     298.71   121.32    32.19       none     154.41    0.0005    0.02%   99.97%
    [16]  R16     P4       266.01     302.11   117.95    70.85       none     155.24    0.0003    0.01%   99.98%
    [17]  R10     P4       233.82     263.87   126.13    38.66       none     156.38    0.0002    0.01%   99.99%
    [18]  R14     P5       276.01     312.55   124.66    10.00       none     156.92    0.0001    0.00%   99.99%
    [19]  R6      P4       266.01     298.71   121.32    70.85       none     158.28    0.0001    0.00%  100.00%
    [20]  R16     P5       276.01     312.11   127.95    10.00       none     160.16    0.0000    0.00%  100.00%
    [21]  R1      P4       233.82     260.44   131.06    38.66       none     160.97    0.0000    0.00%  100.00%
    [22]  R6      P5       276.01     308.71   131.32    10.00       none     163.19    0.0000    0.00%  100.00%
    [23]  R10     P3       266.01     296.06   158.32    32.19       none     191.14    0.0000    0.00%  100.00%
    [24]  R11     P3       266.01     301.40   158.29    32.19       none     191.65    0.0000    0.00%  100.00%
    [25]  R11     P4       266.01     301.40   158.29    70.85       none     195.52    0.0000    0.00%  100.00%
    [26]  R1      P3       266.01     292.63   163.25    32.19       none     195.73    0.0000    0.00%  100.00%
    [27]  R10     P5       276.01     306.06   168.32    10.00       none     199.92    0.0000    0.00%  100.00%
    [28]  R11     P5       276.01     311.40   168.29    10.00       none     200.43    0.0000    0.00%  100.00%
    [29]  R1      P5       276.01     302.63   173.25    10.00       none     204.51    0.0000    0.00%  100.00%
    draw=0.4541  →  (R14, P1) (rank 0) selected

  Assignment: R14 → P1  [215.21 → 251.75]  delay=63.87
    J14-1      [215.21 → 224.45]
    J14-2      [224.45 → 233.54]
    J14-3      [233.54 → 241.27]
    J14-4      [241.27 → 251.75]

  Assigned so far:
    ID      Pos       start    finish    delay
    ----------------------------------------
    R8      P2        10.34     16.84     0.00
    R3      P1         0.00     19.65     0.00
    R4      P5         0.00     26.60     0.00
    R15     P3        26.60     43.35     0.00
    R9      P1        29.65     47.12     0.00
    R7      P4        26.60     50.36     0.00
    R5      P2        26.84     54.23     0.00
    R27     P3        53.35     74.45     0.00
    R23     P1        57.12     77.54     0.00
    R20     P2        64.23     85.93     0.00
    R21     P5        50.36     77.84     0.00
    R28     P5        87.84    110.48     0.00
    R2      P1        87.54    116.58     0.00
    R24     P2        95.93    118.07     0.00
    R12     P5       120.48    151.76     0.00
    R18     P1       126.58    158.53     0.00
    R13     P2       128.07    159.57     0.00
    R30     P5       161.76    195.88     0.00
    R25     P1       168.53    205.21     9.09
    R19     P3       120.48    145.85     0.00
    R29     P2       169.57    210.94     9.46
    R22     P4       161.76    195.16     3.23
    R26     P3       195.88    233.82    38.31
    R17     P5       233.82    266.01    78.29
    R14     P1       215.21    251.75    63.87

========================================================================
  STEP 26/30
========================================================================

  Pair evaluation  (25 pairs):
    Rank   ID      Pos     t_start   t_finish    delay      gap   blocking      score    weight     P(%)   cum(%)
    ---------------------------------------------------------------------------------------------------------
    [ 0]  R16     P2       220.94     257.04    72.88    10.00       none      99.58    1.0000   40.00%   40.00%
    [ 1]  R6      P2       220.94     253.64    76.25    10.00       none     102.62    0.6000   24.00%   64.00%
    [ 2]  R10     P2       220.94     250.99   113.25    10.00       none     139.35    0.3600   14.40%   78.40%
    [ 3]  R11     P2       220.94     256.33   113.22    10.00       none     139.86    0.2160    8.64%   87.04%
    [ 4]  R1      P2       220.94     247.56   118.18    10.00       none     143.94    0.1296    5.18%   92.22%
    [ 5]  R16     P1       261.75     297.85   113.69    10.00       none     144.47    0.0778    3.11%   95.33%
    [ 6]  R6      P1       261.75     294.45   117.06    10.00       none     147.51    0.0467    1.87%   97.20%
    [ 7]  R16     P3       266.01     302.11   117.95    32.19       none     151.38    0.0280    1.12%   98.32%
    [ 8]  R6      P3       266.01     298.71   121.32    32.19       none     154.41    0.0168    0.67%   98.99%
    [ 9]  R16     P4       266.01     302.11   117.95    70.85       none     155.24    0.0101    0.40%   99.40%
    [10]  R10     P4       233.82     263.87   126.13    38.66       none     156.38    0.0060    0.24%   99.64%
    [11]  R6      P4       266.01     298.71   121.32    70.85       none     158.28    0.0036    0.15%   99.78%
    [12]  R16     P5       276.01     312.11   127.95    10.00       none     160.16    0.0022    0.09%   99.87%
    [13]  R1      P4       233.82     260.44   131.06    38.66       none     160.97    0.0013    0.05%   99.92%
    [14]  R6      P5       276.01     308.71   131.32    10.00       none     163.19    0.0008    0.03%   99.95%
    [15]  R10     P1       261.75     291.80   154.06    10.00       none     184.24    0.0005    0.02%   99.97%
    [16]  R11     P1       261.75     297.14   154.03    10.00       none     184.75    0.0003    0.01%   99.98%
    [17]  R1      P1       261.75     288.37   158.99    10.00       none     188.83    0.0002    0.01%   99.99%
    [18]  R10     P3       266.01     296.06   158.32    32.19       none     191.14    0.0001    0.00%   99.99%
    [19]  R11     P3       266.01     301.40   158.29    32.19       none     191.65    0.0001    0.00%  100.00%
    [20]  R11     P4       266.01     301.40   158.29    70.85       none     195.52    0.0000    0.00%  100.00%
    [21]  R1      P3       266.01     292.63   163.25    32.19       none     195.73    0.0000    0.00%  100.00%
    [22]  R10     P5       276.01     306.06   168.32    10.00       none     199.92    0.0000    0.00%  100.00%
    [23]  R11     P5       276.01     311.40   168.29    10.00       none     200.43    0.0000    0.00%  100.00%
    [24]  R1      P5       276.01     302.63   173.25    10.00       none     204.51    0.0000    0.00%  100.00%
    draw=0.4961  →  (R16, P2) (rank 0) selected

  Assignment: R16 → P2  [220.94 → 257.04]  delay=72.88
    J16-1      [220.94 → 231.77]
    J16-2      [231.77 → 239.52]
    J16-3      [239.52 → 250.72]
    J16-4      [250.72 → 257.04]

  Assigned so far:
    ID      Pos       start    finish    delay
    ----------------------------------------
    R8      P2        10.34     16.84     0.00
    R3      P1         0.00     19.65     0.00
    R4      P5         0.00     26.60     0.00
    R15     P3        26.60     43.35     0.00
    R9      P1        29.65     47.12     0.00
    R7      P4        26.60     50.36     0.00
    R5      P2        26.84     54.23     0.00
    R27     P3        53.35     74.45     0.00
    R23     P1        57.12     77.54     0.00
    R20     P2        64.23     85.93     0.00
    R21     P5        50.36     77.84     0.00
    R28     P5        87.84    110.48     0.00
    R2      P1        87.54    116.58     0.00
    R24     P2        95.93    118.07     0.00
    R12     P5       120.48    151.76     0.00
    R18     P1       126.58    158.53     0.00
    R13     P2       128.07    159.57     0.00
    R30     P5       161.76    195.88     0.00
    R25     P1       168.53    205.21     9.09
    R19     P3       120.48    145.85     0.00
    R29     P2       169.57    210.94     9.46
    R22     P4       161.76    195.16     3.23
    R26     P3       195.88    233.82    38.31
    R17     P5       233.82    266.01    78.29
    R14     P1       215.21    251.75    63.87
    R16     P2       220.94    257.04    72.88

========================================================================
  STEP 27/30
========================================================================

  Pair evaluation  (20 pairs):
    Rank   ID      Pos     t_start   t_finish    delay      gap   blocking      score    weight     P(%)   cum(%)
    ---------------------------------------------------------------------------------------------------------
    [ 0]  R6      P1       261.75     294.45   117.06    10.00       none     147.51    1.0000   40.00%   40.00%
    [ 1]  R6      P2       267.04     299.74   122.35    10.00       none     153.33    0.6000   24.00%   64.00%
    [ 2]  R6      P3       266.01     298.71   121.32    32.19       none     154.41    0.3600   14.40%   78.40%
    [ 3]  R10     P4       233.82     263.87   126.13    38.66       none     156.38    0.2160    8.64%   87.04%
    [ 4]  R6      P4       266.01     298.71   121.32    70.85       none     158.28    0.1296    5.18%   92.23%
    [ 5]  R1      P4       233.82     260.44   131.06    38.66       none     160.97    0.0778    3.11%   95.34%
    [ 6]  R6      P5       276.01     308.71   131.32    10.00       none     163.19    0.0467    1.87%   97.20%
    [ 7]  R10     P1       261.75     291.80   154.06    10.00       none     184.24    0.0280    1.12%   98.32%
    [ 8]  R11     P1       261.75     297.14   154.03    10.00       none     184.75    0.0168    0.67%   99.00%
    [ 9]  R1      P1       261.75     288.37   158.99    10.00       none     188.83    0.0101    0.40%   99.40%
    [10]  R10     P2       267.04     297.09   159.35    10.00       none     190.06    0.0060    0.24%   99.64%
    [11]  R11     P2       267.04     302.43   159.32    10.00       none     190.57    0.0036    0.15%   99.79%
    [12]  R10     P3       266.01     296.06   158.32    32.19       none     191.14    0.0022    0.09%   99.87%
    [13]  R11     P3       266.01     301.40   158.29    32.19       none     191.65    0.0013    0.05%   99.93%
    [14]  R1      P2       267.04     293.66   164.28    10.00       none     194.65    0.0008    0.03%   99.96%
    [15]  R11     P4       266.01     301.40   158.29    70.85       none     195.52    0.0005    0.02%   99.98%
    [16]  R1      P3       266.01     292.63   163.25    32.19       none     195.73    0.0003    0.01%   99.99%
    [17]  R10     P5       276.01     306.06   168.32    10.00       none     199.92    0.0002    0.01%   99.99%
    [18]  R11     P5       276.01     311.40   168.29    10.00       none     200.43    0.0001    0.00%  100.00%
    [19]  R1      P5       276.01     302.63   173.25    10.00       none     204.51    0.0001    0.00%  100.00%
    draw=1.8379  →  (R6, P3) (rank 2) selected
  start-time compare  R6 → P3:  t_imm=243.82 cost=166.79 (2 new movs)  vs  t_nob=266.01 cost=151.19

  Assignment: R6 → P3  [266.01 → 298.71]  delay=121.32
    J6-1       [266.01 → 274.28]
    J6-2       [274.28 → 281.33]
    J6-3       [281.33 → 289.69]
    J6-4       [289.69 → 298.71]

  Assigned so far:
    ID      Pos       start    finish    delay
    ----------------------------------------
    R8      P2        10.34     16.84     0.00
    R3      P1         0.00     19.65     0.00
    R4      P5         0.00     26.60     0.00
    R15     P3        26.60     43.35     0.00
    R9      P1        29.65     47.12     0.00
    R7      P4        26.60     50.36     0.00
    R5      P2        26.84     54.23     0.00
    R27     P3        53.35     74.45     0.00
    R23     P1        57.12     77.54     0.00
    R20     P2        64.23     85.93     0.00
    R21     P5        50.36     77.84     0.00
    R28     P5        87.84    110.48     0.00
    R2      P1        87.54    116.58     0.00
    R24     P2        95.93    118.07     0.00
    R12     P5       120.48    151.76     0.00
    R18     P1       126.58    158.53     0.00
    R13     P2       128.07    159.57     0.00
    R30     P5       161.76    195.88     0.00
    R25     P1       168.53    205.21     9.09
    R19     P3       120.48    145.85     0.00
    R29     P2       169.57    210.94     9.46
    R22     P4       161.76    195.16     3.23
    R26     P3       195.88    233.82    38.31
    R17     P5       233.82    266.01    78.29
    R14     P1       215.21    251.75    63.87
    R16     P2       220.94    257.04    72.88
    R6      P3       266.01    298.71   121.32

========================================================================
  STEP 28/30
========================================================================

  Pair evaluation  (15 pairs):
    Rank   ID      Pos     t_start   t_finish    delay      gap   blocking      score    weight     P(%)   cum(%)
    ---------------------------------------------------------------------------------------------------------
    [ 0]  R10     P4       233.82     263.87   126.13    38.66       none     156.38    1.0000   40.02%   40.02%
    [ 1]  R1      P4       233.82     260.44   131.06    38.66       none     160.97    0.6000   24.01%   64.03%
    [ 2]  R10     P1       261.75     291.80   154.06    10.00       none     184.24    0.3600   14.41%   78.44%
    [ 3]  R11     P1       261.75     297.14   154.03    10.00       none     184.75    0.2160    8.64%   87.08%
    [ 4]  R1      P1       261.75     288.37   158.99    10.00       none     188.83    0.1296    5.19%   92.27%
    [ 5]  R10     P2       267.04     297.09   159.35    10.00       none     190.06    0.0778    3.11%   95.38%
    [ 6]  R11     P2       267.04     302.43   159.32    10.00       none     190.57    0.0467    1.87%   97.25%
    [ 7]  R1      P2       267.04     293.66   164.28    10.00       none     194.65    0.0280    1.12%   98.37%
    [ 8]  R11     P4       266.01     301.40   158.29    70.85       none     195.52    0.0168    0.67%   99.04%
    [ 9]  R10     P5       298.71     328.76   191.02    32.70       none     227.16    0.0101    0.40%   99.44%
    [10]  R11     P5       298.71     334.10   190.99    32.70       none     227.67    0.0060    0.24%   99.68%
    [11]  R1      P5       298.71     325.33   195.95    32.70       none     231.75    0.0036    0.15%   99.83%
    [12]  R10     P3       308.71     338.76   201.02    10.00       none     235.89    0.0022    0.09%   99.92%
    [13]  R11     P3       308.71     344.10   200.99    10.00       none     236.40    0.0013    0.05%   99.97%
    [14]  R1      P3       308.71     335.33   205.95    10.00       none     240.48    0.0008    0.03%  100.00%
    draw=1.9782  →  (R11, P1) (rank 3) selected

  Assignment: R11 → P1  [261.75 → 297.14]  delay=154.03
    J11-1      [261.75 → 275.86]
    J11-2      [275.86 → 286.48]
    J11-3      [286.48 → 297.14]

  Assigned so far:
    ID      Pos       start    finish    delay
    ----------------------------------------
    R8      P2        10.34     16.84     0.00
    R3      P1         0.00     19.65     0.00
    R4      P5         0.00     26.60     0.00
    R15     P3        26.60     43.35     0.00
    R9      P1        29.65     47.12     0.00
    R7      P4        26.60     50.36     0.00
    R5      P2        26.84     54.23     0.00
    R27     P3        53.35     74.45     0.00
    R23     P1        57.12     77.54     0.00
    R20     P2        64.23     85.93     0.00
    R21     P5        50.36     77.84     0.00
    R28     P5        87.84    110.48     0.00
    R2      P1        87.54    116.58     0.00
    R24     P2        95.93    118.07     0.00
    R12     P5       120.48    151.76     0.00
    R18     P1       126.58    158.53     0.00
    R13     P2       128.07    159.57     0.00
    R30     P5       161.76    195.88     0.00
    R25     P1       168.53    205.21     9.09
    R19     P3       120.48    145.85     0.00
    R29     P2       169.57    210.94     9.46
    R22     P4       161.76    195.16     3.23
    R26     P3       195.88    233.82    38.31
    R17     P5       233.82    266.01    78.29
    R14     P1       215.21    251.75    63.87
    R16     P2       220.94    257.04    72.88
    R6      P3       266.01    298.71   121.32
    R11     P1       261.75    297.14   154.03

========================================================================
  STEP 29/30
========================================================================

  Pair evaluation  (10 pairs):
    Rank   ID      Pos     t_start   t_finish    delay      gap   blocking      score    weight     P(%)   cum(%)
    ---------------------------------------------------------------------------------------------------------
    [ 0]  R10     P4       233.82     263.87   126.13    38.66       none     156.38    1.0000   40.24%   40.24%
    [ 1]  R1      P4       233.82     260.44   131.06    38.66       none     160.97    0.6000   24.15%   64.39%
    [ 2]  R10     P2       267.04     297.09   159.35    10.00       none     190.06    0.3600   14.49%   78.88%
    [ 3]  R1      P2       267.04     293.66   164.28    10.00       none     194.65    0.2160    8.69%   87.57%
    [ 4]  R10     P5       298.71     328.76   191.02    32.70       none     227.16    0.1296    5.22%   92.79%
    [ 5]  R1      P5       298.71     325.33   195.95    32.70       none     231.75    0.0778    3.13%   95.91%
    [ 6]  R10     P1       307.14     337.19   199.45    10.00       none     234.17    0.0467    1.88%   97.79%
    [ 7]  R10     P3       308.71     338.76   201.02    10.00       none     235.89    0.0280    1.13%   98.92%
    [ 8]  R1      P1       307.14     333.76   204.38    10.00       none     238.76    0.0168    0.68%   99.59%
    [ 9]  R1      P3       308.71     335.33   205.95    10.00       none     240.48    0.0101    0.41%  100.00%
    draw=0.2060  →  (R10, P4) (rank 0) selected
  start-time compare  R10 → P4:  t_imm=205.16 cost=200.99 (4 new movs)  vs  t_nob=233.82 cost=152.51

  Assignment: R10 → P4  [233.82 → 263.87]  delay=126.13
    J10-1      [233.82 → 243.36]
    J10-2      [243.36 → 257.65]
    J10-3      [257.65 → 263.87]

  Assigned so far:
    ID      Pos       start    finish    delay
    ----------------------------------------
    R8      P2        10.34     16.84     0.00
    R3      P1         0.00     19.65     0.00
    R4      P5         0.00     26.60     0.00
    R15     P3        26.60     43.35     0.00
    R9      P1        29.65     47.12     0.00
    R7      P4        26.60     50.36     0.00
    R5      P2        26.84     54.23     0.00
    R27     P3        53.35     74.45     0.00
    R23     P1        57.12     77.54     0.00
    R20     P2        64.23     85.93     0.00
    R21     P5        50.36     77.84     0.00
    R28     P5        87.84    110.48     0.00
    R2      P1        87.54    116.58     0.00
    R24     P2        95.93    118.07     0.00
    R12     P5       120.48    151.76     0.00
    R18     P1       126.58    158.53     0.00
    R13     P2       128.07    159.57     0.00
    R30     P5       161.76    195.88     0.00
    R25     P1       168.53    205.21     9.09
    R19     P3       120.48    145.85     0.00
    R29     P2       169.57    210.94     9.46
    R22     P4       161.76    195.16     3.23
    R26     P3       195.88    233.82    38.31
    R17     P5       233.82    266.01    78.29
    R14     P1       215.21    251.75    63.87
    R16     P2       220.94    257.04    72.88
    R6      P3       266.01    298.71   121.32
    R11     P1       261.75    297.14   154.03
    R10     P4       233.82    263.87   126.13

========================================================================
  STEP 30/30
========================================================================

  Pair evaluation  (5 pairs):
    Rank   ID      Pos     t_start   t_finish    delay      gap   blocking      score    weight     P(%)   cum(%)
    ---------------------------------------------------------------------------------------------------------
    [ 0]  R1      P2       267.04     293.66   164.28    10.00       none     194.65    1.0000   43.37%   43.37%
    [ 1]  R1      P5       298.71     325.33   195.95    32.70       none     231.75    0.6000   26.02%   69.40%
    [ 2]  R1      P4       298.71     325.33   195.95    34.84       none     231.97    0.3600   15.61%   85.01%
    [ 3]  R1      P1       307.14     333.76   204.38    10.00       none     238.76    0.2160    9.37%   94.38%
    [ 4]  R1      P3       308.71     335.33   205.95    10.00       none     240.48    0.1296    5.62%  100.00%
    draw=0.5672  →  (R1, P2) (rank 0) selected

  Assignment: R1 → P2  [267.04 → 293.66]  delay=164.28
    J1-1       [267.04 → 278.09]
    J1-2       [278.09 → 287.92]
    J1-3       [287.92 → 293.66]

  Assigned so far:
    ID      Pos       start    finish    delay
    ----------------------------------------
    R8      P2        10.34     16.84     0.00
    R3      P1         0.00     19.65     0.00
    R4      P5         0.00     26.60     0.00
    R15     P3        26.60     43.35     0.00
    R9      P1        29.65     47.12     0.00
    R7      P4        26.60     50.36     0.00
    R5      P2        26.84     54.23     0.00
    R27     P3        53.35     74.45     0.00
    R23     P1        57.12     77.54     0.00
    R20     P2        64.23     85.93     0.00
    R21     P5        50.36     77.84     0.00
    R28     P5        87.84    110.48     0.00
    R2      P1        87.54    116.58     0.00
    R24     P2        95.93    118.07     0.00
    R12     P5       120.48    151.76     0.00
    R18     P1       126.58    158.53     0.00
    R13     P2       128.07    159.57     0.00
    R30     P5       161.76    195.88     0.00
    R25     P1       168.53    205.21     9.09
    R19     P3       120.48    145.85     0.00
    R29     P2       169.57    210.94     9.46
    R22     P4       161.76    195.16     3.23
    R26     P3       195.88    233.82    38.31
    R17     P5       233.82    266.01    78.29
    R14     P1       215.21    251.75    63.87
    R16     P2       220.94    257.04    72.88
    R6      P3       266.01    298.71   121.32
    R11     P1       261.75    297.14   154.03
    R10     P4       233.82    263.87   126.13
    R1      P2       267.04    293.66   164.28

========================================================================
  Iteration result:  makespan=298.71  movements=0  delay=840.88
========================================================================

========================================================================
  Local search start  obj=870.75
========================================================================
  LS move: R20  P2 → P4  obj 870.75 → 847.86
  LS move: R8  P2 → P3  obj 847.86 → 812.58
  LS move: R3  P1 → P2  obj 812.58 → 783.88
  LS move: R3  P2 → P3  obj 783.88 → 752.81
  LS move: R3  P3 → P4  obj 752.81 → 724.58
  LS move: R23  P1 → P2  obj 724.58 → 716.22
  LS move: R5  P2 → P1  obj 716.22 → 684.58
  LS move: R28  P5 → P2  obj 684.58 → 630.47
  LS move: R11  P1 → P5  obj 630.47 → 630.23
  LS move: R28  P2 → P4  obj 630.23 → 627.39
  LS move: R30  P5 → P1  obj 627.39 → 610.90
  LS move: R30  P1 → P2  obj 610.90 → 602.64
  LS move: R13  P2 → P1  obj 602.64 → 570.98
  LS move: R9  P1 → P2  obj 570.98 → 557.54
  LS move: R6  P3 → P1  obj 557.54 → 552.93
  LS move: R9  P2 → P3  obj 552.93 → 523.51
  LS move: R8  P3 → P4  obj 523.51 → 502.96
  LS move: R5  P1 → P5  obj 502.96 → 461.95
  LS move: R27  P3 → P2  obj 461.95 → 443.01
  LS 2-opt swap: R5 P5<->P1 R6  obj 443.01 -> 432.39
  LS 2-opt swap: R5 P1<->P2 R16  obj 432.39 -> 431.52
  LS 2-opt swap: R21 P5<->P1 R18  obj 431.52 -> 427.05
  LS 2-opt swap: R5 P2<->P1 R21  obj 427.05 -> 407.42
  LS 2-opt swap: R20 P4<->P2 R21  obj 407.42 -> 388.37
  LS move: R24  P2 → P3  obj 388.37 → 384.49
  LS move: R15  P3 → P2  obj 384.49 → 327.26
  LS 2-opt swap: R2 P1<->P2 R1  obj 327.26 -> 326.04
  LS 2-opt swap: R18 P5<->P1 R14  obj 326.04 -> 310.44
  Local search end    obj=310.44

────────────────────────────────────────────────────────────────────────
  Iteration history
────────────────────────────────────────────────────────────────────────
      Iter   Time(s)           Obj    Makespan       Delay    Mov
  ------------------------------------------------------------
         1      0.00        647.47      311.99      616.27      0  *
         2      1.90        359.98      249.36      335.04      0  *
         3     46.09        310.44      246.92      245.75      4  *
  ------------------------------------------------------------
