========================================================================
  ConstructiveHeuristic — unknown
========================================================================
  alpha=0.4  time_limit=60s  seed=None  min_sep=10.0
  weights: makespan=0.1  delay=1.0  movements=10

  Instance: 5 aircraft  5 positions  3 blocking arcs
  Blocking arcs: P3→P4  P3→P5  P4→P5

────────────────────────────────────────────────────────────────────────
  Best construction detail  (iter 1  obj=3.1220)
────────────────────────────────────────────────────────────────────────
Blocking arcs: P3→P4  P3→P5  P4→P5

Aircraft initial ranking (target_finish ASC, total_duration ASC):
  Rank   ID       earliest     target    duration
  ----------------------------------------------
  [ 0]  R1           0.00      36.54       23.45
  [ 1]  R2           0.00      44.47       18.81
  [ 2]  R3           0.00      48.88       31.22
  [ 3]  R4           0.00      53.32       20.97
  [ 4]  R5           0.00      60.06       25.85

========================================================================
  STEP 1/5
========================================================================

  Pair evaluation  (25 pairs):
    Rank   ID      Pos     t_start   t_finish    delay      gap   blocking      score    weight     P(%)   cum(%)
    ---------------------------------------------------------------------------------------------------------
    [ 0]  R2      P1         0.00      18.81     0.00     0.00       none       1.88    1.0000   40.00%   40.00%
    [ 1]  R2      P2         0.00      18.81     0.00     0.00       none       1.88    0.6000   24.00%   64.00%
    [ 2]  R2      P3         0.00      18.81     0.00     0.00       none       1.88    0.3600   14.40%   78.40%
    [ 3]  R2      P4         0.00      18.81     0.00     0.00       none       1.88    0.2160    8.64%   87.04%
    [ 4]  R2      P5         0.00      18.81     0.00     0.00       none       1.88    0.1296    5.18%   92.22%
    [ 5]  R4      P1         0.00      20.97     0.00     0.00       none       2.10    0.0778    3.11%   95.33%
    [ 6]  R4      P2         0.00      20.97     0.00     0.00       none       2.10    0.0467    1.87%   97.20%
    [ 7]  R4      P3         0.00      20.97     0.00     0.00       none       2.10    0.0280    1.12%   98.32%
    [ 8]  R4      P4         0.00      20.97     0.00     0.00       none       2.10    0.0168    0.67%   98.99%
    [ 9]  R4      P5         0.00      20.97     0.00     0.00       none       2.10    0.0101    0.40%   99.40%
    [10]  R1      P1         0.00      23.45     0.00     0.00       none       2.35    0.0060    0.24%   99.64%
    [11]  R1      P2         0.00      23.45     0.00     0.00       none       2.35    0.0036    0.15%   99.78%
    [12]  R1      P3         0.00      23.45     0.00     0.00       none       2.35    0.0022    0.09%   99.87%
    [13]  R1      P4         0.00      23.45     0.00     0.00       none       2.35    0.0013    0.05%   99.92%
    [14]  R1      P5         0.00      23.45     0.00     0.00       none       2.35    0.0008    0.03%   99.95%
    [15]  R5      P1         0.00      25.85     0.00     0.00       none       2.59    0.0005    0.02%   99.97%
    [16]  R5      P2         0.00      25.85     0.00     0.00       none       2.59    0.0003    0.01%   99.98%
    [17]  R5      P3         0.00      25.85     0.00     0.00       none       2.59    0.0002    0.01%   99.99%
    [18]  R5      P4         0.00      25.85     0.00     0.00       none       2.59    0.0001    0.00%   99.99%
    [19]  R5      P5         0.00      25.85     0.00     0.00       none       2.59    0.0001    0.00%  100.00%
    [20]  R3      P1         0.00      31.22     0.00     0.00       none       3.12    0.0000    0.00%  100.00%
    [21]  R3      P2         0.00      31.22     0.00     0.00       none       3.12    0.0000    0.00%  100.00%
    [22]  R3      P3         0.00      31.22     0.00     0.00       none       3.12    0.0000    0.00%  100.00%
    [23]  R3      P4         0.00      31.22     0.00     0.00       none       3.12    0.0000    0.00%  100.00%
    [24]  R3      P5         0.00      31.22     0.00     0.00       none       3.12    0.0000    0.00%  100.00%
    draw=0.2607  →  (R2, P1) (rank 0) selected

  Assignment: R2 → P1  [0.00 → 18.81]  delay=0.00
    J2-1       [0.00 → 6.09]
    J2-2       [6.09 → 18.81]

  Assigned so far:
    ID      Pos       start    finish    delay
    ----------------------------------------
    R2      P1         0.00     18.81     0.00

========================================================================
  STEP 2/5
========================================================================

  Pair evaluation  (20 pairs):
    Rank   ID      Pos     t_start   t_finish    delay      gap   blocking      score    weight     P(%)   cum(%)
    ---------------------------------------------------------------------------------------------------------
    [ 0]  R4      P2         0.00      20.97     0.00     0.00       none       2.10    1.0000   40.00%   40.00%
    [ 1]  R4      P3         0.00      20.97     0.00     0.00       none       2.10    0.6000   24.00%   64.00%
    [ 2]  R4      P4         0.00      20.97     0.00     0.00       none       2.10    0.3600   14.40%   78.40%
    [ 3]  R4      P5         0.00      20.97     0.00     0.00       none       2.10    0.2160    8.64%   87.04%
    [ 4]  R1      P2         0.00      23.45     0.00     0.00       none       2.35    0.1296    5.18%   92.23%
    [ 5]  R1      P3         0.00      23.45     0.00     0.00       none       2.35    0.0778    3.11%   95.34%
    [ 6]  R1      P4         0.00      23.45     0.00     0.00       none       2.35    0.0467    1.87%   97.20%
    [ 7]  R1      P5         0.00      23.45     0.00     0.00       none       2.35    0.0280    1.12%   98.32%
    [ 8]  R5      P2         0.00      25.85     0.00     0.00       none       2.59    0.0168    0.67%   99.00%
    [ 9]  R5      P3         0.00      25.85     0.00     0.00       none       2.59    0.0101    0.40%   99.40%
    [10]  R5      P4         0.00      25.85     0.00     0.00       none       2.59    0.0060    0.24%   99.64%
    [11]  R5      P5         0.00      25.85     0.00     0.00       none       2.59    0.0036    0.15%   99.79%
    [12]  R3      P2         0.00      31.22     0.00     0.00       none       3.12    0.0022    0.09%   99.87%
    [13]  R3      P3         0.00      31.22     0.00     0.00       none       3.12    0.0013    0.05%   99.93%
    [14]  R3      P4         0.00      31.22     0.00     0.00       none       3.12    0.0008    0.03%   99.96%
    [15]  R3      P5         0.00      31.22     0.00     0.00       none       3.12    0.0005    0.02%   99.98%
    [16]  R4      P1        28.81      49.78     0.00    10.00       none       5.98    0.0003    0.01%   99.99%
    [17]  R5      P1        28.81      54.66     0.00    10.00       none       6.47    0.0002    0.01%   99.99%
    [18]  R3      P1        28.81      60.03    11.15    10.00       none      18.15    0.0001    0.00%  100.00%
    [19]  R1      P1        28.81      52.26    15.72    10.00       none      21.94    0.0001    0.00%  100.00%
    draw=0.4587  →  (R4, P2) (rank 0) selected

  Assignment: R4 → P2  [0.00 → 20.97]  delay=0.00
    J4-1       [0.00 → 10.88]
    J4-2       [10.88 → 20.97]

  Assigned so far:
    ID      Pos       start    finish    delay
    ----------------------------------------
    R2      P1         0.00     18.81     0.00
    R4      P2         0.00     20.97     0.00

========================================================================
  STEP 3/5
========================================================================

  Pair evaluation  (15 pairs):
    Rank   ID      Pos     t_start   t_finish    delay      gap   blocking      score    weight     P(%)   cum(%)
    ---------------------------------------------------------------------------------------------------------
    [ 0]  R1      P3         0.00      23.45     0.00     0.00       none       2.35    1.0000   40.02%   40.02%
    [ 1]  R1      P4         0.00      23.45     0.00     0.00       none       2.35    0.6000   24.01%   64.03%
    [ 2]  R1      P5         0.00      23.45     0.00     0.00       none       2.35    0.3600   14.41%   78.44%
    [ 3]  R5      P3         0.00      25.85     0.00     0.00       none       2.59    0.2160    8.64%   87.08%
    [ 4]  R5      P4         0.00      25.85     0.00     0.00       none       2.59    0.1296    5.19%   92.27%
    [ 5]  R5      P5         0.00      25.85     0.00     0.00       none       2.59    0.0778    3.11%   95.38%
    [ 6]  R3      P3         0.00      31.22     0.00     0.00       none       3.12    0.0467    1.87%   97.25%
    [ 7]  R3      P4         0.00      31.22     0.00     0.00       none       3.12    0.0280    1.12%   98.37%
    [ 8]  R3      P5         0.00      31.22     0.00     0.00       none       3.12    0.0168    0.67%   99.04%
    [ 9]  R5      P1        28.81      54.66     0.00    10.00       none       6.47    0.0101    0.40%   99.44%
    [10]  R5      P2        30.97      56.82     0.00    10.00       none       6.68    0.0060    0.24%   99.68%
    [11]  R3      P1        28.81      60.03    11.15    10.00       none      18.15    0.0036    0.15%   99.83%
    [12]  R3      P2        30.97      62.19    13.31    10.00       none      20.53    0.0022    0.09%   99.92%
    [13]  R1      P1        28.81      52.26    15.72    10.00       none      21.94    0.0013    0.05%   99.97%
    [14]  R1      P2        30.97      54.42    17.88    10.00       none      24.32    0.0008    0.03%  100.00%
    draw=0.9147  →  (R1, P3) (rank 0) selected

  Assignment: R1 → P3  [0.00 → 23.45]  delay=0.00
    J1-1       [0.00 → 12.46]
    J1-2       [12.46 → 23.45]

  Assigned so far:
    ID      Pos       start    finish    delay
    ----------------------------------------
    R2      P1         0.00     18.81     0.00
    R4      P2         0.00     20.97     0.00
    R1      P3         0.00     23.45     0.00

========================================================================
  STEP 4/5
========================================================================

  Pair evaluation  (10 pairs):
    Rank   ID      Pos     t_start   t_finish    delay      gap   blocking      score    weight     P(%)   cum(%)
    ---------------------------------------------------------------------------------------------------------
    [ 0]  R5      P4         0.00      25.85     0.00     0.00       none       2.59    1.0000   40.24%   40.24%
    [ 1]  R5      P5         0.00      25.85     0.00     0.00       none       2.59    0.6000   24.15%   64.39%
    [ 2]  R3      P4         0.00      31.22     0.00     0.00       none       3.12    0.3600   14.49%   78.88%
    [ 3]  R3      P5         0.00      31.22     0.00     0.00       none       3.12    0.2160    8.69%   87.57%
    [ 4]  R5      P1        28.81      54.66     0.00    10.00       none       6.47    0.1296    5.22%   92.79%
    [ 5]  R5      P2        30.97      56.82     0.00    10.00       none       6.68    0.0778    3.13%   95.91%
    [ 6]  R5      P3        33.45      59.30     0.00    10.00       none       6.93    0.0467    1.88%   97.79%
    [ 7]  R3      P1        28.81      60.03    11.15    10.00       none      18.15    0.0280    1.13%   98.92%
    [ 8]  R3      P2        30.97      62.19    13.31    10.00       none      20.53    0.0168    0.68%   99.59%
    [ 9]  R3      P3        33.45      64.67    15.79    10.00       none      23.26    0.0101    0.41%  100.00%
    draw=0.3121  →  (R5, P4) (rank 0) selected

  Assignment: R5 → P4  [0.00 → 25.85]  delay=0.00
    J5-1       [0.00 → 7.79]
    J5-2       [7.79 → 17.30]
    J5-3       [17.30 → 25.85]

  Assigned so far:
    ID      Pos       start    finish    delay
    ----------------------------------------
    R2      P1         0.00     18.81     0.00
    R4      P2         0.00     20.97     0.00
    R1      P3         0.00     23.45     0.00
    R5      P4         0.00     25.85     0.00

========================================================================
  STEP 5/5
========================================================================

  Pair evaluation  (5 pairs):
    Rank   ID      Pos     t_start   t_finish    delay      gap   blocking      score    weight     P(%)   cum(%)
    ---------------------------------------------------------------------------------------------------------
    [ 0]  R3      P5         0.00      31.22     0.00     0.00       none       3.12    1.0000   43.37%   43.37%
    [ 1]  R3      P1        28.81      60.03    11.15    10.00       none      18.15    0.6000   26.02%   69.40%
    [ 2]  R3      P2        30.97      62.19    13.31    10.00       none      20.53    0.3600   15.61%   85.01%
    [ 3]  R3      P3        33.45      64.67    15.79    10.00       none      23.26    0.2160    9.37%   94.38%
    [ 4]  R3      P4        35.85      67.07    18.19    10.00       none      25.90    0.1296    5.62%  100.00%
    draw=0.2713  →  (R3, P5) (rank 0) selected

  Assignment: R3 → P5  [0.00 → 31.22]  delay=0.00
    J3-1       [0.00 → 8.39]
    J3-2       [8.39 → 20.13]
    J3-3       [20.13 → 31.22]

  Assigned so far:
    ID      Pos       start    finish    delay
    ----------------------------------------
    R2      P1         0.00     18.81     0.00
    R4      P2         0.00     20.97     0.00
    R1      P3         0.00     23.45     0.00
    R5      P4         0.00     25.85     0.00
    R3      P5         0.00     31.22     0.00

========================================================================
  Iteration result:  makespan=31.22  movements=0  delay=0.00
========================================================================

========================================================================
  Local search start  obj=3.12
========================================================================
  Local search end    obj=3.12

────────────────────────────────────────────────────────────────────────
  Iteration history
────────────────────────────────────────────────────────────────────────
      Iter   Time(s)           Obj    Makespan       Delay    Mov
  ------------------------------------------------------------
         1      0.00          3.12       31.22        0.00      0  *
         2      0.01          4.98       49.78        0.00      0
         3      0.01          5.47       54.66        0.00      0
         4      0.01          3.12       31.22        0.00      0
         5      0.02          4.98       49.78        0.00      0
         6      0.03          3.12       31.22        0.00      0
         7      0.03          4.44       44.42        0.00      0
         8      0.04          3.12       31.22        0.00      0
         9      0.04          3.12       31.22        0.00      0
        10      0.05          4.98       49.78        0.00      0
        11      0.06          3.12       31.22        0.00      0
        12      0.06          5.93       59.30        0.00      0
        13      0.06          3.12       31.22        0.00      0
        14      0.07          4.98       49.78        0.00      0
        15      0.07          5.93       59.30        0.00      0
        16      0.08          3.12       31.22        0.00      0
        17      0.08          5.93       59.30        0.00      0
        18      0.09          3.12       31.22        0.00      0
        19      0.10          4.98       49.78        0.00      0
        20      0.10          3.12       31.22        0.00      0
        21      0.11          3.12       31.22        0.00      0
        22      0.11          3.12       31.22        0.00      0
        23      0.12          4.98       49.78        0.00      0
        24      0.12          5.93       59.30        0.00      0
        25      0.13          3.12       31.22        0.00      0
        26      0.13          4.98       49.78        0.00      0
        27      0.14          3.12       31.22        0.00      0
        28      0.14          4.98       49.78        0.00      0
        29      0.15          3.12       31.22        0.00      0
        30      0.15          5.93       59.30        0.00      0
        31      0.16          4.98       49.78        0.00      0
        32      0.16          3.12       31.22        0.00      0
        33      0.17          4.98       49.78        0.00      0
        34      0.18          4.98       49.78        0.00      0
        35      0.18          4.98       49.78        0.00      0
        36      0.19          3.12       31.22        0.00      0
        37      0.19          3.12       31.22        0.00      0
        38      0.20          4.98       49.78        0.00      0
        39      0.20          5.93       59.30        0.00      0
        40      0.21          3.12       31.22        0.00      0
        41      0.21          4.98       49.78        0.00      0
        42      0.21          4.98       49.78        0.00      0
        43      0.22          4.98       49.78        0.00      0
        44      0.22          3.12       31.22        0.00      0
        45      0.23          4.98       49.78        0.00      0
        46      0.23          3.12       31.22        0.00      0
        47      0.23          5.93       59.30        0.00      0
        48      0.24          3.12       31.22        0.00      0
        49      0.24          5.93       59.30        0.00      0
        50      0.25          4.98       49.78        0.00      0
        51      0.25          4.98       49.78        0.00      0
        52      0.26          3.12       31.22        0.00      0
        53      0.26          3.12       31.22        0.00      0
        54      0.27          3.12       31.22        0.00      0
        55      0.27          5.68       56.82        0.00      0
        56      0.28          4.98       49.78        0.00      0
        57      0.28          4.98       49.78        0.00      0
        58      0.28          5.93       59.30        0.00      0
        59      0.29          4.98       49.78        0.00      0
        60      0.29          3.12       31.22        0.00      0
        61      0.30          3.12       31.22        0.00      0
        62      0.30          3.12       31.22        0.00      0
        63      0.31          4.98       49.78        0.00      0
        64      0.32          3.12       31.22        0.00      0
        65      0.32          3.12       31.22        0.00      0
        66      0.33          4.98       49.78        0.00      0
        67      0.33          3.12       31.22        0.00      0
        68      0.34          3.12       31.22        0.00      0
        69      0.35          4.98       49.78        0.00      0
        70      0.35          4.98       49.78        0.00      0
        71      0.35          3.12       31.22        0.00      0
        72      0.36          4.98       49.78        0.00      0
        73      0.36          4.98       49.78        0.00      0
        74      0.37          3.12       31.22        0.00      0
        75      0.37          3.12       31.22        0.00      0
        76      0.37          3.12       31.22        0.00      0
        77      0.38          4.98       49.78        0.00      0
        78      0.38          3.12       31.22        0.00      0
        79      0.38          5.93       59.30        0.00      0
        80      0.39          4.98       49.78        0.00      0
        81      0.39          4.98       49.78        0.00      0
        82      0.40          4.98       49.78        0.00      0
        83      0.40          3.12       31.22        0.00      0
        84      0.41          3.12       31.22        0.00      0
        85      0.41          4.98       49.78        0.00      0
        86      0.42          3.12       31.22        0.00      0
        87      0.42          5.93       59.30        0.00      0
        88      0.43          3.12       31.22        0.00      0
        89      0.43          4.98       49.78        0.00      0
        90      0.44          3.12       31.22        0.00      0
        91      0.44          4.98       49.78        0.00      0
        92      0.44          4.98       49.78        0.00      0
        93      0.45          3.12       31.22        0.00      0
        94      0.45          5.93       59.30        0.00      0
        95      0.46          3.12       31.22        0.00      0
        96      0.46          3.12       31.22        0.00      0
        97      0.47          3.12       31.22        0.00      0
        98      0.47          3.12       31.22        0.00      0
        99      0.48          4.98       49.78        0.00      0
       100      0.48          3.12       31.22        0.00      0
       101      0.48          4.98       49.78        0.00      0
       102      0.49          5.93       59.30        0.00      0
       103      0.49          4.98       49.78        0.00      0
       104      0.50          3.12       31.22        0.00      0
       105      0.50          3.12       31.22        0.00      0
       106      0.51          5.93       59.30        0.00      0
       107      0.52          4.98       49.78        0.00      0
       108      0.52          3.12       31.22        0.00      0
       109      0.54          5.93       59.30        0.00      0
       110      0.54          3.12       31.22        0.00      0
       111      0.54          4.98       49.78        0.00      0
       112      0.56          3.12       31.22        0.00      0
       113      0.56          3.12       31.22        0.00      0
       114      0.57          3.12       31.22        0.00      0
       115      0.58          4.68       46.82        0.00      0
       116      0.58          5.93       59.30        0.00      0
       117      0.59          3.12       31.22        0.00      0
       118      0.59          5.93       59.30        0.00      0
       119      0.60          3.12       31.22        0.00      0
       120      0.60          3.12       31.22        0.00      0
       121      0.61          3.12       31.22        0.00      0
       122      0.61          4.98       49.78        0.00      0
       123      0.62          3.12       31.22        0.00      0
       124      0.63          3.12       31.22        0.00      0
       125      0.64          3.12       31.22        0.00      0
       126      0.64          4.98       49.78        0.00      0
       127      0.65          5.93       59.30        0.00      0
       128      0.65          3.12       31.22        0.00      0
       129      0.66          3.12       31.22        0.00      0
       130      0.66          4.98       49.78        0.00      0
       131      0.67          3.12       31.22        0.00      0
       132      0.67          3.12       31.22        0.00      0
       133      0.68          4.98       49.78        0.00      0
       134      0.68          3.12       31.22        0.00      0
       135      0.69          4.98       49.78        0.00      0
       136      0.69          3.12       31.22        0.00      0
       137      0.70          3.12       31.22        0.00      0
       138      0.71          3.12       31.22        0.00      0
       139      0.71          3.12       31.22        0.00      0
       140      0.71          3.12       31.22        0.00      0
       141      0.72          3.12       31.22        0.00      0
       142      0.72          3.12       31.22        0.00      0
       143      0.73          5.93       59.30        0.00      0
       144      0.73          4.98       49.78        0.00      0
       145      0.74          4.98       49.78        0.00      0
       146      0.74          3.12       31.22        0.00      0
       147      0.74          3.12       31.22        0.00      0
       148      0.75          3.12       31.22        0.00      0
       149      0.76          3.12       31.22        0.00      0
       150      0.76          4.98       49.78        0.00      0
       151      0.77          4.98       49.78        0.00      0
       152      0.77          5.93       59.30        0.00      0
       153      0.78          3.12       31.22        0.00      0
       154      0.78          3.12       31.22        0.00      0
       155      0.79          3.12       31.22        0.00      0
       156      0.79          3.12       31.22        0.00      0
       157      0.80          4.98       49.78        0.00      0
       158      0.80          5.93       59.30        0.00      0
       159      0.81          4.98       49.78        0.00      0
       160      0.81          4.98       49.78        0.00      0
       161      0.82          4.98       49.78        0.00      0
       162      0.82          3.12       31.22        0.00      0
       163      0.83          3.12       31.22        0.00      0
       164      0.84          3.12       31.22        0.00      0
       165      0.84          3.12       31.22        0.00      0
       166      0.85          3.12       31.22        0.00      0
       167      0.85          4.98       49.78        0.00      0
       168      0.86          4.98       49.78        0.00      0
       169      0.86          3.12       31.22        0.00      0
       170      0.87          5.93       59.30        0.00      0
       171      0.87          5.93       59.30        0.00      0
       172      0.88          4.98       49.78        0.00      0
       173      0.89          3.12       31.22        0.00      0
       174      0.89          3.12       31.22        0.00      0
       175      0.90          4.98       49.78        0.00      0
       176      0.91          4.98       49.78        0.00      0
       177      0.91          3.12       31.22        0.00      0
       178      0.92          3.12       31.22        0.00      0
       179      0.92          4.98       49.78        0.00      0
       180      0.93          4.98       49.78        0.00      0
       181      0.93          4.98       49.78        0.00      0
       182      0.94          3.12       31.22        0.00      0
       183      0.95          4.98       49.78        0.00      0
       184      0.96          3.12       31.22        0.00      0
       185      0.97          4.98       49.78        0.00      0
       186      0.97          3.12       31.22        0.00      0
       187      0.98          3.12       31.22        0.00      0
       188      0.99          3.12       31.22        0.00      0
       189      0.99          3.12       31.22        0.00      0
       190      0.99          3.12       31.22        0.00      0
       191      1.00          4.98       49.78        0.00      0
       192      1.01          5.93       59.30        0.00      0
       193      1.01          4.98       49.78        0.00      0
       194      1.02          4.98       49.78        0.00      0
       195      1.03          3.12       31.22        0.00      0
       196      1.03          3.12       31.22        0.00      0
       197      1.03          3.12       31.22        0.00      0
       198      1.04          3.12       31.22        0.00      0
       199      1.04          4.98       49.78        0.00      0
       200      1.05          5.47       54.66        0.00      0
       201      1.05          3.12       31.22        0.00      0
       202      1.06          4.98       49.78        0.00      0
       203      1.06          4.98       49.78        0.00      0
       204      1.07          4.98       49.78        0.00      0
       205      1.07          3.12       31.22        0.00      0
       206      1.08          3.12       31.22        0.00      0
       207      1.08          3.12       31.22        0.00      0
       208      1.09          3.12       31.22        0.00      0
       209      1.09          5.93       59.30        0.00      0
       210      1.09          4.68       46.82        0.00      0
       211      1.11          4.98       49.78        0.00      0
       212      1.11          3.12       31.22        0.00      0
       213      1.12          4.98       49.78        0.00      0
       214      1.13          3.12       31.22        0.00      0
       215      1.13          3.12       31.22        0.00      0
       216      1.13          4.98       49.78        0.00      0
       217      1.14          3.12       31.22        0.00      0
       218      1.14          3.12       31.22        0.00      0
       219      1.14          3.12       31.22        0.00      0
       220      1.15          3.12       31.22        0.00      0
       221      1.16          4.98       49.78        0.00      0
       222      1.16          3.12       31.22        0.00      0
       223      1.17          4.98       49.78        0.00      0
       224      1.17          3.12       31.22        0.00      0
       225      1.17          3.12       31.22        0.00      0
       226      1.18          4.98       49.78        0.00      0
       227      1.18          3.12       31.22        0.00      0
       228      1.19          3.12       31.22        0.00      0
       229      1.19          4.98       49.78        0.00      0
       230      1.20          5.93       59.30        0.00      0
       231      1.20          4.44       44.42        0.00      0
       232      1.21          3.12       31.22        0.00      0
       233      1.21          3.12       31.22        0.00      0
       234      1.22          3.12       31.22        0.00      0
       235      1.23          3.12       31.22        0.00      0
       236      1.23          4.98       49.78        0.00      0
       237      1.24          4.98       49.78        0.00      0
       238      1.24          3.12       31.22        0.00      0
       239      1.24          4.98       49.78        0.00      0
       240      1.25          3.12       31.22        0.00      0
       241      1.25          3.12       31.22        0.00      0
       242      1.26          3.12       31.22        0.00      0
       243      1.27          3.12       31.22        0.00      0
       244      1.27          4.98       49.78        0.00      0
       245      1.28          3.12       31.22        0.00      0
       246      1.28          4.98       49.78        0.00      0
       247      1.29          4.98       49.78        0.00      0
       248      1.29          3.12       31.22        0.00      0
       249      1.30          4.98       49.78        0.00      0
       250      1.30          3.12       31.22        0.00      0
       251      1.31          4.98       49.78        0.00      0
       252      1.31          3.12       31.22        0.00      0
       253      1.31          3.12       31.22        0.00      0
       254      1.32          4.98       49.78        0.00      0
       255      1.32         17.15       60.03       11.15      0
       256      1.33          4.98       49.78        0.00      0
       257      1.33          4.98       49.78        0.00      0
       258      1.33          3.12       31.22        0.00      0
       259      1.34          4.44       44.42        0.00      0
       260      1.35          5.93       59.30        0.00      0
       261      1.35          3.12       31.22        0.00      0
       262      1.36          3.12       31.22        0.00      0
       263      1.36          3.12       31.22        0.00      0
       264      1.37          4.98       49.78        0.00      0
       265      1.38          5.93       59.30        0.00      0
       266      1.38          5.93       59.30        0.00      0
       267      1.39          4.98       49.78        0.00      0
       268      1.39          5.93       59.30        0.00      0
       269      1.39          5.93       59.30        0.00      0
       270      1.40          5.47       54.66        0.00      0
       271      1.40          3.12       31.22        0.00      0
       272      1.40          3.12       31.22        0.00      0
       273      1.41          3.12       31.22        0.00      0
       274      1.42          3.12       31.22        0.00      0
       275      1.42          3.12       31.22        0.00      0
       276      1.42          4.98       49.78        0.00      0
       277      1.42          3.12       31.22        0.00      0
       278      1.43          3.12       31.22        0.00      0
       279      1.43          3.12       31.22        0.00      0
       280      1.44          5.93       59.30        0.00      0
       281      1.45          4.98       49.78        0.00      0
       282      1.45          3.12       31.22        0.00      0
       283      1.45          4.98       49.78        0.00      0
       284      1.46          3.12       31.22        0.00      0
       285      1.46          3.12       31.22        0.00      0
       286      1.46          3.12       31.22        0.00      0
       287      1.47          4.98       49.78        0.00      0
       288      1.47          3.12       31.22        0.00      0
       289      1.48          4.98       49.78        0.00      0
       290      1.48          3.12       31.22        0.00      0
       291      1.49          3.12       31.22        0.00      0
       292      1.49          4.98       49.78        0.00      0
       293      1.49          3.12       31.22        0.00      0
       294      1.50          4.98       49.78        0.00      0
       295      1.51          3.12       31.22        0.00      0
       296      1.52          3.12       31.22        0.00      0
       297      1.53          3.12       31.22        0.00      0
       298      1.53          3.12       31.22        0.00      0
       299      1.53          5.93       59.30        0.00      0
       300      1.54          3.12       31.22        0.00      0
       301      1.55          4.98       49.78        0.00      0
       302      1.55          3.12       31.22        0.00      0
       303      1.55          4.98       49.78        0.00      0
       304      1.56          3.12       31.22        0.00      0
       305      1.56          4.98       49.78        0.00      0
       306      1.57          4.98       49.78        0.00      0
       307      1.57          4.98       49.78        0.00      0
       308      1.57          4.98       49.78        0.00      0
       309      1.58          5.93       59.30        0.00      0
       310      1.58          4.98       49.78        0.00      0
       311      1.59          4.98       49.78        0.00      0
       312      1.60          4.98       49.78        0.00      0
       313      1.60          3.12       31.22        0.00      0
       314      1.61          3.12       31.22        0.00      0
       315      1.61          3.12       31.22        0.00      0
       316      1.62          4.98       49.78        0.00      0
       317      1.63          4.98       49.78        0.00      0
       318      1.63          5.93       59.30        0.00      0
       319      1.63          3.12       31.22        0.00      0
       320      1.64          3.12       31.22        0.00      0
       321      1.64          3.12       31.22        0.00      0
       322      1.64          3.12       31.22        0.00      0
       323      1.65          4.98       49.78        0.00      0
       324      1.66          3.12       31.22        0.00      0
       325      1.66          4.98       49.78        0.00      0
       326      1.66          4.98       49.78        0.00      0
       327      1.67          4.98       49.78        0.00      0
       328      1.67          4.98       49.78        0.00      0
       329      1.67          4.98       49.78        0.00      0
       330      1.68          5.93       59.30        0.00      0
       331      1.68          4.98       49.78        0.00      0
       332      1.69          3.12       31.22        0.00      0
       333      1.69          3.12       31.22        0.00      0
       334      1.70          3.12       31.22        0.00      0
       335      1.71          3.12       31.22        0.00      0
       336      1.71          3.12       31.22        0.00      0
       337      1.71          4.98       49.78        0.00      0
       338      1.72          3.12       31.22        0.00      0
       339      1.72          4.98       49.78        0.00      0
       340      1.73          3.12       31.22        0.00      0
       341      1.73          3.12       31.22        0.00      0
       342      1.74          3.12       31.22        0.00      0
       343      1.74          4.98       49.78        0.00      0
       344      1.75          5.93       59.30        0.00      0
       345      1.75          4.98       49.78        0.00      0
       346      1.76          3.12       31.22        0.00      0
       347      1.77          3.12       31.22        0.00      0
       348      1.77          3.12       31.22        0.00      0
       349      1.78          5.93       59.30        0.00      0
       350      1.78          3.12       31.22        0.00      0
       351      1.79          4.98       49.78        0.00      0
       352      1.80          3.12       31.22        0.00      0
       353      1.81          3.12       31.22        0.00      0
       354      1.82          3.12       31.22        0.00      0
       355      1.82          3.12       31.22        0.00      0
       356      1.83          3.12       31.22        0.00      0
       357      1.83          3.12       31.22        0.00      0
       358      1.84          3.12       31.22        0.00      0
       359      1.84          3.12       31.22        0.00      0
       360      1.85          4.98       49.78        0.00      0
       361      1.85          5.93       59.30        0.00      0
       362      1.86          4.98       49.78        0.00      0
       363      1.86          5.93       59.30        0.00      0
       364      1.87          3.12       31.22        0.00      0
       365      1.87          5.93       59.30        0.00      0
       366      1.88          3.12       31.22        0.00      0
       367      1.88          4.98       49.78        0.00      0
       368      1.89          3.12       31.22        0.00      0
       369      1.89          5.93       59.30        0.00      0
       370      1.90          3.12       31.22        0.00      0
       371      1.91          4.98       49.78        0.00      0
       372      1.92          3.12       31.22        0.00      0
       373      1.92          3.12       31.22        0.00      0
       374      1.93          3.12       31.22        0.00      0
       375      1.93          4.98       49.78        0.00      0
       376      1.94          4.98       49.78        0.00      0
       377      1.95          4.98       49.78        0.00      0
       378      1.95          3.12       31.22        0.00      0
       379      1.96          4.98       49.78        0.00      0
       380      1.97          3.12       31.22        0.00      0
       381      1.97          3.12       31.22        0.00      0
       382      1.98          3.12       31.22        0.00      0
       383      1.99          3.12       31.22        0.00      0
       384      2.00          3.12       31.22        0.00      0
       385      2.01          5.93       59.30        0.00      0
       386      2.02          5.93       59.30        0.00      0
       387      2.03          3.12       31.22        0.00      0
       388      2.03          3.12       31.22        0.00      0
       389      2.04          3.12       31.22        0.00      0
       390      2.04          4.98       49.78        0.00      0
       391      2.05          3.12       31.22        0.00      0
       392      2.05          3.12       31.22        0.00      0
       393      2.05          3.12       31.22        0.00      0
       394      2.06          4.98       49.78        0.00      0
       395      2.06          3.12       31.22        0.00      0
       396      2.07          3.12       31.22        0.00      0
       397      2.07          4.98       49.78        0.00      0
       398      2.08          3.12       31.22        0.00      0
       399      2.09          3.12       31.22        0.00      0
       400      2.10          3.12       31.22        0.00      0
       401      2.10          4.98       49.78        0.00      0
       402      2.11          4.98       49.78        0.00      0
       403      2.11          3.12       31.22        0.00      0
       404      2.12          4.98       49.78        0.00      0
       405      2.12          3.12       31.22        0.00      0
       406      2.13          3.12       31.22        0.00      0
       407      2.14          4.98       49.78        0.00      0
       408      2.14          5.93       59.30        0.00      0
       409      2.14          3.12       31.22        0.00      0
       410      2.15          3.12       31.22        0.00      0
       411      2.16          3.12       31.22        0.00      0
       412      2.16          4.98       49.78        0.00      0
       413      2.16          3.12       31.22        0.00      0
       414      2.18          3.12       31.22        0.00      0
       415      2.19          3.12       31.22        0.00      0
       416      2.21          3.12       31.22        0.00      0
       417      2.21          4.98       49.78        0.00      0
       418      2.22          4.98       49.78        0.00      0
       419      2.22          5.47       54.66        0.00      0
       420      2.23          3.12       31.22        0.00      0
       421      2.23          3.12       31.22        0.00      0
       422      2.24          3.12       31.22        0.00      0
       423      2.25          4.98       49.78        0.00      0
       424      2.25          3.12       31.22        0.00      0
       425      2.26          4.98       49.78        0.00      0
       426      2.26          4.98       49.78        0.00      0
       427      2.27          4.98       49.78        0.00      0
       428      2.27          4.98       49.78        0.00      0
       429      2.28          3.12       31.22        0.00      0
       430      2.29          3.12       31.22        0.00      0
       431      2.30          3.12       31.22        0.00      0
       432      2.31          3.12       31.22        0.00      0
       433      2.31          3.12       31.22        0.00      0
       434      2.32          3.12       31.22        0.00      0
       435      2.33          3.12       31.22        0.00      0
       436      2.33          4.98       49.78        0.00      0
       437      2.34          3.12       31.22        0.00      0
       438      2.34          4.98       49.78        0.00      0
       439      2.34          4.98       49.78        0.00      0
       440      2.35          3.12       31.22        0.00      0
       441      2.35          3.12       31.22        0.00      0
       442      2.36          3.12       31.22        0.00      0
       443      2.36          3.12       31.22        0.00      0
       444      2.37          3.12       31.22        0.00      0
       445      2.38          3.12       31.22        0.00      0
       446      2.38          3.12       31.22        0.00      0
       447      2.39          3.12       31.22        0.00      0
       448      2.40          3.12       31.22        0.00      0
       449      2.40          3.12       31.22        0.00      0
       450      2.40          3.12       31.22        0.00      0
       451      2.41          3.12       31.22        0.00      0
       452      2.41          4.98       49.78        0.00      0
       453      2.42          5.93       59.30        0.00      0
       454      2.43          3.12       31.22        0.00      0
       455      2.43          4.98       49.78        0.00      0
       456      2.43          3.12       31.22        0.00      0
       457      2.44          4.98       49.78        0.00      0
       458      2.45          3.12       31.22        0.00      0
       459      2.45          3.12       31.22        0.00      0
       460      2.45          4.98       49.78        0.00      0
       461      2.46          3.12       31.22        0.00      0
       462      2.46          3.12       31.22        0.00      0
       463      2.47          5.47       54.66        0.00      0
       464      2.48          5.93       59.30        0.00      0
       465      2.48          4.98       49.78        0.00      0
       466      2.49          3.12       31.22        0.00      0
       467      2.49          3.12       31.22        0.00      0
       468      2.50          3.12       31.22        0.00      0
       469      2.50          3.12       31.22        0.00      0
       470      2.51          3.12       31.22        0.00      0
       471      2.52          4.98       49.78        0.00      0
       472      2.52          3.12       31.22        0.00      0
       473      2.53          6.15       50.03        1.15      0
       474      2.53          4.98       49.78        0.00      0
       475      2.54          4.98       49.78        0.00      0
       476      2.54          3.12       31.22        0.00      0
       477      2.55          5.93       59.30        0.00      0
       478      2.56          4.98       49.78        0.00      0
       479      2.57          3.12       31.22        0.00      0
       480      2.58          4.98       49.78        0.00      0
       481      2.58          4.98       49.78        0.00      0
       482      2.59          5.93       59.30        0.00      0
       483      2.60          4.98       49.78        0.00      0
       484      2.61          3.12       31.22        0.00      0
       485      2.62          3.12       31.22        0.00      0
       486      2.63          3.12       31.22        0.00      0
       487      2.63          4.98       49.78        0.00      0
       488      2.64          3.12       31.22        0.00      0
       489      2.65          3.12       31.22        0.00      0
       490      2.66          5.47       54.66        0.00      0
       491      2.67          3.12       31.22        0.00      0
       492      2.67          3.12       31.22        0.00      0
       493      2.67          4.98       49.78        0.00      0
       494      2.68          3.12       31.22        0.00      0
       495      2.69          5.93       59.30        0.00      0
       496      2.69          3.12       31.22        0.00      0
       497      2.70          3.12       31.22        0.00      0
       498      2.70          4.98       49.78        0.00      0
       499      2.71          5.93       59.30        0.00      0
       500      2.71          4.98       49.78        0.00      0
       501      2.72          3.12       31.22        0.00      0
       502      2.72          3.12       31.22        0.00      0
       503      2.73          4.98       49.78        0.00      0
       504      2.73          3.12       31.22        0.00      0
       505      2.74          3.12       31.22        0.00      0
       506      2.74          4.98       49.78        0.00      0
       507      2.75          3.12       31.22        0.00      0
       508      2.76          5.47       54.66        0.00      0
       509      2.76          4.98       49.78        0.00      0
       510      2.76          3.12       31.22        0.00      0
       511      2.77          3.12       31.22        0.00      0
       512      2.78          3.12       31.22        0.00      0
       513      2.78          4.98       49.78        0.00      0
       514      2.79          3.12       31.22        0.00      0
       515      2.80          5.93       59.30        0.00      0
       516      2.80          3.12       31.22        0.00      0
       517      2.80          5.93       59.30        0.00      0
       518      2.81          3.12       31.22        0.00      0
       519      2.82         17.15       60.03       11.15      0
       520      2.82          4.98       49.78        0.00      0
       521      2.83          3.12       31.22        0.00      0
       522      2.85          3.12       31.22        0.00      0
       523      2.86          3.12       31.22        0.00      0
       524      2.87          3.12       31.22        0.00      0
       525      2.87          4.98       49.78        0.00      0
       526      2.88          5.47       54.66        0.00      0
       527      2.89          4.98       49.78        0.00      0
       528      2.89          5.47       54.66        0.00      0
       529      2.90          3.12       31.22        0.00      0
       530      2.91          3.12       31.22        0.00      0
       531      2.92          5.93       59.30        0.00      0
       532      2.93          3.12       31.22        0.00      0
       533      2.94          4.98       49.78        0.00      0
       534      2.94          3.12       31.22        0.00      0
       535      2.95          3.12       31.22        0.00      0
       536      2.96          3.12       31.22        0.00      0
       537      2.97          3.12       31.22        0.00      0
       538      2.98          3.12       31.22        0.00      0
       539      2.98          3.12       31.22        0.00      0
       540      2.99          3.12       31.22        0.00      0
       541      3.00          3.12       31.22        0.00      0
       542      3.01          3.12       31.22        0.00      0
       543      3.02          3.12       31.22        0.00      0
       544      3.03          5.93       59.30        0.00      0
       545      3.03          3.12       31.22        0.00      0
       546      3.04          3.12       31.22        0.00      0
       547      3.05          3.12       31.22        0.00      0
       548      3.05          3.12       31.22        0.00      0
       549      3.06          3.12       31.22        0.00      0
       550      3.07          4.98       49.78        0.00      0
       551      3.07          3.12       31.22        0.00      0
       552      3.08          4.98       49.78        0.00      0
       553      3.09          3.12       31.22        0.00      0
       554      3.09          3.12       31.22        0.00      0
       555      3.10          3.12       31.22        0.00      0
       556      3.11          3.12       31.22        0.00      0
       557      3.12          3.12       31.22        0.00      0
       558      3.13          5.93       59.30        0.00      0
       559      3.13          4.98       49.78        0.00      0
       560      3.14          4.98       49.78        0.00      0
       561      3.14          3.12       31.22        0.00      0
       562      3.15          3.12       31.22        0.00      0
       563      3.16          4.98       49.78        0.00      0
       564      3.16          3.12       31.22        0.00      0
       565      3.16          3.12       31.22        0.00      0
       566      3.17          3.12       31.22        0.00      0
       567      3.18          5.93       59.30        0.00      0
       568      3.19          3.12       31.22        0.00      0
       569      3.19          3.12       31.22        0.00      0
       570      3.20          4.98       49.78        0.00      0
       571      3.20          3.12       31.22        0.00      0
       572      3.21          5.93       59.30        0.00      0
       573      3.21          3.12       31.22        0.00      0
       574      3.21          3.12       31.22        0.00      0
       575      3.22          3.12       31.22        0.00      0
       576      3.22          3.12       31.22        0.00      0
       577      3.22          4.98       49.78        0.00      0
       578      3.23          3.12       31.22        0.00      0
       579      3.23          3.12       31.22        0.00      0
       580      3.24          3.12       31.22        0.00      0
       581      3.25          3.12       31.22        0.00      0
       582      3.26          3.12       31.22        0.00      0
       583      3.26          4.98       49.78        0.00      0
       584      3.27          3.12       31.22        0.00      0
       585      3.28          4.98       49.78        0.00      0
       586      3.28          3.12       31.22        0.00      0
       587      3.29          3.12       31.22        0.00      0
       588      3.29          5.93       59.30        0.00      0
       589      3.30          3.12       31.22        0.00      0
       590      3.31          3.12       31.22        0.00      0
       591      3.32          3.12       31.22        0.00      0
       592      3.33          3.12       31.22        0.00      0
       593      3.33          3.12       31.22        0.00      0
       594      3.33          4.98       49.78        0.00      0
       595      3.34          4.98       49.78        0.00      0
       596      3.34          3.12       31.22        0.00      0
       597      3.35          4.98       49.78        0.00      0
       598      3.35          3.12       31.22        0.00      0
       599      3.36          3.12       31.22        0.00      0
       600      3.37          3.12       31.22        0.00      0
       601      3.37          5.93       59.30        0.00      0
       602      3.38          4.98       49.78        0.00      0
       603      3.38          4.98       49.78        0.00      0
       604      3.39          4.98       49.78        0.00      0
       605      3.39          4.98       49.78        0.00      0
       606      3.39          5.93       59.30        0.00      0
       607      3.40          4.98       49.78        0.00      0
       608      3.40          4.98       49.78        0.00      0
       609      3.40          4.98       49.78        0.00      0
       610      3.41          3.12       31.22        0.00      0
       611      3.41          4.98       49.78        0.00      0
       612      3.42          3.12       31.22        0.00      0
       613      3.42          3.12       31.22        0.00      0
       614      3.43          4.98       49.78        0.00      0
       615      3.43          3.12       31.22        0.00      0
       616      3.43          4.98       49.78        0.00      0
       617      3.44          3.12       31.22        0.00      0
       618      3.44          4.98       49.78        0.00      0
       619      3.44          5.93       59.30        0.00      0
       620      3.45          3.12       31.22        0.00      0
       621      3.46          3.12       31.22        0.00      0
       622      3.46          3.12       31.22        0.00      0
       623      3.47          3.12       31.22        0.00      0
       624      3.48          5.93       59.30        0.00      0
       625      3.48          4.98       49.78        0.00      0
       626      3.48          3.12       31.22        0.00      0
       627      3.49          5.93       59.30        0.00      0
       628      3.49          4.98       49.78        0.00      0
       629      3.50          4.98       49.78        0.00      0
       630      3.50          4.98       49.78        0.00      0
       631      3.51          4.98       49.78        0.00      0
       632      3.51          3.12       31.22        0.00      0
       633      3.52          4.98       49.78        0.00      0
       634      3.52          3.12       31.22        0.00      0
       635      3.53          3.12       31.22        0.00      0
       636      3.53          3.12       31.22        0.00      0
       637      3.54          3.12       31.22        0.00      0
       638      3.54          4.98       49.78        0.00      0
       639      3.54          3.12       31.22        0.00      0
       640      3.55          3.12       31.22        0.00      0
       641      3.55          4.98       49.78        0.00      0
       642      3.56          3.12       31.22        0.00      0
       643      3.56          4.98       49.78        0.00      0
       644      3.57          4.98       49.78        0.00      0
       645      3.57          3.12       31.22        0.00      0
       646      3.57          4.98       49.78        0.00      0
       647      3.58          3.12       31.22        0.00      0
       648      3.58          3.12       31.22        0.00      0
       649      3.59          4.98       49.78        0.00      0
       650      3.59          5.93       59.30        0.00      0
       651      3.60          3.12       31.22        0.00      0
       652      3.60          3.12       31.22        0.00      0
       653      3.61          3.12       31.22        0.00      0
       654      3.61          4.98       49.78        0.00      0
       655      3.62          3.12       31.22        0.00      0
       656      3.62          3.12       31.22        0.00      0
       657      3.62          4.98       49.78        0.00      0
       658      3.63          3.12       31.22        0.00      0
       659      3.63          3.12       31.22        0.00      0
       660      3.64          3.12       31.22        0.00      0
       661      3.64          3.12       31.22        0.00      0
       662      3.65          3.12       31.22        0.00      0
       663      3.65          4.98       49.78        0.00      0
       664      3.66          4.98       49.78        0.00      0
       665      3.66          5.93       59.30        0.00      0
       666      3.67          4.98       49.78        0.00      0
       667      3.67          4.98       49.78        0.00      0
       668      3.67          3.12       31.22        0.00      0
       669      3.68          3.12       31.22        0.00      0
       670      3.68          3.12       31.22        0.00      0
       671      3.69          3.12       31.22        0.00      0
       672      3.69          5.93       59.30        0.00      0
       673      3.70          5.93       59.30        0.00      0
       674      3.70          3.12       31.22        0.00      0
       675      3.70          3.12       31.22        0.00      0
       676      3.71          3.12       31.22        0.00      0
       677      3.71          4.98       49.78        0.00      0
       678      3.72          3.12       31.22        0.00      0
       679      3.72          3.12       31.22        0.00      0
       680      3.73          3.12       31.22        0.00      0
       681      3.73          4.98       49.78        0.00      0
       682      3.74          3.12       31.22        0.00      0
       683      3.75          5.93       59.30        0.00      0
       684      3.75          3.12       31.22        0.00      0
       685      3.76          4.98       49.78        0.00      0
       686      3.76          3.12       31.22        0.00      0
       687      3.77          5.93       59.30        0.00      0
       688      3.77          3.12       31.22        0.00      0
       689      3.78          4.98       49.78        0.00      0
       690      3.78          4.98       49.78        0.00      0
       691      3.78          5.47       54.66        0.00      0
       692      3.79          3.12       31.22        0.00      0
       693      3.80          4.98       49.78        0.00      0
       694      3.80          5.93       59.30        0.00      0
       695      3.80          5.93       59.30        0.00      0
       696      3.81          3.12       31.22        0.00      0
       697      3.81          5.93       59.30        0.00      0
       698      3.82          3.12       31.22        0.00      0
       699      3.82          4.98       49.78        0.00      0
       700      3.83          3.12       31.22        0.00      0
       701      3.83          3.12       31.22        0.00      0
       702      3.83          4.98       49.78        0.00      0
       703      3.84          3.12       31.22        0.00      0
       704      3.84          3.12       31.22        0.00      0
       705      3.85          3.12       31.22        0.00      0
       706      3.85          3.12       31.22        0.00      0
       707      3.86          4.98       49.78        0.00      0
       708      3.86          3.12       31.22        0.00      0
       709      3.87          3.12       31.22        0.00      0
       710      3.87          3.12       31.22        0.00      0
       711      3.87          4.98       49.78        0.00      0
       712      3.88          4.98       49.78        0.00      0
       713      3.88          3.12       31.22        0.00      0
       714      3.88          3.12       31.22        0.00      0
       715      3.89          3.12       31.22        0.00      0
       716      3.90          3.12       31.22        0.00      0
       717      3.90          3.12       31.22        0.00      0
       718      3.91          3.12       31.22        0.00      0
       719      3.91          3.12       31.22        0.00      0
       720      3.92          5.93       59.30        0.00      0
       721      3.92          5.93       59.30        0.00      0
       722      3.93          3.12       31.22        0.00      0
       723      3.93          4.98       49.78        0.00      0
       724      3.93          4.98       49.78        0.00      0
       725      3.94          4.98       49.78        0.00      0
       726      3.94          3.12       31.22        0.00      0
       727      3.94          4.98       49.78        0.00      0
       728      3.95          4.98       49.78        0.00      0
       729      3.95          4.98       49.78        0.00      0
       730      3.96          3.12       31.22        0.00      0
       731      3.96          3.12       31.22        0.00      0
       732      3.96          4.98       49.78        0.00      0
       733      3.97          3.12       31.22        0.00      0
       734      3.97          3.12       31.22        0.00      0
       735      3.97          3.12       31.22        0.00      0
       736      3.98          4.98       49.78        0.00      0
       737      3.98          4.98       49.78        0.00      0
       738      3.99          3.12       31.22        0.00      0
       739      3.99          4.98       49.78        0.00      0
       740      4.00          4.98       49.78        0.00      0
       741      4.00          6.15       50.03        1.15      0
       742      4.01          3.12       31.22        0.00      0
       743      4.01          3.12       31.22        0.00      0
       744      4.02          3.12       31.22        0.00      0
       745      4.03          5.93       59.30        0.00      0
       746      4.03          3.12       31.22        0.00      0
       747      4.03          3.12       31.22        0.00      0
       748      4.04          3.12       31.22        0.00      0
       749      4.05          4.98       49.78        0.00      0
       750      4.05          4.98       49.78        0.00      0
       751      4.06          3.12       31.22        0.00      0
       752      4.07          3.12       31.22        0.00      0
       753      4.07          4.98       49.78        0.00      0
       754      4.08          3.12       31.22        0.00      0
       755      4.08          4.98       49.78        0.00      0
       756      4.08          4.98       49.78        0.00      0
       757      4.09          3.12       31.22        0.00      0
       758      4.09          3.12       31.22        0.00      0
       759      4.10          5.93       59.30        0.00      0
       760      4.10          3.12       31.22        0.00      0
       761      4.11          4.68       46.82        0.00      0
       762      4.12          3.12       31.22        0.00      0
       763      4.12          4.98       49.78        0.00      0
       764      4.13          3.12       31.22        0.00      0
       765      4.13          3.12       31.22        0.00      0
       766      4.14          3.12       31.22        0.00      0
       767      4.14          3.12       31.22        0.00      0
       768      4.15          3.12       31.22        0.00      0
       769      4.15          3.12       31.22        0.00      0
       770      4.16          3.12       31.22        0.00      0
       771      4.16          3.12       31.22        0.00      0
       772      4.17          4.98       49.78        0.00      0
       773      4.17          3.12       31.22        0.00      0
       774      4.18          6.15       50.03        1.15      0
       775      4.18          3.12       31.22        0.00      0
       776      4.19          5.68       56.82        0.00      0
       777      4.19          4.98       49.78        0.00      0
       778      4.20          3.12       31.22        0.00      0
       779      4.20          3.12       31.22        0.00      0
       780      4.21          5.93       59.30        0.00      0
       781      4.21          3.12       31.22        0.00      0
       782      4.22          3.12       31.22        0.00      0
       783      4.23          3.12       31.22        0.00      0
       784      4.23          3.12       31.22        0.00      0
       785      4.24          5.93       59.30        0.00      0
       786      4.25          3.12       31.22        0.00      0
       787      4.25          3.12       31.22        0.00      0
       788      4.25          3.12       31.22        0.00      0
       789      4.26          4.98       49.78        0.00      0
       790      4.26          3.12       31.22        0.00      0
       791      4.26          3.12       31.22        0.00      0
       792      4.27          3.12       31.22        0.00      0
       793      4.27          3.12       31.22        0.00      0
       794      4.28          4.98       49.78        0.00      0
       795      4.28          4.98       49.78        0.00      0
       796      4.29          3.12       31.22        0.00      0
       797      4.29          4.98       49.78        0.00      0
       798      4.30          3.12       31.22        0.00      0
       799      4.30          4.98       49.78        0.00      0
       800      4.31          4.98       49.78        0.00      0
       801      4.31          3.12       31.22        0.00      0
       802      4.32          4.98       49.78        0.00      0
       803      4.32          4.98       49.78        0.00      0
       804      4.33          3.12       31.22        0.00      0
       805      4.33          4.98       49.78        0.00      0
       806      4.33          4.98       49.78        0.00      0
       807      4.35          4.98       49.78        0.00      0
       808      4.35          5.93       59.30        0.00      0
       809      4.36          3.12       31.22        0.00      0
       810      4.36          3.12       31.22        0.00      0
       811      4.37          3.12       31.22        0.00      0
       812      4.37          3.12       31.22        0.00      0
       813      4.38          3.12       31.22        0.00      0
       814      4.39          4.98       49.78        0.00      0
       815      4.40          3.12       31.22        0.00      0
       816      4.41          3.12       31.22        0.00      0
       817      4.41          5.93       59.30        0.00      0
       818      4.42          3.12       31.22        0.00      0
       819      4.43          4.98       49.78        0.00      0
       820      4.44          3.12       31.22        0.00      0
       821      4.45          4.98       49.78        0.00      0
       822      4.45          5.47       54.66        0.00      0
       823      4.46          3.12       31.22        0.00      0
       824      4.47          3.12       31.22        0.00      0
       825      4.48          3.12       31.22        0.00      0
       826      4.49          3.12       31.22        0.00      0
       827      4.49          3.12       31.22        0.00      0
       828      4.49          3.12       31.22        0.00      0
       829      4.50          4.98       49.78        0.00      0
       830      4.50          4.98       49.78        0.00      0
       831      4.51          3.12       31.22        0.00      0
       832      4.52          3.12       31.22        0.00      0
       833      4.52          3.12       31.22        0.00      0
       834      4.53          3.12       31.22        0.00      0
       835      4.53          3.12       31.22        0.00      0
       836      4.54          4.98       49.78        0.00      0
       837      4.54          3.12       31.22        0.00      0
       838      4.54          3.12       31.22        0.00      0
       839      4.55          4.98       49.78        0.00      0
       840      4.56          3.12       31.22        0.00      0
       841      4.57          4.98       49.78        0.00      0
       842      4.57          4.98       49.78        0.00      0
       843      4.58          5.93       59.30        0.00      0
       844      4.59          3.12       31.22        0.00      0
       845      4.59          3.12       31.22        0.00      0
       846      4.60          3.12       31.22        0.00      0
       847      4.60          4.98       49.78        0.00      0
       848      4.61          5.93       59.30        0.00      0
       849      4.61          3.12       31.22        0.00      0
       850      4.62          4.98       49.78        0.00      0
       851      4.62          4.98       49.78        0.00      0
       852      4.62          3.12       31.22        0.00      0
       853      4.63          3.12       31.22        0.00      0
       854      4.64          4.98       49.78        0.00      0
       855      4.64          3.12       31.22        0.00      0
       856      4.65          4.98       49.78        0.00      0
       857      4.66          4.98       49.78        0.00      0
       858      4.67          4.98       49.78        0.00      0
       859      4.67          4.98       49.78        0.00      0
       860      4.67          4.98       49.78        0.00      0
       861      4.68          3.12       31.22        0.00      0
       862      4.68          4.98       49.78        0.00      0
       863      4.68          3.12       31.22        0.00      0
       864      4.69          3.12       31.22        0.00      0
       865      4.70          4.98       49.78        0.00      0
       866      4.70          5.93       59.30        0.00      0
       867      4.71          3.12       31.22        0.00      0
       868      4.72          4.98       49.78        0.00      0
       869      4.72          3.12       31.22        0.00      0
       870      4.72          4.98       49.78        0.00      0
       871      4.73          3.12       31.22        0.00      0
       872      4.73          4.98       49.78        0.00      0
       873      4.74          3.12       31.22        0.00      0
       874      4.74          4.98       49.78        0.00      0
       875      4.74          4.98       49.78        0.00      0
       876      4.75          3.12       31.22        0.00      0
       877      4.75          3.12       31.22        0.00      0
       878      4.76          4.98       49.78        0.00      0
       879      4.76          3.12       31.22        0.00      0
       880      4.77          3.12       31.22        0.00      0
       881      4.78          4.98       49.78        0.00      0
       882      4.78          4.98       49.78        0.00      0
       883      4.78          4.98       49.78        0.00      0
       884      4.79          4.98       49.78        0.00      0
       885      4.79          3.12       31.22        0.00      0
       886      4.80          3.12       31.22        0.00      0
       887      4.81          4.98       49.78        0.00      0
       888      4.81          4.98       49.78        0.00      0
       889      4.81          3.12       31.22        0.00      0
       890      4.82          3.12       31.22        0.00      0
       891      4.82          3.12       31.22        0.00      0
       892      4.83          3.12       31.22        0.00      0
       893      4.83          4.98       49.78        0.00      0
       894      4.84          3.12       31.22        0.00      0
       895      4.84          4.98       49.78        0.00      0
       896      4.85          3.12       31.22        0.00      0
       897      4.85          3.12       31.22        0.00      0
       898      4.86          3.12       31.22        0.00      0
       899      4.86          4.98       49.78        0.00      0
       900      4.87          4.98       49.78        0.00      0
       901      4.87          3.12       31.22        0.00      0
       902      4.88          3.12       31.22        0.00      0
       903      4.89          3.12       31.22        0.00      0
       904      4.90          3.12       31.22        0.00      0
       905      4.90          3.12       31.22        0.00      0
       906      4.90          3.12       31.22        0.00      0
       907      4.91          3.12       31.22        0.00      0
       908      4.91          4.98       49.78        0.00      0
       909      4.92          3.12       31.22        0.00      0
       910      4.92          5.93       59.30        0.00      0
       911      4.93          3.12       31.22        0.00      0
       912      4.93          3.12       31.22        0.00      0
       913      4.93          3.12       31.22        0.00      0
       914      4.94          3.12       31.22        0.00      0
       915      4.94          3.12       31.22        0.00      0
       916      4.95          4.98       49.78        0.00      0
       917      4.95          3.12       31.22        0.00      0
       918      4.95          3.12       31.22        0.00      0
       919      4.96          3.12       31.22        0.00      0
       920      4.96          3.12       31.22        0.00      0
       921      4.97          3.12       31.22        0.00      0
       922      4.97          3.12       31.22        0.00      0
       923      4.98          4.98       49.78        0.00      0
       924      4.98          4.98       49.78        0.00      0
       925      4.98          4.98       49.78        0.00      0
       926      4.99          4.98       49.78        0.00      0
       927      4.99          4.98       49.78        0.00      0
       928      5.00          4.98       49.78        0.00      0
       929      5.01          3.12       31.22        0.00      0
       930      5.01          3.12       31.22        0.00      0
       931      5.01          5.93       59.30        0.00      0
       932      5.02          3.12       31.22        0.00      0
       933      5.02          4.98       49.78        0.00      0
       934      5.03          4.98       49.78        0.00      0
       935      5.03          3.12       31.22        0.00      0
       936      5.04          3.12       31.22        0.00      0
       937      5.04          4.98       49.78        0.00      0
       938      5.05          4.98       49.78        0.00      0
       939      5.05          3.12       31.22        0.00      0
       940      5.06          3.12       31.22        0.00      0
       941      5.06          3.12       31.22        0.00      0
       942      5.07          3.12       31.22        0.00      0
       943      5.08          4.98       49.78        0.00      0
       944      5.08          4.98       49.78        0.00      0
       945      5.08          4.98       49.78        0.00      0
       946      5.09          3.12       31.22        0.00      0
       947      5.10          4.98       49.78        0.00      0
       948      5.10          3.12       31.22        0.00      0
       949      5.11          3.12       31.22        0.00      0
       950      5.11          3.12       31.22        0.00      0
       951      5.12          3.12       31.22        0.00      0
       952      5.12          3.12       31.22        0.00      0
       953      5.13          4.98       49.78        0.00      0
       954      5.13          5.93       59.30        0.00      0
       955      5.14          5.93       59.30        0.00      0
       956      5.14          3.12       31.22        0.00      0
       957      5.15          3.12       31.22        0.00      0
       958      5.15          4.98       49.78        0.00      0
       959      5.15          4.98       49.78        0.00      0
       960      5.16          3.12       31.22        0.00      0
       961      5.16          4.98       49.78        0.00      0
       962      5.17          4.98       49.78        0.00      0
       963      5.17          5.93       59.30        0.00      0
       964      5.18          4.98       49.78        0.00      0
       965      5.18          3.12       31.22        0.00      0
       966      5.19          3.12       31.22        0.00      0
       967      5.19          3.12       31.22        0.00      0
       968      5.20          3.12       31.22        0.00      0
       969      5.20          3.12       31.22        0.00      0
       970      5.20          4.98       49.78        0.00      0
       971      5.21          3.12       31.22        0.00      0
       972      5.22          3.12       31.22        0.00      0
       973      5.22          3.12       31.22        0.00      0
       974      5.23          3.12       31.22        0.00      0
       975      5.23          3.12       31.22        0.00      0
       976      5.23          5.93       59.30        0.00      0
       977      5.24          3.12       31.22        0.00      0
       978      5.25          3.12       31.22        0.00      0
       979      5.25          4.98       49.78        0.00      0
       980      5.26          4.98       49.78        0.00      0
       981      5.26          3.12       31.22        0.00      0
       982      5.27          3.12       31.22        0.00      0
       983      5.28          3.12       31.22        0.00      0
       984      5.28          3.12       31.22        0.00      0
       985      5.29          3.12       31.22        0.00      0
       986      5.29          4.98       49.78        0.00      0
       987      5.30          3.12       31.22        0.00      0
       988      5.31          3.12       31.22        0.00      0
       989      5.31          5.93       59.30        0.00      0
       990      5.31          4.98       49.78        0.00      0
       991      5.32          3.12       31.22        0.00      0
       992      5.32          4.98       49.78        0.00      0
       993      5.33          3.12       31.22        0.00      0
       994      5.33          3.12       31.22        0.00      0
       995      5.33          3.12       31.22        0.00      0
       996      5.34          4.98       49.78        0.00      0
       997      5.34          4.98       49.78        0.00      0
       998      5.34          3.12       31.22        0.00      0
       999      5.35          3.12       31.22        0.00      0
      1000      5.35          3.12       31.22        0.00      0
      1001      5.36          3.12       31.22        0.00      0
      1002      5.36          3.12       31.22        0.00      0
      1003      5.37          5.47       54.66        0.00      0
      1004      5.38          3.12       31.22        0.00      0
      1005      5.38          4.98       49.78        0.00      0
      1006      5.39          3.12       31.22        0.00      0
      1007      5.40          3.12       31.22        0.00      0
      1008      5.40          4.98       49.78        0.00      0
      1009      5.41          4.98       49.78        0.00      0
      1010      5.41          3.12       31.22        0.00      0
      1011      5.42          4.98       49.78        0.00      0
      1012      5.42          4.98       49.78        0.00      0
      1013      5.43          3.12       31.22        0.00      0
      1014      5.43          3.12       31.22        0.00      0
      1015      5.43          4.98       49.78        0.00      0
      1016      5.44          4.98       49.78        0.00      0
      1017      5.44          5.93       59.30        0.00      0
      1018      5.45          4.98       49.78        0.00      0
      1019      5.45          4.98       49.78        0.00      0
      1020      5.45          3.12       31.22        0.00      0
      1021      5.46          3.12       31.22        0.00      0
      1022      5.47          5.93       59.30        0.00      0
      1023      5.47          3.12       31.22        0.00      0
      1024      5.48          3.12       31.22        0.00      0
      1025      5.48          4.98       49.78        0.00      0
      1026      5.48          4.98       49.78        0.00      0
      1027      5.49          3.12       31.22        0.00      0
      1028      5.49          6.15       50.03        1.15      0
      1029      5.50          5.93       59.30        0.00      0
      1030      5.50          3.12       31.22        0.00      0
      1031      5.51          5.93       59.30        0.00      0
      1032      5.51          3.12       31.22        0.00      0
      1033      5.51          3.12       31.22        0.00      0
      1034      5.52          5.93       59.30        0.00      0
      1035      5.52          3.12       31.22        0.00      0
      1036      5.53          4.98       49.78        0.00      0
      1037      5.53          4.98       49.78        0.00      0
      1038      5.54          5.93       59.30        0.00      0
      1039      5.54          3.12       31.22        0.00      0
      1040      5.55          3.12       31.22        0.00      0
      1041      5.55          4.98       49.78        0.00      0
      1042      5.55          3.12       31.22        0.00      0
      1043      5.56          3.12       31.22        0.00      0
      1044      5.57          3.12       31.22        0.00      0
      1045      5.57          4.98       49.78        0.00      0
      1046      5.57          3.12       31.22        0.00      0
      1047      5.58          3.12       31.22        0.00      0
      1048      5.58          3.12       31.22        0.00      0
      1049      5.59          4.98       49.78        0.00      0
      1050      5.59          3.12       31.22        0.00      0
      1051      5.59          3.12       31.22        0.00      0
      1052      5.60          3.12       31.22        0.00      0
      1053      5.60          3.12       31.22        0.00      0
      1054      5.61          4.98       49.78        0.00      0
      1055      5.61          4.98       49.78        0.00      0
      1056      5.61          3.12       31.22        0.00      0
      1057      5.62          3.12       31.22        0.00      0
      1058      5.62          3.12       31.22        0.00      0
      1059      5.63          3.12       31.22        0.00      0
      1060      5.63          4.98       49.78        0.00      0
      1061      5.64          3.12       31.22        0.00      0
      1062      5.64          3.12       31.22        0.00      0
      1063      5.65          4.98       49.78        0.00      0
      1064      5.65          3.12       31.22        0.00      0
      1065      5.66          3.12       31.22        0.00      0
      1066      5.67          4.98       49.78        0.00      0
      1067      5.67          4.98       49.78        0.00      0
      1068      5.68          3.12       31.22        0.00      0
      1069      5.68          4.68       46.82        0.00      0
      1070      5.69          4.98       49.78        0.00      0
      1071      5.69          3.12       31.22        0.00      0
      1072      5.69          3.12       31.22        0.00      0
      1073      5.70          4.98       49.78        0.00      0
      1074      5.70          3.12       31.22        0.00      0
      1075      5.71          4.98       49.78        0.00      0
      1076      5.71          4.98       49.78        0.00      0
      1077      5.72          3.12       31.22        0.00      0
      1078      5.72          3.12       31.22        0.00      0
      1079      5.72          4.98       49.78        0.00      0
      1080      5.73          4.98       49.78        0.00      0
      1081      5.73          4.98       49.78        0.00      0
      1082      5.73          4.98       49.78        0.00      0
      1083      5.74          4.98       49.78        0.00      0
      1084      5.74          3.12       31.22        0.00      0
      1085      5.75          3.12       31.22        0.00      0
      1086      5.75          4.98       49.78        0.00      0
      1087      5.76          4.98       49.78        0.00      0
      1088      5.76          4.98       49.78        0.00      0
      1089      5.76          4.98       49.78        0.00      0
      1090      5.77          4.98       49.78        0.00      0
      1091      5.77          4.98       49.78        0.00      0
      1092      5.78          3.12       31.22        0.00      0
      1093      5.78          3.12       31.22        0.00      0
      1094      5.79          4.98       49.78        0.00      0
      1095      5.79          4.98       49.78        0.00      0
      1096      5.80          3.12       31.22        0.00      0
      1097      5.80          3.12       31.22        0.00      0
      1098      5.80          3.12       31.22        0.00      0
      1099      5.81          3.12       31.22        0.00      0
      1100      5.81          4.98       49.78        0.00      0
      1101      5.81          5.47       54.66        0.00      0
      1102      5.82          3.12       31.22        0.00      0
      1103      5.82          3.12       31.22        0.00      0
      1104      5.83          3.12       31.22        0.00      0
      1105      5.83          3.12       31.22        0.00      0
      1106      5.83          3.12       31.22        0.00      0
      1107      5.84          3.12       31.22        0.00      0
      1108      5.85          3.12       31.22        0.00      0
      1109      5.85          4.98       49.78        0.00      0
      1110      5.85          4.98       49.78        0.00      0
      1111      5.86          3.12       31.22        0.00      0
      1112      5.87          4.98       49.78        0.00      0
      1113      5.87          4.98       49.78        0.00      0
      1114      5.88          5.93       59.30        0.00      0
      1115      5.88          3.12       31.22        0.00      0
      1116      5.89          3.12       31.22        0.00      0
      1117      5.89          4.98       49.78        0.00      0
      1118      5.90          4.98       49.78        0.00      0
      1119      5.90          4.98       49.78        0.00      0
      1120      5.90          3.12       31.22        0.00      0
      1121      5.91          3.12       31.22        0.00      0
      1122      5.91          3.12       31.22        0.00      0
      1123      5.92          4.98       49.78        0.00      0
      1124      5.93          3.12       31.22        0.00      0
      1125      5.93          3.12       31.22        0.00      0
      1126      5.94          3.12       31.22        0.00      0
      1127      5.94          3.12       31.22        0.00      0
      1128      5.95          3.12       31.22        0.00      0
      1129      5.96          3.12       31.22        0.00      0
      1130      5.96          4.98       49.78        0.00      0
      1131      5.96          3.12       31.22        0.00      0
      1132      5.97          4.98       49.78        0.00      0
      1133      5.97          4.98       49.78        0.00      0
      1134      5.98          3.12       31.22        0.00      0
      1135      5.99          4.98       49.78        0.00      0
      1136      5.99         17.15       60.03       11.15      0
      1137      5.99          3.12       31.22        0.00      0
      1138      6.00          3.12       31.22        0.00      0
      1139      6.00          3.12       31.22        0.00      0
      1140      6.01          3.12       31.22        0.00      0
      1141      6.01          5.47       54.66        0.00      0
      1142      6.02          3.12       31.22        0.00      0
      1143      6.03          4.98       49.78        0.00      0
      1144      6.03          3.12       31.22        0.00      0
      1145      6.04          3.12       31.22        0.00      0
      1146      6.04          4.98       49.78        0.00      0
      1147      6.05          4.98       49.78        0.00      0
      1148      6.05          3.12       31.22        0.00      0
      1149      6.06          4.98       49.78        0.00      0
      1150      6.06          3.12       31.22        0.00      0
      1151      6.07          4.98       49.78        0.00      0
      1152      6.07          3.12       31.22        0.00      0
      1153      6.08          3.12       31.22        0.00      0
      1154      6.09          3.12       31.22        0.00      0
      1155      6.10          5.93       59.30        0.00      0
      1156      6.10          4.98       49.78        0.00      0
      1157      6.10          4.98       49.78        0.00      0
      1158      6.11          3.12       31.22        0.00      0
      1159      6.12          4.98       49.78        0.00      0
      1160      6.12          3.12       31.22        0.00      0
      1161      6.12          3.12       31.22        0.00      0
      1162      6.13          3.12       31.22        0.00      0
      1163      6.13          3.12       31.22        0.00      0
      1164      6.14          4.98       49.78        0.00      0
      1165      6.14          5.93       59.30        0.00      0
      1166      6.15          4.98       49.78        0.00      0
      1167      6.15          4.98       49.78        0.00      0
      1168      6.15          4.98       49.78        0.00      0
      1169      6.16          4.98       49.78        0.00      0
      1170      6.16          4.98       49.78        0.00      0
      1171      6.17          3.12       31.22        0.00      0
      1172      6.17          5.93       59.30        0.00      0
      1173      6.18          4.98       49.78        0.00      0
      1174      6.18          3.12       31.22        0.00      0
      1175      6.19          4.98       49.78        0.00      0
      1176      6.19          4.98       49.78        0.00      0
      1177      6.20          4.98       49.78        0.00      0
      1178      6.20          3.12       31.22        0.00      0
      1179      6.21          3.12       31.22        0.00      0
      1180      6.21          3.12       31.22        0.00      0
      1181      6.22          3.12       31.22        0.00      0
      1182      6.22          4.98       49.78        0.00      0
      1183      6.23          3.12       31.22        0.00      0
      1184      6.24          3.12       31.22        0.00      0
      1185      6.24          3.12       31.22        0.00      0
      1186      6.24          3.12       31.22        0.00      0
      1187      6.25          3.12       31.22        0.00      0
      1188      6.25          4.98       49.78        0.00      0
      1189      6.25          4.98       49.78        0.00      0
      1190      6.26          5.93       59.30        0.00      0
      1191      6.26          4.98       49.78        0.00      0
      1192      6.27          5.93       59.30        0.00      0
      1193      6.27          3.12       31.22        0.00      0
      1194      6.28          4.98       49.78        0.00      0
      1195      6.28          3.12       31.22        0.00      0
      1196      6.29          3.12       31.22        0.00      0
      1197      6.30          4.98       49.78        0.00      0
      1198      6.30          4.98       49.78        0.00      0
      1199      6.31          5.93       59.30        0.00      0
      1200      6.31          3.12       31.22        0.00      0
      1201      6.32          3.12       31.22        0.00      0
      1202      6.32          3.12       31.22        0.00      0
      1203      6.33          3.12       31.22        0.00      0
      1204      6.33          4.98       49.78        0.00      0
      1205      6.33          3.12       31.22        0.00      0
      1206      6.34          3.12       31.22        0.00      0
      1207      6.34          3.12       31.22        0.00      0
      1208      6.35          3.12       31.22        0.00      0
      1209      6.35          4.98       49.78        0.00      0
      1210      6.36          4.98       49.78        0.00      0
      1211      6.36          4.98       49.78        0.00      0
      1212      6.37          4.98       49.78        0.00      0
      1213      6.37          5.93       59.30        0.00      0
      1214      6.37          5.93       59.30        0.00      0
      1215      6.38          4.98       49.78        0.00      0
      1216      6.38          3.12       31.22        0.00      0
      1217      6.39          3.12       31.22        0.00      0
      1218      6.39          3.12       31.22        0.00      0
      1219      6.39          3.12       31.22        0.00      0
      1220      6.39          5.93       59.30        0.00      0
      1221      6.40          3.12       31.22        0.00      0
      1222      6.41          3.12       31.22        0.00      0
      1223      6.41          3.12       31.22        0.00      0
      1224      6.41          5.93       59.30        0.00      0
      1225      6.42          3.12       31.22        0.00      0
      1226      6.42          3.12       31.22        0.00      0
      1227      6.43          5.93       59.30        0.00      0
      1228      6.43          4.98       49.78        0.00      0
      1229      6.44          4.98       49.78        0.00      0
      1230      6.45          3.12       31.22        0.00      0
      1231      6.45          3.12       31.22        0.00      0
      1232      6.45          3.12       31.22        0.00      0
      1233      6.46          5.47       54.66        0.00      0
      1234      6.47          4.98       49.78        0.00      0
      1235      6.48          3.12       31.22        0.00      0
      1236      6.49          4.98       49.78        0.00      0
      1237      6.50          3.12       31.22        0.00      0
      1238      6.50          4.98       49.78        0.00      0
      1239      6.51          3.12       31.22        0.00      0
      1240      6.51          5.93       59.30        0.00      0
      1241      6.52          4.98       49.78        0.00      0
      1242      6.53          3.12       31.22        0.00      0
      1243      6.55          3.12       31.22        0.00      0
      1244      6.56          3.12       31.22        0.00      0
      1245      6.57          4.98       49.78        0.00      0
      1246      6.58          4.98       49.78        0.00      0
      1247      6.58          5.93       59.30        0.00      0
      1248      6.59          3.12       31.22        0.00      0
      1249      6.60          5.47       54.66        0.00      0
      1250      6.61          3.12       31.22        0.00      0
      1251      6.62          3.12       31.22        0.00      0
      1252      6.63          3.12       31.22        0.00      0
      1253      6.63          5.93       59.30        0.00      0
      1254      6.64          3.12       31.22        0.00      0
      1255      6.64          3.12       31.22        0.00      0
      1256      6.65          4.98       49.78        0.00      0
      1257      6.66          3.12       31.22        0.00      0
      1258      6.67          3.12       31.22        0.00      0
      1259      6.68          3.12       31.22        0.00      0
      1260      6.69          4.98       49.78        0.00      0
      1261      6.69          3.12       31.22        0.00      0
      1262      6.71          4.98       49.78        0.00      0
      1263      6.71          5.93       59.30        0.00      0
      1264      6.72          5.93       59.30        0.00      0
      1265      6.73          4.98       49.78        0.00      0
      1266      6.73          4.98       49.78        0.00      0
      1267      6.74          3.12       31.22        0.00      0
      1268      6.75          3.12       31.22        0.00      0
      1269      6.76          3.12       31.22        0.00      0
      1270      6.77          5.93       59.30        0.00      0
      1271      6.78          4.98       49.78        0.00      0
      1272      6.78          3.12       31.22        0.00      0
      1273      6.79          3.12       31.22        0.00      0
      1274      6.80          4.98       49.78        0.00      0
      1275      6.81          3.12       31.22        0.00      0
      1276      6.81          3.12       31.22        0.00      0
      1277      6.82          3.12       31.22        0.00      0
      1278      6.82          4.98       49.78        0.00      0
      1279      6.82          4.98       49.78        0.00      0
      1280      6.83          3.12       31.22        0.00      0
      1281      6.83          3.12       31.22        0.00      0
      1282      6.84          3.12       31.22        0.00      0
      1283      6.84          4.98       49.78        0.00      0
      1284      6.86          3.12       31.22        0.00      0
      1285      6.86          4.98       49.78        0.00      0
      1286      6.87          3.12       31.22        0.00      0
      1287      6.87          3.12       31.22        0.00      0
      1288      6.88          3.12       31.22        0.00      0
      1289      6.88          3.12       31.22        0.00      0
      1290      6.89          4.98       49.78        0.00      0
      1291      6.89          4.98       49.78        0.00      0
      1292      6.90          4.98       49.78        0.00      0
      1293      6.90          3.12       31.22        0.00      0
      1294      6.91          3.12       31.22        0.00      0
      1295      6.92          4.98       49.78        0.00      0
      1296      6.92          3.12       31.22        0.00      0
      1297      6.93          3.12       31.22        0.00      0
      1298      6.93          4.98       49.78        0.00      0
      1299      6.94          3.12       31.22        0.00      0
      1300      6.95          4.98       49.78        0.00      0
      1301      6.96          3.12       31.22        0.00      0
      1302      6.97         17.15       60.03       11.15      0
      1303      6.98          3.12       31.22        0.00      0
      1304      6.98          4.98       49.78        0.00      0
      1305      7.00          3.12       31.22        0.00      0
      1306      7.01          3.12       31.22        0.00      0
      1307      7.01          3.12       31.22        0.00      0
      1308      7.03          3.12       31.22        0.00      0
      1309      7.04          3.12       31.22        0.00      0
      1310      7.05          4.98       49.78        0.00      0
      1311      7.06          5.93       59.30        0.00      0
      1312      7.07          4.98       49.78        0.00      0
      1313      7.07          3.12       31.22        0.00      0
      1314      7.08          5.93       59.30        0.00      0
      1315      7.09          3.12       31.22        0.00      0
      1316      7.09          4.98       49.78        0.00      0
      1317      7.09          3.12       31.22        0.00      0
      1318      7.10          3.12       31.22        0.00      0
      1319      7.11          5.93       59.30        0.00      0
      1320      7.12          3.12       31.22        0.00      0
      1321      7.13         17.15       60.03       11.15      0
      1322      7.13          3.12       31.22        0.00      0
      1323      7.14          3.12       31.22        0.00      0
      1324      7.14          3.12       31.22        0.00      0
      1325      7.15          4.98       49.78        0.00      0
      1326      7.16          4.98       49.78        0.00      0
      1327      7.17          3.12       31.22        0.00      0
      1328      7.17          3.12       31.22        0.00      0
      1329      7.18          4.98       49.78        0.00      0
      1330      7.19          3.12       31.22        0.00      0
      1331      7.20          4.98       49.78        0.00      0
      1332      7.20          5.93       59.30        0.00      0
      1333      7.21          3.12       31.22        0.00      0
      1334      7.22          3.12       31.22        0.00      0
      1335      7.23          3.12       31.22        0.00      0
      1336      7.24          3.12       31.22        0.00      0
      1337      7.25          3.12       31.22        0.00      0
      1338      7.25          3.12       31.22        0.00      0
      1339      7.26          5.47       54.66        0.00      0
      1340      7.26          4.98       49.78        0.00      0
      1341      7.27          3.12       31.22        0.00      0
      1342      7.28          5.93       59.30        0.00      0
      1343      7.28          5.93       59.30        0.00      0
      1344      7.29          4.98       49.78        0.00      0
      1345      7.30          3.12       31.22        0.00      0
      1346      7.30          3.12       31.22        0.00      0
      1347      7.31          3.12       31.22        0.00      0
      1348      7.32          3.12       31.22        0.00      0
      1349      7.33          3.12       31.22        0.00      0
      1350      7.33          5.93       59.30        0.00      0
      1351      7.34          4.98       49.78        0.00      0
      1352      7.35          3.12       31.22        0.00      0
      1353      7.36          4.98       49.78        0.00      0
      1354      7.36          3.12       31.22        0.00      0
      1355      7.37          3.12       31.22        0.00      0
      1356      7.38          3.12       31.22        0.00      0
      1357      7.39          3.12       31.22        0.00      0
      1358      7.40          3.12       31.22        0.00      0
      1359      7.40          3.12       31.22        0.00      0
      1360      7.41          4.98       49.78        0.00      0
      1361      7.42          4.98       49.78        0.00      0
      1362      7.42          3.12       31.22        0.00      0
      1363      7.43          4.98       49.78        0.00      0
      1364      7.43          3.12       31.22        0.00      0
      1365      7.44          3.12       31.22        0.00      0
      1366      7.45          4.98       49.78        0.00      0
      1367      7.45          3.12       31.22        0.00      0
      1368      7.46          3.12       31.22        0.00      0
      1369      7.47          3.12       31.22        0.00      0
      1370      7.48          3.12       31.22        0.00      0
      1371      7.49          4.98       49.78        0.00      0
      1372      7.50          3.12       31.22        0.00      0
      1373      7.50          3.12       31.22        0.00      0
      1374      7.51          3.12       31.22        0.00      0
      1375      7.51          4.98       49.78        0.00      0
      1376      7.52          3.12       31.22        0.00      0
      1377      7.53          3.12       31.22        0.00      0
      1378      7.54          4.98       49.78        0.00      0
      1379      7.55          3.12       31.22        0.00      0
      1380      7.55          3.12       31.22        0.00      0
      1381      7.56          3.12       31.22        0.00      0
      1382      7.57          3.12       31.22        0.00      0
      1383      7.58          5.47       54.66        0.00      0
      1384      7.59          3.12       31.22        0.00      0
      1385      7.60          3.12       31.22        0.00      0
      1386      7.60          4.98       49.78        0.00      0
      1387      7.61          3.12       31.22        0.00      0
      1388      7.62          4.98       49.78        0.00      0
      1389      7.63          3.12       31.22        0.00      0
      1390      7.64          3.12       31.22        0.00      0
      1391      7.65          5.47       54.66        0.00      0
      1392      7.65          4.98       49.78        0.00      0
      1393      7.66          3.12       31.22        0.00      0
      1394      7.67          3.12       31.22        0.00      0
      1395      7.67          3.12       31.22        0.00      0
      1396      7.68          5.93       59.30        0.00      0
      1397      7.69          3.12       31.22        0.00      0
      1398      7.70          3.12       31.22        0.00      0
      1399      7.71          4.98       49.78        0.00      0
      1400      7.72          3.12       31.22        0.00      0
      1401      7.73          3.12       31.22        0.00      0
      1402      7.74          3.12       31.22        0.00      0
      1403      7.75          3.12       31.22        0.00      0
      1404      7.76          3.12       31.22        0.00      0
      1405      7.77          5.47       54.66        0.00      0
      1406      7.78          4.98       49.78        0.00      0
      1407      7.78          4.98       49.78        0.00      0
      1408      7.79          3.12       31.22        0.00      0
      1409      7.79          3.12       31.22        0.00      0
      1410      7.81          5.93       59.30        0.00      0
      1411      7.81          3.12       31.22        0.00      0
      1412      7.82          3.12       31.22        0.00      0
      1413      7.82          3.12       31.22        0.00      0
      1414      7.83          4.98       49.78        0.00      0
      1415      7.83          3.12       31.22        0.00      0
      1416      7.84          3.12       31.22        0.00      0
      1417      7.85          3.12       31.22        0.00      0
      1418      7.85          3.12       31.22        0.00      0
      1419      7.86          3.12       31.22        0.00      0
      1420      7.86          3.12       31.22        0.00      0
      1421      7.87          5.93       59.30        0.00      0
      1422      7.87          3.12       31.22        0.00      0
      1423      7.88          3.12       31.22        0.00      0
      1424      7.88          3.12       31.22        0.00      0
      1425      7.89          3.12       31.22        0.00      0
      1426      7.90          3.12       31.22        0.00      0
      1427      7.90          3.12       31.22        0.00      0
      1428      7.90          3.12       31.22        0.00      0
      1429      7.91          4.98       49.78        0.00      0
      1430      7.92          3.12       31.22        0.00      0
      1431      7.92          4.98       49.78        0.00      0
      1432      7.93          4.98       49.78        0.00      0
      1433      7.93          3.12       31.22        0.00      0
      1434      7.94          3.12       31.22        0.00      0
      1435      7.94          3.12       31.22        0.00      0
      1436      7.95          4.98       49.78        0.00      0
      1437      7.95          3.12       31.22        0.00      0
      1438      7.95          3.12       31.22        0.00      0
      1439      7.96          5.93       59.30        0.00      0
      1440      7.96          3.12       31.22        0.00      0
      1441      7.97          3.12       31.22        0.00      0
      1442      7.97          5.93       59.30        0.00      0
      1443      7.98          3.12       31.22        0.00      0
      1444      7.98          3.12       31.22        0.00      0
      1445      7.99          3.12       31.22        0.00      0
      1446      7.99          4.98       49.78        0.00      0
      1447      7.99          3.12       31.22        0.00      0
      1448      8.00          3.12       31.22        0.00      0
      1449      8.01          4.98       49.78        0.00      0
      1450      8.01          3.12       31.22        0.00      0
      1451      8.02          3.12       31.22        0.00      0
      1452      8.03          4.98       49.78        0.00      0
      1453      8.03          3.12       31.22        0.00      0
      1454      8.04          4.98       49.78        0.00      0
      1455      8.05          4.98       49.78        0.00      0
      1456      8.05          3.12       31.22        0.00      0
      1457      8.05          3.12       31.22        0.00      0
      1458      8.06          5.93       59.30        0.00      0
      1459      8.06          3.12       31.22        0.00      0
      1460      8.07          3.12       31.22        0.00      0
      1461      8.07          3.12       31.22        0.00      0
      1462      8.08          4.98       49.78        0.00      0
      1463      8.08          3.12       31.22        0.00      0
      1464      8.09          3.12       31.22        0.00      0
      1465      8.09          4.98       49.78        0.00      0
      1466      8.10          3.12       31.22        0.00      0
      1467      8.11          5.93       59.30        0.00      0
      1468      8.11          3.12       31.22        0.00      0
      1469      8.12          3.12       31.22        0.00      0
      1470      8.12          4.98       49.78        0.00      0
      1471      8.13          5.93       59.30        0.00      0
      1472      8.14          3.12       31.22        0.00      0
      1473      8.14          5.93       59.30        0.00      0
      1474      8.15          4.98       49.78        0.00      0
      1475      8.15          3.12       31.22        0.00      0
      1476      8.16          3.12       31.22        0.00      0
      1477      8.16          3.12       31.22        0.00      0
      1478      8.17          4.98       49.78        0.00      0
      1479      8.17          5.93       59.30        0.00      0
      1480      8.17          3.12       31.22        0.00      0
      1481      8.18          4.98       49.78        0.00      0
      1482      8.18          3.12       31.22        0.00      0
      1483      8.19          4.98       49.78        0.00      0
      1484      8.19          3.12       31.22        0.00      0
      1485      8.19          3.12       31.22        0.00      0
      1486      8.20          3.12       31.22        0.00      0
      1487      8.20          3.12       31.22        0.00      0
      1488      8.21          4.98       49.78        0.00      0
      1489      8.22          4.98       49.78        0.00      0
      1490      8.22          3.12       31.22        0.00      0
      1491      8.23          3.12       31.22        0.00      0
      1492      8.24          3.12       31.22        0.00      0
      1493      8.24          3.12       31.22        0.00      0
      1494      8.24          3.12       31.22        0.00      0
      1495      8.25          3.12       31.22        0.00      0
      1496      8.25          3.12       31.22        0.00      0
      1497      8.26          4.98       49.78        0.00      0
      1498      8.26          3.12       31.22        0.00      0
      1499      8.27          3.12       31.22        0.00      0
      1500      8.27          3.12       31.22        0.00      0
      1501      8.28          3.12       31.22        0.00      0
      1502      8.28          3.12       31.22        0.00      0
      1503      8.29          4.98       49.78        0.00      0
      1504      8.29          3.12       31.22        0.00      0
      1505      8.30          6.56       54.66        1.10      0
      1506      8.30          4.98       49.78        0.00      0
      1507      8.31          3.12       31.22        0.00      0
      1508      8.32          3.12       31.22        0.00      0
      1509      8.32          3.12       31.22        0.00      0
      1510      8.33          5.47       54.66        0.00      0
      1511      8.33          5.93       59.30        0.00      0
      1512      8.33          3.12       31.22        0.00      0
      1513      8.34          4.98       49.78        0.00      0
      1514      8.34          4.98       49.78        0.00      0
      1515      8.35          3.12       31.22        0.00      0
      1516      8.35          3.12       31.22        0.00      0
      1517      8.36          3.12       31.22        0.00      0
      1518      8.36          3.12       31.22        0.00      0
      1519      8.37          5.93       59.30        0.00      0
      1520      8.37          3.12       31.22        0.00      0
      1521      8.38          4.98       49.78        0.00      0
      1522      8.38          3.12       31.22        0.00      0
      1523      8.39          3.12       31.22        0.00      0
      1524      8.39          3.12       31.22        0.00      0
      1525      8.39          4.98       49.78        0.00      0
      1526      8.40          3.12       31.22        0.00      0
      1527      8.40          3.12       31.22        0.00      0
      1528      8.41          4.98       49.78        0.00      0
      1529      8.42          3.12       31.22        0.00      0
      1530      8.42          4.98       49.78        0.00      0
      1531      8.43          4.98       49.78        0.00      0
      1532      8.43          3.12       31.22        0.00      0
      1533      8.44          5.68       56.82        0.00      0
      1534      8.44          3.12       31.22        0.00      0
      1535      8.45          3.12       31.22        0.00      0
      1536      8.45          3.12       31.22        0.00      0
      1537      8.46          3.12       31.22        0.00      0
      1538      8.46          3.12       31.22        0.00      0
      1539      8.47          3.12       31.22        0.00      0
      1540      8.47          3.12       31.22        0.00      0
      1541      8.48          3.12       31.22        0.00      0
      1542      8.48          4.98       49.78        0.00      0
      1543      8.49          4.98       49.78        0.00      0
      1544      8.49          3.12       31.22        0.00      0
      1545      8.50          5.93       59.30        0.00      0
      1546      8.50          4.98       49.78        0.00      0
      1547      8.51          3.12       31.22        0.00      0
      1548      8.51          5.93       59.30        0.00      0
      1549      8.52          4.98       49.78        0.00      0
      1550      8.53          5.47       54.66        0.00      0
      1551      8.53          3.12       31.22        0.00      0
      1552      8.53          3.12       31.22        0.00      0
      1553      8.54          4.98       49.78        0.00      0
      1554      8.54          3.12       31.22        0.00      0
      1555      8.55          3.12       31.22        0.00      0
      1556      8.56          3.12       31.22        0.00      0
      1557      8.56          4.98       49.78        0.00      0
      1558      8.57          4.98       49.78        0.00      0
      1559      8.58          4.98       49.78        0.00      0
      1560      8.59          4.98       49.78        0.00      0
      1561      8.59          4.98       49.78        0.00      0
      1562      8.60          3.12       31.22        0.00      0
      1563      8.60          3.12       31.22        0.00      0
      1564      8.60          4.98       49.78        0.00      0
      1565      8.61          4.98       49.78        0.00      0
      1566      8.62          4.98       49.78        0.00      0
      1567      8.62          5.93       59.30        0.00      0
      1568      8.63         17.15       60.03       11.15      0
      1569      8.63          3.12       31.22        0.00      0
      1570      8.63          4.98       49.78        0.00      0
      1571      8.64          3.12       31.22        0.00      0
      1572      8.64          5.93       59.30        0.00      0
      1573      8.65          3.12       31.22        0.00      0
      1574      8.65          3.12       31.22        0.00      0
      1575      8.66          4.98       49.78        0.00      0
      1576      8.66          4.98       49.78        0.00      0
      1577      8.66          3.12       31.22        0.00      0
      1578      8.67          4.98       49.78        0.00      0
      1579      8.68          4.98       49.78        0.00      0
      1580      8.68          4.98       49.78        0.00      0
      1581      8.69          4.98       49.78        0.00      0
      1582      8.69          4.98       49.78        0.00      0
      1583      8.70          3.12       31.22        0.00      0
      1584      8.70          4.98       49.78        0.00      0
      1585      8.70          3.12       31.22        0.00      0
      1586      8.71          3.12       31.22        0.00      0
      1587      8.71          3.12       31.22        0.00      0
      1588      8.71          3.12       31.22        0.00      0
      1589      8.72          3.12       31.22        0.00      0
      1590      8.72          3.12       31.22        0.00      0
      1591      8.73          4.98       49.78        0.00      0
      1592      8.73          5.68       56.82        0.00      0
      1593      8.74          3.12       31.22        0.00      0
      1594      8.75          3.12       31.22        0.00      0
      1595      8.75          3.12       31.22        0.00      0
      1596      8.76          3.12       31.22        0.00      0
      1597      8.76          3.12       31.22        0.00      0
      1598      8.76          3.12       31.22        0.00      0
      1599      8.77          4.98       49.78        0.00      0
      1600      8.77          4.98       49.78        0.00      0
      1601      8.78          5.93       59.30        0.00      0
      1602      8.79          3.12       31.22        0.00      0
      1603      8.79          5.47       54.66        0.00      0
      1604      8.80          4.98       49.78        0.00      0
      1605      8.81          3.12       31.22        0.00      0
      1606      8.82          3.12       31.22        0.00      0
      1607      8.82          3.12       31.22        0.00      0
      1608      8.83          3.12       31.22        0.00      0
      1609      8.83          4.98       49.78        0.00      0
      1610      8.84          4.98       49.78        0.00      0
      1611      8.84          3.12       31.22        0.00      0
      1612      8.84          3.12       31.22        0.00      0
      1613      8.85          4.98       49.78        0.00      0
      1614      8.85          4.98       49.78        0.00      0
      1615      8.86          4.98       49.78        0.00      0
      1616      8.86          4.98       49.78        0.00      0
      1617      8.86          3.12       31.22        0.00      0
      1618      8.87          3.12       31.22        0.00      0
      1619      8.88          4.98       49.78        0.00      0
      1620      8.88          3.12       31.22        0.00      0
      1621      8.89          4.98       49.78        0.00      0
      1622      8.89          4.98       49.78        0.00      0
      1623      8.90          3.12       31.22        0.00      0
      1624      8.90          3.12       31.22        0.00      0
      1625      8.91          3.12       31.22        0.00      0
      1626      8.91          4.98       49.78        0.00      0
      1627      8.91          4.98       49.78        0.00      0
      1628      8.92          5.93       59.30        0.00      0
      1629      8.92          4.98       49.78        0.00      0
      1630      8.93          3.12       31.22        0.00      0
      1631      8.93          3.12       31.22        0.00      0
      1632      8.93          3.12       31.22        0.00      0
      1633      8.94          4.98       49.78        0.00      0
      1634      8.95          3.12       31.22        0.00      0
      1635      8.95          3.12       31.22        0.00      0
      1636      8.95          4.98       49.78        0.00      0
      1637      8.96          4.98       49.78        0.00      0
      1638      8.96          3.12       31.22        0.00      0
      1639      8.97          3.12       31.22        0.00      0
      1640      8.97          4.98       49.78        0.00      0
      1641      8.98          5.93       59.30        0.00      0
      1642      8.99          3.12       31.22        0.00      0
      1643      8.99          3.12       31.22        0.00      0
      1644      8.99          3.12       31.22        0.00      0
      1645      9.00          4.98       49.78        0.00      0
      1646      9.00          3.12       31.22        0.00      0
      1647      9.01          4.98       49.78        0.00      0
      1648      9.01          4.98       49.78        0.00      0
      1649      9.02          3.12       31.22        0.00      0
      1650      9.03          3.12       31.22        0.00      0
      1651      9.04          3.12       31.22        0.00      0
      1652      9.04          3.12       31.22        0.00      0
      1653      9.05          4.98       49.78        0.00      0
      1654      9.05         17.15       60.03       11.15      0
      1655      9.06          3.12       31.22        0.00      0
      1656      9.06          3.12       31.22        0.00      0
      1657      9.06          3.12       31.22        0.00      0
      1658      9.07          4.98       49.78        0.00      0
      1659      9.07          3.12       31.22        0.00      0
      1660      9.08          4.98       49.78        0.00      0
      1661      9.08          3.12       31.22        0.00      0
      1662      9.09          4.98       49.78        0.00      0
      1663      9.09          3.12       31.22        0.00      0
      1664      9.09          4.98       49.78        0.00      0
      1665      9.10          5.93       59.30        0.00      0
      1666      9.10          3.12       31.22        0.00      0
      1667      9.11          3.12       31.22        0.00      0
      1668      9.11          3.12       31.22        0.00      0
      1669      9.11          3.12       31.22        0.00      0
      1670      9.12          3.12       31.22        0.00      0
      1671      9.13          3.12       31.22        0.00      0
      1672      9.13          3.12       31.22        0.00      0
      1673      9.14          3.12       31.22        0.00      0
      1674      9.14          5.93       59.30        0.00      0
      1675      9.15          4.98       49.78        0.00      0
      1676      9.16          3.12       31.22        0.00      0
      1677      9.16          4.98       49.78        0.00      0
      1678      9.16          5.93       59.30        0.00      0
      1679      9.17          3.12       31.22        0.00      0
      1680      9.17          5.93       59.30        0.00      0
      1681      9.18          3.12       31.22        0.00      0
      1682      9.18          4.98       49.78        0.00      0
      1683      9.18          3.12       31.22        0.00      0
      1684      9.19          3.12       31.22        0.00      0
      1685      9.20          3.12       31.22        0.00      0
      1686      9.20          4.98       49.78        0.00      0
      1687      9.21          4.98       49.78        0.00      0
      1688      9.21          4.98       49.78        0.00      0
      1689      9.22          3.12       31.22        0.00      0
      1690      9.22          4.98       49.78        0.00      0
      1691      9.23          3.12       31.22        0.00      0
      1692      9.23          3.12       31.22        0.00      0
      1693      9.24          3.12       31.22        0.00      0
      1694      9.24          5.93       59.30        0.00      0
      1695      9.25          3.12       31.22        0.00      0
      1696      9.25          5.93       59.30        0.00      0
      1697      9.26          4.98       49.78        0.00      0
      1698      9.26          3.12       31.22        0.00      0
      1699      9.27          4.98       49.78        0.00      0
      1700      9.27          3.12       31.22        0.00      0
      1701      9.28          3.12       31.22        0.00      0
      1702      9.29          3.12       31.22        0.00      0
      1703      9.29          3.12       31.22        0.00      0
      1704      9.29          3.12       31.22        0.00      0
      1705      9.29          3.12       31.22        0.00      0
      1706      9.30          3.12       31.22        0.00      0
      1707      9.31          3.12       31.22        0.00      0
      1708      9.31          5.93       59.30        0.00      0
      1709      9.32          3.12       31.22        0.00      0
      1710      9.32          4.98       49.78        0.00      0
      1711      9.33          3.12       31.22        0.00      0
      1712      9.33          3.12       31.22        0.00      0
      1713      9.34          3.12       31.22        0.00      0
      1714      9.34         13.71       67.07        7.00      0
      1715      9.34          3.12       31.22        0.00      0
      1716      9.35          4.98       49.78        0.00      0
      1717      9.35          3.12       31.22        0.00      0
      1718      9.36          3.12       31.22        0.00      0
      1719      9.36          3.12       31.22        0.00      0
      1720      9.36          4.98       49.78        0.00      0
      1721      9.37          4.98       49.78        0.00      0
      1722      9.37          3.12       31.22        0.00      0
      1723      9.38          3.12       31.22        0.00      0
      1724      9.38          3.12       31.22        0.00      0
      1725      9.39          3.12       31.22        0.00      0
      1726      9.39          4.98       49.78        0.00      0
      1727      9.40          3.12       31.22        0.00      0
      1728      9.40          4.98       49.78        0.00      0
      1729      9.41          5.93       59.30        0.00      0
      1730      9.41          4.98       49.78        0.00      0
      1731      9.41          3.12       31.22        0.00      0
      1732      9.42          3.12       31.22        0.00      0
      1733      9.42          3.12       31.22        0.00      0
      1734      9.43          3.12       31.22        0.00      0
      1735      9.43          3.12       31.22        0.00      0
      1736      9.44          4.98       49.78        0.00      0
      1737      9.44          4.98       49.78        0.00      0
      1738      9.45          4.98       49.78        0.00      0
      1739      9.45          4.98       49.78        0.00      0
      1740      9.46          3.12       31.22        0.00      0
      1741      9.46          5.93       59.30        0.00      0
      1742      9.46          5.93       59.30        0.00      0
      1743      9.47          3.12       31.22        0.00      0
      1744      9.47          5.47       54.66        0.00      0
      1745      9.48          3.12       31.22        0.00      0
      1746      9.48          3.12       31.22        0.00      0
      1747      9.49          3.12       31.22        0.00      0
      1748      9.49          3.12       31.22        0.00      0
      1749      9.50          4.98       49.78        0.00      0
      1750      9.50          4.98       49.78        0.00      0
      1751      9.50          3.12       31.22        0.00      0
      1752      9.51          3.12       31.22        0.00      0
      1753      9.52          3.12       31.22        0.00      0
      1754      9.52          4.98       49.78        0.00      0
      1755      9.52          4.98       49.78        0.00      0
      1756      9.53          3.12       31.22        0.00      0
      1757      9.53          4.98       49.78        0.00      0
      1758      9.54          4.98       49.78        0.00      0
      1759      9.54          4.98       49.78        0.00      0
      1760      9.55          3.12       31.22        0.00      0
      1761      9.55          4.98       49.78        0.00      0
      1762      9.56          4.98       49.78        0.00      0
      1763      9.56          3.12       31.22        0.00      0
      1764      9.56          3.12       31.22        0.00      0
      1765      9.57          3.12       31.22        0.00      0
      1766      9.58          3.12       31.22        0.00      0
      1767      9.58          3.12       31.22        0.00      0
      1768      9.59          3.12       31.22        0.00      0
      1769      9.59          3.12       31.22        0.00      0
      1770      9.60          4.98       49.78        0.00      0
      1771      9.61          4.44       44.42        0.00      0
      1772      9.61          4.98       49.78        0.00      0
      1773      9.62          3.12       31.22        0.00      0
      1774      9.63          3.12       31.22        0.00      0
      1775      9.63          3.12       31.22        0.00      0
      1776      9.64          3.12       31.22        0.00      0
      1777      9.64          4.68       46.82        0.00      0
      1778      9.65          5.93       59.30        0.00      0
      1779      9.65          3.12       31.22        0.00      0
      1780      9.66          3.12       31.22        0.00      0
      1781      9.67          4.98       49.78        0.00      0
      1782      9.68          3.12       31.22        0.00      0
      1783      9.68          5.47       54.66        0.00      0
      1784      9.68          4.98       49.78        0.00      0
      1785      9.69          4.98       49.78        0.00      0
      1786      9.70          4.98       49.78        0.00      0
      1787      9.70          3.12       31.22        0.00      0
      1788      9.71          3.12       31.22        0.00      0
      1789      9.72          3.12       31.22        0.00      0
      1790      9.73          4.98       49.78        0.00      0
      1791      9.74          4.98       49.78        0.00      0
      1792      9.74          4.98       49.78        0.00      0
      1793      9.75          3.12       31.22        0.00      0
      1794      9.75          5.93       59.30        0.00      0
      1795      9.76          3.12       31.22        0.00      0
      1796      9.76          3.12       31.22        0.00      0
      1797      9.76          3.12       31.22        0.00      0
      1798      9.77          4.98       49.78        0.00      0
      1799      9.77          3.12       31.22        0.00      0
      1800      9.78          3.12       31.22        0.00      0
      1801      9.79          3.12       31.22        0.00      0
      1802      9.79          4.98       49.78        0.00      0
      1803      9.80          5.93       59.30        0.00      0
      1804      9.80          3.12       31.22        0.00      0
      1805      9.81          3.12       31.22        0.00      0
      1806      9.81          3.12       31.22        0.00      0
      1807      9.82          3.12       31.22        0.00      0
      1808      9.82          4.98       49.78        0.00      0
      1809      9.83          3.12       31.22        0.00      0
      1810      9.83          4.98       49.78        0.00      0
      1811      9.84          4.98       49.78        0.00      0
      1812      9.84          4.98       49.78        0.00      0
      1813      9.85          3.12       31.22        0.00      0
      1814      9.85          3.12       31.22        0.00      0
      1815      9.86          4.98       49.78        0.00      0
      1816      9.86          4.98       49.78        0.00      0
      1817      9.87          4.98       49.78        0.00      0
      1818      9.87          3.12       31.22        0.00      0
      1819      9.87          6.15       50.03        1.15      0
      1820      9.88          3.12       31.22        0.00      0
      1821      9.88          3.12       31.22        0.00      0
      1822      9.89          3.12       31.22        0.00      0
      1823      9.90          3.12       31.22        0.00      0
      1824      9.91          4.98       49.78        0.00      0
      1825      9.91          5.93       59.30        0.00      0
      1826      9.92          5.93       59.30        0.00      0
      1827      9.92          3.12       31.22        0.00      0
      1828      9.93          4.98       49.78        0.00      0
      1829      9.93          3.12       31.22        0.00      0
      1830      9.93          3.12       31.22        0.00      0
      1831      9.94          3.12       31.22        0.00      0
      1832      9.94          3.12       31.22        0.00      0
      1833      9.95          3.12       31.22        0.00      0
      1834      9.95          4.98       49.78        0.00      0
      1835      9.96          3.12       31.22        0.00      0
      1836      9.96          3.12       31.22        0.00      0
      1837      9.97          3.12       31.22        0.00      0
      1838      9.97          4.98       49.78        0.00      0
      1839      9.98          4.98       49.78        0.00      0
      1840      9.98          3.12       31.22        0.00      0
      1841      9.99          3.12       31.22        0.00      0
      1842     10.00          4.98       49.78        0.00      0
      1843     10.00          3.12       31.22        0.00      0
      1844     10.00          3.12       31.22        0.00      0
      1845     10.01          3.12       31.22        0.00      0
      1846     10.02          3.12       31.22        0.00      0
      1847     10.02          4.98       49.78        0.00      0
      1848     10.02          4.98       49.78        0.00      0
      1849     10.03          3.12       31.22        0.00      0
      1850     10.03          3.12       31.22        0.00      0
      1851     10.04          3.12       31.22        0.00      0
      1852     10.04          3.12       31.22        0.00      0
      1853     10.05          3.12       31.22        0.00      0
      1854     10.06          3.12       31.22        0.00      0
      1855     10.06          3.12       31.22        0.00      0
      1856     10.07          3.12       31.22        0.00      0
      1857     10.08          4.98       49.78        0.00      0
      1858     10.08          3.12       31.22        0.00      0
      1859     10.08          4.98       49.78        0.00      0
      1860     10.09          3.12       31.22        0.00      0
      1861     10.10          3.12       31.22        0.00      0
      1862     10.10          3.12       31.22        0.00      0
      1863     10.11          3.12       31.22        0.00      0
      1864     10.11          3.12       31.22        0.00      0
      1865     10.12          3.12       31.22        0.00      0
      1866     10.12          3.12       31.22        0.00      0
      1867     10.13          3.12       31.22        0.00      0
      1868     10.13          3.12       31.22        0.00      0
      1869     10.13          3.12       31.22        0.00      0
      1870     10.14          3.12       31.22        0.00      0
      1871     10.14          4.98       49.78        0.00      0
      1872     10.15          3.12       31.22        0.00      0
      1873     10.15          5.47       54.66        0.00      0
      1874     10.16          3.12       31.22        0.00      0
      1875     10.16          3.12       31.22        0.00      0
      1876     10.17          4.98       49.78        0.00      0
      1877     10.18          4.98       49.78        0.00      0
      1878     10.18          3.12       31.22        0.00      0
      1879     10.19          3.12       31.22        0.00      0
      1880     10.19          3.12       31.22        0.00      0
      1881     10.20          3.12       31.22        0.00      0
      1882     10.20          3.12       31.22        0.00      0
      1883     10.20          3.12       31.22        0.00      0
      1884     10.21          4.98       49.78        0.00      0
      1885     10.21          3.12       31.22        0.00      0
      1886     10.22          3.12       31.22        0.00      0
      1887     10.22          3.12       31.22        0.00      0
      1888     10.23          4.98       49.78        0.00      0
      1889     10.23          5.93       59.30        0.00      0
      1890     10.24          4.98       49.78        0.00      0
      1891     10.24          5.93       59.30        0.00      0
      1892     10.25          4.98       49.78        0.00      0
      1893     10.25          5.93       59.30        0.00      0
      1894     10.26          4.98       49.78        0.00      0
      1895     10.26          3.12       31.22        0.00      0
      1896     10.27          4.98       49.78        0.00      0
      1897     10.27          3.12       31.22        0.00      0
      1898     10.28          3.12       31.22        0.00      0
      1899     10.28          4.98       49.78        0.00      0
      1900     10.29          3.12       31.22        0.00      0
      1901     10.29          3.12       31.22        0.00      0
      1902     10.29          4.98       49.78        0.00      0
      1903     10.30          3.12       31.22        0.00      0
      1904     10.30          3.12       31.22        0.00      0
      1905     10.31          3.12       31.22        0.00      0
      1906     10.31          3.12       31.22        0.00      0
      1907     10.32          5.68       56.82        0.00      0
      1908     10.32          4.98       49.78        0.00      0
      1909     10.32          3.12       31.22        0.00      0
      1910     10.33          3.12       31.22        0.00      0
      1911     10.33          3.12       31.22        0.00      0
      1912     10.34          3.12       31.22        0.00      0
      1913     10.34          3.12       31.22        0.00      0
      1914     10.35          4.98       49.78        0.00      0
      1915     10.35          3.12       31.22        0.00      0
      1916     10.35          3.12       31.22        0.00      0
      1917     10.36          4.98       49.78        0.00      0
      1918     10.37          3.12       31.22        0.00      0
      1919     10.37          3.12       31.22        0.00      0
      1920     10.38          3.12       31.22        0.00      0
      1921     10.38          3.12       31.22        0.00      0
      1922     10.39          3.12       31.22        0.00      0
      1923     10.40          3.12       31.22        0.00      0
      1924     10.40          3.12       31.22        0.00      0
      1925     10.40          3.12       31.22        0.00      0
      1926     10.41          3.12       31.22        0.00      0
      1927     10.42          3.12       31.22        0.00      0
      1928     10.42          3.12       31.22        0.00      0
      1929     10.42          3.12       31.22        0.00      0
      1930     10.43          3.12       31.22        0.00      0
      1931     10.43          3.12       31.22        0.00      0
      1932     10.43          4.98       49.78        0.00      0
      1933     10.44          4.98       49.78        0.00      0
      1934     10.44          3.12       31.22        0.00      0
      1935     10.45          3.12       31.22        0.00      0
      1936     10.45          4.98       49.78        0.00      0
      1937     10.46          3.12       31.22        0.00      0
      1938     10.46          3.12       31.22        0.00      0
      1939     10.47          3.12       31.22        0.00      0
      1940     10.48          4.98       49.78        0.00      0
      1941     10.48          3.12       31.22        0.00      0
      1942     10.48          5.93       59.30        0.00      0
      1943     10.49          4.98       49.78        0.00      0
      1944     10.49          5.47       54.66        0.00      0
      1945     10.50          3.12       31.22        0.00      0
      1946     10.50          4.98       49.78        0.00      0
      1947     10.50          3.12       31.22        0.00      0
      1948     10.51          5.93       59.30        0.00      0
      1949     10.51          3.12       31.22        0.00      0
      1950     10.52          4.98       49.78        0.00      0
      1951     10.52          3.12       31.22        0.00      0
      1952     10.53          3.12       31.22        0.00      0
      1953     10.53          3.12       31.22        0.00      0
      1954     10.54          3.12       31.22        0.00      0
      1955     10.54          4.98       49.78        0.00      0
      1956     10.54          3.12       31.22        0.00      0
      1957     10.55          3.12       31.22        0.00      0
      1958     10.55          3.12       31.22        0.00      0
      1959     10.56          3.12       31.22        0.00      0
      1960     10.56          3.12       31.22        0.00      0
      1961     10.57          3.12       31.22        0.00      0
      1962     10.57          5.47       54.66        0.00      0
      1963     10.58          4.98       49.78        0.00      0
      1964     10.58          3.12       31.22        0.00      0
      1965     10.59          3.12       31.22        0.00      0
      1966     10.60          3.12       31.22        0.00      0
      1967     10.61          3.12       31.22        0.00      0
      1968     10.61          3.12       31.22        0.00      0
      1969     10.62          4.98       49.78        0.00      0
      1970     10.62          3.12       31.22        0.00      0
      1971     10.62          3.12       31.22        0.00      0
      1972     10.63          3.12       31.22        0.00      0
      1973     10.63          4.98       49.78        0.00      0
      1974     10.64          4.98       49.78        0.00      0
      1975     10.64          3.12       31.22        0.00      0
      1976     10.65          4.98       49.78        0.00      0
      1977     10.66          4.98       49.78        0.00      0
      1978     10.66          4.98       49.78        0.00      0
      1979     10.67          4.98       49.78        0.00      0
      1980     10.68          5.93       59.30        0.00      0
      1981     10.68          3.12       31.22        0.00      0
      1982     10.69          3.12       31.22        0.00      0
      1983     10.69          3.12       31.22        0.00      0
      1984     10.70          5.93       59.30        0.00      0
      1985     10.70          3.12       31.22        0.00      0
      1986     10.70          3.12       31.22        0.00      0
      1987     10.71          3.12       31.22        0.00      0
      1988     10.71          3.12       31.22        0.00      0
      1989     10.72          4.98       49.78        0.00      0
      1990     10.72          3.12       31.22        0.00      0
      1991     10.73          5.93       59.30        0.00      0
      1992     10.73          3.12       31.22        0.00      0
      1993     10.74          3.12       31.22        0.00      0
      1994     10.75          4.98       49.78        0.00      0
      1995     10.76          3.12       31.22        0.00      0
      1996     10.77          3.12       31.22        0.00      0
      1997     10.77          4.98       49.78        0.00      0
      1998     10.78          4.98       49.78        0.00      0
      1999     10.79          5.93       59.30        0.00      0
      2000     10.79          6.15       50.03        1.15      0
      2001     10.79          4.98       49.78        0.00      0
      2002     10.80          3.12       31.22        0.00      0
      2003     10.81          3.12       31.22        0.00      0
      2004     10.82          4.98       49.78        0.00      0
      2005     10.82          3.12       31.22        0.00      0
      2006     10.83          3.12       31.22        0.00      0
      2007     10.83          4.98       49.78        0.00      0
      2008     10.84          3.12       31.22        0.00      0
      2009     10.84          3.12       31.22        0.00      0
      2010     10.85          3.12       31.22        0.00      0
      2011     10.86          5.47       54.66        0.00      0
      2012     10.86          3.12       31.22        0.00      0
      2013     10.87          3.12       31.22        0.00      0
      2014     10.88          3.12       31.22        0.00      0
      2015     10.89          5.93       59.30        0.00      0
      2016     10.90          3.12       31.22        0.00      0
      2017     10.90          4.98       49.78        0.00      0
      2018     10.90          3.12       31.22        0.00      0
      2019     10.91          3.12       31.22        0.00      0
      2020     10.92          3.12       31.22        0.00      0
      2021     10.93          3.12       31.22        0.00      0
      2022     10.93          3.12       31.22        0.00      0
      2023     10.94          3.12       31.22        0.00      0
      2024     10.94          3.12       31.22        0.00      0
      2025     10.95          3.12       31.22        0.00      0
      2026     10.95          5.47       54.66        0.00      0
      2027     10.96          3.12       31.22        0.00      0
      2028     10.96          4.98       49.78        0.00      0
      2029     10.96          5.47       54.66        0.00      0
      2030     10.97          4.98       49.78        0.00      0
      2031     10.98          4.98       49.78        0.00      0
      2032     10.98          3.12       31.22        0.00      0
      2033     10.99          3.12       31.22        0.00      0
      2034     11.00          5.93       59.30        0.00      0
      2035     11.01          3.12       31.22        0.00      0
      2036     11.01          3.12       31.22        0.00      0
      2037     11.02          4.98       49.78        0.00      0
      2038     11.03          3.12       31.22        0.00      0
      2039     11.03          4.98       49.78        0.00      0
      2040     11.04          3.12       31.22        0.00      0
      2041     11.05          3.12       31.22        0.00      0
      2042     11.05          3.12       31.22        0.00      0
      2043     11.06          3.12       31.22        0.00      0
      2044     11.06          3.12       31.22        0.00      0
      2045     11.07          3.12       31.22        0.00      0
      2046     11.08          3.12       31.22        0.00      0
      2047     11.08          5.93       59.30        0.00      0
      2048     11.09          3.12       31.22        0.00      0
      2049     11.10          3.12       31.22        0.00      0
      2050     11.11          4.98       49.78        0.00      0
      2051     11.11          5.93       59.30        0.00      0
      2052     11.12          3.12       31.22        0.00      0
      2053     11.12          4.98       49.78        0.00      0
      2054     11.13          4.98       49.78        0.00      0
      2055     11.13          4.98       49.78        0.00      0
      2056     11.14          4.98       49.78        0.00      0
      2057     11.14          4.98       49.78        0.00      0
      2058     11.15          3.12       31.22        0.00      0
      2059     11.15          3.12       31.22        0.00      0
      2060     11.16          4.98       49.78        0.00      0
      2061     11.17          5.47       54.66        0.00      0
      2062     11.17          3.12       31.22        0.00      0
      2063     11.17          4.98       49.78        0.00      0
      2064     11.18          3.12       31.22        0.00      0
      2065     11.20          4.98       49.78        0.00      0
      2066     11.20          3.12       31.22        0.00      0
      2067     11.21          4.98       49.78        0.00      0
      2068     11.22          3.12       31.22        0.00      0
      2069     11.23          4.98       49.78        0.00      0
      2070     11.23          4.98       49.78        0.00      0
      2071     11.24          4.98       49.78        0.00      0
      2072     11.24          3.12       31.22        0.00      0
      2073     11.25          5.93       59.30        0.00      0
      2074     11.26          3.12       31.22        0.00      0
      2075     11.26          4.98       49.78        0.00      0
      2076     11.27          4.98       49.78        0.00      0
      2077     11.27          3.12       31.22        0.00      0
      2078     11.28          3.12       31.22        0.00      0
      2079     11.29          3.12       31.22        0.00      0
      2080     11.29          3.12       31.22        0.00      0
      2081     11.29          4.98       49.78        0.00      0
      2082     11.30          3.12       31.22        0.00      0
      2083     11.30          3.12       31.22        0.00      0
      2084     11.31          4.98       49.78        0.00      0
      2085     11.32          3.12       31.22        0.00      0
      2086     11.33          3.12       31.22        0.00      0
      2087     11.33          3.12       31.22        0.00      0
      2088     11.34          3.12       31.22        0.00      0
      2089     11.35          3.12       31.22        0.00      0
      2090     11.35          3.12       31.22        0.00      0
      2091     11.35          3.12       31.22        0.00      0
      2092     11.36          4.98       49.78        0.00      0
      2093     11.37          4.98       49.78        0.00      0
      2094     11.37          5.93       59.30        0.00      0
      2095     11.38          3.12       31.22        0.00      0
      2096     11.38          4.98       49.78        0.00      0
      2097     11.39          3.12       31.22        0.00      0
      2098     11.39          3.12       31.22        0.00      0
      2099     11.40          4.98       49.78        0.00      0
      2100     11.40          4.98       49.78        0.00      0
      2101     11.40          4.98       49.78        0.00      0
      2102     11.41          4.98       49.78        0.00      0
      2103     11.41          3.12       31.22        0.00      0
      2104     11.42          3.12       31.22        0.00      0
      2105     11.42          3.12       31.22        0.00      0
      2106     11.43          5.47       54.66        0.00      0
      2107     11.44          3.12       31.22        0.00      0
      2108     11.44          3.12       31.22        0.00      0
      2109     11.44          3.12       31.22        0.00      0
      2110     11.45          3.12       31.22        0.00      0
      2111     11.45          4.98       49.78        0.00      0
      2112     11.46          3.12       31.22        0.00      0
      2113     11.46          3.12       31.22        0.00      0
      2114     11.47          4.98       49.78        0.00      0
      2115     11.47          3.12       31.22        0.00      0
      2116     11.48          4.98       49.78        0.00      0
      2117     11.48          3.12       31.22        0.00      0
      2118     11.48          4.98       49.78        0.00      0
      2119     11.49          4.98       49.78        0.00      0
      2120     11.49          3.12       31.22        0.00      0
      2121     11.50          3.12       31.22        0.00      0
      2122     11.50          4.98       49.78        0.00      0
      2123     11.51          3.12       31.22        0.00      0
      2124     11.51          3.12       31.22        0.00      0
      2125     11.52          3.12       31.22        0.00      0
      2126     11.53          4.98       49.78        0.00      0
      2127     11.53          3.12       31.22        0.00      0
      2128     11.54          3.12       31.22        0.00      0
      2129     11.54          3.12       31.22        0.00      0
      2130     11.55          3.12       31.22        0.00      0
      2131     11.55          5.93       59.30        0.00      0
      2132     11.56          3.12       31.22        0.00      0
      2133     11.56          3.12       31.22        0.00      0
      2134     11.57          3.12       31.22        0.00      0
      2135     11.57          3.12       31.22        0.00      0
      2136     11.58          5.93       59.30        0.00      0
      2137     11.59          4.98       49.78        0.00      0
      2138     11.59          4.98       49.78        0.00      0
      2139     11.60          3.12       31.22        0.00      0
      2140     11.60          3.12       31.22        0.00      0
      2141     11.60          4.98       49.78        0.00      0
      2142     11.61          4.98       49.78        0.00      0
      2143     11.61          3.12       31.22        0.00      0
      2144     11.62          3.12       31.22        0.00      0
      2145     11.62          4.98       49.78        0.00      0
      2146     11.62          4.98       49.78        0.00      0
      2147     11.63          3.12       31.22        0.00      0
      2148     11.63          3.12       31.22        0.00      0
      2149     11.64          4.68       46.82        0.00      0
      2150     11.64          4.98       49.78        0.00      0
      2151     11.64          3.12       31.22        0.00      0
      2152     11.65          3.12       31.22        0.00      0
      2153     11.66          4.98       49.78        0.00      0
      2154     11.66          4.98       49.78        0.00      0
      2155     11.67          5.93       59.30        0.00      0
      2156     11.67          5.93       59.30        0.00      0
      2157     11.68          3.12       31.22        0.00      0
      2158     11.68          3.12       31.22        0.00      0
      2159     11.69          3.12       31.22        0.00      0
      2160     11.69          3.12       31.22        0.00      0
      2161     11.69          3.12       31.22        0.00      0
      2162     11.70          4.98       49.78        0.00      0
      2163     11.70          3.12       31.22        0.00      0
      2164     11.71          3.12       31.22        0.00      0
      2165     11.71          4.98       49.78        0.00      0
      2166     11.71          3.12       31.22        0.00      0
      2167     11.72          3.12       31.22        0.00      0
      2168     11.72          5.93       59.30        0.00      0
      2169     11.73          3.12       31.22        0.00      0
      2170     11.73          4.98       49.78        0.00      0
      2171     11.73          3.12       31.22        0.00      0
      2172     11.74          4.98       49.78        0.00      0
      2173     11.74          4.98       49.78        0.00      0
      2174     11.75          3.12       31.22        0.00      0
      2175     11.75          3.12       31.22        0.00      0
      2176     11.75          3.12       31.22        0.00      0
      2177     11.76          3.12       31.22        0.00      0
      2178     11.76          4.98       49.78        0.00      0
      2179     11.76          3.12       31.22        0.00      0
      2180     11.77          3.12       31.22        0.00      0
      2181     11.77          3.12       31.22        0.00      0
      2182     11.78          4.98       49.78        0.00      0
      2183     11.78          4.98       49.78        0.00      0
      2184     11.79          5.93       59.30        0.00      0
      2185     11.79          3.12       31.22        0.00      0
      2186     11.79          4.98       49.78        0.00      0
      2187     11.80          4.98       49.78        0.00      0
      2188     11.80          3.12       31.22        0.00      0
      2189     11.81          3.12       31.22        0.00      0
      2190     11.81          3.12       31.22        0.00      0
      2191     11.82          3.12       31.22        0.00      0
      2192     11.82          3.12       31.22        0.00      0
      2193     11.82          5.47       54.66        0.00      0
      2194     11.83          3.12       31.22        0.00      0
      2195     11.83          3.12       31.22        0.00      0
      2196     11.84          3.12       31.22        0.00      0
      2197     11.84          3.12       31.22        0.00      0
      2198     11.85          3.12       31.22        0.00      0
      2199     11.85          4.98       49.78        0.00      0
      2200     11.85          4.98       49.78        0.00      0
      2201     11.86          5.93       59.30        0.00      0
      2202     11.86          3.12       31.22        0.00      0
      2203     11.86          3.12       31.22        0.00      0
      2204     11.87          3.12       31.22        0.00      0
      2205     11.87          3.12       31.22        0.00      0
      2206     11.88          4.98       49.78        0.00      0
      2207     11.88          3.12       31.22        0.00      0
      2208     11.88          5.93       59.30        0.00      0
      2209     11.89          3.12       31.22        0.00      0
      2210     11.89          3.12       31.22        0.00      0
      2211     11.90          4.98       49.78        0.00      0
      2212     11.90          3.12       31.22        0.00      0
      2213     11.91          3.12       31.22        0.00      0
      2214     11.91          5.93       59.30        0.00      0
      2215     11.92          4.98       49.78        0.00      0
      2216     11.92          4.98       49.78        0.00      0
      2217     11.93          3.12       31.22        0.00      0
      2218     11.93          4.98       49.78        0.00      0
      2219     11.94          3.12       31.22        0.00      0
      2220     11.94          5.93       59.30        0.00      0
      2221     11.94          4.98       49.78        0.00      0
      2222     11.95          5.93       59.30        0.00      0
      2223     11.95          3.12       31.22        0.00      0
      2224     11.96          4.98       49.78        0.00      0
      2225     11.96          4.98       49.78        0.00      0
      2226     11.97          3.12       31.22        0.00      0
      2227     11.97          4.98       49.78        0.00      0
      2228     11.98          3.12       31.22        0.00      0
      2229     11.98          4.98       49.78        0.00      0
      2230     11.98          4.98       49.78        0.00      0
      2231     11.99          5.68       56.82        0.00      0
      2232     11.99          3.12       31.22        0.00      0
      2233     12.00          3.12       31.22        0.00      0
      2234     12.00          3.12       31.22        0.00      0
      2235     12.00          4.98       49.78        0.00      0
      2236     12.01          3.12       31.22        0.00      0
      2237     12.01          3.12       31.22        0.00      0
      2238     12.02          3.12       31.22        0.00      0
      2239     12.02          3.12       31.22        0.00      0
      2240     12.03          4.68       46.82        0.00      0
      2241     12.03          4.98       49.78        0.00      0
      2242     12.04          3.12       31.22        0.00      0
      2243     12.04          3.12       31.22        0.00      0
      2244     12.05          3.12       31.22        0.00      0
      2245     12.06          3.12       31.22        0.00      0
      2246     12.06          3.12       31.22        0.00      0
      2247     12.07          3.12       31.22        0.00      0
      2248     12.07          3.12       31.22        0.00      0
      2249     12.08          4.98       49.78        0.00      0
      2250     12.08          5.47       54.66        0.00      0
      2251     12.08          4.98       49.78        0.00      0
      2252     12.09          3.12       31.22        0.00      0
      2253     12.09          4.98       49.78        0.00      0
      2254     12.10          3.12       31.22        0.00      0
      2255     12.10          3.12       31.22        0.00      0
      2256     12.11          3.12       31.22        0.00      0
      2257     12.11          3.12       31.22        0.00      0
      2258     12.12          3.12       31.22        0.00      0
      2259     12.13          4.98       49.78        0.00      0
      2260     12.14          5.93       59.30        0.00      0
      2261     12.14          3.12       31.22        0.00      0
      2262     12.14          3.12       31.22        0.00      0
      2263     12.15          3.12       31.22        0.00      0
      2264     12.16          3.12       31.22        0.00      0
      2265     12.16          5.93       59.30        0.00      0
      2266     12.16          5.93       59.30        0.00      0
      2267     12.17          3.12       31.22        0.00      0
      2268     12.17          3.12       31.22        0.00      0
      2269     12.18          4.98       49.78        0.00      0
      2270     12.18          3.12       31.22        0.00      0
      2271     12.19          3.12       31.22        0.00      0
      2272     12.19          3.12       31.22        0.00      0
      2273     12.20          5.93       59.30        0.00      0
      2274     12.20          3.12       31.22        0.00      0
      2275     12.21          4.98       49.78        0.00      0
      2276     12.21          4.98       49.78        0.00      0
      2277     12.22          3.12       31.22        0.00      0
      2278     12.22          4.98       49.78        0.00      0
      2279     12.22          3.12       31.22        0.00      0
      2280     12.23          4.98       49.78        0.00      0
      2281     12.23          4.98       49.78        0.00      0
      2282     12.24          4.98       49.78        0.00      0
      2283     12.24          4.98       49.78        0.00      0
      2284     12.25          3.12       31.22        0.00      0
      2285     12.25          4.98       49.78        0.00      0
      2286     12.25          3.12       31.22        0.00      0
      2287     12.26          4.98       49.78        0.00      0
      2288     12.26          3.12       31.22        0.00      0
      2289     12.26          3.12       31.22        0.00      0
      2290     12.27          3.12       31.22        0.00      0
      2291     12.28          3.12       31.22        0.00      0
      2292     12.28          4.98       49.78        0.00      0
      2293     12.28          3.12       31.22        0.00      0
      2294     12.29          5.47       54.66        0.00      0
      2295     12.29          3.12       31.22        0.00      0
      2296     12.29          3.12       31.22        0.00      0
      2297     12.30          3.12       31.22        0.00      0
      2298     12.30          4.98       49.78        0.00      0
      2299     12.30          4.98       49.78        0.00      0
      2300     12.31          3.12       31.22        0.00      0
      2301     12.31          4.98       49.78        0.00      0
      2302     12.31          3.12       31.22        0.00      0
      2303     12.32          4.98       49.78        0.00      0
      2304     12.32          4.98       49.78        0.00      0
      2305     12.32          3.12       31.22        0.00      0
      2306     12.33          3.12       31.22        0.00      0
      2307     12.33          4.98       49.78        0.00      0
      2308     12.34          4.98       49.78        0.00      0
      2309     12.34          3.12       31.22        0.00      0
      2310     12.35          5.93       59.30        0.00      0
      2311     12.35          3.12       31.22        0.00      0
      2312     12.36          5.93       59.30        0.00      0
      2313     12.36          3.12       31.22        0.00      0
      2314     12.37          3.12       31.22        0.00      0
      2315     12.37          4.68       46.82        0.00      0
      2316     12.38          3.12       31.22        0.00      0
      2317     12.38          4.98       49.78        0.00      0
      2318     12.39          3.12       31.22        0.00      0
      2319     12.39          3.12       31.22        0.00      0
      2320     12.40          3.12       31.22        0.00      0
      2321     12.40          4.98       49.78        0.00      0
      2322     12.40          4.98       49.78        0.00      0
      2323     12.41          4.98       49.78        0.00      0
      2324     12.41          3.12       31.22        0.00      0
      2325     12.42          4.98       49.78        0.00      0
      2326     12.42          3.12       31.22        0.00      0
      2327     12.42          3.12       31.22        0.00      0
      2328     12.43          4.98       49.78        0.00      0
      2329     12.43          3.12       31.22        0.00      0
      2330     12.43          3.12       31.22        0.00      0
      2331     12.44          3.12       31.22        0.00      0
      2332     12.44          3.12       31.22        0.00      0
      2333     12.45          3.12       31.22        0.00      0
      2334     12.46          4.98       49.78        0.00      0
      2335     12.46          3.12       31.22        0.00      0
      2336     12.46          3.12       31.22        0.00      0
      2337     12.47          3.12       31.22        0.00      0
      2338     12.47          5.93       59.30        0.00      0
      2339     12.47          3.12       31.22        0.00      0
      2340     12.48          4.98       49.78        0.00      0
      2341     12.48          4.98       49.78        0.00      0
      2342     12.48          3.12       31.22        0.00      0
      2343     12.49          4.98       49.78        0.00      0
      2344     12.50          3.12       31.22        0.00      0
      2345     12.50          3.12       31.22        0.00      0
      2346     12.50          3.12       31.22        0.00      0
      2347     12.51          4.98       49.78        0.00      0
      2348     12.51          3.12       31.22        0.00      0
      2349     12.52          4.98       49.78        0.00      0
      2350     12.52          3.12       31.22        0.00      0
      2351     12.52          3.12       31.22        0.00      0
      2352     12.53          3.12       31.22        0.00      0
      2353     12.54          3.12       31.22        0.00      0
      2354     12.54          3.12       31.22        0.00      0
      2355     12.55          3.12       31.22        0.00      0
      2356     12.55          4.98       49.78        0.00      0
      2357     12.56          5.93       59.30        0.00      0
      2358     12.57          4.98       49.78        0.00      0
      2359     12.57          3.12       31.22        0.00      0
      2360     12.58          4.98       49.78        0.00      0
      2361     12.59          5.47       54.66        0.00      0
      2362     12.59          4.98       49.78        0.00      0
      2363     12.59          3.12       31.22        0.00      0
      2364     12.60          3.12       31.22        0.00      0
      2365     12.60          3.12       31.22        0.00      0
      2366     12.61          3.12       31.22        0.00      0
      2367     12.62          3.12       31.22        0.00      0
      2368     12.63          3.12       31.22        0.00      0
      2369     12.63          3.12       31.22        0.00      0
      2370     12.63          4.98       49.78        0.00      0
      2371     12.64          3.12       31.22        0.00      0
      2372     12.64          3.12       31.22        0.00      0
      2373     12.65          3.12       31.22        0.00      0
      2374     12.65          3.12       31.22        0.00      0
      2375     12.66          3.12       31.22        0.00      0
      2376     12.66          4.98       49.78        0.00      0
      2377     12.67          4.98       49.78        0.00      0
      2378     12.67          4.98       49.78        0.00      0
      2379     12.68          4.98       49.78        0.00      0
      2380     12.68          4.98       49.78        0.00      0
      2381     12.69          3.12       31.22        0.00      0
      2382     12.69          3.12       31.22        0.00      0
      2383     12.70          3.12       31.22        0.00      0
      2384     12.71          3.12       31.22        0.00      0
      2385     12.71          3.12       31.22        0.00      0
      2386     12.72          3.12       31.22        0.00      0
      2387     12.73          3.12       31.22        0.00      0
      2388     12.73          3.12       31.22        0.00      0
      2389     12.74          3.12       31.22        0.00      0
      2390     12.74          3.12       31.22        0.00      0
      2391     12.74          3.12       31.22        0.00      0
      2392     12.75          3.12       31.22        0.00      0
      2393     12.75          3.12       31.22        0.00      0
      2394     12.76          3.12       31.22        0.00      0
      2395     12.76          3.12       31.22        0.00      0
      2396     12.77          4.98       49.78        0.00      0
      2397     12.77          4.98       49.78        0.00      0
      2398     12.78          3.12       31.22        0.00      0
      2399     12.78          3.12       31.22        0.00      0
      2400     12.79          3.12       31.22        0.00      0
      2401     12.80          3.12       31.22        0.00      0
      2402     12.80          3.12       31.22        0.00      0
      2403     12.80          4.98       49.78        0.00      0
      2404     12.81          3.12       31.22        0.00      0
      2405     12.81          4.98       49.78        0.00      0
      2406     12.81          3.12       31.22        0.00      0
      2407     12.82          4.98       49.78        0.00      0
      2408     12.82          4.98       49.78        0.00      0
      2409     12.83          3.12       31.22        0.00      0
      2410     12.83          3.12       31.22        0.00      0
      2411     12.84          3.12       31.22        0.00      0
      2412     12.85          3.12       31.22        0.00      0
      2413     12.85          4.98       49.78        0.00      0
      2414     12.86          3.12       31.22        0.00      0
      2415     12.87          3.12       31.22        0.00      0
      2416     12.87          3.12       31.22        0.00      0
      2417     12.88          3.12       31.22        0.00      0
      2418     12.89          4.98       49.78        0.00      0
      2419     12.89          4.98       49.78        0.00      0
      2420     12.90          4.98       49.78        0.00      0
      2421     12.90          4.98       49.78        0.00      0
      2422     12.90          3.12       31.22        0.00      0
      2423     12.91          3.12       31.22        0.00      0
      2424     12.91          3.12       31.22        0.00      0
      2425     12.92          3.12       31.22        0.00      0
      2426     12.93          4.98       49.78        0.00      0
      2427     12.93          3.12       31.22        0.00      0
      2428     12.93          3.12       31.22        0.00      0
      2429     12.94          4.98       49.78        0.00      0
      2430     12.94          3.12       31.22        0.00      0
      2431     12.95          5.47       54.66        0.00      0
      2432     12.96          4.98       49.78        0.00      0
      2433     12.96          3.12       31.22        0.00      0
      2434     12.97          4.98       49.78        0.00      0
      2435     12.97          4.98       49.78        0.00      0
      2436     12.97          3.12       31.22        0.00      0
      2437     12.98          4.98       49.78        0.00      0
      2438     12.98          3.12       31.22        0.00      0
      2439     12.99          3.12       31.22        0.00      0
      2440     12.99          4.98       49.78        0.00      0
      2441     12.99          3.12       31.22        0.00      0
      2442     13.00          4.98       49.78        0.00      0
      2443     13.01          3.12       31.22        0.00      0
      2444     13.02          3.12       31.22        0.00      0
      2445     13.02          3.12       31.22        0.00      0
      2446     13.03          4.98       49.78        0.00      0
      2447     13.03          3.12       31.22        0.00      0
      2448     13.04          3.12       31.22        0.00      0
      2449     13.04          3.12       31.22        0.00      0
      2450     13.05          3.12       31.22        0.00      0
      2451     13.06          3.12       31.22        0.00      0
      2452     13.07          4.98       49.78        0.00      0
      2453     13.07          3.12       31.22        0.00      0
      2454     13.07          5.93       59.30        0.00      0
      2455     13.08          4.98       49.78        0.00      0
      2456     13.08          4.98       49.78        0.00      0
      2457     13.09          3.12       31.22        0.00      0
      2458     13.09          4.68       46.82        0.00      0
      2459     13.10          4.98       49.78        0.00      0
      2460     13.11          3.12       31.22        0.00      0
      2461     13.11          4.98       49.78        0.00      0
      2462     13.11          4.98       49.78        0.00      0
      2463     13.12          3.12       31.22        0.00      0
      2464     13.12          3.12       31.22        0.00      0
      2465     13.13          3.12       31.22        0.00      0
      2466     13.13          5.93       59.30        0.00      0
      2467     13.14          3.12       31.22        0.00      0
      2468     13.14          4.98       49.78        0.00      0
      2469     13.15          3.12       31.22        0.00      0
      2470     13.16          3.12       31.22        0.00      0
      2471     13.16          4.98       49.78        0.00      0
      2472     13.17          3.12       31.22        0.00      0
      2473     13.18          4.98       49.78        0.00      0
      2474     13.18          3.12       31.22        0.00      0
      2475     13.19          4.68       46.82        0.00      0
      2476     13.20          3.12       31.22        0.00      0
      2477     13.21          3.12       31.22        0.00      0
      2478     13.22          4.98       49.78        0.00      0
      2479     13.23          3.12       31.22        0.00      0
      2480     13.24          3.12       31.22        0.00      0
      2481     13.25          3.12       31.22        0.00      0
      2482     13.25          3.12       31.22        0.00      0
      2483     13.26          3.12       31.22        0.00      0
      2484     13.27          4.98       49.78        0.00      0
      2485     13.28          3.12       31.22        0.00      0
      2486     13.28          3.12       31.22        0.00      0
      2487     13.29          4.98       49.78        0.00      0
      2488     13.30          3.12       31.22        0.00      0
      2489     13.30          3.12       31.22        0.00      0
      2490     13.31          3.12       31.22        0.00      0
      2491     13.32          3.12       31.22        0.00      0
      2492     13.33          3.12       31.22        0.00      0
      2493     13.34          4.98       49.78        0.00      0
      2494     13.34          3.12       31.22        0.00      0
      2495     13.35          3.12       31.22        0.00      0
      2496     13.35          3.12       31.22        0.00      0
      2497     13.36          4.98       49.78        0.00      0
      2498     13.37          3.12       31.22        0.00      0
      2499     13.38          3.12       31.22        0.00      0
      2500     13.38          3.12       31.22        0.00      0
      2501     13.39          3.12       31.22        0.00      0
      2502     13.39          5.47       54.66        0.00      0
      2503     13.40          3.12       31.22        0.00      0
      2504     13.41          3.12       31.22        0.00      0
      2505     13.41          4.98       49.78        0.00      0
      2506     13.42          4.98       49.78        0.00      0
      2507     13.43          3.12       31.22        0.00      0
      2508     13.43          3.12       31.22        0.00      0
      2509     13.44          3.12       31.22        0.00      0
      2510     13.45          3.12       31.22        0.00      0
      2511     13.45          3.12       31.22        0.00      0
      2512     13.46          3.12       31.22        0.00      0
      2513     13.46          3.12       31.22        0.00      0
      2514     13.47          4.98       49.78        0.00      0
      2515     13.47          3.12       31.22        0.00      0
      2516     13.48          4.98       49.78        0.00      0
      2517     13.48          4.98       49.78        0.00      0
      2518     13.49          4.98       49.78        0.00      0
      2519     13.50          3.12       31.22        0.00      0
      2520     13.50          3.12       31.22        0.00      0
      2521     13.51          5.93       59.30        0.00      0
      2522     13.51          5.93       59.30        0.00      0
      2523     13.52          3.12       31.22        0.00      0
      2524     13.52          3.12       31.22        0.00      0
      2525     13.53          3.12       31.22        0.00      0
      2526     13.54          3.12       31.22        0.00      0
      2527     13.54          3.12       31.22        0.00      0
      2528     13.55          3.12       31.22        0.00      0
      2529     13.55          3.12       31.22        0.00      0
      2530     13.56          4.98       49.78        0.00      0
      2531     13.56          5.93       59.30        0.00      0
      2532     13.57          3.12       31.22        0.00      0
      2533     13.57          4.98       49.78        0.00      0
      2534     13.57          4.98       49.78        0.00      0
      2535     13.58          3.12       31.22        0.00      0
      2536     13.59          4.98       49.78        0.00      0
      2537     13.59          5.93       59.30        0.00      0
      2538     13.60          4.98       49.78        0.00      0
      2539     13.61          3.12       31.22        0.00      0
      2540     13.61          4.98       49.78        0.00      0
      2541     13.62          4.98       49.78        0.00      0
      2542     13.63          3.12       31.22        0.00      0
      2543     13.64          3.12       31.22        0.00      0
      2544     13.65          3.12       31.22        0.00      0
      2545     13.66          4.98       49.78        0.00      0
      2546     13.67          3.12       31.22        0.00      0
      2547     13.68          3.12       31.22        0.00      0
      2548     13.68          4.98       49.78        0.00      0
      2549     13.69          4.98       49.78        0.00      0
      2550     13.70          3.12       31.22        0.00      0
      2551     13.70          3.12       31.22        0.00      0
      2552     13.70          3.12       31.22        0.00      0
      2553     13.71          3.12       31.22        0.00      0
      2554     13.72          3.12       31.22        0.00      0
      2555     13.73          4.98       49.78        0.00      0
      2556     13.74          5.47       54.66        0.00      0
      2557     13.75          3.12       31.22        0.00      0
      2558     13.76          3.12       31.22        0.00      0
      2559     13.77          5.93       59.30        0.00      0
      2560     13.77          3.12       31.22        0.00      0
      2561     13.78          4.98       49.78        0.00      0
      2562     13.79          3.12       31.22        0.00      0
      2563     13.79          3.12       31.22        0.00      0
      2564     13.79          5.93       59.30        0.00      0
      2565     13.80          3.12       31.22        0.00      0
      2566     13.80          4.98       49.78        0.00      0
      2567     13.81          3.12       31.22        0.00      0
      2568     13.81          3.12       31.22        0.00      0
      2569     13.82          4.98       49.78        0.00      0
      2570     13.82          3.12       31.22        0.00      0
      2571     13.83          3.12       31.22        0.00      0
      2572     13.83          4.98       49.78        0.00      0
      2573     13.84          5.93       59.30        0.00      0
      2574     13.84          3.12       31.22        0.00      0
      2575     13.85          3.12       31.22        0.00      0
      2576     13.85          3.12       31.22        0.00      0
      2577     13.86          3.12       31.22        0.00      0
      2578     13.87          4.98       49.78        0.00      0
      2579     13.87          3.12       31.22        0.00      0
      2580     13.87          3.12       31.22        0.00      0
      2581     13.88          3.12       31.22        0.00      0
      2582     13.88          4.98       49.78        0.00      0
      2583     13.89          3.12       31.22        0.00      0
      2584     13.89          3.12       31.22        0.00      0
      2585     13.90          4.98       49.78        0.00      0
      2586     13.90          3.12       31.22        0.00      0
      2587     13.90          3.12       31.22        0.00      0
      2588     13.91          3.12       31.22        0.00      0
      2589     13.91          3.12       31.22        0.00      0
      2590     13.92          3.12       31.22        0.00      0
      2591     13.93          3.12       31.22        0.00      0
      2592     13.93          3.12       31.22        0.00      0
      2593     13.94          4.98       49.78        0.00      0
      2594     13.94          4.98       49.78        0.00      0
      2595     13.95          3.12       31.22        0.00      0
      2596     13.95          3.12       31.22        0.00      0
      2597     13.96          3.12       31.22        0.00      0
      2598     13.96          3.12       31.22        0.00      0
      2599     13.97          3.12       31.22        0.00      0
      2600     13.97          3.12       31.22        0.00      0
      2601     13.98          3.12       31.22        0.00      0
      2602     13.99          3.12       31.22        0.00      0
      2603     13.99          3.12       31.22        0.00      0
      2604     14.00          3.12       31.22        0.00      0
      2605     14.01          4.98       49.78        0.00      0
      2606     14.02          3.12       31.22        0.00      0
      2607     14.02          4.98       49.78        0.00      0
      2608     14.03          5.93       59.30        0.00      0
      2609     14.03          3.12       31.22        0.00      0
      2610     14.03          4.68       46.82        0.00      0
      2611     14.04          3.12       31.22        0.00      0
      2612     14.05          3.12       31.22        0.00      0
      2613     14.05          4.98       49.78        0.00      0
      2614     14.05          4.98       49.78        0.00      0
      2615     14.06          4.98       49.78        0.00      0
      2616     14.06          4.98       49.78        0.00      0
      2617     14.07          3.12       31.22        0.00      0
      2618     14.07          3.12       31.22        0.00      0
      2619     14.08          3.12       31.22        0.00      0
      2620     14.08          4.98       49.78        0.00      0
      2621     14.09          4.98       49.78        0.00      0
      2622     14.09          3.12       31.22        0.00      0
      2623     14.10          3.12       31.22        0.00      0
      2624     14.11          3.12       31.22        0.00      0
      2625     14.11          4.98       49.78        0.00      0
      2626     14.12          4.98       49.78        0.00      0
      2627     14.13          5.68       56.82        0.00      0
      2628     14.14          3.12       31.22        0.00      0
      2629     14.14          3.12       31.22        0.00      0
      2630     14.14          3.12       31.22        0.00      0
      2631     14.15          3.12       31.22        0.00      0
      2632     14.16          3.12       31.22        0.00      0
      2633     14.17          4.98       49.78        0.00      0
      2634     14.18          3.12       31.22        0.00      0
      2635     14.18          3.12       31.22        0.00      0
      2636     14.19          4.98       49.78        0.00      0
      2637     14.20          4.98       49.78        0.00      0
      2638     14.20          4.98       49.78        0.00      0
      2639     14.21          3.12       31.22        0.00      0
      2640     14.21          4.98       49.78        0.00      0
      2641     14.22          3.12       31.22        0.00      0
      2642     14.22          3.12       31.22        0.00      0
      2643     14.22          3.12       31.22        0.00      0
      2644     14.23          3.12       31.22        0.00      0
      2645     14.24          5.93       59.30        0.00      0
      2646     14.24          3.12       31.22        0.00      0
      2647     14.25          3.12       31.22        0.00      0
      2648     14.26          3.12       31.22        0.00      0
      2649     14.26          3.12       31.22        0.00      0
      2650     14.27          3.12       31.22        0.00      0
      2651     14.27          3.12       31.22        0.00      0
      2652     14.28          4.98       49.78        0.00      0
      2653     14.28          3.12       31.22        0.00      0
      2654     14.29          4.98       49.78        0.00      0
      2655     14.29          3.12       31.22        0.00      0
      2656     14.30          3.12       31.22        0.00      0
      2657     14.30          3.12       31.22        0.00      0
      2658     14.31          3.12       31.22        0.00      0
      2659     14.31          3.12       31.22        0.00      0
      2660     14.32          3.12       31.22        0.00      0
      2661     14.32          3.12       31.22        0.00      0
      2662     14.33          4.98       49.78        0.00      0
      2663     14.33          4.98       49.78        0.00      0
      2664     14.34          4.98       49.78        0.00      0
      2665     14.34          3.12       31.22        0.00      0
      2666     14.34          4.98       49.78        0.00      0
      2667     14.35          4.98       49.78        0.00      0
      2668     14.35          5.47       54.66        0.00      0
      2669     14.36          3.12       31.22        0.00      0
      2670     14.36          3.12       31.22        0.00      0
      2671     14.37          3.12       31.22        0.00      0
      2672     14.37          4.98       49.78        0.00      0
      2673     14.37          3.12       31.22        0.00      0
      2674     14.38          4.98       49.78        0.00      0
      2675     14.39          4.98       49.78        0.00      0
      2676     14.40          3.12       31.22        0.00      0
      2677     14.40          3.12       31.22        0.00      0
      2678     14.41          4.98       49.78        0.00      0
      2679     14.41          3.12       31.22        0.00      0
      2680     14.42          3.12       31.22        0.00      0
      2681     14.42          3.12       31.22        0.00      0
      2682     14.43          3.12       31.22        0.00      0
      2683     14.43          3.12       31.22        0.00      0
      2684     14.44          3.12       31.22        0.00      0
      2685     14.44          4.98       49.78        0.00      0
      2686     14.45          4.98       49.78        0.00      0
      2687     14.45          4.98       49.78        0.00      0
      2688     14.46          3.12       31.22        0.00      0
      2689     14.47          3.12       31.22        0.00      0
      2690     14.47          4.98       49.78        0.00      0
      2691     14.47          4.98       49.78        0.00      0
      2692     14.48          3.12       31.22        0.00      0
      2693     14.48          3.12       31.22        0.00      0
      2694     14.49          3.12       31.22        0.00      0
      2695     14.49          5.93       59.30        0.00      0
      2696     14.50          4.98       49.78        0.00      0
      2697     14.50          4.98       49.78        0.00      0
      2698     14.51          3.12       31.22        0.00      0
      2699     14.51          4.98       49.78        0.00      0
      2700     14.51          3.12       31.22        0.00      0
      2701     14.52          3.12       31.22        0.00      0
      2702     14.53          4.98       49.78        0.00      0
      2703     14.54          4.98       49.78        0.00      0
      2704     14.54          3.12       31.22        0.00      0
      2705     14.54          4.98       49.78        0.00      0
      2706     14.55          4.98       49.78        0.00      0
      2707     14.56          4.98       49.78        0.00      0
      2708     14.56          3.12       31.22        0.00      0
      2709     14.57          3.12       31.22        0.00      0
      2710     14.57          4.98       49.78        0.00      0
      2711     14.58          3.12       31.22        0.00      0
      2712     14.58          3.12       31.22        0.00      0
      2713     14.59          4.98       49.78        0.00      0
      2714     14.59          4.98       49.78        0.00      0
      2715     14.60          4.98       49.78        0.00      0
      2716     14.60          3.12       31.22        0.00      0
      2717     14.61          3.12       31.22        0.00      0
      2718     14.61          4.98       49.78        0.00      0
      2719     14.62          3.12       31.22        0.00      0
      2720     14.62          3.12       31.22        0.00      0
      2721     14.62          3.12       31.22        0.00      0
      2722     14.63          4.98       49.78        0.00      0
      2723     14.63          5.93       59.30        0.00      0
      2724     14.64          4.98       49.78        0.00      0
      2725     14.64          5.93       59.30        0.00      0
      2726     14.64          5.47       54.66        0.00      0
      2727     14.65          3.12       31.22        0.00      0
      2728     14.65          4.98       49.78        0.00      0
      2729     14.66          4.98       49.78        0.00      0
      2730     14.66          4.98       49.78        0.00      0
      2731     14.66          3.12       31.22        0.00      0
      2732     14.67          3.12       31.22        0.00      0
      2733     14.67          4.98       49.78        0.00      0
      2734     14.68          3.12       31.22        0.00      0
      2735     14.68          3.12       31.22        0.00      0
      2736     14.69          4.98       49.78        0.00      0
      2737     14.69          3.12       31.22        0.00      0
      2738     14.70          3.12       31.22        0.00      0
      2739     14.70          5.93       59.30        0.00      0
      2740     14.71          3.12       31.22        0.00      0
      2741     14.71          4.98       49.78        0.00      0
      2742     14.71          4.98       49.78        0.00      0
      2743     14.72          4.98       49.78        0.00      0
      2744     14.73          4.98       49.78        0.00      0
      2745     14.74          3.12       31.22        0.00      0
      2746     14.74          4.98       49.78        0.00      0
      2747     14.75          4.98       49.78        0.00      0
      2748     14.75          4.98       49.78        0.00      0
      2749     14.76          3.12       31.22        0.00      0
      2750     14.76          3.12       31.22        0.00      0
      2751     14.77          5.93       59.30        0.00      0
      2752     14.77          3.12       31.22        0.00      0
      2753     14.78          3.12       31.22        0.00      0
      2754     14.79          3.12       31.22        0.00      0
      2755     14.79          3.12       31.22        0.00      0
      2756     14.79          3.12       31.22        0.00      0
      2757     14.80          4.98       49.78        0.00      0
      2758     14.80          4.98       49.78        0.00      0
      2759     14.81          3.12       31.22        0.00      0
      2760     14.81          3.12       31.22        0.00      0
      2761     14.82          4.98       49.78        0.00      0
      2762     14.82          3.12       31.22        0.00      0
      2763     14.83          3.12       31.22        0.00      0
      2764     14.83          4.98       49.78        0.00      0
      2765     14.83          3.12       31.22        0.00      0
      2766     14.84          4.68       46.82        0.00      0
      2767     14.85          3.12       31.22        0.00      0
      2768     14.85          5.93       59.30        0.00      0
      2769     14.85          3.12       31.22        0.00      0
      2770     14.86          3.12       31.22        0.00      0
      2771     14.86          3.12       31.22        0.00      0
      2772     14.86          4.98       49.78        0.00      0
      2773     14.87          4.98       49.78        0.00      0
      2774     14.87          3.12       31.22        0.00      0
      2775     14.88          3.12       31.22        0.00      0
      2776     14.89          4.98       49.78        0.00      0
      2777     14.89          3.12       31.22        0.00      0
      2778     14.90          3.12       31.22        0.00      0
      2779     14.90          4.98       49.78        0.00      0
      2780     14.90          4.98       49.78        0.00      0
      2781     14.91          3.12       31.22        0.00      0
      2782     14.91          3.12       31.22        0.00      0
      2783     14.92          3.12       31.22        0.00      0
      2784     14.93          4.98       49.78        0.00      0
      2785     14.93          4.98       49.78        0.00      0
      2786     14.93          3.12       31.22        0.00      0
      2787     14.94          4.98       49.78        0.00      0
      2788     14.94          4.98       49.78        0.00      0
      2789     14.94          3.12       31.22        0.00      0
      2790     14.95          3.12       31.22        0.00      0
      2791     14.95          3.12       31.22        0.00      0
      2792     14.96          4.98       49.78        0.00      0
      2793     14.96          4.98       49.78        0.00      0
      2794     14.96          3.12       31.22        0.00      0
      2795     14.97          3.12       31.22        0.00      0
      2796     14.98          5.47       54.66        0.00      0
      2797     14.98          4.98       49.78        0.00      0
      2798     14.99          5.47       54.66        0.00      0
      2799     14.99          3.12       31.22        0.00      0
      2800     15.00          3.12       31.22        0.00      0
      2801     15.00          4.98       49.78        0.00      0
      2802     15.00          3.12       31.22        0.00      0
      2803     15.01          3.12       31.22        0.00      0
      2804     15.01          3.12       31.22        0.00      0
      2805     15.02          3.12       31.22        0.00      0
      2806     15.03          4.98       49.78        0.00      0
      2807     15.03          5.93       59.30        0.00      0
      2808     15.03          3.12       31.22        0.00      0
      2809     15.05          4.98       49.78        0.00      0
      2810     15.05          3.12       31.22        0.00      0
      2811     15.06          3.12       31.22        0.00      0
      2812     15.06          5.93       59.30        0.00      0
      2813     15.07          4.98       49.78        0.00      0
      2814     15.07          3.12       31.22        0.00      0
      2815     15.08          4.98       49.78        0.00      0
      2816     15.08          4.98       49.78        0.00      0
      2817     15.09          3.12       31.22        0.00      0
      2818     15.10          3.12       31.22        0.00      0
      2819     15.11          3.12       31.22        0.00      0
      2820     15.12          3.12       31.22        0.00      0
      2821     15.13          3.12       31.22        0.00      0
      2822     15.14          4.98       49.78        0.00      0
      2823     15.14          3.12       31.22        0.00      0
      2824     15.14          4.98       49.78        0.00      0
      2825     15.15          4.98       49.78        0.00      0
      2826     15.16          3.12       31.22        0.00      0
      2827     15.16          3.12       31.22        0.00      0
      2828     15.16          4.98       49.78        0.00      0
      2829     15.17          3.12       31.22        0.00      0
      2830     15.17          3.12       31.22        0.00      0
      2831     15.18          3.12       31.22        0.00      0
      2832     15.18          4.98       49.78        0.00      0
      2833     15.19          3.12       31.22        0.00      0
      2834     15.20          3.12       31.22        0.00      0
      2835     15.20          3.12       31.22        0.00      0
      2836     15.21          3.12       31.22        0.00      0
      2837     15.22          5.68       56.82        0.00      0
      2838     15.23          4.98       49.78        0.00      0
      2839     15.24          3.12       31.22        0.00      0
      2840     15.24          3.12       31.22        0.00      0
      2841     15.25          3.12       31.22        0.00      0
      2842     15.26          3.12       31.22        0.00      0
      2843     15.26          4.98       49.78        0.00      0
      2844     15.27          4.98       49.78        0.00      0
      2845     15.27          3.12       31.22        0.00      0
      2846     15.27          4.68       46.82        0.00      0
      2847     15.28          4.98       49.78        0.00      0
      2848     15.28          4.98       49.78        0.00      0
      2849     15.29          4.98       49.78        0.00      0
      2850     15.29          3.12       31.22        0.00      0
      2851     15.30          3.12       31.22        0.00      0
      2852     15.30          3.12       31.22        0.00      0
      2853     15.31          4.98       49.78        0.00      0
      2854     15.31          4.98       49.78        0.00      0
      2855     15.31          5.93       59.30        0.00      0
      2856     15.32          3.12       31.22        0.00      0
      2857     15.32          3.12       31.22        0.00      0
      2858     15.33          4.98       49.78        0.00      0
      2859     15.33          4.98       49.78        0.00      0
      2860     15.33          3.12       31.22        0.00      0
      2861     15.34          4.98       49.78        0.00      0
      2862     15.34          4.98       49.78        0.00      0
      2863     15.35          4.98       49.78        0.00      0
      2864     15.35          3.12       31.22        0.00      0
      2865     15.35          4.98       49.78        0.00      0
      2866     15.36          5.93       59.30        0.00      0
      2867     15.36          4.98       49.78        0.00      0
      2868     15.37          3.12       31.22        0.00      0
      2869     15.37          4.98       49.78        0.00      0
      2870     15.38          3.12       31.22        0.00      0
      2871     15.39          3.12       31.22        0.00      0
      2872     15.39          4.98       49.78        0.00      0
      2873     15.39          4.98       49.78        0.00      0
      2874     15.40          3.12       31.22        0.00      0
      2875     15.41          3.12       31.22        0.00      0
      2876     15.41          4.98       49.78        0.00      0
      2877     15.42          3.12       31.22        0.00      0
      2878     15.42          3.12       31.22        0.00      0
      2879     15.42          3.12       31.22        0.00      0
      2880     15.43          3.12       31.22        0.00      0
      2881     15.43          3.12       31.22        0.00      0
      2882     15.44          3.12       31.22        0.00      0
      2883     15.44          4.98       49.78        0.00      0
      2884     15.45          3.12       31.22        0.00      0
      2885     15.45          3.12       31.22        0.00      0
      2886     15.45          5.93       59.30        0.00      0
      2887     15.46         17.15       60.03       11.15      0
      2888     15.46          4.98       49.78        0.00      0
      2889     15.47          3.12       31.22        0.00      0
      2890     15.47          3.12       31.22        0.00      0
      2891     15.47          3.12       31.22        0.00      0
      2892     15.48          3.12       31.22        0.00      0
      2893     15.48          3.12       31.22        0.00      0
      2894     15.48          3.12       31.22        0.00      0
      2895     15.49          5.68       56.82        0.00      0
      2896     15.49          3.12       31.22        0.00      0
      2897     15.50          4.98       49.78        0.00      0
      2898     15.50          4.98       49.78        0.00      0
      2899     15.51          4.98       49.78        0.00      0
      2900     15.51          4.98       49.78        0.00      0
      2901     15.51          4.98       49.78        0.00      0
      2902     15.52          3.12       31.22        0.00      0
      2903     15.52          3.12       31.22        0.00      0
      2904     15.52          4.98       49.78        0.00      0
      2905     15.53          3.12       31.22        0.00      0
      2906     15.53          4.98       49.78        0.00      0
      2907     15.54          3.12       31.22        0.00      0
      2908     15.54          4.98       49.78        0.00      0
      2909     15.55          3.12       31.22        0.00      0
      2910     15.55          3.12       31.22        0.00      0
      2911     15.56          3.12       31.22        0.00      0
      2912     15.56          4.98       49.78        0.00      0
      2913     15.57          3.12       31.22        0.00      0
      2914     15.57          4.98       49.78        0.00      0
      2915     15.57          4.98       49.78        0.00      0
      2916     15.58          4.98       49.78        0.00      0
      2917     15.58          4.98       49.78        0.00      0
      2918     15.58          3.12       31.22        0.00      0
      2919     15.59          3.12       31.22        0.00      0
      2920     15.60          4.98       49.78        0.00      0
      2921     15.60          3.12       31.22        0.00      0
      2922     15.61          4.98       49.78        0.00      0
      2923     15.61          3.12       31.22        0.00      0
      2924     15.61          3.12       31.22        0.00      0
      2925     15.62          3.12       31.22        0.00      0
      2926     15.62          4.98       49.78        0.00      0
      2927     15.63          3.12       31.22        0.00      0
      2928     15.63          3.12       31.22        0.00      0
      2929     15.63          3.12       31.22        0.00      0
      2930     15.64          3.12       31.22        0.00      0
      2931     15.64          4.98       49.78        0.00      0
      2932     15.65          3.12       31.22        0.00      0
      2933     15.65          5.93       59.30        0.00      0
      2934     15.66          3.12       31.22        0.00      0
      2935     15.66          3.12       31.22        0.00      0
      2936     15.67          3.12       31.22        0.00      0
      2937     15.67          4.98       49.78        0.00      0
      2938     15.68          3.12       31.22        0.00      0
      2939     15.68          3.12       31.22        0.00      0
      2940     15.68          3.12       31.22        0.00      0
      2941     15.69          4.98       49.78        0.00      0
      2942     15.69          5.47       54.66        0.00      0
      2943     15.70          4.98       49.78        0.00      0
      2944     15.70          4.98       49.78        0.00      0
      2945     15.71          5.93       59.30        0.00      0
      2946     15.71          4.98       49.78        0.00      0
      2947     15.72          4.98       49.78        0.00      0
      2948     15.72          3.12       31.22        0.00      0
      2949     15.73          3.12       31.22        0.00      0
      2950     15.73          4.98       49.78        0.00      0
      2951     15.74          4.98       49.78        0.00      0
      2952     15.74          5.93       59.30        0.00      0
      2953     15.74          4.98       49.78        0.00      0
      2954     15.75          3.12       31.22        0.00      0
      2955     15.76          4.98       49.78        0.00      0
      2956     15.77          3.12       31.22        0.00      0
      2957     15.78          4.98       49.78        0.00      0
      2958     15.78          4.98       49.78        0.00      0
      2959     15.78          3.12       31.22        0.00      0
      2960     15.79          4.98       49.78        0.00      0
      2961     15.79          3.12       31.22        0.00      0
      2962     15.80          4.98       49.78        0.00      0
      2963     15.81          3.12       31.22        0.00      0
      2964     15.82          3.12       31.22        0.00      0
      2965     15.82          4.98       49.78        0.00      0
      2966     15.83          4.98       49.78        0.00      0
      2967     15.84          3.12       31.22        0.00      0
      2968     15.84          3.12       31.22        0.00      0
      2969     15.85          3.12       31.22        0.00      0
      2970     15.86          4.98       49.78        0.00      0
      2971     15.86          3.12       31.22        0.00      0
      2972     15.87          3.12       31.22        0.00      0
      2973     15.88          4.98       49.78        0.00      0
      2974     15.89          4.98       49.78        0.00      0
      2975     15.89          3.12       31.22        0.00      0
      2976     15.90          3.12       31.22        0.00      0
      2977     15.90          4.98       49.78        0.00      0
      2978     15.91          4.98       49.78        0.00      0
      2979     15.92          3.12       31.22        0.00      0
      2980     15.93          3.12       31.22        0.00      0
      2981     15.94          3.12       31.22        0.00      0
      2982     15.95          5.93       59.30        0.00      0
      2983     15.96          3.12       31.22        0.00      0
      2984     15.97          4.98       49.78        0.00      0
      2985     15.97          3.12       31.22        0.00      0
      2986     15.98          3.12       31.22        0.00      0
      2987     15.99          3.12       31.22        0.00      0
      2988     16.00          3.12       31.22        0.00      0
      2989     16.00          4.98       49.78        0.00      0
      2990     16.01          3.12       31.22        0.00      0
      2991     16.03          3.12       31.22        0.00      0
      2992     16.03          4.98       49.78        0.00      0
      2993     16.04          4.98       49.78        0.00      0
      2994     16.05          5.93       59.30        0.00      0
      2995     16.05          4.98       49.78        0.00      0
      2996     16.06          3.12       31.22        0.00      0
      2997     16.06          4.98       49.78        0.00      0
      2998     16.07          3.12       31.22        0.00      0
      2999     16.08          4.98       49.78        0.00      0
      3000     16.09          3.12       31.22        0.00      0
      3001     16.09          3.12       31.22        0.00      0
      3002     16.10          3.12       31.22        0.00      0
      3003     16.10          3.12       31.22        0.00      0
      3004     16.11          4.98       49.78        0.00      0
      3005     16.11          3.12       31.22        0.00      0
      3006     16.12          4.98       49.78        0.00      0
      3007     16.12          3.12       31.22        0.00      0
      3008     16.13          4.98       49.78        0.00      0
      3009     16.13          4.98       49.78        0.00      0
      3010     16.13          3.12       31.22        0.00      0
      3011     16.14          4.98       49.78        0.00      0
      3012     16.14          3.12       31.22        0.00      0
      3013     16.15          3.12       31.22        0.00      0
      3014     16.15          4.98       49.78        0.00      0
      3015     16.15          4.98       49.78        0.00      0
      3016     16.15          3.12       31.22        0.00      0
      3017     16.16          3.12       31.22        0.00      0
      3018     16.17          4.98       49.78        0.00      0
      3019     16.18          3.12       31.22        0.00      0
      3020     16.19          3.12       31.22        0.00      0
      3021     16.19          4.98       49.78        0.00      0
      3022     16.19          3.12       31.22        0.00      0
      3023     16.20          4.98       49.78        0.00      0
      3024     16.21          4.98       49.78        0.00      0
      3025     16.21          3.12       31.22        0.00      0
      3026     16.22          3.12       31.22        0.00      0
      3027     16.22          3.12       31.22        0.00      0
      3028     16.23          3.12       31.22        0.00      0
      3029     16.23          5.93       59.30        0.00      0
      3030     16.24          4.98       49.78        0.00      0
      3031     16.24          3.12       31.22        0.00      0
      3032     16.25          3.12       31.22        0.00      0
      3033     16.25          3.12       31.22        0.00      0
      3034     16.25          5.47       54.66        0.00      0
      3035     16.26          3.12       31.22        0.00      0
      3036     16.27          4.98       49.78        0.00      0
      3037     16.27          3.12       31.22        0.00      0
      3038     16.28          4.98       49.78        0.00      0
      3039     16.28          3.12       31.22        0.00      0
      3040     16.28          4.98       49.78        0.00      0
      3041     16.29          3.12       31.22        0.00      0
      3042     16.29          3.12       31.22        0.00      0
      3043     16.29          5.93       59.30        0.00      0
      3044     16.30          3.12       31.22        0.00      0
      3045     16.31          3.12       31.22        0.00      0
      3046     16.32          4.98       49.78        0.00      0
      3047     16.32          3.12       31.22        0.00      0
      3048     16.32          3.12       31.22        0.00      0
      3049     16.33          3.12       31.22        0.00      0
      3050     16.33          3.12       31.22        0.00      0
      3051     16.34          4.98       49.78        0.00      0
      3052     16.34          3.12       31.22        0.00      0
      3053     16.35          4.98       49.78        0.00      0
      3054     16.36          4.98       49.78        0.00      0
      3055     16.36          5.47       54.66        0.00      0
      3056     16.37          3.12       31.22        0.00      0
      3057     16.37          4.98       49.78        0.00      0
      3058     16.38          4.98       49.78        0.00      0
      3059     16.38          4.98       49.78        0.00      0
      3060     16.39          3.12       31.22        0.00      0
      3061     16.39          3.12       31.22        0.00      0
      3062     16.40          3.12       31.22        0.00      0
      3063     16.41          5.93       59.30        0.00      0
      3064     16.41          3.12       31.22        0.00      0
      3065     16.42          3.12       31.22        0.00      0
      3066     16.42          3.12       31.22        0.00      0
      3067     16.42          3.12       31.22        0.00      0
      3068     16.43          5.93       59.30        0.00      0
      3069     16.44          3.12       31.22        0.00      0
      3070     16.44          3.12       31.22        0.00      0
      3071     16.45          3.12       31.22        0.00      0
      3072     16.45          3.12       31.22        0.00      0
      3073     16.46          4.98       49.78        0.00      0
      3074     16.47          4.98       49.78        0.00      0
      3075     16.47          3.12       31.22        0.00      0
      3076     16.48          3.12       31.22        0.00      0
      3077     16.48          3.12       31.22        0.00      0
      3078     16.49          3.12       31.22        0.00      0
      3079     16.49          3.12       31.22        0.00      0
      3080     16.50          4.98       49.78        0.00      0
      3081     16.50          4.98       49.78        0.00      0
      3082     16.51          4.98       49.78        0.00      0
      3083     16.51          4.98       49.78        0.00      0
      3084     16.52          4.98       49.78        0.00      0
      3085     16.52          5.93       59.30        0.00      0
      3086     16.53          3.12       31.22        0.00      0
      3087     16.53          3.12       31.22        0.00      0
      3088     16.54          4.98       49.78        0.00      0
      3089     16.54          3.12       31.22        0.00      0
      3090     16.55          4.98       49.78        0.00      0
      3091     16.55          5.93       59.30        0.00      0
      3092     16.55          5.47       54.66        0.00      0
      3093     16.56          3.12       31.22        0.00      0
      3094     16.56          4.98       49.78        0.00      0
      3095     16.57          3.12       31.22        0.00      0
      3096     16.57          5.93       59.30        0.00      0
      3097     16.58          3.12       31.22        0.00      0
      3098     16.58          3.12       31.22        0.00      0
      3099     16.59          4.98       49.78        0.00      0
      3100     16.59          3.12       31.22        0.00      0
      3101     16.59          4.98       49.78        0.00      0
      3102     16.60          3.12       31.22        0.00      0
      3103     16.60          4.98       49.78        0.00      0
      3104     16.61          3.12       31.22        0.00      0
      3105     16.61          4.68       46.82        0.00      0
      3106     16.62          3.12       31.22        0.00      0
      3107     16.62          3.12       31.22        0.00      0
      3108     16.63          4.98       49.78        0.00      0
      3109     16.63          3.12       31.22        0.00      0
      3110     16.64          4.98       49.78        0.00      0
      3111     16.65          4.98       49.78        0.00      0
      3112     16.65          3.12       31.22        0.00      0
      3113     16.66          4.98       49.78        0.00      0
      3114     16.66          5.93       59.30        0.00      0
      3115     16.66          4.98       49.78        0.00      0
      3116     16.67          3.12       31.22        0.00      0
      3117     16.67          3.12       31.22        0.00      0
      3118     16.68          3.12       31.22        0.00      0
      3119     16.69          4.98       49.78        0.00      0
      3120     16.69          5.93       59.30        0.00      0
      3121     16.69          3.12       31.22        0.00      0
      3122     16.70          5.93       59.30        0.00      0
      3123     16.70          3.12       31.22        0.00      0
      3124     16.71          4.98       49.78        0.00      0
      3125     16.71          4.98       49.78        0.00      0
      3126     16.72          3.12       31.22        0.00      0
      3127     16.72          3.12       31.22        0.00      0
      3128     16.73          5.93       59.30        0.00      0
      3129     16.73          5.47       54.66        0.00      0
      3130     16.74          3.12       31.22        0.00      0
      3131     16.74          3.12       31.22        0.00      0
      3132     16.75          3.12       31.22        0.00      0
      3133     16.75          3.12       31.22        0.00      0
      3134     16.76          3.12       31.22        0.00      0
      3135     16.76          3.12       31.22        0.00      0
      3136     16.77          4.98       49.78        0.00      0
      3137     16.78          3.12       31.22        0.00      0
      3138     16.78          3.12       31.22        0.00      0
      3139     16.79          3.12       31.22        0.00      0
      3140     16.80          3.12       31.22        0.00      0
      3141     16.81          3.12       31.22        0.00      0
      3142     16.81          4.98       49.78        0.00      0
      3143     16.81          4.98       49.78        0.00      0
      3144     16.82          3.12       31.22        0.00      0
      3145     16.82          3.12       31.22        0.00      0
      3146     16.83          3.12       31.22        0.00      0
      3147     16.83          5.93       59.30        0.00      0
      3148     16.83          4.98       49.78        0.00      0
      3149     16.84          4.98       49.78        0.00      0
      3150     16.84          3.12       31.22        0.00      0
      3151     16.85          4.98       49.78        0.00      0
      3152     16.85          4.98       49.78        0.00      0
      3153     16.86          3.12       31.22        0.00      0
      3154     16.86          5.93       59.30        0.00      0
      3155     16.86          4.98       49.78        0.00      0
      3156     16.87          4.98       49.78        0.00      0
      3157     16.87          3.12       31.22        0.00      0
      3158     16.87          3.12       31.22        0.00      0
      3159     16.88          3.12       31.22        0.00      0
      3160     16.88          4.98       49.78        0.00      0
      3161     16.89          3.12       31.22        0.00      0
      3162     16.89          5.93       59.30        0.00      0
      3163     16.89          3.12       31.22        0.00      0
      3164     16.90          4.98       49.78        0.00      0
      3165     16.91          3.12       31.22        0.00      0
      3166     16.91          3.12       31.22        0.00      0
      3167     16.92          4.98       49.78        0.00      0
      3168     16.92          4.98       49.78        0.00      0
      3169     16.93          3.12       31.22        0.00      0
      3170     16.93          3.12       31.22        0.00      0
      3171     16.94          4.98       49.78        0.00      0
      3172     16.94          3.12       31.22        0.00      0
      3173     16.95          3.12       31.22        0.00      0
      3174     16.95          3.12       31.22        0.00      0
      3175     16.96          4.98       49.78        0.00      0
      3176     16.96          3.12       31.22        0.00      0
      3177     16.97          3.12       31.22        0.00      0
      3178     16.97          4.98       49.78        0.00      0
      3179     16.97          4.98       49.78        0.00      0
      3180     16.98          4.98       49.78        0.00      0
      3181     16.98          3.12       31.22        0.00      0
      3182     16.98          3.12       31.22        0.00      0
      3183     16.99          3.12       31.22        0.00      0
      3184     16.99          3.12       31.22        0.00      0
      3185     17.00          4.98       49.78        0.00      0
      3186     17.00          3.12       31.22        0.00      0
      3187     17.01          3.12       31.22        0.00      0
      3188     17.01          3.12       31.22        0.00      0
      3189     17.01          5.93       59.30        0.00      0
      3190     17.02          4.98       49.78        0.00      0
      3191     17.02          4.98       49.78        0.00      0
      3192     17.03          5.93       59.30        0.00      0
      3193     17.03          3.12       31.22        0.00      0
      3194     17.03          3.12       31.22        0.00      0
      3195     17.04          3.12       31.22        0.00      0
      3196     17.04          4.98       49.78        0.00      0
      3197     17.05          4.98       49.78        0.00      0
      3198     17.05          3.12       31.22        0.00      0
      3199     17.06          4.98       49.78        0.00      0
      3200     17.06          3.12       31.22        0.00      0
      3201     17.07          4.98       49.78        0.00      0
      3202     17.07          3.12       31.22        0.00      0
      3203     17.08          3.12       31.22        0.00      0
      3204     17.08          3.12       31.22        0.00      0
      3205     17.09          4.98       49.78        0.00      0
      3206     17.09          3.12       31.22        0.00      0
      3207     17.09          3.12       31.22        0.00      0
      3208     17.10          4.98       49.78        0.00      0
      3209     17.10          4.98       49.78        0.00      0
      3210     17.10          4.98       49.78        0.00      0
      3211     17.11          3.12       31.22        0.00      0
      3212     17.11          5.47       54.66        0.00      0
      3213     17.12          5.93       59.30        0.00      0
      3214     17.12          3.12       31.22        0.00      0
      3215     17.13          4.98       49.78        0.00      0
      3216     17.14          3.12       31.22        0.00      0
      3217     17.14          3.12       31.22        0.00      0
      3218     17.15          3.12       31.22        0.00      0
      3219     17.15          3.12       31.22        0.00      0
      3220     17.16          4.98       49.78        0.00      0
      3221     17.16          3.12       31.22        0.00      0
      3222     17.16          4.98       49.78        0.00      0
      3223     17.17          4.98       49.78        0.00      0
      3224     17.17          3.12       31.22        0.00      0
      3225     17.19          5.93       59.30        0.00      0
      3226     17.19          4.98       49.78        0.00      0
      3227     17.20          4.98       49.78        0.00      0
      3228     17.20          5.93       59.30        0.00      0
      3229     17.21          5.93       59.30        0.00      0
      3230     17.21          4.98       49.78        0.00      0
      3231     17.22          3.12       31.22        0.00      0
      3232     17.22          5.93       59.30        0.00      0
      3233     17.23          3.12       31.22        0.00      0
      3234     17.24          5.47       54.66        0.00      0
      3235     17.25          4.98       49.78        0.00      0
      3236     17.25          3.12       31.22        0.00      0
      3237     17.26          3.12       31.22        0.00      0
      3238     17.27          5.93       59.30        0.00      0
      3239     17.27          3.12       31.22        0.00      0
      3240     17.27          3.12       31.22        0.00      0
      3241     17.28          5.93       59.30        0.00      0
      3242     17.29          3.12       31.22        0.00      0
      3243     17.30          5.47       54.66        0.00      0
      3244     17.30          4.98       49.78        0.00      0
      3245     17.31          3.12       31.22        0.00      0
      3246     17.31          3.12       31.22        0.00      0
      3247     17.32          3.12       31.22        0.00      0
      3248     17.33          3.12       31.22        0.00      0
      3249     17.33          3.12       31.22        0.00      0
      3250     17.34          3.12       31.22        0.00      0
      3251     17.34          3.12       31.22        0.00      0
      3252     17.35          5.93       59.30        0.00      0
      3253     17.35          4.98       49.78        0.00      0
      3254     17.35          4.98       49.78        0.00      0
      3255     17.36          4.98       49.78        0.00      0
      3256     17.36          4.98       49.78        0.00      0
      3257     17.37          4.98       49.78        0.00      0
      3258     17.37          5.47       54.66        0.00      0
      3259     17.37          4.98       49.78        0.00      0
      3260     17.38          3.12       31.22        0.00      0
      3261     17.38          3.12       31.22        0.00      0
      3262     17.39          3.12       31.22        0.00      0
      3263     17.39          4.98       49.78        0.00      0
      3264     17.40          3.12       31.22        0.00      0
      3265     17.40          4.98       49.78        0.00      0
      3266     17.41          4.98       49.78        0.00      0
      3267     17.41          3.12       31.22        0.00      0
      3268     17.42          3.12       31.22        0.00      0
      3269     17.42          3.12       31.22        0.00      0
      3270     17.43          3.12       31.22        0.00      0
      3271     17.43          3.12       31.22        0.00      0
      3272     17.43          4.98       49.78        0.00      0
      3273     17.44          4.98       49.78        0.00      0
      3274     17.44          4.98       49.78        0.00      0
      3275     17.44          4.98       49.78        0.00      0
      3276     17.45          4.98       49.78        0.00      0
      3277     17.45          4.98       49.78        0.00      0
      3278     17.46          3.12       31.22        0.00      0
      3279     17.46          3.12       31.22        0.00      0
      3280     17.47          3.12       31.22        0.00      0
      3281     17.47          5.47       54.66        0.00      0
      3282     17.48          3.12       31.22        0.00      0
      3283     17.49          4.98       49.78        0.00      0
      3284     17.49          3.12       31.22        0.00      0
      3285     17.50          5.93       59.30        0.00      0
      3286     17.50          3.12       31.22        0.00      0
      3287     17.51          4.98       49.78        0.00      0
      3288     17.52          4.98       49.78        0.00      0
      3289     17.53          4.98       49.78        0.00      0
      3290     17.53          3.12       31.22        0.00      0
      3291     17.54          4.98       49.78        0.00      0
      3292     17.54          3.12       31.22        0.00      0
      3293     17.55          3.12       31.22        0.00      0
      3294     17.55          4.98       49.78        0.00      0
      3295     17.56          3.12       31.22        0.00      0
      3296     17.56          3.12       31.22        0.00      0
      3297     17.57          3.12       31.22        0.00      0
      3298     17.58          3.12       31.22        0.00      0
      3299     17.58          4.98       49.78        0.00      0
      3300     17.59          3.12       31.22        0.00      0
      3301     17.59          4.98       49.78        0.00      0
      3302     17.60          4.98       49.78        0.00      0
      3303     17.60          3.12       31.22        0.00      0
      3304     17.61          4.98       49.78        0.00      0
      3305     17.62          4.98       49.78        0.00      0
      3306     17.62          4.98       49.78        0.00      0
      3307     17.62          5.93       59.30        0.00      0
      3308     17.63          3.12       31.22        0.00      0
      3309     17.63          3.12       31.22        0.00      0
      3310     17.64          4.98       49.78        0.00      0
      3311     17.64          3.12       31.22        0.00      0
      3312     17.65          3.12       31.22        0.00      0
      3313     17.65          4.98       49.78        0.00      0
      3314     17.65          3.12       31.22        0.00      0
      3315     17.66          3.12       31.22        0.00      0
      3316     17.66          4.98       49.78        0.00      0
      3317     17.66          5.93       59.30        0.00      0
      3318     17.67          3.12       31.22        0.00      0
      3319     17.68          3.12       31.22        0.00      0
      3320     17.68          3.12       31.22        0.00      0
      3321     17.69          3.12       31.22        0.00      0
      3322     17.69          3.12       31.22        0.00      0
      3323     17.70          3.12       31.22        0.00      0
      3324     17.71          3.12       31.22        0.00      0
      3325     17.71          3.12       31.22        0.00      0
      3326     17.71          3.12       31.22        0.00      0
      3327     17.72          3.12       31.22        0.00      0
      3328     17.73          5.93       59.30        0.00      0
      3329     17.73          3.12       31.22        0.00      0
      3330     17.73          3.12       31.22        0.00      0
      3331     17.74          3.12       31.22        0.00      0
      3332     17.74          3.12       31.22        0.00      0
      3333     17.77          4.44       44.42        0.00      0
      3334     17.78          4.98       49.78        0.00      0
      3335     17.79          3.12       31.22        0.00      0
      3336     17.79          3.12       31.22        0.00      0
      3337     17.80          3.12       31.22        0.00      0
      3338     17.81          4.98       49.78        0.00      0
      3339     17.82          4.98       49.78        0.00      0
      3340     17.83          4.98       49.78        0.00      0
      3341     17.84          4.98       49.78        0.00      0
      3342     17.85          3.12       31.22        0.00      0
      3343     17.85          3.12       31.22        0.00      0
      3344     17.86          4.98       49.78        0.00      0
      3345     17.86          4.98       49.78        0.00      0
      3346     17.87          5.47       54.66        0.00      0
      3347     17.88          4.98       49.78        0.00      0
      3348     17.89          3.12       31.22        0.00      0
      3349     17.89          4.98       49.78        0.00      0
      3350     17.90          5.93       59.30        0.00      0
      3351     17.90          5.93       59.30        0.00      0
      3352     17.91          3.12       31.22        0.00      0
      3353     17.91          3.12       31.22        0.00      0
      3354     17.92          4.98       49.78        0.00      0
      3355     17.93          5.93       59.30        0.00      0
      3356     17.93          3.12       31.22        0.00      0
      3357     17.94          3.12       31.22        0.00      0
      3358     17.94          5.93       59.30        0.00      0
      3359     17.95          3.12       31.22        0.00      0
      3360     17.95          3.12       31.22        0.00      0
      3361     17.95          4.98       49.78        0.00      0
      3362     17.96          3.12       31.22        0.00      0
      3363     17.96          3.12       31.22        0.00      0
      3364     17.97          4.98       49.78        0.00      0
      3365     17.97          4.98       49.78        0.00      0
      3366     17.97          5.47       54.66        0.00      0
      3367     17.98          4.98       49.78        0.00      0
      3368     17.99          3.12       31.22        0.00      0
      3369     17.99          5.93       59.30        0.00      0
      3370     18.00          3.12       31.22        0.00      0
      3371     18.00          5.93       59.30        0.00      0
      3372     18.01          4.98       49.78        0.00      0
      3373     18.01          4.98       49.78        0.00      0
      3374     18.02          3.12       31.22        0.00      0
      3375     18.02          3.12       31.22        0.00      0
      3376     18.03          4.98       49.78        0.00      0
      3377     18.03          3.12       31.22        0.00      0
      3378     18.04          5.93       59.30        0.00      0
      3379     18.05          3.12       31.22        0.00      0
      3380     18.05          3.12       31.22        0.00      0
      3381     18.06          3.12       31.22        0.00      0
      3382     18.06          3.12       31.22        0.00      0
      3383     18.07          3.12       31.22        0.00      0
      3384     18.07          3.12       31.22        0.00      0
      3385     18.08          4.98       49.78        0.00      0
      3386     18.08          3.12       31.22        0.00      0
      3387     18.09          3.12       31.22        0.00      0
      3388     18.09          3.12       31.22        0.00      0
      3389     18.09          4.98       49.78        0.00      0
      3390     18.10          3.12       31.22        0.00      0
      3391     18.10          3.12       31.22        0.00      0
      3392     18.11          3.12       31.22        0.00      0
      3393     18.12          3.12       31.22        0.00      0
      3394     18.12          3.12       31.22        0.00      0
      3395     18.13          3.12       31.22        0.00      0
      3396     18.13          4.98       49.78        0.00      0
      3397     18.14          4.98       49.78        0.00      0
      3398     18.14          4.98       49.78        0.00      0
      3399     18.15          3.12       31.22        0.00      0
      3400     18.15          4.98       49.78        0.00      0
      3401     18.16          5.93       59.30        0.00      0
      3402     18.16          4.98       49.78        0.00      0
      3403     18.17          3.12       31.22        0.00      0
      3404     18.17          4.98       49.78        0.00      0
      3405     18.17          4.98       49.78        0.00      0
      3406     18.18          4.98       49.78        0.00      0
      3407     18.18          3.12       31.22        0.00      0
      3408     18.19          4.98       49.78        0.00      0
      3409     18.19          3.12       31.22        0.00      0
      3410     18.20          3.12       31.22        0.00      0
      3411     18.20          5.93       59.30        0.00      0
      3412     18.21          3.12       31.22        0.00      0
      3413     18.21          4.98       49.78        0.00      0
      3414     18.22          4.98       49.78        0.00      0
      3415     18.22          4.98       49.78        0.00      0
      3416     18.23          4.98       49.78        0.00      0
      3417     18.24          5.93       59.30        0.00      0
      3418     18.24          3.12       31.22        0.00      0
      3419     18.25          3.12       31.22        0.00      0
      3420     18.26          3.12       31.22        0.00      0
      3421     18.27          3.12       31.22        0.00      0
      3422     18.28          3.12       31.22        0.00      0
      3423     18.29          3.12       31.22        0.00      0
      3424     18.29          3.12       31.22        0.00      0
      3425     18.30          3.12       31.22        0.00      0
      3426     18.30          3.12       31.22        0.00      0
      3427     18.31          3.12       31.22        0.00      0
      3428     18.31          3.12       31.22        0.00      0
      3429     18.31          4.98       49.78        0.00      0
      3430     18.32          3.12       31.22        0.00      0
      3431     18.32          3.12       31.22        0.00      0
      3432     18.33          3.12       31.22        0.00      0
      3433     18.34          3.12       31.22        0.00      0
      3434     18.34          4.98       49.78        0.00      0
      3435     18.35          3.12       31.22        0.00      0
      3436     18.35          3.12       31.22        0.00      0
      3437     18.36          3.12       31.22        0.00      0
      3438     18.36          3.12       31.22        0.00      0
      3439     18.37          3.12       31.22        0.00      0
      3440     18.37          5.93       59.30        0.00      0
      3441     18.37          3.12       31.22        0.00      0
      3442     18.38          3.12       31.22        0.00      0
      3443     18.39          3.12       31.22        0.00      0
      3444     18.39          4.98       49.78        0.00      0
      3445     18.39          3.12       31.22        0.00      0
      3446     18.40          3.12       31.22        0.00      0
      3447     18.40          4.98       49.78        0.00      0
      3448     18.41          3.12       31.22        0.00      0
      3449     18.41          3.12       31.22        0.00      0
      3450     18.42          3.12       31.22        0.00      0
      3451     18.42          3.12       31.22        0.00      0
      3452     18.42          3.12       31.22        0.00      0
      3453     18.43          3.12       31.22        0.00      0
      3454     18.44          3.12       31.22        0.00      0
      3455     18.44          3.12       31.22        0.00      0
      3456     18.44          3.12       31.22        0.00      0
      3457     18.45          3.12       31.22        0.00      0
      3458     18.45          3.12       31.22        0.00      0
      3459     18.45          3.12       31.22        0.00      0
      3460     18.46          3.12       31.22        0.00      0
      3461     18.47          3.12       31.22        0.00      0
      3462     18.47          3.12       31.22        0.00      0
      3463     18.48          3.12       31.22        0.00      0
      3464     18.49          3.12       31.22        0.00      0
      3465     18.49          3.12       31.22        0.00      0
      3466     18.50          4.98       49.78        0.00      0
      3467     18.50          4.98       49.78        0.00      0
      3468     18.50          3.12       31.22        0.00      0
      3469     18.51          3.12       31.22        0.00      0
      3470     18.51          4.98       49.78        0.00      0
      3471     18.52          4.98       49.78        0.00      0
      3472     18.52          3.12       31.22        0.00      0
      3473     18.52          3.12       31.22        0.00      0
      3474     18.53          3.12       31.22        0.00      0
      3475     18.54          3.12       31.22        0.00      0
      3476     18.54          3.12       31.22        0.00      0
      3477     18.55          3.12       31.22        0.00      0
      3478     18.56          3.12       31.22        0.00      0
      3479     18.56          5.93       59.30        0.00      0
      3480     18.57          3.12       31.22        0.00      0
      3481     18.57          4.98       49.78        0.00      0
      3482     18.59          3.12       31.22        0.00      0
      3483     18.59          3.12       31.22        0.00      0
      3484     18.59          3.12       31.22        0.00      0
      3485     18.60          4.98       49.78        0.00      0
      3486     18.60          3.12       31.22        0.00      0
      3487     18.62          4.98       49.78        0.00      0
      3488     18.63          3.12       31.22        0.00      0
      3489     18.64          3.12       31.22        0.00      0
      3490     18.64          4.98       49.78        0.00      0
      3491     18.65          4.98       49.78        0.00      0
      3492     18.66          3.12       31.22        0.00      0
      3493     18.67          3.12       31.22        0.00      0
      3494     18.68          4.98       49.78        0.00      0
      3495     18.68          5.93       59.30        0.00      0
      3496     18.69          3.12       31.22        0.00      0
      3497     18.70          3.12       31.22        0.00      0
      3498     18.71          4.98       49.78        0.00      0
      3499     18.72          3.12       31.22        0.00      0
      3500     18.72          3.12       31.22        0.00      0
      3501     18.73          4.98       49.78        0.00      0
      3502     18.74          5.93       59.30        0.00      0
      3503     18.75          5.93       59.30        0.00      0
      3504     18.76          3.12       31.22        0.00      0
      3505     18.77          3.12       31.22        0.00      0
      3506     18.77          4.98       49.78        0.00      0
      3507     18.77          3.12       31.22        0.00      0
      3508     18.78          3.12       31.22        0.00      0
      3509     18.79          3.12       31.22        0.00      0
      3510     18.80          3.12       31.22        0.00      0
      3511     18.81          4.98       49.78        0.00      0
      3512     18.81          4.98       49.78        0.00      0
      3513     18.81          4.98       49.78        0.00      0
      3514     18.82          3.12       31.22        0.00      0
      3515     18.82          4.98       49.78        0.00      0
      3516     18.83          3.12       31.22        0.00      0
      3517     18.84          4.98       49.78        0.00      0
      3518     18.84          4.98       49.78        0.00      0
      3519     18.85          3.12       31.22        0.00      0
      3520     18.85          3.12       31.22        0.00      0
      3521     18.85          3.12       31.22        0.00      0
      3522     18.86          4.98       49.78        0.00      0
      3523     18.86          3.12       31.22        0.00      0
      3524     18.87          4.98       49.78        0.00      0
      3525     18.87          3.12       31.22        0.00      0
      3526     18.88          5.93       59.30        0.00      0
      3527     18.89          4.98       49.78        0.00      0
      3528     18.90          3.12       31.22        0.00      0
      3529     18.90          3.12       31.22        0.00      0
      3530     18.90          5.93       59.30        0.00      0
      3531     18.91          3.12       31.22        0.00      0
      3532     18.91          5.93       59.30        0.00      0
      3533     18.92          3.12       31.22        0.00      0
      3534     18.92          3.12       31.22        0.00      0
      3535     18.92          5.93       59.30        0.00      0
      3536     18.93          3.12       31.22        0.00      0
      3537     18.93          4.98       49.78        0.00      0
      3538     18.93          4.98       49.78        0.00      0
      3539     18.94          4.98       49.78        0.00      0
      3540     18.95          4.98       49.78        0.00      0
      3541     18.95          3.12       31.22        0.00      0
      3542     18.96          3.12       31.22        0.00      0
      3543     18.96          3.12       31.22        0.00      0
      3544     18.97          4.98       49.78        0.00      0
      3545     18.97          3.12       31.22        0.00      0
      3546     18.98          3.12       31.22        0.00      0
      3547     18.98          3.12       31.22        0.00      0
      3548     18.99          4.98       49.78        0.00      0
      3549     18.99          3.12       31.22        0.00      0
      3550     18.99          4.98       49.78        0.00      0
      3551     19.00          3.12       31.22        0.00      0
      3552     19.01          3.12       31.22        0.00      0
      3553     19.01          3.12       31.22        0.00      0
      3554     19.02          3.12       31.22        0.00      0
      3555     19.02          3.12       31.22        0.00      0
      3556     19.03          5.93       59.30        0.00      0
      3557     19.03          3.12       31.22        0.00      0
      3558     19.04          3.12       31.22        0.00      0
      3559     19.04          4.98       49.78        0.00      0
      3560     19.04          3.12       31.22        0.00      0
      3561     19.05          4.98       49.78        0.00      0
      3562     19.05          5.93       59.30        0.00      0
      3563     19.05          3.12       31.22        0.00      0
      3564     19.06          4.98       49.78        0.00      0
      3565     19.06          3.12       31.22        0.00      0
      3566     19.07          5.93       59.30        0.00      0
      3567     19.07          3.12       31.22        0.00      0
      3568     19.08          3.12       31.22        0.00      0
      3569     19.09          3.12       31.22        0.00      0
      3570     19.09          3.12       31.22        0.00      0
      3571     19.10          4.98       49.78        0.00      0
      3572     19.10          5.93       59.30        0.00      0
      3573     19.11          4.98       49.78        0.00      0
      3574     19.11          4.98       49.78        0.00      0
      3575     19.12          4.98       49.78        0.00      0
      3576     19.13          3.12       31.22        0.00      0
      3577     19.13          3.12       31.22        0.00      0
      3578     19.14          5.47       54.66        0.00      0
      3579     19.14          4.98       49.78        0.00      0
      3580     19.15          3.12       31.22        0.00      0
      3581     19.15          4.98       49.78        0.00      0
      3582     19.16          5.93       59.30        0.00      0
      3583     19.16          3.12       31.22        0.00      0
      3584     19.16          5.93       59.30        0.00      0
      3585     19.17          3.12       31.22        0.00      0
      3586     19.17          3.12       31.22        0.00      0
      3587     19.18          5.93       59.30        0.00      0
      3588     19.19          4.98       49.78        0.00      0
      3589     19.19          3.12       31.22        0.00      0
      3590     19.20          4.98       49.78        0.00      0
      3591     19.20          3.12       31.22        0.00      0
      3592     19.21          3.12       31.22        0.00      0
      3593     19.21          3.12       31.22        0.00      0
      3594     19.21          4.98       49.78        0.00      0
      3595     19.22          3.12       31.22        0.00      0
      3596     19.22          3.12       31.22        0.00      0
      3597     19.23          3.12       31.22        0.00      0
      3598     19.23          4.98       49.78        0.00      0
      3599     19.24          3.12       31.22        0.00      0
      3600     19.24          3.12       31.22        0.00      0
      3601     19.25         17.15       60.03       11.15      0
      3602     19.25          3.12       31.22        0.00      0
      3603     19.26          3.12       31.22        0.00      0
      3604     19.26          4.98       49.78        0.00      0
      3605     19.26          3.12       31.22        0.00      0
      3606     19.27         17.15       60.03       11.15      0
      3607     19.27          4.98       49.78        0.00      0
      3608     19.28          3.12       31.22        0.00      0
      3609     19.28          3.12       31.22        0.00      0
      3610     19.29          4.98       49.78        0.00      0
      3611     19.29          4.98       49.78        0.00      0
      3612     19.29          3.12       31.22        0.00      0
      3613     19.30          3.12       31.22        0.00      0
      3614     19.30          3.12       31.22        0.00      0
      3615     19.31          3.12       31.22        0.00      0
      3616     19.32          3.12       31.22        0.00      0
      3617     19.32          3.12       31.22        0.00      0
      3618     19.33          3.12       31.22        0.00      0
      3619     19.34          3.12       31.22        0.00      0
      3620     19.34          3.12       31.22        0.00      0
      3621     19.35          3.12       31.22        0.00      0
      3622     19.35          5.47       54.66        0.00      0
      3623     19.36          3.12       31.22        0.00      0
      3624     19.37          3.12       31.22        0.00      0
      3625     19.37          4.98       49.78        0.00      0
      3626     19.38          4.98       49.78        0.00      0
      3627     19.38          5.93       59.30        0.00      0
      3628     19.39          3.12       31.22        0.00      0
      3629     19.39          5.93       59.30        0.00      0
      3630     19.40          3.12       31.22        0.00      0
      3631     19.40          3.12       31.22        0.00      0
      3632     19.40          3.12       31.22        0.00      0
      3633     19.41          3.12       31.22        0.00      0
      3634     19.41          4.98       49.78        0.00      0
      3635     19.42          3.12       31.22        0.00      0
      3636     19.42          3.12       31.22        0.00      0
      3637     19.42          5.93       59.30        0.00      0
      3638     19.43          4.98       49.78        0.00      0
      3639     19.43          3.12       31.22        0.00      0
      3640     19.44          5.93       59.30        0.00      0
      3641     19.44          5.47       54.66        0.00      0
      3642     19.45          3.12       31.22        0.00      0
      3643     19.46          4.98       49.78        0.00      0
      3644     19.46          3.12       31.22        0.00      0
      3645     19.47          3.12       31.22        0.00      0
      3646     19.47          3.12       31.22        0.00      0
      3647     19.48          4.98       49.78        0.00      0
      3648     19.48          4.98       49.78        0.00      0
      3649     19.49          3.12       31.22        0.00      0
      3650     19.49          3.12       31.22        0.00      0
      3651     19.50          4.98       49.78        0.00      0
      3652     19.51          4.98       49.78        0.00      0
      3653     19.51          3.12       31.22        0.00      0
      3654     19.52          3.12       31.22        0.00      0
      3655     19.53          3.12       31.22        0.00      0
      3656     19.53          4.98       49.78        0.00      0
      3657     19.54          3.12       31.22        0.00      0
      3658     19.54          3.12       31.22        0.00      0
      3659     19.55          4.98       49.78        0.00      0
      3660     19.56          4.98       49.78        0.00      0
      3661     19.57          4.98       49.78        0.00      0
      3662     19.57          4.98       49.78        0.00      0
      3663     19.58          3.12       31.22        0.00      0
      3664     19.59          4.98       49.78        0.00      0
      3665     19.60          5.93       59.30        0.00      0
      3666     19.60          3.12       31.22        0.00      0
      3667     19.61          3.12       31.22        0.00      0
      3668     19.62          3.12       31.22        0.00      0
      3669     19.62          4.98       49.78        0.00      0
      3670     19.63          3.12       31.22        0.00      0
      3671     19.64          3.12       31.22        0.00      0
      3672     19.65          4.98       49.78        0.00      0
      3673     19.65          4.98       49.78        0.00      0
      3674     19.66          4.98       49.78        0.00      0
      3675     19.66          4.98       49.78        0.00      0
      3676     19.66          5.93       59.30        0.00      0
      3677     19.67          4.98       49.78        0.00      0
      3678     19.67          4.98       49.78        0.00      0
      3679     19.68          4.98       49.78        0.00      0
      3680     19.68          3.12       31.22        0.00      0
      3681     19.69          3.12       31.22        0.00      0
      3682     19.70          4.98       49.78        0.00      0
      3683     19.70          4.98       49.78        0.00      0
      3684     19.71          3.12       31.22        0.00      0
      3685     19.71          3.12       31.22        0.00      0
      3686     19.72          4.98       49.78        0.00      0
      3687     19.72          4.98       49.78        0.00      0
      3688     19.73          5.93       59.30        0.00      0
      3689     19.73          3.12       31.22        0.00      0
      3690     19.73          3.12       31.22        0.00      0
      3691     19.74          3.12       31.22        0.00      0
      3692     19.74          4.98       49.78        0.00      0
      3693     19.74          5.93       59.30        0.00      0
      3694     19.75          4.98       49.78        0.00      0
      3695     19.75          3.12       31.22        0.00      0
      3696     19.76          4.98       49.78        0.00      0
      3697     19.76          4.98       49.78        0.00      0
      3698     19.77          5.93       59.30        0.00      0
      3699     19.77          3.12       31.22        0.00      0
      3700     19.78          4.98       49.78        0.00      0
      3701     19.79          3.12       31.22        0.00      0
      3702     19.79          3.12       31.22        0.00      0
      3703     19.79          3.12       31.22        0.00      0
      3704     19.80          3.12       31.22        0.00      0
      3705     19.81          3.12       31.22        0.00      0
      3706     19.81          3.12       31.22        0.00      0
      3707     19.81          3.12       31.22        0.00      0
      3708     19.82          3.12       31.22        0.00      0
      3709     19.83          4.98       49.78        0.00      0
      3710     19.83          3.12       31.22        0.00      0
      3711     19.84          3.12       31.22        0.00      0
      3712     19.84          3.12       31.22        0.00      0
      3713     19.85          3.12       31.22        0.00      0
      3714     19.85          3.12       31.22        0.00      0
      3715     19.86          5.93       59.30        0.00      0
      3716     19.86          4.98       49.78        0.00      0
      3717     19.87          5.93       59.30        0.00      0
      3718     19.87          4.98       49.78        0.00      0
      3719     19.88          3.12       31.22        0.00      0
      3720     19.88          4.98       49.78        0.00      0
      3721     19.89          3.12       31.22        0.00      0
      3722     19.89          3.12       31.22        0.00      0
      3723     19.90          4.98       49.78        0.00      0
      3724     19.90          3.12       31.22        0.00      0
      3725     19.91          4.98       49.78        0.00      0
      3726     19.92          3.12       31.22        0.00      0
      3727     19.92          3.12       31.22        0.00      0
      3728     19.92          3.12       31.22        0.00      0
      3729     19.93          4.98       49.78        0.00      0
      3730     19.93          3.12       31.22        0.00      0
      3731     19.94          4.98       49.78        0.00      0
      3732     19.94          3.12       31.22        0.00      0
      3733     19.94          4.98       49.78        0.00      0
      3734     19.95          4.98       49.78        0.00      0
      3735     19.95          5.93       59.30        0.00      0
      3736     19.96          4.98       49.78        0.00      0
      3737     19.96          3.12       31.22        0.00      0
      3738     19.96          4.98       49.78        0.00      0
      3739     19.97          4.98       49.78        0.00      0
      3740     19.97          3.12       31.22        0.00      0
      3741     19.97          5.47       54.66        0.00      0
      3742     19.98          3.12       31.22        0.00      0
      3743     19.99          4.98       49.78        0.00      0
      3744     19.99          3.12       31.22        0.00      0
      3745     20.00          4.98       49.78        0.00      0
      3746     20.00          4.98       49.78        0.00      0
      3747     20.00          3.12       31.22        0.00      0
      3748     20.01          5.93       59.30        0.00      0
      3749     20.02          3.12       31.22        0.00      0
      3750     20.02          3.12       31.22        0.00      0
      3751     20.02          3.12       31.22        0.00      0
      3752     20.03          3.12       31.22        0.00      0
      3753     20.03          3.12       31.22        0.00      0
      3754     20.04          4.98       49.78        0.00      0
      3755     20.04          4.98       49.78        0.00      0
      3756     20.04          3.12       31.22        0.00      0
      3757     20.05          3.12       31.22        0.00      0
      3758     20.06          4.98       49.78        0.00      0
      3759     20.07          4.98       49.78        0.00      0
      3760     20.07          5.93       59.30        0.00      0
      3761     20.07          4.98       49.78        0.00      0
      3762     20.08          3.12       31.22        0.00      0
      3763     20.09          3.12       31.22        0.00      0
      3764     20.09          4.98       49.78        0.00      0
      3765     20.10          3.12       31.22        0.00      0
      3766     20.10          3.12       31.22        0.00      0
      3767     20.11          4.98       49.78        0.00      0
      3768     20.11          4.98       49.78        0.00      0
      3769     20.12          3.12       31.22        0.00      0
      3770     20.12          4.98       49.78        0.00      0
      3771     20.12          4.98       49.78        0.00      0
      3772     20.13          3.12       31.22        0.00      0
      3773     20.13          5.93       59.30        0.00      0
      3774     20.14          3.12       31.22        0.00      0
      3775     20.14          3.12       31.22        0.00      0
      3776     20.15          4.98       49.78        0.00      0
      3777     20.15          3.12       31.22        0.00      0
      3778     20.16          4.98       49.78        0.00      0
      3779     20.16          4.98       49.78        0.00      0
      3780     20.16          3.12       31.22        0.00      0
      3781     20.17          4.98       49.78        0.00      0
      3782     20.17          5.93       59.30        0.00      0
      3783     20.18          4.98       49.78        0.00      0
      3784     20.18          4.98       49.78        0.00      0
      3785     20.19          3.12       31.22        0.00      0
      3786     20.19          4.98       49.78        0.00      0
      3787     20.20          4.98       49.78        0.00      0
      3788     20.21          3.12       31.22        0.00      0
      3789     20.21          4.98       49.78        0.00      0
      3790     20.21          3.12       31.22        0.00      0
      3791     20.22          4.98       49.78        0.00      0
      3792     20.22          3.12       31.22        0.00      0
      3793     20.23          3.12       31.22        0.00      0
      3794     20.23          4.98       49.78        0.00      0
      3795     20.24          3.12       31.22        0.00      0
      3796     20.24          4.98       49.78        0.00      0
      3797     20.25          3.12       31.22        0.00      0
      3798     20.25          3.12       31.22        0.00      0
      3799     20.26          4.98       49.78        0.00      0
      3800     20.26          3.12       31.22        0.00      0
      3801     20.26          4.98       49.78        0.00      0
      3802     20.26          3.12       31.22        0.00      0
      3803     20.27          4.98       49.78        0.00      0
      3804     20.27          3.12       31.22        0.00      0
      3805     20.28          3.12       31.22        0.00      0
      3806     20.28          3.12       31.22        0.00      0
      3807     20.29          4.98       49.78        0.00      0
      3808     20.29          3.12       31.22        0.00      0
      3809     20.29          4.98       49.78        0.00      0
      3810     20.30          3.12       31.22        0.00      0
      3811     20.31          3.12       31.22        0.00      0
      3812     20.31          3.12       31.22        0.00      0
      3813     20.32          3.12       31.22        0.00      0
      3814     20.32          3.12       31.22        0.00      0
      3815     20.33          5.93       59.30        0.00      0
      3816     20.33          3.12       31.22        0.00      0
      3817     20.34          3.12       31.22        0.00      0
      3818     20.34          3.12       31.22        0.00      0
      3819     20.35          4.98       49.78        0.00      0
      3820     20.36          3.12       31.22        0.00      0
      3821     20.36          4.68       46.82        0.00      0
      3822     20.37          3.12       31.22        0.00      0
      3823     20.37          3.12       31.22        0.00      0
      3824     20.37          3.12       31.22        0.00      0
      3825     20.38          3.12       31.22        0.00      0
      3826     20.38          3.12       31.22        0.00      0
      3827     20.39          4.98       49.78        0.00      0
      3828     20.39          4.98       49.78        0.00      0
      3829     20.40          3.12       31.22        0.00      0
      3830     20.40          4.98       49.78        0.00      0
      3831     20.41          3.12       31.22        0.00      0
      3832     20.41          3.12       31.22        0.00      0
      3833     20.42          4.98       49.78        0.00      0
      3834     20.42          3.12       31.22        0.00      0
      3835     20.42          3.12       31.22        0.00      0
      3836     20.43          4.98       49.78        0.00      0
      3837     20.43          3.12       31.22        0.00      0
      3838     20.44          3.12       31.22        0.00      0
      3839     20.44          4.98       49.78        0.00      0
      3840     20.44          4.98       49.78        0.00      0
      3841     20.45          4.98       49.78        0.00      0
      3842     20.45          3.12       31.22        0.00      0
      3843     20.46          3.12       31.22        0.00      0
      3844     20.46          3.12       31.22        0.00      0
      3845     20.47          4.98       49.78        0.00      0
      3846     20.47          4.98       49.78        0.00      0
      3847     20.47          4.98       49.78        0.00      0
      3848     20.48          4.98       49.78        0.00      0
      3849     20.48          4.98       49.78        0.00      0
      3850     20.48          5.47       54.66        0.00      0
      3851     20.49          3.12       31.22        0.00      0
      3852     20.49          4.98       49.78        0.00      0
      3853     20.49          3.12       31.22        0.00      0
      3854     20.50          3.12       31.22        0.00      0
      3855     20.50          3.12       31.22        0.00      0
      3856     20.51          3.12       31.22        0.00      0
      3857     20.51          3.12       31.22        0.00      0
      3858     20.51          3.12       31.22        0.00      0
      3859     20.52          3.12       31.22        0.00      0
      3860     20.53          3.12       31.22        0.00      0
      3861     20.53          3.12       31.22        0.00      0
      3862     20.53          3.12       31.22        0.00      0
      3863     20.54          3.12       31.22        0.00      0
      3864     20.54          4.98       49.78        0.00      0
      3865     20.54          3.12       31.22        0.00      0
      3866     20.55          4.98       49.78        0.00      0
      3867     20.55          4.98       49.78        0.00      0
      3868     20.56          4.98       49.78        0.00      0
      3869     20.56          4.98       49.78        0.00      0
      3870     20.56          4.98       49.78        0.00      0
      3871     20.57          4.98       49.78        0.00      0
      3872     20.57          3.12       31.22        0.00      0
      3873     20.58          3.12       31.22        0.00      0
      3874     20.58          3.12       31.22        0.00      0
      3875     20.58          4.98       49.78        0.00      0
      3876     20.59          4.98       49.78        0.00      0
      3877     20.60          3.12       31.22        0.00      0
      3878     20.60          3.12       31.22        0.00      0
      3879     20.60          3.12       31.22        0.00      0
      3880     20.61          3.12       31.22        0.00      0
      3881     20.61          4.98       49.78        0.00      0
      3882     20.62          4.98       49.78        0.00      0
      3883     20.62          3.12       31.22        0.00      0
      3884     20.63          3.12       31.22        0.00      0
      3885     20.63          3.12       31.22        0.00      0
      3886     20.64          5.47       54.66        0.00      0
      3887     20.64          4.98       49.78        0.00      0
      3888     20.64          5.93       59.30        0.00      0
      3889     20.65          3.12       31.22        0.00      0
      3890     20.65          3.12       31.22        0.00      0
      3891     20.66          4.98       49.78        0.00      0
      3892     20.66          4.98       49.78        0.00      0
      3893     20.66          3.12       31.22        0.00      0
      3894     20.67          4.98       49.78        0.00      0
      3895     20.67          3.12       31.22        0.00      0
      3896     20.68          3.12       31.22        0.00      0
      3897     20.68          4.98       49.78        0.00      0
      3898     20.69          3.12       31.22        0.00      0
      3899     20.69          3.12       31.22        0.00      0
      3900     20.69          4.98       49.78        0.00      0
      3901     20.70          4.98       49.78        0.00      0
      3902     20.70          3.12       31.22        0.00      0
      3903     20.70          3.12       31.22        0.00      0
      3904     20.71          3.12       31.22        0.00      0
      3905     20.71          4.98       49.78        0.00      0
      3906     20.72          5.93       59.30        0.00      0
      3907     20.72          4.98       49.78        0.00      0
      3908     20.73          3.12       31.22        0.00      0
      3909     20.73          3.12       31.22        0.00      0
      3910     20.74          4.98       49.78        0.00      0
      3911     20.74          4.98       49.78        0.00      0
      3912     20.75          4.98       49.78        0.00      0
      3913     20.75          3.12       31.22        0.00      0
      3914     20.75          3.12       31.22        0.00      0
      3915     20.76          3.12       31.22        0.00      0
      3916     20.76          3.12       31.22        0.00      0
      3917     20.77          4.98       49.78        0.00      0
      3918     20.77          3.12       31.22        0.00      0
      3919     20.77          4.98       49.78        0.00      0
      3920     20.78          3.12       31.22        0.00      0
      3921     20.79          3.12       31.22        0.00      0
      3922     20.79          3.12       31.22        0.00      0
      3923     20.79          3.12       31.22        0.00      0
      3924     20.80          3.12       31.22        0.00      0
      3925     20.80          3.12       31.22        0.00      0
      3926     20.81          3.12       31.22        0.00      0
      3927     20.81          3.12       31.22        0.00      0
      3928     20.82          4.98       49.78        0.00      0
      3929     20.82          3.12       31.22        0.00      0
      3930     20.83          3.12       31.22        0.00      0
      3931     20.84          5.93       59.30        0.00      0
      3932     20.84          3.12       31.22        0.00      0
      3933     20.85          4.98       49.78        0.00      0
      3934     20.85          5.93       59.30        0.00      0
      3935     20.86          3.12       31.22        0.00      0
      3936     20.86          4.98       49.78        0.00      0
      3937     20.87          4.98       49.78        0.00      0
      3938     20.87          4.98       49.78        0.00      0
      3939     20.87          4.98       49.78        0.00      0
      3940     20.88          4.98       49.78        0.00      0
      3941     20.89          3.12       31.22        0.00      0
      3942     20.89          3.12       31.22        0.00      0
      3943     20.90          3.12       31.22        0.00      0
      3944     20.90          3.12       31.22        0.00      0
      3945     20.91          4.98       49.78        0.00      0
      3946     20.91          4.98       49.78        0.00      0
      3947     20.91          3.12       31.22        0.00      0
      3948     20.92          3.12       31.22        0.00      0
      3949     20.92          4.98       49.78        0.00      0
      3950     20.93          3.12       31.22        0.00      0
      3951     20.93          3.12       31.22        0.00      0
      3952     20.94          3.12       31.22        0.00      0
      3953     20.94          3.12       31.22        0.00      0
      3954     20.95          3.12       31.22        0.00      0
      3955     20.95          4.98       49.78        0.00      0
      3956     20.96          3.12       31.22        0.00      0
      3957     20.97          3.12       31.22        0.00      0
      3958     20.97          3.12       31.22        0.00      0
      3959     20.98          4.98       49.78        0.00      0
      3960     20.98          4.98       49.78        0.00      0
      3961     20.99          4.98       49.78        0.00      0
      3962     20.99          4.98       49.78        0.00      0
      3963     20.99          4.98       49.78        0.00      0
      3964     21.00          3.12       31.22        0.00      0
      3965     21.00          3.12       31.22        0.00      0
      3966     21.00          3.12       31.22        0.00      0
      3967     21.01          4.98       49.78        0.00      0
      3968     21.01          4.98       49.78        0.00      0
      3969     21.02          3.12       31.22        0.00      0
      3970     21.02          4.98       49.78        0.00      0
      3971     21.03          4.98       49.78        0.00      0
      3972     21.03          4.98       49.78        0.00      0
      3973     21.04          3.12       31.22        0.00      0
      3974     21.04          4.98       49.78        0.00      0
      3975     21.05          3.12       31.22        0.00      0
      3976     21.06          3.12       31.22        0.00      0
      3977     21.06          3.12       31.22        0.00      0
      3978     21.07          4.98       49.78        0.00      0
      3979     21.07          3.12       31.22        0.00      0
      3980     21.08          4.98       49.78        0.00      0
      3981     21.08          3.12       31.22        0.00      0
      3982     21.09          3.12       31.22        0.00      0
      3983     21.09          3.12       31.22        0.00      0
      3984     21.09          4.98       49.78        0.00      0
      3985     21.10          5.47       54.66        0.00      0
      3986     21.11          4.98       49.78        0.00      0
      3987     21.11          4.98       49.78        0.00      0
      3988     21.11          4.98       49.78        0.00      0
      3989     21.12          4.98       49.78        0.00      0
      3990     21.13          4.98       49.78        0.00      0
      3991     21.13          3.12       31.22        0.00      0
      3992     21.14          4.98       49.78        0.00      0
      3993     21.14          4.98       49.78        0.00      0
      3994     21.15          4.98       49.78        0.00      0
      3995     21.15          3.12       31.22        0.00      0
      3996     21.15          4.98       49.78        0.00      0
      3997     21.16          3.12       31.22        0.00      0
      3998     21.16          4.98       49.78        0.00      0
      3999     21.16          3.12       31.22        0.00      0
      4000     21.17          4.98       49.78        0.00      0
      4001     21.17          3.12       31.22        0.00      0
      4002     21.17          5.93       59.30        0.00      0
      4003     21.18          3.12       31.22        0.00      0
      4004     21.18          4.98       49.78        0.00      0
      4005     21.18          3.12       31.22        0.00      0
      4006     21.19          3.12       31.22        0.00      0
      4007     21.19          3.12       31.22        0.00      0
      4008     21.20          4.98       49.78        0.00      0
      4009     21.20          3.12       31.22        0.00      0
      4010     21.21          3.12       31.22        0.00      0
      4011     21.21          3.12       31.22        0.00      0
      4012     21.22          4.98       49.78        0.00      0
      4013     21.22          3.12       31.22        0.00      0
      4014     21.23          3.12       31.22        0.00      0
      4015     21.23          3.12       31.22        0.00      0
      4016     21.24          3.12       31.22        0.00      0
      4017     21.24          3.12       31.22        0.00      0
      4018     21.25          4.98       49.78        0.00      0
      4019     21.25          4.98       49.78        0.00      0
      4020     21.26          3.12       31.22        0.00      0
      4021     21.26          5.93       59.30        0.00      0
      4022     21.26          4.98       49.78        0.00      0
      4023     21.27          5.93       59.30        0.00      0
      4024     21.27          3.12       31.22        0.00      0
      4025     21.28          4.98       49.78        0.00      0
      4026     21.28          5.93       59.30        0.00      0
      4027     21.29          3.12       31.22        0.00      0
      4028     21.29          4.98       49.78        0.00      0
      4029     21.29          4.98       49.78        0.00      0
      4030     21.30          3.12       31.22        0.00      0
      4031     21.30          4.98       49.78        0.00      0
      4032     21.31          4.98       49.78        0.00      0
      4033     21.31          3.12       31.22        0.00      0
      4034     21.32          4.98       49.78        0.00      0
      4035     21.32          3.12       31.22        0.00      0
      4036     21.33          3.12       31.22        0.00      0
      4037     21.33          5.93       59.30        0.00      0
      4038     21.34          4.98       49.78        0.00      0
      4039     21.34          4.98       49.78        0.00      0
      4040     21.35          3.12       31.22        0.00      0
      4041     21.36          4.98       49.78        0.00      0
      4042     21.36          3.12       31.22        0.00      0
      4043     21.37          4.98       49.78        0.00      0
      4044     21.37          4.98       49.78        0.00      0
      4045     21.38          4.98       49.78        0.00      0
      4046     21.38          3.12       31.22        0.00      0
      4047     21.39          4.98       49.78        0.00      0
      4048     21.39          4.98       49.78        0.00      0
      4049     21.40          3.12       31.22        0.00      0
      4050     21.40          4.98       49.78        0.00      0
      4051     21.41          4.98       49.78        0.00      0
      4052     21.42          4.68       46.82        0.00      0
      4053     21.42          4.98       49.78        0.00      0
      4054     21.43          3.12       31.22        0.00      0
      4055     21.43          3.12       31.22        0.00      0
      4056     21.44          4.98       49.78        0.00      0
      4057     21.44          3.12       31.22        0.00      0
      4058     21.45          5.93       59.30        0.00      0
      4059     21.45          3.12       31.22        0.00      0
      4060     21.46          4.98       49.78        0.00      0
      4061     21.46          3.12       31.22        0.00      0
      4062     21.47          3.12       31.22        0.00      0
      4063     21.47          3.12       31.22        0.00      0
      4064     21.48          4.98       49.78        0.00      0
      4065     21.49          3.12       31.22        0.00      0
      4066     21.50          4.98       49.78        0.00      0
      4067     21.50          5.93       59.30        0.00      0
      4068     21.51          4.98       49.78        0.00      0
      4069     21.51          3.12       31.22        0.00      0
      4070     21.52          3.12       31.22        0.00      0
      4071     21.53          3.12       31.22        0.00      0
      4072     21.53          4.98       49.78        0.00      0
      4073     21.54          3.12       31.22        0.00      0
      4074     21.54          3.12       31.22        0.00      0
      4075     21.55          5.93       59.30        0.00      0
      4076     21.55          4.98       49.78        0.00      0
      4077     21.56          4.98       49.78        0.00      0
      4078     21.56          5.93       59.30        0.00      0
      4079     21.57          4.98       49.78        0.00      0
      4080     21.58          4.98       49.78        0.00      0
      4081     21.58          3.12       31.22        0.00      0
      4082     21.58          3.12       31.22        0.00      0
      4083     21.59          4.98       49.78        0.00      0
      4084     21.59          3.12       31.22        0.00      0
      4085     21.60          4.98       49.78        0.00      0
      4086     21.60          3.12       31.22        0.00      0
      4087     21.61          5.93       59.30        0.00      0
      4088     21.62          3.12       31.22        0.00      0
      4089     21.62          3.12       31.22        0.00      0
      4090     21.62          3.12       31.22        0.00      0
      4091     21.63          3.12       31.22        0.00      0
      4092     21.64          4.98       49.78        0.00      0
      4093     21.64          4.98       49.78        0.00      0
      4094     21.65          3.12       31.22        0.00      0
      4095     21.65          5.93       59.30        0.00      0
      4096     21.66          3.12       31.22        0.00      0
      4097     21.66          3.12       31.22        0.00      0
      4098     21.67          3.12       31.22        0.00      0
      4099     21.67          4.98       49.78        0.00      0
      4100     21.68          3.12       31.22        0.00      0
      4101     21.68          4.98       49.78        0.00      0
      4102     21.69          3.12       31.22        0.00      0
      4103     21.70          4.98       49.78        0.00      0
      4104     21.70          3.12       31.22        0.00      0
      4105     21.71          4.98       49.78        0.00      0
      4106     21.71          3.12       31.22        0.00      0
      4107     21.72          3.12       31.22        0.00      0
      4108     21.73          3.12       31.22        0.00      0
      4109     21.73          4.98       49.78        0.00      0
      4110     21.74          3.12       31.22        0.00      0
      4111     21.74          3.12       31.22        0.00      0
      4112     21.75          4.98       49.78        0.00      0
      4113     21.76          3.12       31.22        0.00      0
      4114     21.76          3.12       31.22        0.00      0
      4115     21.77          4.98       49.78        0.00      0
      4116     21.77          3.12       31.22        0.00      0
      4117     21.78          3.12       31.22        0.00      0
      4118     21.78          5.93       59.30        0.00      0
      4119     21.79          4.98       49.78        0.00      0
      4120     21.79          3.12       31.22        0.00      0
      4121     21.79          4.98       49.78        0.00      0
      4122     21.80          3.12       31.22        0.00      0
      4123     21.80          3.12       31.22        0.00      0
      4124     21.81          3.12       31.22        0.00      0
      4125     21.82          4.98       49.78        0.00      0
      4126     21.82          3.12       31.22        0.00      0
      4127     21.82          3.12       31.22        0.00      0
      4128     21.83          4.98       49.78        0.00      0
      4129     21.84          4.98       49.78        0.00      0
      4130     21.84          4.98       49.78        0.00      0
      4131     21.85          4.98       49.78        0.00      0
      4132     21.85          4.98       49.78        0.00      0
      4133     21.86          4.98       49.78        0.00      0
      4134     21.86          3.12       31.22        0.00      0
      4135     21.87          3.12       31.22        0.00      0
      4136     21.87          3.12       31.22        0.00      0
      4137     21.88          4.98       49.78        0.00      0
      4138     21.89          4.98       49.78        0.00      0
      4139     21.90          4.98       49.78        0.00      0
      4140     21.91          5.93       59.30        0.00      0
      4141     21.91          4.98       49.78        0.00      0
      4142     21.92          4.98       49.78        0.00      0
      4143     21.92          3.12       31.22        0.00      0
      4144     21.93          5.47       54.66        0.00      0
      4145     21.93          3.12       31.22        0.00      0
      4146     21.94          3.12       31.22        0.00      0
      4147     21.95          3.12       31.22        0.00      0
      4148     21.96          5.93       59.30        0.00      0
      4149     21.97          3.12       31.22        0.00      0
      4150     21.97          3.12       31.22        0.00      0
      4151     21.98          4.98       49.78        0.00      0
      4152     21.99          3.12       31.22        0.00      0
      4153     21.99          5.93       59.30        0.00      0
      4154     22.00          4.98       49.78        0.00      0
      4155     22.00          3.12       31.22        0.00      0
      4156     22.01          3.12       31.22        0.00      0
      4157     22.02          3.12       31.22        0.00      0
      4158     22.02          4.98       49.78        0.00      0
      4159     22.03          4.98       49.78        0.00      0
      4160     22.03          3.12       31.22        0.00      0
      4161     22.04          3.12       31.22        0.00      0
      4162     22.04          5.47       54.66        0.00      0
      4163     22.04          3.12       31.22        0.00      0
      4164     22.05          3.12       31.22        0.00      0
      4165     22.05          4.98       49.78        0.00      0
      4166     22.06          4.98       49.78        0.00      0
      4167     22.06          4.98       49.78        0.00      0
      4168     22.06          3.12       31.22        0.00      0
      4169     22.07          4.98       49.78        0.00      0
      4170     22.07          5.47       54.66        0.00      0
      4171     22.08          3.12       31.22        0.00      0
      4172     22.08          3.12       31.22        0.00      0
      4173     22.09          4.98       49.78        0.00      0
      4174     22.09          3.12       31.22        0.00      0
      4175     22.10          3.12       31.22        0.00      0
      4176     22.10          3.12       31.22        0.00      0
      4177     22.11          3.12       31.22        0.00      0
      4178     22.12          3.12       31.22        0.00      0
      4179     22.12          4.98       49.78        0.00      0
      4180     22.12          4.98       49.78        0.00      0
      4181     22.13          4.98       49.78        0.00      0
      4182     22.14          3.12       31.22        0.00      0
      4183     22.14          3.12       31.22        0.00      0
      4184     22.14          3.12       31.22        0.00      0
      4185     22.15          4.98       49.78        0.00      0
      4186     22.15          5.93       59.30        0.00      0
      4187     22.15          5.93       59.30        0.00      0
      4188     22.16          3.12       31.22        0.00      0
      4189     22.16          4.98       49.78        0.00      0
      4190     22.17          3.12       31.22        0.00      0
      4191     22.17          3.12       31.22        0.00      0
      4192     22.18          3.12       31.22        0.00      0
      4193     22.18          4.98       49.78        0.00      0
      4194     22.19          3.12       31.22        0.00      0
      4195     22.19          3.12       31.22        0.00      0
      4196     22.20          5.93       59.30        0.00      0
      4197     22.20          3.12       31.22        0.00      0
      4198     22.20          3.12       31.22        0.00      0
      4199     22.21          4.98       49.78        0.00      0
      4200     22.21          5.47       54.66        0.00      0
      4201     22.22          3.12       31.22        0.00      0
      4202     22.22          4.98       49.78        0.00      0
      4203     22.22          4.98       49.78        0.00      0
      4204     22.23          4.98       49.78        0.00      0
      4205     22.23          5.47       54.66        0.00      0
      4206     22.24          4.98       49.78        0.00      0
      4207     22.25          5.93       59.30        0.00      0
      4208     22.25          5.93       59.30        0.00      0
      4209     22.25          4.98       49.78        0.00      0
      4210     22.26          3.12       31.22        0.00      0
      4211     22.27          3.12       31.22        0.00      0
      4212     22.27          5.93       59.30        0.00      0
      4213     22.27          3.12       31.22        0.00      0
      4214     22.28          4.98       49.78        0.00      0
      4215     22.28          3.12       31.22        0.00      0
      4216     22.29          3.12       31.22        0.00      0
      4217     22.29          4.98       49.78        0.00      0
      4218     22.30          4.98       49.78        0.00      0
      4219     22.30          3.12       31.22        0.00      0
      4220     22.31          4.98       49.78        0.00      0
      4221     22.31          4.98       49.78        0.00      0
      4222     22.32          4.98       49.78        0.00      0
      4223     22.32          4.98       49.78        0.00      0
      4224     22.33          3.12       31.22        0.00      0
      4225     22.33          3.12       31.22        0.00      0
      4226     22.34          3.12       31.22        0.00      0
      4227     22.34          3.12       31.22        0.00      0
      4228     22.36          3.12       31.22        0.00      0
      4229     22.36          3.12       31.22        0.00      0
      4230     22.37          3.12       31.22        0.00      0
      4231     22.38          4.98       49.78        0.00      0
      4232     22.38          3.12       31.22        0.00      0
      4233     22.39          4.98       49.78        0.00      0
      4234     22.39          4.98       49.78        0.00      0
      4235     22.40          3.12       31.22        0.00      0
      4236     22.40          3.12       31.22        0.00      0
      4237     22.41          4.98       49.78        0.00      0
      4238     22.42          3.12       31.22        0.00      0
      4239     22.42          3.12       31.22        0.00      0
      4240     22.43          3.12       31.22        0.00      0
      4241     22.43          4.98       49.78        0.00      0
      4242     22.44          4.98       49.78        0.00      0
      4243     22.44          3.12       31.22        0.00      0
      4244     22.45          4.98       49.78        0.00      0
      4245     22.45          5.93       59.30        0.00      0
      4246     22.46          4.98       49.78        0.00      0
      4247     22.46          4.98       49.78        0.00      0
      4248     22.47          3.12       31.22        0.00      0
      4249     22.47          5.93       59.30        0.00      0
      4250     22.48          5.93       59.30        0.00      0
      4251     22.48          4.98       49.78        0.00      0
      4252     22.49          4.98       49.78        0.00      0
      4253     22.49          4.98       49.78        0.00      0
      4254     22.49          4.98       49.78        0.00      0
      4255     22.50          4.98       49.78        0.00      0
      4256     22.50         17.15       60.03       11.15      0
      4257     22.51          4.98       49.78        0.00      0
      4258     22.52          3.12       31.22        0.00      0
      4259     22.52          3.12       31.22        0.00      0
      4260     22.52          4.98       49.78        0.00      0
      4261     22.53          3.12       31.22        0.00      0
      4262     22.53          3.12       31.22        0.00      0
      4263     22.53          3.12       31.22        0.00      0
      4264     22.54          4.98       49.78        0.00      0
      4265     22.54          3.12       31.22        0.00      0
      4266     22.55          3.12       31.22        0.00      0
      4267     22.55          4.98       49.78        0.00      0
      4268     22.55          5.93       59.30        0.00      0
      4269     22.56          4.98       49.78        0.00      0
      4270     22.57          3.12       31.22        0.00      0
      4271     22.57          3.12       31.22        0.00      0
      4272     22.57          4.98       49.78        0.00      0
      4273     22.58          3.12       31.22        0.00      0
      4274     22.58          3.12       31.22        0.00      0
      4275     22.59          3.12       31.22        0.00      0
      4276     22.59          3.12       31.22        0.00      0
      4277     22.59          4.98       49.78        0.00      0
      4278     22.60          4.98       49.78        0.00      0
      4279     22.60          4.98       49.78        0.00      0
      4280     22.60          3.12       31.22        0.00      0
      4281     22.61          3.12       31.22        0.00      0
      4282     22.61         17.15       60.03       11.15      0
      4283     22.62          5.93       59.30        0.00      0
      4284     22.62          4.98       49.78        0.00      0
      4285     22.63          3.12       31.22        0.00      0
      4286     22.63          4.98       49.78        0.00      0
      4287     22.64          3.12       31.22        0.00      0
      4288     22.64          3.12       31.22        0.00      0
      4289     22.65          3.12       31.22        0.00      0
      4290     22.66          3.12       31.22        0.00      0
      4291     22.66          3.12       31.22        0.00      0
      4292     22.66          3.12       31.22        0.00      0
      4293     22.67          3.12       31.22        0.00      0
      4294     22.67          3.12       31.22        0.00      0
      4295     22.67          4.98       49.78        0.00      0
      4296     22.68          3.12       31.22        0.00      0
      4297     22.68          4.98       49.78        0.00      0
      4298     22.69          3.12       31.22        0.00      0
      4299     22.69          4.98       49.78        0.00      0
      4300     22.70          4.98       49.78        0.00      0
      4301     22.70          4.98       49.78        0.00      0
      4302     22.70          4.98       49.78        0.00      0
      4303     22.71          3.12       31.22        0.00      0
      4304     22.71          3.12       31.22        0.00      0
      4305     22.72          3.12       31.22        0.00      0
      4306     22.72          3.12       31.22        0.00      0
      4307     22.73          3.12       31.22        0.00      0
      4308     22.73          4.98       49.78        0.00      0
      4309     22.74          3.12       31.22        0.00      0
      4310     22.74          3.12       31.22        0.00      0
      4311     22.74          4.98       49.78        0.00      0
      4312     22.74          3.12       31.22        0.00      0
      4313     22.75          3.12       31.22        0.00      0
      4314     22.75          3.12       31.22        0.00      0
      4315     22.76          3.12       31.22        0.00      0
      4316     22.76          4.98       49.78        0.00      0
      4317     22.78          3.12       31.22        0.00      0
      4318     22.79          3.12       31.22        0.00      0
      4319     22.79          5.93       59.30        0.00      0
      4320     22.80          3.12       31.22        0.00      0
      4321     22.80          4.98       49.78        0.00      0
      4322     22.81          4.98       49.78        0.00      0
      4323     22.81          4.98       49.78        0.00      0
      4324     22.81          3.12       31.22        0.00      0
      4325     22.82          3.12       31.22        0.00      0
      4326     22.82          4.98       49.78        0.00      0
      4327     22.83          4.98       49.78        0.00      0
      4328     22.83          3.12       31.22        0.00      0
      4329     22.84          4.98       49.78        0.00      0
      4330     22.84          3.12       31.22        0.00      0
      4331     22.84          3.12       31.22        0.00      0
      4332     22.85          3.12       31.22        0.00      0
      4333     22.86          3.12       31.22        0.00      0
      4334     22.86          3.12       31.22        0.00      0
      4335     22.86          4.98       49.78        0.00      0
      4336     22.87          3.12       31.22        0.00      0
      4337     22.87          3.12       31.22        0.00      0
      4338     22.88          3.12       31.22        0.00      0
      4339     22.89          4.98       49.78        0.00      0
      4340     22.89          5.93       59.30        0.00      0
      4341     22.89          3.12       31.22        0.00      0
      4342     22.90          3.12       31.22        0.00      0
      4343     22.90          4.98       49.78        0.00      0
      4344     22.91          3.12       31.22        0.00      0
      4345     22.91          5.93       59.30        0.00      0
      4346     22.92          3.12       31.22        0.00      0
      4347     22.92          4.98       49.78        0.00      0
      4348     22.93          4.98       49.78        0.00      0
      4349     22.93          3.12       31.22        0.00      0
      4350     22.94          3.12       31.22        0.00      0
      4351     22.95          4.98       49.78        0.00      0
      4352     22.95          4.98       49.78        0.00      0
      4353     22.95          4.98       49.78        0.00      0
      4354     22.96          4.98       49.78        0.00      0
      4355     22.96          3.12       31.22        0.00      0
      4356     22.97          5.93       59.30        0.00      0
      4357     22.98          4.98       49.78        0.00      0
      4358     22.98          3.12       31.22        0.00      0
      4359     22.98          4.98       49.78        0.00      0
      4360     22.99          3.12       31.22        0.00      0
      4361     23.00          3.12       31.22        0.00      0
      4362     23.00          4.98       49.78        0.00      0
      4363     23.01          3.12       31.22        0.00      0
      4364     23.01          3.12       31.22        0.00      0
      4365     23.01          3.12       31.22        0.00      0
      4366     23.02          4.98       49.78        0.00      0
      4367     23.02          3.12       31.22        0.00      0
      4368     23.03          3.12       31.22        0.00      0
      4369     23.03          4.98       49.78        0.00      0
      4370     23.03          4.98       49.78        0.00      0
      4371     23.04          3.12       31.22        0.00      0
      4372     23.05          4.68       46.82        0.00      0
      4373     23.05          4.98       49.78        0.00      0
      4374     23.05          5.93       59.30        0.00      0
      4375     23.06          3.12       31.22        0.00      0
      4376     23.06          4.98       49.78        0.00      0
      4377     23.07          4.98       49.78        0.00      0
      4378     23.07          4.98       49.78        0.00      0
      4379     23.08          3.12       31.22        0.00      0
      4380     23.08          4.98       49.78        0.00      0
      4381     23.09          4.98       49.78        0.00      0
      4382     23.09          5.93       59.30        0.00      0
      4383     23.10          5.93       59.30        0.00      0
      4384     23.10          4.98       49.78        0.00      0
      4385     23.10          4.98       49.78        0.00      0
      4386     23.11          5.93       59.30        0.00      0
      4387     23.12          3.12       31.22        0.00      0
      4388     23.12          3.12       31.22        0.00      0
      4389     23.13          4.98       49.78        0.00      0
      4390     23.13          4.98       49.78        0.00      0
      4391     23.14          4.98       49.78        0.00      0
      4392     23.14          3.12       31.22        0.00      0
      4393     23.15          3.12       31.22        0.00      0
      4394     23.15          3.12       31.22        0.00      0
      4395     23.16          3.12       31.22        0.00      0
      4396     23.16          3.12       31.22        0.00      0
      4397     23.17          4.98       49.78        0.00      0
      4398     23.17          4.98       49.78        0.00      0
      4399     23.18          3.12       31.22        0.00      0
      4400     23.18          3.12       31.22        0.00      0
      4401     23.19          4.98       49.78        0.00      0
      4402     23.19          3.12       31.22        0.00      0
      4403     23.20          4.98       49.78        0.00      0
      4404     23.20          5.93       59.30        0.00      0
      4405     23.21          4.98       49.78        0.00      0
      4406     23.21          3.12       31.22        0.00      0
      4407     23.21          4.98       49.78        0.00      0
      4408     23.22          3.12       31.22        0.00      0
      4409     23.22          4.98       49.78        0.00      0
      4410     23.23          5.93       59.30        0.00      0
      4411     23.23          5.93       59.30        0.00      0
      4412     23.24          3.12       31.22        0.00      0
      4413     23.24          3.12       31.22        0.00      0
      4414     23.25          3.12       31.22        0.00      0
      4415     23.25          3.12       31.22        0.00      0
      4416     23.26          3.12       31.22        0.00      0
      4417     23.27          3.12       31.22        0.00      0
      4418     23.27          4.98       49.78        0.00      0
      4419     23.28          3.12       31.22        0.00      0
      4420     23.28          3.12       31.22        0.00      0
      4421     23.29          3.12       31.22        0.00      0
      4422     23.29          3.12       31.22        0.00      0
      4423     23.30          3.12       31.22        0.00      0
      4424     23.30          3.12       31.22        0.00      0
      4425     23.31          4.98       49.78        0.00      0
      4426     23.31          4.98       49.78        0.00      0
      4427     23.32          3.12       31.22        0.00      0
      4428     23.32          3.12       31.22        0.00      0
      4429     23.32          3.12       31.22        0.00      0
      4430     23.33          4.98       49.78        0.00      0
      4431     23.33          3.12       31.22        0.00      0
      4432     23.33          4.98       49.78        0.00      0
      4433     23.34          3.12       31.22        0.00      0
      4434     23.34          3.12       31.22        0.00      0
      4435     23.35          4.98       49.78        0.00      0
      4436     23.35          3.12       31.22        0.00      0
      4437     23.36          3.12       31.22        0.00      0
      4438     23.36          3.12       31.22        0.00      0
      4439     23.37          3.12       31.22        0.00      0
      4440     23.37          4.98       49.78        0.00      0
      4441     23.38          5.93       59.30        0.00      0
      4442     23.38          3.12       31.22        0.00      0
      4443     23.39          3.12       31.22        0.00      0
      4444     23.39          3.12       31.22        0.00      0
      4445     23.40          3.12       31.22        0.00      0
      4446     23.40          3.12       31.22        0.00      0
      4447     23.41          4.98       49.78        0.00      0
      4448     23.41          3.12       31.22        0.00      0
      4449     23.42          3.12       31.22        0.00      0
      4450     23.43          3.12       31.22        0.00      0
      4451     23.43          3.12       31.22        0.00      0
      4452     23.43          4.98       49.78        0.00      0
      4453     23.44          3.12       31.22        0.00      0
      4454     23.44          4.98       49.78        0.00      0
      4455     23.45          3.12       31.22        0.00      0
      4456     23.45          3.12       31.22        0.00      0
      4457     23.46          3.12       31.22        0.00      0
      4458     23.46          3.12       31.22        0.00      0
      4459     23.46          4.98       49.78        0.00      0
      4460     23.47          3.12       31.22        0.00      0
      4461     23.47          4.98       49.78        0.00      0
      4462     23.47          4.98       49.78        0.00      0
      4463     23.48          3.12       31.22        0.00      0
      4464     23.48          4.98       49.78        0.00      0
      4465     23.49          3.12       31.22        0.00      0
      4466     23.49          3.12       31.22        0.00      0
      4467     23.50          3.12       31.22        0.00      0
      4468     23.50          3.12       31.22        0.00      0
      4469     23.50          3.12       31.22        0.00      0
      4470     23.51          5.93       59.30        0.00      0
      4471     23.51          3.12       31.22        0.00      0
      4472     23.51          3.12       31.22        0.00      0
      4473     23.52          5.93       59.30        0.00      0
      4474     23.52          3.12       31.22        0.00      0
      4475     23.53          3.12       31.22        0.00      0
      4476     23.54          5.47       54.66        0.00      0
      4477     23.54          3.12       31.22        0.00      0
      4478     23.55          3.12       31.22        0.00      0
      4479     23.55          3.12       31.22        0.00      0
      4480     23.55          3.12       31.22        0.00      0
      4481     23.56          4.98       49.78        0.00      0
      4482     23.56          3.12       31.22        0.00      0
      4483     23.56          5.93       59.30        0.00      0
      4484     23.57          3.12       31.22        0.00      0
      4485     23.57          3.12       31.22        0.00      0
      4486     23.58          5.93       59.30        0.00      0
      4487     23.58          4.98       49.78        0.00      0
      4488     23.58          4.98       49.78        0.00      0
      4489     23.59          3.12       31.22        0.00      0
      4490     23.59          3.12       31.22        0.00      0
      4491     23.60          3.12       31.22        0.00      0
      4492     23.60          4.98       49.78        0.00      0
      4493     23.60          3.12       31.22        0.00      0
      4494     23.61          3.12       31.22        0.00      0
      4495     23.61          3.12       31.22        0.00      0
      4496     23.62          3.12       31.22        0.00      0
      4497     23.63          3.12       31.22        0.00      0
      4498     23.63          3.12       31.22        0.00      0
      4499     23.63          3.12       31.22        0.00      0
      4500     23.64          4.98       49.78        0.00      0
      4501     23.65          3.12       31.22        0.00      0
      4502     23.65          4.98       49.78        0.00      0
      4503     23.65          3.12       31.22        0.00      0
      4504     23.66          4.98       49.78        0.00      0
      4505     23.66          4.98       49.78        0.00      0
      4506     23.66          4.98       49.78        0.00      0
      4507     23.67          5.47       54.66        0.00      0
      4508     23.67          5.47       54.66        0.00      0
      4509     23.68          3.12       31.22        0.00      0
      4510     23.68          4.98       49.78        0.00      0
      4511     23.68          3.12       31.22        0.00      0
      4512     23.69          4.98       49.78        0.00      0
      4513     23.69          4.98       49.78        0.00      0
      4514     23.70          3.12       31.22        0.00      0
      4515     23.70          3.12       31.22        0.00      0
      4516     23.71          5.93       59.30        0.00      0
      4517     23.71          3.12       31.22        0.00      0
      4518     23.71          3.12       31.22        0.00      0
      4519     23.72          3.12       31.22        0.00      0
      4520     23.73          3.12       31.22        0.00      0
      4521     23.73          4.98       49.78        0.00      0
      4522     23.73          3.12       31.22        0.00      0
      4523     23.74          4.98       49.78        0.00      0
      4524     23.74          4.98       49.78        0.00      0
      4525     23.75          4.98       49.78        0.00      0
      4526     23.75          3.12       31.22        0.00      0
      4527     23.76          4.98       49.78        0.00      0
      4528     23.77          4.98       49.78        0.00      0
      4529     23.77          4.98       49.78        0.00      0
      4530     23.77          3.12       31.22        0.00      0
      4531     23.78          4.98       49.78        0.00      0
      4532     23.78          3.12       31.22        0.00      0
      4533     23.79          4.98       49.78        0.00      0
      4534     23.79          3.12       31.22        0.00      0
      4535     23.80          4.98       49.78        0.00      0
      4536     23.80          3.12       31.22        0.00      0
      4537     23.81          3.12       31.22        0.00      0
      4538     23.81          5.93       59.30        0.00      0
      4539     23.81          3.12       31.22        0.00      0
      4540     23.82          4.98       49.78        0.00      0
      4541     23.82          3.12       31.22        0.00      0
      4542     23.83          4.68       46.82        0.00      0
      4543     23.83          3.12       31.22        0.00      0
      4544     23.84          4.98       49.78        0.00      0
      4545     23.84          5.93       59.30        0.00      0
      4546     23.85          3.12       31.22        0.00      0
      4547     23.85          3.12       31.22        0.00      0
      4548     23.86          4.98       49.78        0.00      0
      4549     23.86          3.12       31.22        0.00      0
      4550     23.86          4.98       49.78        0.00      0
      4551     23.87          4.98       49.78        0.00      0
      4552     23.87          4.98       49.78        0.00      0
      4553     23.88          4.98       49.78        0.00      0
      4554     23.89          3.12       31.22        0.00      0
      4555     23.89          4.98       49.78        0.00      0
      4556     23.90          4.98       49.78        0.00      0
      4557     23.90          4.98       49.78        0.00      0
      4558     23.90          3.12       31.22        0.00      0
      4559     23.91          4.98       49.78        0.00      0
      4560     23.91          3.12       31.22        0.00      0
      4561     23.92          5.93       59.30        0.00      0
      4562     23.92          3.12       31.22        0.00      0
      4563     23.93          4.98       49.78        0.00      0
      4564     23.93          3.12       31.22        0.00      0
      4565     23.94          3.12       31.22        0.00      0
      4566     23.94          3.12       31.22        0.00      0
      4567     23.95          4.98       49.78        0.00      0
      4568     23.95          4.98       49.78        0.00      0
      4569     23.96          4.98       49.78        0.00      0
      4570     23.96          4.98       49.78        0.00      0
      4571     23.97          3.12       31.22        0.00      0
      4572     23.98          3.12       31.22        0.00      0
      4573     23.98          5.93       59.30        0.00      0
      4574     23.98          3.12       31.22        0.00      0
      4575     23.99          5.93       59.30        0.00      0
      4576     23.99          3.12       31.22        0.00      0
      4577     23.99          3.12       31.22        0.00      0
      4578     24.00          3.12       31.22        0.00      0
      4579     24.01          3.12       31.22        0.00      0
      4580     24.01          4.98       49.78        0.00      0
      4581     24.02          3.12       31.22        0.00      0
      4582     24.03          4.98       49.78        0.00      0
      4583     24.03          4.98       49.78        0.00      0
      4584     24.04          3.12       31.22        0.00      0
      4585     24.04          4.98       49.78        0.00      0
      4586     24.04         17.15       60.03       11.15      0
      4587     24.05          3.12       31.22        0.00      0
      4588     24.05          4.98       49.78        0.00      0
      4589     24.06          4.98       49.78        0.00      0
      4590     24.06          3.12       31.22        0.00      0
      4591     24.07          4.98       49.78        0.00      0
      4592     24.07          4.98       49.78        0.00      0
      4593     24.08          3.12       31.22        0.00      0
      4594     24.08          3.12       31.22        0.00      0
      4595     24.08          4.98       49.78        0.00      0
      4596     24.09          3.12       31.22        0.00      0
      4597     24.09          3.12       31.22        0.00      0
      4598     24.09          3.12       31.22        0.00      0
      4599     24.10          4.98       49.78        0.00      0
      4600     24.10          3.12       31.22        0.00      0
      4601     24.11          4.98       49.78        0.00      0
      4602     24.11          5.93       59.30        0.00      0
      4603     24.11          4.98       49.78        0.00      0
      4604     24.12          3.12       31.22        0.00      0
      4605     24.12          3.12       31.22        0.00      0
      4606     24.13          3.12       31.22        0.00      0
      4607     24.14          3.12       31.22        0.00      0
      4608     24.14          3.12       31.22        0.00      0
      4609     24.14          3.12       31.22        0.00      0
      4610     24.15          3.12       31.22        0.00      0
      4611     24.15          3.12       31.22        0.00      0
      4612     24.16          3.12       31.22        0.00      0
      4613     24.16          3.12       31.22        0.00      0
      4614     24.17          3.12       31.22        0.00      0
      4615     24.17          4.98       49.78        0.00      0
      4616     24.17          4.98       49.78        0.00      0
      4617     24.18          4.98       49.78        0.00      0
      4618     24.18          3.12       31.22        0.00      0
      4619     24.19          4.98       49.78        0.00      0
      4620     24.19          3.12       31.22        0.00      0
      4621     24.20          3.12       31.22        0.00      0
      4622     24.21          4.98       49.78        0.00      0
      4623     24.21          4.98       49.78        0.00      0
      4624     24.21          5.47       54.66        0.00      0
      4625     24.22          3.12       31.22        0.00      0
      4626     24.22          4.98       49.78        0.00      0
      4627     24.22          5.93       59.30        0.00      0
      4628     24.23          5.93       59.30        0.00      0
      4629     24.23          4.98       49.78        0.00      0
      4630     24.24          3.12       31.22        0.00      0
      4631     24.24          4.98       49.78        0.00      0
      4632     24.25          3.12       31.22        0.00      0
      4633     24.25          4.98       49.78        0.00      0
      4634     24.26          3.12       31.22        0.00      0
      4635     24.26          3.12       31.22        0.00      0
      4636     24.26          3.12       31.22        0.00      0
      4637     24.27          4.98       49.78        0.00      0
      4638     24.27          4.98       49.78        0.00      0
      4639     24.28          3.12       31.22        0.00      0
      4640     24.28          3.12       31.22        0.00      0
      4641     24.29          3.12       31.22        0.00      0
      4642     24.29          3.12       31.22        0.00      0
      4643     24.30          3.12       31.22        0.00      0
      4644     24.30          3.12       31.22        0.00      0
      4645     24.31          3.12       31.22        0.00      0
      4646     24.31          5.47       54.66        0.00      0
      4647     24.31          4.98       49.78        0.00      0
      4648     24.32          4.98       49.78        0.00      0
      4649     24.32          4.98       49.78        0.00      0
      4650     24.33          4.98       49.78        0.00      0
      4651     24.33          3.12       31.22        0.00      0
      4652     24.34          3.12       31.22        0.00      0
      4653     24.34          3.12       31.22        0.00      0
      4654     24.35          4.98       49.78        0.00      0
      4655     24.36          3.12       31.22        0.00      0
      4656     24.36          3.12       31.22        0.00      0
      4657     24.36          4.98       49.78        0.00      0
      4658     24.37          5.93       59.30        0.00      0
      4659     24.37          3.12       31.22        0.00      0
      4660     24.38          4.98       49.78        0.00      0
      4661     24.38          3.12       31.22        0.00      0
      4662     24.38          3.12       31.22        0.00      0
      4663     24.39          3.12       31.22        0.00      0
      4664     24.39          4.98       49.78        0.00      0
      4665     24.40          3.12       31.22        0.00      0
      4666     24.41          4.98       49.78        0.00      0
      4667     24.42          4.98       49.78        0.00      0
      4668     24.43          3.12       31.22        0.00      0
      4669     24.43          4.98       49.78        0.00      0
      4670     24.43          3.12       31.22        0.00      0
      4671     24.44          5.93       59.30        0.00      0
      4672     24.44          5.93       59.30        0.00      0
      4673     24.45          3.12       31.22        0.00      0
      4674     24.45          3.12       31.22        0.00      0
      4675     24.46          3.12       31.22        0.00      0
      4676     24.47          3.12       31.22        0.00      0
      4677     24.48          3.12       31.22        0.00      0
      4678     24.49          3.12       31.22        0.00      0
      4679     24.49          4.98       49.78        0.00      0
      4680     24.50          5.93       59.30        0.00      0
      4681     24.50          3.12       31.22        0.00      0
      4682     24.51          5.93       59.30        0.00      0
      4683     24.51          3.12       31.22        0.00      0
      4684     24.52          4.98       49.78        0.00      0
      4685     24.52          3.12       31.22        0.00      0
      4686     24.53          3.12       31.22        0.00      0
      4687     24.53          4.98       49.78        0.00      0
      4688     24.53          5.68       56.82        0.00      0
      4689     24.54          3.12       31.22        0.00      0
      4690     24.54          3.12       31.22        0.00      0
      4691     24.55          3.12       31.22        0.00      0
      4692     24.55          4.98       49.78        0.00      0
      4693     24.56          3.12       31.22        0.00      0
      4694     24.56          5.93       59.30        0.00      0
      4695     24.56          4.98       49.78        0.00      0
      4696     24.57          3.12       31.22        0.00      0
      4697     24.57          5.93       59.30        0.00      0
      4698     24.57          3.12       31.22        0.00      0
      4699     24.58          4.98       49.78        0.00      0
      4700     24.58          3.12       31.22        0.00      0
      4701     24.59          3.12       31.22        0.00      0
      4702     24.59          3.12       31.22        0.00      0
      4703     24.60          4.98       49.78        0.00      0
      4704     24.60          3.12       31.22        0.00      0
      4705     24.60          4.98       49.78        0.00      0
      4706     24.61          3.12       31.22        0.00      0
      4707     24.61          3.12       31.22        0.00      0
      4708     24.62          3.12       31.22        0.00      0
      4709     24.63          3.12       31.22        0.00      0
      4710     24.63          3.12       31.22        0.00      0
      4711     24.64          4.98       49.78        0.00      0
      4712     24.64          3.12       31.22        0.00      0
      4713     24.65          3.12       31.22        0.00      0
      4714     24.65          3.12       31.22        0.00      0
      4715     24.66          3.12       31.22        0.00      0
      4716     24.66          4.98       49.78        0.00      0
      4717     24.67          5.93       59.30        0.00      0
      4718     24.67          4.98       49.78        0.00      0
      4719     24.68          4.98       49.78        0.00      0
      4720     24.68          3.12       31.22        0.00      0
      4721     24.69          3.12       31.22        0.00      0
      4722     24.69          4.98       49.78        0.00      0
      4723     24.70          3.12       31.22        0.00      0
      4724     24.70          4.98       49.78        0.00      0
      4725     24.71          3.12       31.22        0.00      0
      4726     24.71          4.98       49.78        0.00      0
      4727     24.71          4.98       49.78        0.00      0
      4728     24.72          4.98       49.78        0.00      0
      4729     24.72          4.98       49.78        0.00      0
      4730     24.72          5.93       59.30        0.00      0
      4731     24.73          3.12       31.22        0.00      0
      4732     24.73          3.12       31.22        0.00      0
      4733     24.74          4.98       49.78        0.00      0
      4734     24.74          4.98       49.78        0.00      0
      4735     24.74          3.12       31.22        0.00      0
      4736     24.75          4.98       49.78        0.00      0
      4737     24.75          4.98       49.78        0.00      0
      4738     24.76          3.12       31.22        0.00      0
      4739     24.76          3.12       31.22        0.00      0
      4740     24.78          5.93       59.30        0.00      0
      4741     24.78          3.12       31.22        0.00      0
      4742     24.78          3.12       31.22        0.00      0
      4743     24.79          3.12       31.22        0.00      0
      4744     24.80          4.98       49.78        0.00      0
      4745     24.80          3.12       31.22        0.00      0
      4746     24.81          4.98       49.78        0.00      0
      4747     24.81          3.12       31.22        0.00      0
      4748     24.82          3.12       31.22        0.00      0
      4749     24.82          3.12       31.22        0.00      0
      4750     24.83          4.98       49.78        0.00      0
      4751     24.83          3.12       31.22        0.00      0
      4752     24.84          3.12       31.22        0.00      0
      4753     24.85          4.98       49.78        0.00      0
      4754     24.86          3.12       31.22        0.00      0
      4755     24.86          3.12       31.22        0.00      0
      4756     24.87          4.98       49.78        0.00      0
      4757     24.87          3.12       31.22        0.00      0
      4758     24.88          3.12       31.22        0.00      0
      4759     24.88          4.98       49.78        0.00      0
      4760     24.89          3.12       31.22        0.00      0
      4761     24.90          4.98       49.78        0.00      0
      4762     24.90          3.12       31.22        0.00      0
      4763     24.91          3.12       31.22        0.00      0
      4764     24.92          5.93       59.30        0.00      0
      4765     24.92          4.98       49.78        0.00      0
      4766     24.92          3.12       31.22        0.00      0
      4767     24.93          5.93       59.30        0.00      0
      4768     24.94          3.12       31.22        0.00      0
      4769     24.94          4.98       49.78        0.00      0
      4770     24.95          3.12       31.22        0.00      0
      4771     24.96          4.98       49.78        0.00      0
      4772     24.96          4.98       49.78        0.00      0
      4773     24.97          3.12       31.22        0.00      0
      4774     24.98          4.98       49.78        0.00      0
      4775     24.99          4.98       49.78        0.00      0
      4776     25.00          5.47       54.66        0.00      0
      4777     25.00          4.98       49.78        0.00      0
      4778     25.01          3.12       31.22        0.00      0
      4779     25.02          3.12       31.22        0.00      0
      4780     25.02          3.12       31.22        0.00      0
      4781     25.03          3.12       31.22        0.00      0
      4782     25.04          4.98       49.78        0.00      0
      4783     25.05          3.12       31.22        0.00      0
      4784     25.05          3.12       31.22        0.00      0
      4785     25.06          4.98       49.78        0.00      0
      4786     25.07          4.98       49.78        0.00      0
      4787     25.08          4.98       49.78        0.00      0
      4788     25.09          4.98       49.78        0.00      0
      4789     25.10          4.98       49.78        0.00      0
      4790     25.11          3.12       31.22        0.00      0
      4791     25.11          3.12       31.22        0.00      0
      4792     25.12          4.98       49.78        0.00      0
      4793     25.13          3.12       31.22        0.00      0
      4794     25.13          5.93       59.30        0.00      0
      4795     25.14          4.98       49.78        0.00      0
      4796     25.15          3.12       31.22        0.00      0
      4797     25.15          3.12       31.22        0.00      0
      4798     25.17          3.12       31.22        0.00      0
      4799     25.17          3.12       31.22        0.00      0
      4800     25.18          4.98       49.78        0.00      0
      4801     25.19          3.12       31.22        0.00      0
      4802     25.20          3.12       31.22        0.00      0
      4803     25.20          4.98       49.78        0.00      0
      4804     25.22          4.98       49.78        0.00      0
      4805     25.22          3.12       31.22        0.00      0
      4806     25.23          3.12       31.22        0.00      0
      4807     25.24          3.12       31.22        0.00      0
      4808     25.25          3.12       31.22        0.00      0
      4809     25.26          4.98       49.78        0.00      0
      4810     25.27          4.98       49.78        0.00      0
      4811     25.27          3.12       31.22        0.00      0
      4812     25.29          4.98       49.78        0.00      0
      4813     25.30          3.12       31.22        0.00      0
      4814     25.31          4.98       49.78        0.00      0
      4815     25.32          3.12       31.22        0.00      0
      4816     25.33          4.98       49.78        0.00      0
      4817     25.33          3.12       31.22        0.00      0
      4818     25.34          3.12       31.22        0.00      0
      4819     25.36          3.12       31.22        0.00      0
      4820     25.37          3.12       31.22        0.00      0
      4821     25.38          3.12       31.22        0.00      0
      4822     25.39          4.98       49.78        0.00      0
      4823     25.39          3.12       31.22        0.00      0
      4824     25.40          4.98       49.78        0.00      0
      4825     25.41          3.12       31.22        0.00      0
      4826     25.42          5.93       59.30        0.00      0
      4827     25.43          5.93       59.30        0.00      0
      4828     25.44          5.47       54.66        0.00      0
      4829     25.44          3.12       31.22        0.00      0
      4830     25.45          4.98       49.78        0.00      0
      4831     25.46          3.12       31.22        0.00      0
      4832     25.47          4.98       49.78        0.00      0
      4833     25.48          3.12       31.22        0.00      0
      4834     25.49          3.12       31.22        0.00      0
      4835     25.50          3.12       31.22        0.00      0
      4836     25.51          3.12       31.22        0.00      0
      4837     25.52          4.98       49.78        0.00      0
      4838     25.52          3.12       31.22        0.00      0
      4839     25.54          3.12       31.22        0.00      0
      4840     25.55          4.98       49.78        0.00      0
      4841     25.55          3.12       31.22        0.00      0
      4842     25.56          4.98       49.78        0.00      0
      4843     25.57          3.12       31.22        0.00      0
      4844     25.59          3.12       31.22        0.00      0
      4845     25.60          3.12       31.22        0.00      0
      4846     25.61          3.12       31.22        0.00      0
      4847     25.62          4.98       49.78        0.00      0
      4848     25.62          5.47       54.66        0.00      0
      4849     25.64          3.12       31.22        0.00      0
      4850     25.65          3.12       31.22        0.00      0
      4851     25.66          3.12       31.22        0.00      0
      4852     25.67          3.12       31.22        0.00      0
      4853     25.67          3.12       31.22        0.00      0
      4854     25.68          3.12       31.22        0.00      0
      4855     25.69          3.12       31.22        0.00      0
      4856     25.69          3.12       31.22        0.00      0
      4857     25.70          3.12       31.22        0.00      0
      4858     25.71          3.12       31.22        0.00      0
      4859     25.72          3.12       31.22        0.00      0
      4860     25.72          3.12       31.22        0.00      0
      4861     25.73          5.93       59.30        0.00      0
      4862     25.74          3.12       31.22        0.00      0
      4863     25.75          4.98       49.78        0.00      0
      4864     25.75          5.93       59.30        0.00      0
      4865     25.76          3.12       31.22        0.00      0
      4866     25.77          4.98       49.78        0.00      0
      4867     25.77          3.12       31.22        0.00      0
      4868     25.78          3.12       31.22        0.00      0
      4869     25.79          3.12       31.22        0.00      0
      4870     25.79          3.12       31.22        0.00      0
      4871     25.80          3.12       31.22        0.00      0
      4872     25.80          4.98       49.78        0.00      0
      4873     25.81          4.98       49.78        0.00      0
      4874     25.82          3.12       31.22        0.00      0
      4875     25.83          4.98       49.78        0.00      0
      4876     25.84          3.12       31.22        0.00      0
      4877     25.84          4.98       49.78        0.00      0
      4878     25.85          5.47       54.66        0.00      0
      4879     25.85          4.98       49.78        0.00      0
      4880     25.86          5.93       59.30        0.00      0
      4881     25.86          4.98       49.78        0.00      0
      4882     25.87          3.12       31.22        0.00      0
      4883     25.87          4.98       49.78        0.00      0
      4884     25.88          3.12       31.22        0.00      0
      4885     25.89          3.12       31.22        0.00      0
      4886     25.89          4.98       49.78        0.00      0
      4887     25.90          4.98       49.78        0.00      0
      4888     25.90          4.98       49.78        0.00      0
      4889     25.90          3.12       31.22        0.00      0
      4890     25.91          4.98       49.78        0.00      0
      4891     25.91          3.12       31.22        0.00      0
      4892     25.92          3.12       31.22        0.00      0
      4893     25.93          4.98       49.78        0.00      0
      4894     25.93          3.12       31.22        0.00      0
      4895     25.94          3.12       31.22        0.00      0
      4896     25.94          3.12       31.22        0.00      0
      4897     25.95          3.12       31.22        0.00      0
      4898     25.95          3.12       31.22        0.00      0
      4899     25.95          3.12       31.22        0.00      0
      4900     25.96          3.12       31.22        0.00      0
      4901     25.97          3.12       31.22        0.00      0
      4902     25.98          4.98       49.78        0.00      0
      4903     25.98          3.12       31.22        0.00      0
      4904     25.99          3.12       31.22        0.00      0
      4905     25.99          3.12       31.22        0.00      0
      4906     26.00          3.12       31.22        0.00      0
      4907     26.01          3.12       31.22        0.00      0
      4908     26.02          3.12       31.22        0.00      0
      4909     26.02          3.12       31.22        0.00      0
      4910     26.02          4.98       49.78        0.00      0
      4911     26.03          5.93       59.30        0.00      0
      4912     26.03          3.12       31.22        0.00      0
      4913     26.04          3.12       31.22        0.00      0
      4914     26.04          3.12       31.22        0.00      0
      4915     26.05          4.98       49.78        0.00      0
      4916     26.06          4.98       49.78        0.00      0
      4917     26.06          3.12       31.22        0.00      0
      4918     26.07          4.98       49.78        0.00      0
      4919     26.08          3.12       31.22        0.00      0
      4920     26.09          5.47       54.66        0.00      0
      4921     26.09          5.93       59.30        0.00      0
      4922     26.09          3.12       31.22        0.00      0
      4923     26.10          4.98       49.78        0.00      0
      4924     26.10          3.12       31.22        0.00      0
      4925     26.11          4.98       49.78        0.00      0
      4926     26.11          3.12       31.22        0.00      0
      4927     26.12          3.12       31.22        0.00      0
      4928     26.13          4.98       49.78        0.00      0
      4929     26.13          3.12       31.22        0.00      0
      4930     26.14          3.12       31.22        0.00      0
      4931     26.14          3.12       31.22        0.00      0
      4932     26.15          4.98       49.78        0.00      0
      4933     26.15          5.93       59.30        0.00      0
      4934     26.16          3.12       31.22        0.00      0
      4935     26.16          4.98       49.78        0.00      0
      4936     26.16          3.12       31.22        0.00      0
      4937     26.17          3.12       31.22        0.00      0
      4938     26.18          5.93       59.30        0.00      0
      4939     26.19          3.12       31.22        0.00      0
      4940     26.20          4.98       49.78        0.00      0
      4941     26.20          4.98       49.78        0.00      0
      4942     26.21          3.12       31.22        0.00      0
      4943     26.21          3.12       31.22        0.00      0
      4944     26.21          3.12       31.22        0.00      0
      4945     26.22          3.12       31.22        0.00      0
      4946     26.22          3.12       31.22        0.00      0
      4947     26.23          4.98       49.78        0.00      0
      4948     26.23          3.12       31.22        0.00      0
      4949     26.24          4.98       49.78        0.00      0
      4950     26.24          5.93       59.30        0.00      0
      4951     26.25          3.12       31.22        0.00      0
      4952     26.25          4.98       49.78        0.00      0
      4953     26.26          3.12       31.22        0.00      0
      4954     26.27          3.12       31.22        0.00      0
      4955     26.27          3.12       31.22        0.00      0
      4956     26.28         17.15       60.03       11.15      0
      4957     26.28          4.98       49.78        0.00      0
      4958     26.29          4.98       49.78        0.00      0
      4959     26.30          4.98       49.78        0.00      0
      4960     26.30          5.93       59.30        0.00      0
      4961     26.31          3.12       31.22        0.00      0
      4962     26.33          3.12       31.22        0.00      0
      4963     26.33          4.98       49.78        0.00      0
      4964     26.34          4.98       49.78        0.00      0
      4965     26.35          3.12       31.22        0.00      0
      4966     26.35          3.12       31.22        0.00      0
      4967     26.36          4.98       49.78        0.00      0
      4968     26.37          3.12       31.22        0.00      0
      4969     26.38          4.98       49.78        0.00      0
      4970     26.39          4.98       49.78        0.00      0
      4971     26.40          4.98       49.78        0.00      0
      4972     26.40          3.12       31.22        0.00      0
      4973     26.41          3.12       31.22        0.00      0
      4974     26.42          3.12       31.22        0.00      0
      4975     26.43          3.12       31.22        0.00      0
      4976     26.45          3.12       31.22        0.00      0
      4977     26.45          3.12       31.22        0.00      0
      4978     26.46          3.12       31.22        0.00      0
      4979     26.46          3.12       31.22        0.00      0
      4980     26.47          3.12       31.22        0.00      0
      4981     26.48          3.12       31.22        0.00      0
      4982     26.49          3.12       31.22        0.00      0
      4983     26.49          3.12       31.22        0.00      0
      4984     26.50          4.98       49.78        0.00      0
      4985     26.51          3.12       31.22        0.00      0
      4986     26.51          3.12       31.22        0.00      0
      4987     26.51          3.12       31.22        0.00      0
      4988     26.53          4.98       49.78        0.00      0
      4989     26.53          3.12       31.22        0.00      0
      4990     26.54          3.12       31.22        0.00      0
      4991     26.54          3.12       31.22        0.00      0
      4992     26.54          3.12       31.22        0.00      0
      4993     26.55          4.98       49.78        0.00      0
      4994     26.55          5.68       56.82        0.00      0
      4995     26.55          5.93       59.30        0.00      0
      4996     26.56          3.12       31.22        0.00      0
      4997     26.56         17.15       60.03       11.15      0
      4998     26.57          3.12       31.22        0.00      0
      4999     26.57          4.98       49.78        0.00      0
      5000     26.58          4.98       49.78        0.00      0
      5001     26.58          5.93       59.30        0.00      0
      5002     26.59          3.12       31.22        0.00      0
      5003     26.60          4.98       49.78        0.00      0
      5004     26.60          3.12       31.22        0.00      0
      5005     26.61          4.98       49.78        0.00      0
      5006     26.61          4.98       49.78        0.00      0
      5007     26.61          3.12       31.22        0.00      0
      5008     26.62          3.12       31.22        0.00      0
      5009     26.62          4.98       49.78        0.00      0
      5010     26.63          3.12       31.22        0.00      0
      5011     26.64          4.68       46.82        0.00      0
      5012     26.64          4.98       49.78        0.00      0
      5013     26.65          3.12       31.22        0.00      0
      5014     26.66          3.12       31.22        0.00      0
      5015     26.66          3.12       31.22        0.00      0
      5016     26.67          3.12       31.22        0.00      0
      5017     26.67          3.12       31.22        0.00      0
      5018     26.68          4.98       49.78        0.00      0
      5019     26.68          4.98       49.78        0.00      0
      5020     26.69          3.12       31.22        0.00      0
      5021     26.69          4.98       49.78        0.00      0
      5022     26.70          3.12       31.22        0.00      0
      5023     26.71          3.12       31.22        0.00      0
      5024     26.71          5.47       54.66        0.00      0
      5025     26.72          4.98       49.78        0.00      0
      5026     26.72          3.12       31.22        0.00      0
      5027     26.72          3.12       31.22        0.00      0
      5028     26.73          3.12       31.22        0.00      0
      5029     26.73          3.12       31.22        0.00      0
      5030     26.74          4.98       49.78        0.00      0
      5031     26.74          3.12       31.22        0.00      0
      5032     26.75          4.98       49.78        0.00      0
      5033     26.75          3.12       31.22        0.00      0
      5034     26.76          3.12       31.22        0.00      0
      5035     26.77          3.12       31.22        0.00      0
      5036     26.77          3.12       31.22        0.00      0
      5037     26.78          4.98       49.78        0.00      0
      5038     26.78          5.93       59.30        0.00      0
      5039     26.79          4.98       49.78        0.00      0
      5040     26.79          3.12       31.22        0.00      0
      5041     26.80          5.93       59.30        0.00      0
      5042     26.80          4.98       49.78        0.00      0
      5043     26.81          3.12       31.22        0.00      0
      5044     26.82          3.12       31.22        0.00      0
      5045     26.82          3.12       31.22        0.00      0
      5046     26.83          4.98       49.78        0.00      0
      5047     26.84          3.12       31.22        0.00      0
      5048     26.84          5.93       59.30        0.00      0
      5049     26.85          3.12       31.22        0.00      0
      5050     26.86          4.98       49.78        0.00      0
      5051     26.87          5.93       59.30        0.00      0
      5052     26.87          5.93       59.30        0.00      0
      5053     26.88          4.98       49.78        0.00      0
      5054     26.89          3.12       31.22        0.00      0
      5055     26.90          3.12       31.22        0.00      0
      5056     26.90          3.12       31.22        0.00      0
      5057     26.91          3.12       31.22        0.00      0
      5058     26.92          3.12       31.22        0.00      0
      5059     26.92          3.12       31.22        0.00      0
      5060     26.93          3.12       31.22        0.00      0
      5061     26.94          4.98       49.78        0.00      0
      5062     26.95          4.98       49.78        0.00      0
      5063     26.96          3.12       31.22        0.00      0
      5064     26.97          4.98       49.78        0.00      0
      5065     26.98          4.98       49.78        0.00      0
      5066     26.98          4.98       49.78        0.00      0
      5067     26.99          3.12       31.22        0.00      0
      5068     26.99          3.12       31.22        0.00      0
      5069     27.01          3.12       31.22        0.00      0
      5070     27.02          5.93       59.30        0.00      0
      5071     27.03          3.12       31.22        0.00      0
      5072     27.03          3.12       31.22        0.00      0
      5073     27.04          4.98       49.78        0.00      0
      5074     27.05          3.12       31.22        0.00      0
      5075     27.05          3.12       31.22        0.00      0
      5076     27.06          5.47       54.66        0.00      0
      5077     27.06          3.12       31.22        0.00      0
      5078     27.07          4.98       49.78        0.00      0
      5079     27.07          3.12       31.22        0.00      0
      5080     27.08          3.12       31.22        0.00      0
      5081     27.08          4.44       44.42        0.00      0
      5082     27.09          4.98       49.78        0.00      0
      5083     27.10          3.12       31.22        0.00      0
      5084     27.11          4.98       49.78        0.00      0
      5085     27.12          3.12       31.22        0.00      0
      5086     27.13          3.12       31.22        0.00      0
      5087     27.14          4.98       49.78        0.00      0
      5088     27.14          4.98       49.78        0.00      0
      5089     27.15          4.98       49.78        0.00      0
      5090     27.15          4.98       49.78        0.00      0
      5091     27.16          4.98       49.78        0.00      0
      5092     27.17          5.93       59.30        0.00      0
      5093     27.18          4.98       49.78        0.00      0
      5094     27.18          4.98       49.78        0.00      0
      5095     27.19          3.12       31.22        0.00      0
      5096     27.20          3.12       31.22        0.00      0
      5097     27.21          4.98       49.78        0.00      0
      5098     27.21          4.98       49.78        0.00      0
      5099     27.22          4.98       49.78        0.00      0
      5100     27.22          3.12       31.22        0.00      0
      5101     27.23          3.12       31.22        0.00      0
      5102     27.24          3.12       31.22        0.00      0
      5103     27.24          3.12       31.22        0.00      0
      5104     27.25          4.98       49.78        0.00      0
      5105     27.26          4.98       49.78        0.00      0
      5106     27.27          5.93       59.30        0.00      0
      5107     27.27          4.98       49.78        0.00      0
      5108     27.28          4.98       49.78        0.00      0
      5109     27.30          4.98       49.78        0.00      0
      5110     27.30          3.12       31.22        0.00      0
      5111     27.32          3.12       31.22        0.00      0
      5112     27.33          5.93       59.30        0.00      0
      5113     27.34          3.12       31.22        0.00      0
      5114     27.35          3.12       31.22        0.00      0
      5115     27.37          3.12       31.22        0.00      0
      5116     27.38          3.12       31.22        0.00      0
      5117     27.38          3.12       31.22        0.00      0
      5118     27.40          3.12       31.22        0.00      0
      5119     27.40          3.12       31.22        0.00      0
      5120     27.41          3.12       31.22        0.00      0
      5121     27.42          4.98       49.78        0.00      0
      5122     27.43          4.98       49.78        0.00      0
      5123     27.43          3.12       31.22        0.00      0
      5124     27.44          3.12       31.22        0.00      0
      5125     27.45          3.12       31.22        0.00      0
      5126     27.46          3.12       31.22        0.00      0
      5127     27.47          4.98       49.78        0.00      0
      5128     27.48          4.98       49.78        0.00      0
      5129     27.49          4.98       49.78        0.00      0
      5130     27.50          3.12       31.22        0.00      0
      5131     27.51          3.12       31.22        0.00      0
      5132     27.52          3.12       31.22        0.00      0
      5133     27.53          4.98       49.78        0.00      0
      5134     27.53          3.12       31.22        0.00      0
      5135     27.54          4.98       49.78        0.00      0
      5136     27.54          4.98       49.78        0.00      0
      5137     27.55          3.12       31.22        0.00      0
      5138     27.56          4.98       49.78        0.00      0
      5139     27.56          4.98       49.78        0.00      0
      5140     27.56          4.98       49.78        0.00      0
      5141     27.58          3.12       31.22        0.00      0
      5142     27.58          3.12       31.22        0.00      0
      5143     27.59          3.12       31.22        0.00      0
      5144     27.60          5.68       56.82        0.00      0
      5145     27.61          4.98       49.78        0.00      0
      5146     27.62          5.93       59.30        0.00      0
      5147     27.62          3.12       31.22        0.00      0
      5148     27.63          3.12       31.22        0.00      0
      5149     27.64          4.98       49.78        0.00      0
      5150     27.64          5.93       59.30        0.00      0
      5151     27.64          3.12       31.22        0.00      0
      5152     27.65          4.98       49.78        0.00      0
      5153     27.65          4.98       49.78        0.00      0
      5154     27.66          4.98       49.78        0.00      0
      5155     27.66          4.98       49.78        0.00      0
      5156     27.67          3.12       31.22        0.00      0
      5157     27.67          4.98       49.78        0.00      0
      5158     27.68          3.12       31.22        0.00      0
      5159     27.68         17.15       60.03       11.15      0
      5160     27.69          3.12       31.22        0.00      0
      5161     27.69          3.12       31.22        0.00      0
      5162     27.70          4.98       49.78        0.00      0
      5163     27.71          3.12       31.22        0.00      0
      5164     27.72          4.98       49.78        0.00      0
      5165     27.73          3.12       31.22        0.00      0
      5166     27.74          4.98       49.78        0.00      0
      5167     27.75          5.93       59.30        0.00      0
      5168     27.76          3.12       31.22        0.00      0
      5169     27.77          4.98       49.78        0.00      0
      5170     27.78          5.93       59.30        0.00      0
      5171     27.79          4.98       49.78        0.00      0
      5172     27.79          4.98       49.78        0.00      0
      5173     27.80          3.12       31.22        0.00      0
      5174     27.80          4.98       49.78        0.00      0
      5175     27.80          4.98       49.78        0.00      0
      5176     27.81          4.98       49.78        0.00      0
      5177     27.81          4.98       49.78        0.00      0
      5178     27.82          3.12       31.22        0.00      0
      5179     27.82          4.98       49.78        0.00      0
      5180     27.83          4.98       49.78        0.00      0
      5181     27.83          3.12       31.22        0.00      0
      5182     27.83          3.12       31.22        0.00      0
      5183     27.84          3.12       31.22        0.00      0
      5184     27.84          3.12       31.22        0.00      0
      5185     27.85          4.98       49.78        0.00      0
      5186     27.85          3.12       31.22        0.00      0
      5187     27.86          5.47       54.66        0.00      0
      5188     27.86          4.98       49.78        0.00      0
      5189     27.86          3.12       31.22        0.00      0
      5190     27.87          4.98       49.78        0.00      0
      5191     27.87          3.12       31.22        0.00      0
      5192     27.88          5.93       59.30        0.00      0
      5193     27.88          4.98       49.78        0.00      0
      5194     27.89          4.98       49.78        0.00      0
      5195     27.89          3.12       31.22        0.00      0
      5196     27.90          4.68       46.82        0.00      0
      5197     27.90          4.98       49.78        0.00      0
      5198     27.90          3.12       31.22        0.00      0
      5199     27.91          5.93       59.30        0.00      0
      5200     27.91          4.98       49.78        0.00      0
      5201     27.91          4.98       49.78        0.00      0
      5202     27.92          4.98       49.78        0.00      0
      5203     27.93          3.12       31.22        0.00      0
      5204     27.93          3.12       31.22        0.00      0
      5205     27.94          5.47       54.66        0.00      0
      5206     27.94          3.12       31.22        0.00      0
      5207     27.94          4.98       49.78        0.00      0
      5208     27.96          3.12       31.22        0.00      0
      5209     27.96          3.12       31.22        0.00      0
      5210     27.97          4.98       49.78        0.00      0
      5211     27.97          3.12       31.22        0.00      0
      5212     27.97          3.12       31.22        0.00      0
      5213     27.98          4.98       49.78        0.00      0
      5214     27.98          3.12       31.22        0.00      0
      5215     27.98          4.98       49.78        0.00      0
      5216     27.99          3.12       31.22        0.00      0
      5217     27.99          3.12       31.22        0.00      0
      5218     28.00          5.93       59.30        0.00      0
      5219     28.00          3.12       31.22        0.00      0
      5220     28.01          3.12       31.22        0.00      0
      5221     28.02          3.12       31.22        0.00      0
      5222     28.03          3.12       31.22        0.00      0
      5223     28.03          4.98       49.78        0.00      0
      5224     28.04          3.12       31.22        0.00      0
      5225     28.04          4.98       49.78        0.00      0
      5226     28.05          3.12       31.22        0.00      0
      5227     28.05          4.98       49.78        0.00      0
      5228     28.05          4.98       49.78        0.00      0
      5229     28.06          4.98       49.78        0.00      0
      5230     28.06          3.12       31.22        0.00      0
      5231     28.07          3.12       31.22        0.00      0
      5232     28.07          3.12       31.22        0.00      0
      5233     28.08          5.93       59.30        0.00      0
      5234     28.08          3.12       31.22        0.00      0
      5235     28.09          3.12       31.22        0.00      0
      5236     28.09          3.12       31.22        0.00      0
      5237     28.09          4.98       49.78        0.00      0
      5238     28.10          3.12       31.22        0.00      0
      5239     28.10          3.12       31.22        0.00      0
      5240     28.11          3.12       31.22        0.00      0
      5241     28.12          4.98       49.78        0.00      0
      5242     28.12          4.98       49.78        0.00      0
      5243     28.12          4.98       49.78        0.00      0
      5244     28.13          4.98       49.78        0.00      0
      5245     28.14          3.12       31.22        0.00      0
      5246     28.14          4.98       49.78        0.00      0
      5247     28.15          4.98       49.78        0.00      0
      5248     28.15          3.12       31.22        0.00      0
      5249     28.16          5.93       59.30        0.00      0
      5250     28.17          3.12       31.22        0.00      0
      5251     28.17          4.98       49.78        0.00      0
      5252     28.17          3.12       31.22        0.00      0
      5253     28.18          3.12       31.22        0.00      0
      5254     28.18          4.98       49.78        0.00      0
      5255     28.19          3.12       31.22        0.00      0
      5256     28.20          4.98       49.78        0.00      0
      5257     28.20          3.12       31.22        0.00      0
      5258     28.20          4.98       49.78        0.00      0
      5259     28.21          3.12       31.22        0.00      0
      5260     28.21          5.93       59.30        0.00      0
      5261     28.22          3.12       31.22        0.00      0
      5262     28.22          4.98       49.78        0.00      0
      5263     28.23          3.12       31.22        0.00      0
      5264     28.23          3.12       31.22        0.00      0
      5265     28.24          3.12       31.22        0.00      0
      5266     28.25          3.12       31.22        0.00      0
      5267     28.25          4.98       49.78        0.00      0
      5268     28.25          4.98       49.78        0.00      0
      5269     28.26          5.93       59.30        0.00      0
      5270     28.26          4.98       49.78        0.00      0
      5271     28.26          3.12       31.22        0.00      0
      5272     28.27          3.12       31.22        0.00      0
      5273     28.28          3.12       31.22        0.00      0
      5274     28.28          4.98       49.78        0.00      0
      5275     28.28          4.98       49.78        0.00      0
      5276     28.29          4.98       49.78        0.00      0
      5277     28.29          3.12       31.22        0.00      0
      5278     28.30          3.12       31.22        0.00      0
      5279     28.30          3.12       31.22        0.00      0
      5280     28.30          3.12       31.22        0.00      0
      5281     28.31          3.12       31.22        0.00      0
      5282     28.31          3.12       31.22        0.00      0
      5283     28.32          3.12       31.22        0.00      0
      5284     28.32          4.98       49.78        0.00      0
      5285     28.32          4.98       49.78        0.00      0
      5286     28.33          3.12       31.22        0.00      0
      5287     28.33          3.12       31.22        0.00      0
      5288     28.33          3.12       31.22        0.00      0
      5289     28.34          4.98       49.78        0.00      0
      5290     28.34          3.12       31.22        0.00      0
      5291     28.35          3.12       31.22        0.00      0
      5292     28.35          4.98       49.78        0.00      0
      5293     28.36          5.93       59.30        0.00      0
      5294     28.36          3.12       31.22        0.00      0
      5295     28.37          3.12       31.22        0.00      0
      5296     28.37          3.12       31.22        0.00      0
      5297     28.37          3.12       31.22        0.00      0
      5298     28.38          3.12       31.22        0.00      0
      5299     28.38          3.12       31.22        0.00      0
      5300     28.39          3.12       31.22        0.00      0
      5301     28.39          4.98       49.78        0.00      0
      5302     28.40          3.12       31.22        0.00      0
      5303     28.40          4.68       46.82        0.00      0
      5304     28.41          4.98       49.78        0.00      0
      5305     28.41          3.12       31.22        0.00      0
      5306     28.42          3.12       31.22        0.00      0
      5307     28.42          3.12       31.22        0.00      0
      5308     28.42          3.12       31.22        0.00      0
      5309     28.43          4.98       49.78        0.00      0
      5310     28.43          3.12       31.22        0.00      0
      5311     28.44          5.93       59.30        0.00      0
      5312     28.44          3.12       31.22        0.00      0
      5313     28.45          3.12       31.22        0.00      0
      5314     28.45          4.98       49.78        0.00      0
      5315     28.46          3.12       31.22        0.00      0
      5316     28.46          4.98       49.78        0.00      0
      5317     28.47          3.12       31.22        0.00      0
      5318     28.47          4.98       49.78        0.00      0
      5319     28.47          3.12       31.22        0.00      0
      5320     28.48          4.98       49.78        0.00      0
      5321     28.48          3.12       31.22        0.00      0
      5322     28.48          4.98       49.78        0.00      0
      5323     28.49          4.98       49.78        0.00      0
      5324     28.49          4.98       49.78        0.00      0
      5325     28.49          3.12       31.22        0.00      0
      5326     28.50          3.12       31.22        0.00      0
      5327     28.51          4.98       49.78        0.00      0
      5328     28.51          4.98       49.78        0.00      0
      5329     28.52          3.12       31.22        0.00      0
      5330     28.52          4.98       49.78        0.00      0
      5331     28.52          3.12       31.22        0.00      0
      5332     28.53          3.12       31.22        0.00      0
      5333     28.53          3.12       31.22        0.00      0
      5334     28.54          3.12       31.22        0.00      0
      5335     28.54          4.98       49.78        0.00      0
      5336     28.55          3.12       31.22        0.00      0
      5337     28.55          3.12       31.22        0.00      0
      5338     28.55          4.98       49.78        0.00      0
      5339     28.56          3.12       31.22        0.00      0
      5340     28.57          4.98       49.78        0.00      0
      5341     28.57          3.12       31.22        0.00      0
      5342     28.57          3.12       31.22        0.00      0
      5343     28.58          3.12       31.22        0.00      0
      5344     28.59          3.12       31.22        0.00      0
      5345     28.59          3.12       31.22        0.00      0
      5346     28.60          4.98       49.78        0.00      0
      5347     28.60          4.98       49.78        0.00      0
      5348     28.61          3.12       31.22        0.00      0
      5349     28.61          3.12       31.22        0.00      0
      5350     28.62          4.98       49.78        0.00      0
      5351     28.62          4.98       49.78        0.00      0
      5352     28.62          3.12       31.22        0.00      0
      5353     28.63          3.12       31.22        0.00      0
      5354     28.63          4.98       49.78        0.00      0
      5355     28.64          5.93       59.30        0.00      0
      5356     28.64          3.12       31.22        0.00      0
      5357     28.65          3.12       31.22        0.00      0
      5358     28.65          4.98       49.78        0.00      0
      5359     28.65          3.12       31.22        0.00      0
      5360     28.66          4.98       49.78        0.00      0
      5361     28.66          3.12       31.22        0.00      0
      5362     28.67          3.12       31.22        0.00      0
      5363     28.67          3.12       31.22        0.00      0
      5364     28.67          3.12       31.22        0.00      0
      5365     28.67          3.12       31.22        0.00      0
      5366     28.68          3.12       31.22        0.00      0
      5367     28.69          5.93       59.30        0.00      0
      5368     28.69          4.98       49.78        0.00      0
      5369     28.69          4.98       49.78        0.00      0
      5370     28.70          4.98       49.78        0.00      0
      5371     28.70          4.98       49.78        0.00      0
      5372     28.70          3.12       31.22        0.00      0
      5373     28.71          3.12       31.22        0.00      0
      5374     28.71          4.98       49.78        0.00      0
      5375     28.72          3.12       31.22        0.00      0
      5376     28.72          3.12       31.22        0.00      0
      5377     28.72          4.98       49.78        0.00      0
      5378     28.73          4.98       49.78        0.00      0
      5379     28.73          3.12       31.22        0.00      0
      5380     28.73          3.12       31.22        0.00      0
      5381     28.74          4.98       49.78        0.00      0
      5382     28.74          3.12       31.22        0.00      0
      5383     28.74          4.98       49.78        0.00      0
      5384     28.75          3.12       31.22        0.00      0
      5385     28.75          3.12       31.22        0.00      0
      5386     28.75          4.98       49.78        0.00      0
      5387     28.76          3.12       31.22        0.00      0
      5388     28.76          4.98       49.78        0.00      0
      5389     28.77          4.98       49.78        0.00      0
      5390     28.77          3.12       31.22        0.00      0
      5391     28.77          3.12       31.22        0.00      0
      5392     28.78          4.98       49.78        0.00      0
      5393     28.78          5.93       59.30        0.00      0
      5394     28.79          4.98       49.78        0.00      0
      5395     28.79          3.12       31.22        0.00      0
      5396     28.80          5.93       59.30        0.00      0
      5397     28.80          3.12       31.22        0.00      0
      5398     28.81          3.12       31.22        0.00      0
      5399     28.81          3.12       31.22        0.00      0
      5400     28.81          5.93       59.30        0.00      0
      5401     28.82          4.98       49.78        0.00      0
      5402     28.82          3.12       31.22        0.00      0
      5403     28.82          3.12       31.22        0.00      0
      5404     28.83          3.12       31.22        0.00      0
      5405     28.84          5.93       59.30        0.00      0
      5406     28.84          4.98       49.78        0.00      0
      5407     28.84          5.93       59.30        0.00      0
      5408     28.85          5.93       59.30        0.00      0
      5409     28.85          3.12       31.22        0.00      0
      5410     28.86          4.98       49.78        0.00      0
      5411     28.86          3.12       31.22        0.00      0
      5412     28.87          3.12       31.22        0.00      0
      5413     28.87          3.12       31.22        0.00      0
      5414     28.88          3.12       31.22        0.00      0
      5415     28.89          3.12       31.22        0.00      0
      5416     28.89          3.12       31.22        0.00      0
      5417     28.89          3.12       31.22        0.00      0
      5418     28.90          4.98       49.78        0.00      0
      5419     28.90          5.93       59.30        0.00      0
      5420     28.91          3.12       31.22        0.00      0
      5421     28.91          3.12       31.22        0.00      0
      5422     28.92          4.98       49.78        0.00      0
      5423     28.92          3.12       31.22        0.00      0
      5424     28.93          3.12       31.22        0.00      0
      5425     28.94          3.12       31.22        0.00      0
      5426     28.95          3.12       31.22        0.00      0
      5427     28.95          5.47       54.66        0.00      0
      5428     28.96          3.12       31.22        0.00      0
      5429     28.96          3.12       31.22        0.00      0
      5430     28.97          3.12       31.22        0.00      0
      5431     28.98          4.98       49.78        0.00      0
      5432     28.98          3.12       31.22        0.00      0
      5433     28.99          4.98       49.78        0.00      0
      5434     28.99          4.98       49.78        0.00      0
      5435     29.00          3.12       31.22        0.00      0
      5436     29.01          3.12       31.22        0.00      0
      5437     29.02          3.12       31.22        0.00      0
      5438     29.03          3.12       31.22        0.00      0
      5439     29.04          3.12       31.22        0.00      0
      5440     29.04          3.12       31.22        0.00      0
      5441     29.05          3.12       31.22        0.00      0
      5442     29.05          3.12       31.22        0.00      0
      5443     29.06          3.12       31.22        0.00      0
      5444     29.07          3.12       31.22        0.00      0
      5445     29.07          4.98       49.78        0.00      0
      5446     29.08          3.12       31.22        0.00      0
      5447     29.08          3.12       31.22        0.00      0
      5448     29.09          4.98       49.78        0.00      0
      5449     29.10          4.98       49.78        0.00      0
      5450     29.10          3.12       31.22        0.00      0
      5451     29.10          3.12       31.22        0.00      0
      5452     29.11          4.98       49.78        0.00      0
      5453     29.11          4.98       49.78        0.00      0
      5454     29.12          4.98       49.78        0.00      0
      5455     29.12          3.12       31.22        0.00      0
      5456     29.12          5.93       59.30        0.00      0
      5457     29.13          4.98       49.78        0.00      0
      5458     29.13          3.12       31.22        0.00      0
      5459     29.13          4.68       46.82        0.00      0
      5460     29.14          4.98       49.78        0.00      0
      5461     29.14          3.12       31.22        0.00      0
      5462     29.15          3.12       31.22        0.00      0
      5463     29.15          4.98       49.78        0.00      0
      5464     29.15          4.98       49.78        0.00      0
      5465     29.16          4.98       49.78        0.00      0
      5466     29.16          5.93       59.30        0.00      0
      5467     29.17          4.98       49.78        0.00      0
      5468     29.17          4.98       49.78        0.00      0
      5469     29.18          4.98       49.78        0.00      0
      5470     29.18          3.12       31.22        0.00      0
      5471     29.19          4.98       49.78        0.00      0
      5472     29.19          3.12       31.22        0.00      0
      5473     29.20          5.93       59.30        0.00      0
      5474     29.20          4.98       49.78        0.00      0
      5475     29.21          3.12       31.22        0.00      0
      5476     29.21          3.12       31.22        0.00      0
      5477     29.22          3.12       31.22        0.00      0
      5478     29.22          5.93       59.30        0.00      0
      5479     29.23          3.12       31.22        0.00      0
      5480     29.23          3.12       31.22        0.00      0
      5481     29.23          3.12       31.22        0.00      0
      5482     29.24          4.98       49.78        0.00      0
      5483     29.24          3.12       31.22        0.00      0
      5484     29.25          4.98       49.78        0.00      0
      5485     29.25          3.12       31.22        0.00      0
      5486     29.26          4.98       49.78        0.00      0
      5487     29.27          3.12       31.22        0.00      0
      5488     29.27          3.12       31.22        0.00      0
      5489     29.28          4.98       49.78        0.00      0
      5490     29.28          3.12       31.22        0.00      0
      5491     29.29          3.12       31.22        0.00      0
      5492     29.29          3.12       31.22        0.00      0
      5493     29.30          3.12       31.22        0.00      0
      5494     29.30          3.12       31.22        0.00      0
      5495     29.31          3.12       31.22        0.00      0
      5496     29.31          4.98       49.78        0.00      0
      5497     29.31          3.12       31.22        0.00      0
      5498     29.32          3.12       31.22        0.00      0
      5499     29.32          3.12       31.22        0.00      0
      5500     29.33          4.98       49.78        0.00      0
      5501     29.33          3.12       31.22        0.00      0
      5502     29.33          3.12       31.22        0.00      0
      5503     29.34          3.12       31.22        0.00      0
      5504     29.34          6.15       50.03        1.15      0
      5505     29.35          4.98       49.78        0.00      0
      5506     29.35          3.12       31.22        0.00      0
      5507     29.36          4.98       49.78        0.00      0
      5508     29.36          3.12       31.22        0.00      0
      5509     29.37          3.12       31.22        0.00      0
      5510     29.37          3.12       31.22        0.00      0
      5511     29.37          3.12       31.22        0.00      0
      5512     29.38          4.98       49.78        0.00      0
      5513     29.38          3.12       31.22        0.00      0
      5514     29.39          3.12       31.22        0.00      0
      5515     29.39          3.12       31.22        0.00      0
      5516     29.39          4.98       49.78        0.00      0
      5517     29.40          4.98       49.78        0.00      0
      5518     29.40          3.12       31.22        0.00      0
      5519     29.41          3.12       31.22        0.00      0
      5520     29.41          5.93       59.30        0.00      0
      5521     29.41          3.12       31.22        0.00      0
      5522     29.42          4.98       49.78        0.00      0
      5523     29.42          4.98       49.78        0.00      0
      5524     29.43          3.12       31.22        0.00      0
      5525     29.43          4.98       49.78        0.00      0
      5526     29.44          3.12       31.22        0.00      0
      5527     29.44          3.12       31.22        0.00      0
      5528     29.44          4.98       49.78        0.00      0
      5529     29.45          3.12       31.22        0.00      0
      5530     29.45          4.98       49.78        0.00      0
      5531     29.46          4.98       49.78        0.00      0
      5532     29.46          3.12       31.22        0.00      0
      5533     29.46          3.12       31.22        0.00      0
      5534     29.47          4.98       49.78        0.00      0
      5535     29.47          5.93       59.30        0.00      0
      5536     29.48          3.12       31.22        0.00      0
      5537     29.48          3.12       31.22        0.00      0
      5538     29.49          4.98       49.78        0.00      0
      5539     29.49          3.12       31.22        0.00      0
      5540     29.50          4.98       49.78        0.00      0
      5541     29.50          4.98       49.78        0.00      0
      5542     29.51          5.47       54.66        0.00      0
      5543     29.51          3.12       31.22        0.00      0
      5544     29.51          4.68       46.82        0.00      0
      5545     29.52          3.12       31.22        0.00      0
      5546     29.53          4.98       49.78        0.00      0
      5547     29.53          3.12       31.22        0.00      0
      5548     29.53          5.93       59.30        0.00      0
      5549     29.54          5.93       59.30        0.00      0
      5550     29.54          3.12       31.22        0.00      0
      5551     29.55          5.47       54.66        0.00      0
      5552     29.55          4.98       49.78        0.00      0
      5553     29.55          4.98       49.78        0.00      0
      5554     29.56          4.98       49.78        0.00      0
      5555     29.56          3.12       31.22        0.00      0
      5556     29.57          3.12       31.22        0.00      0
      5557     29.57          5.93       59.30        0.00      0
      5558     29.57          3.12       31.22        0.00      0
      5559     29.58          3.12       31.22        0.00      0
      5560     29.58          4.98       49.78        0.00      0
      5561     29.58          4.98       49.78        0.00      0
      5562     29.59          3.12       31.22        0.00      0
      5563     29.59          3.12       31.22        0.00      0
      5564     29.60          3.12       31.22        0.00      0
      5565     29.60          4.98       49.78        0.00      0
      5566     29.61          4.98       49.78        0.00      0
      5567     29.61          5.93       59.30        0.00      0
      5568     29.62          3.12       31.22        0.00      0
      5569     29.63          3.12       31.22        0.00      0
      5570     29.63          5.93       59.30        0.00      0
      5571     29.63          3.12       31.22        0.00      0
      5572     29.64          3.12       31.22        0.00      0
      5573     29.64          3.12       31.22        0.00      0
      5574     29.65          3.12       31.22        0.00      0
      5575     29.65          4.98       49.78        0.00      0
      5576     29.66          3.12       31.22        0.00      0
      5577     29.66          4.98       49.78        0.00      0
      5578     29.67          5.47       54.66        0.00      0
      5579     29.67          4.98       49.78        0.00      0
      5580     29.68          4.98       49.78        0.00      0
      5581     29.68          3.12       31.22        0.00      0
      5582     29.68          3.12       31.22        0.00      0
      5583     29.69          3.12       31.22        0.00      0
      5584     29.69          4.98       49.78        0.00      0
      5585     29.69          3.12       31.22        0.00      0
      5586     29.70          3.12       31.22        0.00      0
      5587     29.70          3.12       31.22        0.00      0
      5588     29.71          3.12       31.22        0.00      0
      5589     29.71          3.12       31.22        0.00      0
      5590     29.72          3.12       31.22        0.00      0
      5591     29.72          3.12       31.22        0.00      0
      5592     29.73          4.98       49.78        0.00      0
      5593     29.73          3.12       31.22        0.00      0
      5594     29.74          4.98       49.78        0.00      0
      5595     29.74          5.93       59.30        0.00      0
      5596     29.75          4.98       49.78        0.00      0
      5597     29.75          4.98       49.78        0.00      0
      5598     29.76          3.12       31.22        0.00      0
      5599     29.76          3.12       31.22        0.00      0
      5600     29.77          3.12       31.22        0.00      0
      5601     29.77          4.98       49.78        0.00      0
      5602     29.78          3.12       31.22        0.00      0
      5603     29.78          3.12       31.22        0.00      0
      5604     29.79          4.98       49.78        0.00      0
      5605     29.79          3.12       31.22        0.00      0
      5606     29.79          3.12       31.22        0.00      0
      5607     29.80          3.12       31.22        0.00      0
      5608     29.81          3.12       31.22        0.00      0
      5609     29.81          3.12       31.22        0.00      0
      5610     29.82          3.12       31.22        0.00      0
      5611     29.82          4.98       49.78        0.00      0
      5612     29.82          3.12       31.22        0.00      0
      5613     29.83          3.12       31.22        0.00      0
      5614     29.84          4.98       49.78        0.00      0
      5615     29.84          5.47       54.66        0.00      0
      5616     29.84          4.98       49.78        0.00      0
      5617     29.85          3.12       31.22        0.00      0
      5618     29.85          3.12       31.22        0.00      0
      5619     29.86          3.12       31.22        0.00      0
      5620     29.86          3.12       31.22        0.00      0
      5621     29.86          3.12       31.22        0.00      0
      5622     29.87          4.98       49.78        0.00      0
      5623     29.87          3.12       31.22        0.00      0
      5624     29.88          3.12       31.22        0.00      0
      5625     29.88          3.12       31.22        0.00      0
      5626     29.89          4.98       49.78        0.00      0
      5627     29.89          3.12       31.22        0.00      0
      5628     29.90          3.12       31.22        0.00      0
      5629     29.91          3.12       31.22        0.00      0
      5630     29.91          3.12       31.22        0.00      0
      5631     29.91          3.12       31.22        0.00      0
      5632     29.92          3.12       31.22        0.00      0
      5633     29.92          3.12       31.22        0.00      0
      5634     29.93          3.12       31.22        0.00      0
      5635     29.93          3.12       31.22        0.00      0
      5636     29.93          3.12       31.22        0.00      0
      5637     29.94          4.98       49.78        0.00      0
      5638     29.94          3.12       31.22        0.00      0
      5639     29.95          3.12       31.22        0.00      0
      5640     29.95          3.12       31.22        0.00      0
      5641     29.96          3.12       31.22        0.00      0
      5642     29.96          3.12       31.22        0.00      0
      5643     29.97          3.12       31.22        0.00      0
      5644     29.97          3.12       31.22        0.00      0
      5645     29.97          4.98       49.78        0.00      0
      5646     29.98          4.68       46.82        0.00      0
      5647     29.98          3.12       31.22        0.00      0
      5648     30.00          4.98       49.78        0.00      0
      5649     30.00          4.98       49.78        0.00      0
      5650     30.00          3.12       31.22        0.00      0
      5651     30.01          4.98       49.78        0.00      0
      5652     30.02          4.98       49.78        0.00      0
      5653     30.02          4.98       49.78        0.00      0
      5654     30.03          3.12       31.22        0.00      0
      5655     30.04          3.12       31.22        0.00      0
      5656     30.04          3.12       31.22        0.00      0
      5657     30.04          3.12       31.22        0.00      0
      5658     30.05          4.98       49.78        0.00      0
      5659     30.06          4.98       49.78        0.00      0
      5660     30.06          4.98       49.78        0.00      0
      5661     30.07          3.12       31.22        0.00      0
      5662     30.07          3.12       31.22        0.00      0
      5663     30.08          3.12       31.22        0.00      0
      5664     30.09          4.98       49.78        0.00      0
      5665     30.09          4.98       49.78        0.00      0
      5666     30.10          4.98       49.78        0.00      0
      5667     30.10          3.12       31.22        0.00      0
      5668     30.10          3.12       31.22        0.00      0
      5669     30.11          3.12       31.22        0.00      0
      5670     30.12          4.98       49.78        0.00      0
      5671     30.12          5.93       59.30        0.00      0
      5672     30.13          3.12       31.22        0.00      0
      5673     30.13          3.12       31.22        0.00      0
      5674     30.14          3.12       31.22        0.00      0
      5675     30.15          4.98       49.78        0.00      0
      5676     30.16          4.98       49.78        0.00      0
      5677     30.16          4.98       49.78        0.00      0
      5678     30.17          3.12       31.22        0.00      0
      5679     30.19          3.12       31.22        0.00      0
      5680     30.19          3.12       31.22        0.00      0
      5681     30.20          4.98       49.78        0.00      0
      5682     30.21          3.12       31.22        0.00      0
      5683     30.22          3.12       31.22        0.00      0
      5684     30.23          4.98       49.78        0.00      0
      5685     30.24          3.12       31.22        0.00      0
      5686     30.24          3.12       31.22        0.00      0
      5687     30.25          3.12       31.22        0.00      0
      5688     30.25          3.12       31.22        0.00      0
      5689     30.26          3.12       31.22        0.00      0
      5690     30.26          4.98       49.78        0.00      0
      5691     30.26          3.12       31.22        0.00      0
      5692     30.27          5.93       59.30        0.00      0
      5693     30.28          3.12       31.22        0.00      0
      5694     30.29          3.12       31.22        0.00      0
      5695     30.29          3.12       31.22        0.00      0
      5696     30.29          4.98       49.78        0.00      0
      5697     30.30          4.98       49.78        0.00      0
      5698     30.31          3.12       31.22        0.00      0
      5699     30.32          4.98       49.78        0.00      0
      5700     30.32          4.98       49.78        0.00      0
      5701     30.33          4.98       49.78        0.00      0
      5702     30.33          3.12       31.22        0.00      0
      5703     30.35          3.12       31.22        0.00      0
      5704     30.36          4.98       49.78        0.00      0
      5705     30.37          3.12       31.22        0.00      0
      5706     30.38          4.98       49.78        0.00      0
      5707     30.39          4.98       49.78        0.00      0
      5708     30.39          4.98       49.78        0.00      0
      5709     30.40          3.12       31.22        0.00      0
      5710     30.41          4.98       49.78        0.00      0
      5711     30.41          3.12       31.22        0.00      0
      5712     30.43          4.98       49.78        0.00      0
      5713     30.44          5.47       54.66        0.00      0
      5714     30.45          4.98       49.78        0.00      0
      5715     30.46          3.12       31.22        0.00      0
      5716     30.46          3.12       31.22        0.00      0
      5717     30.47          3.12       31.22        0.00      0
      5718     30.48          3.12       31.22        0.00      0
      5719     30.49          3.12       31.22        0.00      0
      5720     30.50          3.12       31.22        0.00      0
      5721     30.51          4.98       49.78        0.00      0
      5722     30.52          3.12       31.22        0.00      0
      5723     30.53          4.98       49.78        0.00      0
      5724     30.54          5.93       59.30        0.00      0
      5725     30.55          4.98       49.78        0.00      0
      5726     30.56          4.98       49.78        0.00      0
      5727     30.57          4.98       49.78        0.00      0
      5728     30.58          3.12       31.22        0.00      0
      5729     30.58          3.12       31.22        0.00      0
      5730     30.60          4.98       49.78        0.00      0
      5731     30.60          3.12       31.22        0.00      0
      5732     30.61          4.98       49.78        0.00      0
      5733     30.62          3.12       31.22        0.00      0
      5734     30.63          3.12       31.22        0.00      0
      5735     30.64          4.98       49.78        0.00      0
      5736     30.65          4.98       49.78        0.00      0
      5737     30.65          4.98       49.78        0.00      0
      5738     30.66          3.12       31.22        0.00      0
      5739     30.67          3.12       31.22        0.00      0
      5740     30.68          4.98       49.78        0.00      0
      5741     30.69          4.98       49.78        0.00      0
      5742     30.70          3.12       31.22        0.00      0
      5743     30.71          3.12       31.22        0.00      0
      5744     30.72          3.12       31.22        0.00      0
      5745     30.73          3.12       31.22        0.00      0
      5746     30.74          3.12       31.22        0.00      0
      5747     30.75          3.12       31.22        0.00      0
      5748     30.76          3.12       31.22        0.00      0
      5749     30.76          4.98       49.78        0.00      0
      5750     30.78          3.12       31.22        0.00      0
      5751     30.78          3.12       31.22        0.00      0
      5752     30.80          3.12       31.22        0.00      0
      5753     30.81          4.98       49.78        0.00      0
      5754     30.82          3.12       31.22        0.00      0
      5755     30.82          3.12       31.22        0.00      0
      5756     30.84          4.98       49.78        0.00      0
      5757     30.85          4.98       49.78        0.00      0
      5758     30.85          4.98       49.78        0.00      0
      5759     30.86          3.12       31.22        0.00      0
      5760     30.86          4.98       49.78        0.00      0
      5761     30.87          3.12       31.22        0.00      0
      5762     30.87          3.12       31.22        0.00      0
      5763     30.88          3.12       31.22        0.00      0
      5764     30.90          3.12       31.22        0.00      0
      5765     30.90          4.98       49.78        0.00      0
      5766     30.91          3.12       31.22        0.00      0
      5767     30.92          3.12       31.22        0.00      0
      5768     30.92          4.98       49.78        0.00      0
      5769     30.93          3.12       31.22        0.00      0
      5770     30.94          3.12       31.22        0.00      0
      5771     30.95          3.12       31.22        0.00      0
      5772     30.96          3.12       31.22        0.00      0
      5773     30.97          3.12       31.22        0.00      0
      5774     30.97          4.98       49.78        0.00      0
      5775     30.98          3.12       31.22        0.00      0
      5776     30.99          3.12       31.22        0.00      0
      5777     31.00          3.12       31.22        0.00      0
      5778     31.01         17.15       60.03       11.15      0
      5779     31.02          4.98       49.78        0.00      0
      5780     31.02          3.12       31.22        0.00      0
      5781     31.03          4.98       49.78        0.00      0
      5782     31.04          4.98       49.78        0.00      0
      5783     31.04          5.93       59.30        0.00      0
      5784     31.05          3.12       31.22        0.00      0
      5785     31.06          4.68       46.82        0.00      0
      5786     31.07          3.12       31.22        0.00      0
      5787     31.08          3.12       31.22        0.00      0
      5788     31.10          6.56       54.66        1.10      0
      5789     31.10          3.12       31.22        0.00      0
      5790     31.11          4.98       49.78        0.00      0
      5791     31.12          4.98       49.78        0.00      0
      5792     31.13          3.12       31.22        0.00      0
      5793     31.13          3.12       31.22        0.00      0
      5794     31.14          4.98       49.78        0.00      0
      5795     31.15          4.98       49.78        0.00      0
      5796     31.15          3.12       31.22        0.00      0
      5797     31.17          3.12       31.22        0.00      0
      5798     31.17          3.12       31.22        0.00      0
      5799     31.18          3.12       31.22        0.00      0
      5800     31.18          4.98       49.78        0.00      0
      5801     31.19          3.12       31.22        0.00      0
      5802     31.20          4.98       49.78        0.00      0
      5803     31.20          3.12       31.22        0.00      0
      5804     31.21          3.12       31.22        0.00      0
      5805     31.22          5.93       59.30        0.00      0
      5806     31.22          3.12       31.22        0.00      0
      5807     31.23          3.12       31.22        0.00      0
      5808     31.24          4.98       49.78        0.00      0
      5809     31.25          3.12       31.22        0.00      0
      5810     31.26          3.12       31.22        0.00      0
      5811     31.27          4.98       49.78        0.00      0
      5812     31.28          3.12       31.22        0.00      0
      5813     31.29          3.12       31.22        0.00      0
      5814     31.29          3.12       31.22        0.00      0
      5815     31.30          3.12       31.22        0.00      0
      5816     31.31          4.98       49.78        0.00      0
      5817     31.31          3.12       31.22        0.00      0
      5818     31.32          3.12       31.22        0.00      0
      5819     31.33          3.12       31.22        0.00      0
      5820     31.34          4.98       49.78        0.00      0
      5821     31.34          4.98       49.78        0.00      0
      5822     31.35          3.12       31.22        0.00      0
      5823     31.35          4.98       49.78        0.00      0
      5824     31.36          3.12       31.22        0.00      0
      5825     31.37          5.68       56.82        0.00      0
      5826     31.37          4.98       49.78        0.00      0
      5827     31.38          4.98       49.78        0.00      0
      5828     31.39          3.12       31.22        0.00      0
      5829     31.39          4.98       49.78        0.00      0
      5830     31.40          3.12       31.22        0.00      0
      5831     31.41          4.98       49.78        0.00      0
      5832     31.41          4.98       49.78        0.00      0
      5833     31.42          4.98       49.78        0.00      0
      5834     31.42          4.98       49.78        0.00      0
      5835     31.43          4.98       49.78        0.00      0
      5836     31.44          4.98       49.78        0.00      0
      5837     31.44          4.98       49.78        0.00      0
      5838     31.44          5.93       59.30        0.00      0
      5839     31.45          3.12       31.22        0.00      0
      5840     31.45          3.12       31.22        0.00      0
      5841     31.46          3.12       31.22        0.00      0
      5842     31.46          4.98       49.78        0.00      0
      5843     31.47          3.12       31.22        0.00      0
      5844     31.47          4.98       49.78        0.00      0
      5845     31.48          3.12       31.22        0.00      0
      5846     31.48          4.98       49.78        0.00      0
      5847     31.49          4.98       49.78        0.00      0
      5848     31.49          3.12       31.22        0.00      0
      5849     31.50          3.12       31.22        0.00      0
      5850     31.51          4.98       49.78        0.00      0
      5851     31.51          3.12       31.22        0.00      0
      5852     31.52          4.98       49.78        0.00      0
      5853     31.53          3.12       31.22        0.00      0
      5854     31.53          3.12       31.22        0.00      0
      5855     31.54          4.98       49.78        0.00      0
      5856     31.55          4.98       49.78        0.00      0
      5857     31.55          4.98       49.78        0.00      0
      5858     31.56          3.12       31.22        0.00      0
      5859     31.57          3.12       31.22        0.00      0
      5860     31.57          4.98       49.78        0.00      0
      5861     31.57          4.98       49.78        0.00      0
      5862     31.58          3.12       31.22        0.00      0
      5863     31.58          3.12       31.22        0.00      0
      5864     31.59          4.98       49.78        0.00      0
      5865     31.59          3.12       31.22        0.00      0
      5866     31.59          4.98       49.78        0.00      0
      5867     31.60          5.93       59.30        0.00      0
      5868     31.60          3.12       31.22        0.00      0
      5869     31.60          3.12       31.22        0.00      0
      5870     31.61          5.47       54.66        0.00      0
      5871     31.61          3.12       31.22        0.00      0
      5872     31.62          3.12       31.22        0.00      0
      5873     31.62          5.93       59.30        0.00      0
      5874     31.62          3.12       31.22        0.00      0
      5875     31.63          3.12       31.22        0.00      0
      5876     31.63          4.98       49.78        0.00      0
      5877     31.63          3.12       31.22        0.00      0
      5878     31.64          3.12       31.22        0.00      0
      5879     31.64          3.12       31.22        0.00      0
      5880     31.65          5.93       59.30        0.00      0
      5881     31.65          4.98       49.78        0.00      0
      5882     31.66          3.12       31.22        0.00      0
      5883     31.66          5.93       59.30        0.00      0
      5884     31.67          3.12       31.22        0.00      0
      5885     31.67          5.93       59.30        0.00      0
      5886     31.68          5.93       59.30        0.00      0
      5887     31.69          3.12       31.22        0.00      0
      5888     31.70          3.12       31.22        0.00      0
      5889     31.71          4.98       49.78        0.00      0
      5890     31.72          3.12       31.22        0.00      0
      5891     31.73          4.98       49.78        0.00      0
      5892     31.73          3.12       31.22        0.00      0
      5893     31.73          3.12       31.22        0.00      0
      5894     31.74          3.12       31.22        0.00      0
      5895     31.75          3.12       31.22        0.00      0
      5896     31.75          4.98       49.78        0.00      0
      5897     31.75          3.12       31.22        0.00      0
      5898     31.76          4.98       49.78        0.00      0
      5899     31.76          3.12       31.22        0.00      0
      5900     31.77          3.12       31.22        0.00      0
      5901     31.78          5.93       59.30        0.00      0
      5902     31.79          3.12       31.22        0.00      0
      5903     31.80          3.12       31.22        0.00      0
      5904     31.81          4.98       49.78        0.00      0
      5905     31.82          4.98       49.78        0.00      0
      5906     31.83          3.12       31.22        0.00      0
      5907     31.83          3.12       31.22        0.00      0
      5908     31.84          4.98       49.78        0.00      0
      5909     31.84          3.12       31.22        0.00      0
      5910     31.85          5.93       59.30        0.00      0
      5911     31.85          3.12       31.22        0.00      0
      5912     31.86          4.98       49.78        0.00      0
      5913     31.87          4.98       49.78        0.00      0
      5914     31.87          5.93       59.30        0.00      0
      5915     31.88          3.12       31.22        0.00      0
      5916     31.89          3.12       31.22        0.00      0
      5917     31.89          3.12       31.22        0.00      0
      5918     31.90          4.98       49.78        0.00      0
      5919     31.91          3.12       31.22        0.00      0
      5920     31.92          4.98       49.78        0.00      0
      5921     31.93          3.12       31.22        0.00      0
      5922     31.94          3.12       31.22        0.00      0
      5923     31.94          4.98       49.78        0.00      0
      5924     31.95          3.12       31.22        0.00      0
      5925     31.95          3.12       31.22        0.00      0
      5926     31.95          3.12       31.22        0.00      0
      5927     31.96          3.12       31.22        0.00      0
      5928     31.97          3.12       31.22        0.00      0
      5929     31.98          3.12       31.22        0.00      0
      5930     31.99          4.98       49.78        0.00      0
      5931     31.99          3.12       31.22        0.00      0
      5932     32.00          3.12       31.22        0.00      0
      5933     32.00          4.98       49.78        0.00      0
      5934     32.01          3.12       31.22        0.00      0
      5935     32.01          4.98       49.78        0.00      0
      5936     32.01          3.12       31.22        0.00      0
      5937     32.02          4.98       49.78        0.00      0
      5938     32.03          4.98       49.78        0.00      0
      5939     32.03          3.12       31.22        0.00      0
      5940     32.04          3.12       31.22        0.00      0
      5941     32.05          3.12       31.22        0.00      0
      5942     32.06          3.12       31.22        0.00      0
      5943     32.06          4.98       49.78        0.00      0
      5944     32.07          3.12       31.22        0.00      0
      5945     32.07          3.12       31.22        0.00      0
      5946     32.09          3.12       31.22        0.00      0
      5947     32.09          5.93       59.30        0.00      0
      5948     32.10          3.12       31.22        0.00      0
      5949     32.10          3.12       31.22        0.00      0
      5950     32.11          4.98       49.78        0.00      0
      5951     32.11          3.12       31.22        0.00      0
      5952     32.11          4.98       49.78        0.00      0
      5953     32.12          3.12       31.22        0.00      0
      5954     32.12          4.98       49.78        0.00      0
      5955     32.13          3.12       31.22        0.00      0
      5956     32.13          3.12       31.22        0.00      0
      5957     32.14          4.98       49.78        0.00      0
      5958     32.14          5.93       59.30        0.00      0
      5959     32.15          4.98       49.78        0.00      0
      5960     32.15          4.98       49.78        0.00      0
      5961     32.16          3.12       31.22        0.00      0
      5962     32.16          4.98       49.78        0.00      0
      5963     32.17          3.12       31.22        0.00      0
      5964     32.18          3.12       31.22        0.00      0
      5965     32.18          5.47       54.66        0.00      0
      5966     32.19          3.12       31.22        0.00      0
      5967     32.19          3.12       31.22        0.00      0
      5968     32.20          3.12       31.22        0.00      0
      5969     32.20          3.12       31.22        0.00      0
      5970     32.21          3.12       31.22        0.00      0
      5971     32.21         17.15       60.03       11.15      0
      5972     32.21          3.12       31.22        0.00      0
      5973     32.22          4.98       49.78        0.00      0
      5974     32.22          4.98       49.78        0.00      0
      5975     32.23          3.12       31.22        0.00      0
      5976     32.23          3.12       31.22        0.00      0
      5977     32.23          3.12       31.22        0.00      0
      5978     32.24          3.12       31.22        0.00      0
      5979     32.24          4.98       49.78        0.00      0
      5980     32.25          4.98       49.78        0.00      0
      5981     32.25          4.98       49.78        0.00      0
      5982     32.25          3.12       31.22        0.00      0
      5983     32.26          4.98       49.78        0.00      0
      5984     32.26          4.98       49.78        0.00      0
      5985     32.26          4.98       49.78        0.00      0
      5986     32.27          3.12       31.22        0.00      0
      5987     32.27          4.98       49.78        0.00      0
      5988     32.28          3.12       31.22        0.00      0
      5989     32.28          3.12       31.22        0.00      0
      5990     32.29          5.93       59.30        0.00      0
      5991     32.29          3.12       31.22        0.00      0
      5992     32.30          3.12       31.22        0.00      0
      5993     32.30          3.12       31.22        0.00      0
      5994     32.31          3.12       31.22        0.00      0
      5995     32.31          3.12       31.22        0.00      0
      5996     32.32          4.98       49.78        0.00      0
      5997     32.33          3.12       31.22        0.00      0
      5998     32.34          9.18       56.82        3.50      0
      5999     32.34          4.98       49.78        0.00      0
      6000     32.35          3.12       31.22        0.00      0
      6001     32.35          3.12       31.22        0.00      0
      6002     32.36          3.12       31.22        0.00      0
      6003     32.36          3.12       31.22        0.00      0
      6004     32.37          3.12       31.22        0.00      0
      6005     32.37          3.12       31.22        0.00      0
      6006     32.38          4.98       49.78        0.00      0
      6007     32.39          4.98       49.78        0.00      0
      6008     32.39          3.12       31.22        0.00      0
      6009     32.40          3.12       31.22        0.00      0
      6010     32.40          3.12       31.22        0.00      0
      6011     32.41          4.98       49.78        0.00      0
      6012     32.41          3.12       31.22        0.00      0
      6013     32.42          4.98       49.78        0.00      0
      6014     32.43          3.12       31.22        0.00      0
      6015     32.44          3.12       31.22        0.00      0
      6016     32.44          3.12       31.22        0.00      0
      6017     32.45          4.98       49.78        0.00      0
      6018     32.46          4.98       49.78        0.00      0
      6019     32.46          4.98       49.78        0.00      0
      6020     32.47          4.98       49.78        0.00      0
      6021     32.47          5.47       54.66        0.00      0
      6022     32.48          3.12       31.22        0.00      0
      6023     32.48          3.12       31.22        0.00      0
      6024     32.50          4.98       49.78        0.00      0
      6025     32.51          3.12       31.22        0.00      0
      6026     32.52          3.12       31.22        0.00      0
      6027     32.53          3.12       31.22        0.00      0
      6028     32.55          3.12       31.22        0.00      0
      6029     32.56          4.98       49.78        0.00      0
      6030     32.57          4.98       49.78        0.00      0
      6031     32.57          3.12       31.22        0.00      0
      6032     32.58          3.12       31.22        0.00      0
      6033     32.59          4.98       49.78        0.00      0
      6034     32.60          4.98       49.78        0.00      0
      6035     32.61          4.98       49.78        0.00      0
      6036     32.61          3.12       31.22        0.00      0
      6037     32.61          4.98       49.78        0.00      0
      6038     32.62          4.98       49.78        0.00      0
      6039     32.62          3.12       31.22        0.00      0
      6040     32.63          3.12       31.22        0.00      0
      6041     32.63          3.12       31.22        0.00      0
      6042     32.64          5.93       59.30        0.00      0
      6043     32.64          3.12       31.22        0.00      0
      6044     32.65          4.68       46.82        0.00      0
      6045     32.65          3.12       31.22        0.00      0
      6046     32.66          4.98       49.78        0.00      0
      6047     32.67          3.12       31.22        0.00      0
      6048     32.67          3.12       31.22        0.00      0
      6049     32.67          4.98       49.78        0.00      0
      6050     32.68          3.12       31.22        0.00      0
      6051     32.68          3.12       31.22        0.00      0
      6052     32.69          4.98       49.78        0.00      0
      6053     32.69          3.12       31.22        0.00      0
      6054     32.70          4.98       49.78        0.00      0
      6055     32.71          4.98       49.78        0.00      0
      6056     32.71          4.98       49.78        0.00      0
      6057     32.72          5.93       59.30        0.00      0
      6058     32.73          3.12       31.22        0.00      0
      6059     32.74          4.68       46.82        0.00      0
      6060     32.75          3.12       31.22        0.00      0
      6061     32.75          4.98       49.78        0.00      0
      6062     32.76         17.15       60.03       11.15      0
      6063     32.76          3.12       31.22        0.00      0
      6064     32.77          3.12       31.22        0.00      0
      6065     32.78          4.98       49.78        0.00      0
      6066     32.79          4.98       49.78        0.00      0
      6067     32.80          4.98       49.78        0.00      0
      6068     32.80          5.93       59.30        0.00      0
      6069     32.81          4.98       49.78        0.00      0
      6070     32.82          3.12       31.22        0.00      0
      6071     32.82          3.12       31.22        0.00      0
      6072     32.83          4.98       49.78        0.00      0
      6073     32.84          3.12       31.22        0.00      0
      6074     32.84          3.12       31.22        0.00      0
      6075     32.85          5.93       59.30        0.00      0
      6076     32.86          3.12       31.22        0.00      0
      6077     32.86          4.98       49.78        0.00      0
      6078     32.87          3.12       31.22        0.00      0
      6079     32.87          5.93       59.30        0.00      0
      6080     32.88          3.12       31.22        0.00      0
      6081     32.89          4.98       49.78        0.00      0
      6082     32.90          3.12       31.22        0.00      0
      6083     32.91          4.98       49.78        0.00      0
      6084     32.92          4.98       49.78        0.00      0
      6085     32.92          5.93       59.30        0.00      0
      6086     32.93          5.93       59.30        0.00      0
      6087     32.93          4.98       49.78        0.00      0
      6088     32.94          4.98       49.78        0.00      0
      6089     32.94          3.12       31.22        0.00      0
      6090     32.94          4.98       49.78        0.00      0
      6091     32.95          3.12       31.22        0.00      0
      6092     32.95          3.12       31.22        0.00      0
      6093     32.97          4.98       49.78        0.00      0
      6094     32.97          4.98       49.78        0.00      0
      6095     32.98          4.98       49.78        0.00      0
      6096     32.99          5.93       59.30        0.00      0
      6097     33.00          3.12       31.22        0.00      0
      6098     33.00          3.12       31.22        0.00      0
      6099     33.01          4.98       49.78        0.00      0
      6100     33.01          3.12       31.22        0.00      0
      6101     33.02          3.12       31.22        0.00      0
      6102     33.02          3.12       31.22        0.00      0
      6103     33.03          4.98       49.78        0.00      0
      6104     33.03          5.93       59.30        0.00      0
      6105     33.04          3.12       31.22        0.00      0
      6106     33.04          4.98       49.78        0.00      0
      6107     33.05          3.12       31.22        0.00      0
      6108     33.05          4.98       49.78        0.00      0
      6109     33.06          3.12       31.22        0.00      0
      6110     33.06          4.98       49.78        0.00      0
      6111     33.07          3.12       31.22        0.00      0
      6112     33.07          5.93       59.30        0.00      0
      6113     33.08          3.12       31.22        0.00      0
      6114     33.08          4.98       49.78        0.00      0
      6115     33.09          4.98       49.78        0.00      0
      6116     33.10          3.12       31.22        0.00      0
      6117     33.11          3.12       31.22        0.00      0
      6118     33.12          3.12       31.22        0.00      0
      6119     33.13          4.98       49.78        0.00      0
      6120     33.13          4.98       49.78        0.00      0
      6121     33.15          4.98       49.78        0.00      0
      6122     33.15          4.98       49.78        0.00      0
      6123     33.16          4.98       49.78        0.00      0
      6124     33.16          3.12       31.22        0.00      0
      6125     33.17          3.12       31.22        0.00      0
      6126     33.17          4.98       49.78        0.00      0
      6127     33.18          3.12       31.22        0.00      0
      6128     33.19          3.12       31.22        0.00      0
      6129     33.19          3.12       31.22        0.00      0
      6130     33.20          4.98       49.78        0.00      0
      6131     33.21          3.12       31.22        0.00      0
      6132     33.21          4.98       49.78        0.00      0
      6133     33.22          4.98       49.78        0.00      0
      6134     33.23          3.12       31.22        0.00      0
      6135     33.24          3.12       31.22        0.00      0
      6136     33.24          3.12       31.22        0.00      0
      6137     33.25          4.98       49.78        0.00      0
      6138     33.26          3.12       31.22        0.00      0
      6139     33.27          4.98       49.78        0.00      0
      6140     33.27          3.12       31.22        0.00      0
      6141     33.28          3.12       31.22        0.00      0
      6142     33.28          3.12       31.22        0.00      0
      6143     33.29          4.98       49.78        0.00      0
      6144     33.30          3.12       31.22        0.00      0
      6145     33.31          3.12       31.22        0.00      0
      6146     33.33          3.12       31.22        0.00      0
      6147     33.33          4.98       49.78        0.00      0
      6148     33.34          3.12       31.22        0.00      0
      6149     33.34          3.12       31.22        0.00      0
      6150     33.35          5.93       59.30        0.00      0
      6151     33.36          3.12       31.22        0.00      0
      6152     33.36          3.12       31.22        0.00      0
      6153     33.37          4.98       49.78        0.00      0
      6154     33.38          3.12       31.22        0.00      0
      6155     33.38          3.12       31.22        0.00      0
      6156     33.38          4.98       49.78        0.00      0
      6157     33.39          4.98       49.78        0.00      0
      6158     33.39          3.12       31.22        0.00      0
      6159     33.39          3.12       31.22        0.00      0
      6160     33.40          4.98       49.78        0.00      0
      6161     33.40          3.12       31.22        0.00      0
      6162     33.41          4.98       49.78        0.00      0
      6163     33.42          4.98       49.78        0.00      0
      6164     33.42          3.12       31.22        0.00      0
      6165     33.43          3.12       31.22        0.00      0
      6166     33.43          3.12       31.22        0.00      0
      6167     33.44          4.98       49.78        0.00      0
      6168     33.44          5.93       59.30        0.00      0
      6169     33.45          3.12       31.22        0.00      0
      6170     33.45          3.12       31.22        0.00      0
      6171     33.46          4.98       49.78        0.00      0
      6172     33.46          4.98       49.78        0.00      0
      6173     33.47          4.98       49.78        0.00      0
      6174     33.47          4.98       49.78        0.00      0
      6175     33.48          3.12       31.22        0.00      0
      6176     33.49          3.12       31.22        0.00      0
      6177     33.50          4.98       49.78        0.00      0
      6178     33.51          4.98       49.78        0.00      0
      6179     33.52          3.12       31.22        0.00      0
      6180     33.52          3.12       31.22        0.00      0
      6181     33.53          3.12       31.22        0.00      0
      6182     33.53          4.98       49.78        0.00      0
      6183     33.53          5.93       59.30        0.00      0
      6184     33.54          4.68       46.82        0.00      0
      6185     33.54          4.98       49.78        0.00      0
      6186     33.55          3.12       31.22        0.00      0
      6187     33.55          4.98       49.78        0.00      0
      6188     33.55          4.98       49.78        0.00      0
      6189     33.56          3.12       31.22        0.00      0
      6190     33.57          4.98       49.78        0.00      0
      6191     33.57          3.12       31.22        0.00      0
      6192     33.57          3.12       31.22        0.00      0
      6193     33.58          3.12       31.22        0.00      0
      6194     33.58          5.47       54.66        0.00      0
      6195     33.59          3.12       31.22        0.00      0
      6196     33.59          4.98       49.78        0.00      0
      6197     33.59          4.98       49.78        0.00      0
      6198     33.60          3.12       31.22        0.00      0
      6199     33.60          3.12       31.22        0.00      0
      6200     33.61          4.98       49.78        0.00      0
      6201     33.61          4.98       49.78        0.00      0
      6202     33.62          3.12       31.22        0.00      0
      6203     33.62          3.12       31.22        0.00      0
      6204     33.63          4.98       49.78        0.00      0
      6205     33.63          3.12       31.22        0.00      0
      6206     33.64          3.12       31.22        0.00      0
      6207     33.64          3.12       31.22        0.00      0
      6208     33.64          3.12       31.22        0.00      0
      6209     33.65          5.93       59.30        0.00      0
      6210     33.65          3.12       31.22        0.00      0
      6211     33.66          3.12       31.22        0.00      0
      6212     33.67          4.98       49.78        0.00      0
      6213     33.67          4.98       49.78        0.00      0
      6214     33.68          3.12       31.22        0.00      0
      6215     33.68          4.98       49.78        0.00      0
      6216     33.69          5.47       54.66        0.00      0
      6217     33.69          3.12       31.22        0.00      0
      6218     33.70          3.12       31.22        0.00      0
      6219     33.71          3.12       31.22        0.00      0
      6220     33.71          3.12       31.22        0.00      0
      6221     33.71          4.98       49.78        0.00      0
      6222     33.72          4.98       49.78        0.00      0
      6223     33.73          3.12       31.22        0.00      0
      6224     33.73          5.93       59.30        0.00      0
      6225     33.74          3.12       31.22        0.00      0
      6226     33.75          3.12       31.22        0.00      0
      6227     33.75          3.12       31.22        0.00      0
      6228     33.76          5.93       59.30        0.00      0
      6229     33.77          3.12       31.22        0.00      0
      6230     33.77          4.98       49.78        0.00      0
      6231     33.78          4.98       49.78        0.00      0
      6232     33.78          4.98       49.78        0.00      0
      6233     33.79          4.98       49.78        0.00      0
      6234     33.79          3.12       31.22        0.00      0
      6235     33.80          4.98       49.78        0.00      0
      6236     33.80          4.98       49.78        0.00      0
      6237     33.81          6.15       50.03        1.15      0
      6238     33.81          3.12       31.22        0.00      0
      6239     33.82          3.12       31.22        0.00      0
      6240     33.82          3.12       31.22        0.00      0
      6241     33.82          3.12       31.22        0.00      0
      6242     33.83          3.12       31.22        0.00      0
      6243     33.83          4.98       49.78        0.00      0
      6244     33.83          4.98       49.78        0.00      0
      6245     33.84          3.12       31.22        0.00      0
      6246     33.84          3.12       31.22        0.00      0
      6247     33.84          4.98       49.78        0.00      0
      6248     33.85          4.98       49.78        0.00      0
      6249     33.85          3.12       31.22        0.00      0
      6250     33.85          3.12       31.22        0.00      0
      6251     33.86          3.12       31.22        0.00      0
      6252     33.86         17.15       60.03       11.15      0
      6253     33.87          5.93       59.30        0.00      0
      6254     33.88          3.12       31.22        0.00      0
      6255     33.88          3.12       31.22        0.00      0
      6256     33.89          5.93       59.30        0.00      0
      6257     33.89          3.12       31.22        0.00      0
      6258     33.89          3.12       31.22        0.00      0
      6259     33.90          3.12       31.22        0.00      0
      6260     33.91          3.12       31.22        0.00      0
      6261     33.91          4.98       49.78        0.00      0
      6262     33.92          3.12       31.22        0.00      0
      6263     33.92          3.12       31.22        0.00      0
      6264     33.92          3.12       31.22        0.00      0
      6265     33.93          3.12       31.22        0.00      0
      6266     33.94          3.12       31.22        0.00      0
      6267     33.94          3.12       31.22        0.00      0
      6268     33.95          4.98       49.78        0.00      0
      6269     33.96          3.12       31.22        0.00      0
      6270     33.97          3.12       31.22        0.00      0
      6271     33.98          4.98       49.78        0.00      0
      6272     33.99          4.98       49.78        0.00      0
      6273     34.00          4.98       49.78        0.00      0
      6274     34.01          3.12       31.22        0.00      0
      6275     34.02          3.12       31.22        0.00      0
      6276     34.02          3.12       31.22        0.00      0
      6277     34.02          3.12       31.22        0.00      0
      6278     34.03          4.98       49.78        0.00      0
      6279     34.04          4.98       49.78        0.00      0
      6280     34.04          4.98       49.78        0.00      0
      6281     34.05          4.98       49.78        0.00      0
      6282     34.06          3.12       31.22        0.00      0
      6283     34.07          5.47       54.66        0.00      0
      6284     34.07          5.47       54.66        0.00      0
      6285     34.08          4.98       49.78        0.00      0
      6286     34.09          3.12       31.22        0.00      0
      6287     34.09          4.68       46.82        0.00      0
      6288     34.10          3.12       31.22        0.00      0
      6289     34.11          5.93       59.30        0.00      0
      6290     34.11          3.12       31.22        0.00      0
      6291     34.12          3.12       31.22        0.00      0
      6292     34.12          4.98       49.78        0.00      0
      6293     34.13          3.12       31.22        0.00      0
      6294     34.14          3.12       31.22        0.00      0
      6295     34.14          5.93       59.30        0.00      0
      6296     34.15          3.12       31.22        0.00      0
      6297     34.16          3.12       31.22        0.00      0
      6298     34.16          3.12       31.22        0.00      0
      6299     34.17          4.98       49.78        0.00      0
      6300     34.17          5.93       59.30        0.00      0
      6301     34.18          3.12       31.22        0.00      0
      6302     34.18          4.98       49.78        0.00      0
      6303     34.18          3.12       31.22        0.00      0
      6304     34.19          4.98       49.78        0.00      0
      6305     34.19          4.98       49.78        0.00      0
      6306     34.20          4.98       49.78        0.00      0
      6307     34.21          3.12       31.22        0.00      0
      6308     34.21          4.98       49.78        0.00      0
      6309     34.22          4.98       49.78        0.00      0
      6310     34.23          3.12       31.22        0.00      0
      6311     34.23          4.98       49.78        0.00      0
      6312     34.23          4.98       49.78        0.00      0
      6313     34.24          3.12       31.22        0.00      0
      6314     34.24          4.98       49.78        0.00      0
      6315     34.25          3.12       31.22        0.00      0
      6316     34.25          5.93       59.30        0.00      0
      6317     34.26          4.98       49.78        0.00      0
      6318     34.26          4.98       49.78        0.00      0
      6319     34.27          3.12       31.22        0.00      0
      6320     34.27          4.98       49.78        0.00      0
      6321     34.28          3.12       31.22        0.00      0
      6322     34.28          5.93       59.30        0.00      0
      6323     34.29          5.93       59.30        0.00      0
      6324     34.29          3.12       31.22        0.00      0
      6325     34.29          3.12       31.22        0.00      0
      6326     34.30          3.12       31.22        0.00      0
      6327     34.30          3.12       31.22        0.00      0
      6328     34.31          3.12       31.22        0.00      0
      6329     34.31          3.12       31.22        0.00      0
      6330     34.32          4.98       49.78        0.00      0
      6331     34.32          4.98       49.78        0.00      0
      6332     34.32          3.12       31.22        0.00      0
      6333     34.33          3.12       31.22        0.00      0
      6334     34.33          4.98       49.78        0.00      0
      6335     34.34          3.12       31.22        0.00      0
      6336     34.34          3.12       31.22        0.00      0
      6337     34.34          3.12       31.22        0.00      0
      6338     34.35          4.98       49.78        0.00      0
      6339     34.36          3.12       31.22        0.00      0
      6340     34.36          3.12       31.22        0.00      0
      6341     34.36          4.98       49.78        0.00      0
      6342     34.37          3.12       31.22        0.00      0
      6343     34.37          3.12       31.22        0.00      0
      6344     34.38          3.12       31.22        0.00      0
      6345     34.38          3.12       31.22        0.00      0
      6346     34.39          3.12       31.22        0.00      0
      6347     34.39          3.12       31.22        0.00      0
      6348     34.40          3.12       31.22        0.00      0
      6349     34.40          4.98       49.78        0.00      0
      6350     34.41          3.12       31.22        0.00      0
      6351     34.41          3.12       31.22        0.00      0
      6352     34.42          4.98       49.78        0.00      0
      6353     34.42          3.12       31.22        0.00      0
      6354     34.42          3.12       31.22        0.00      0
      6355     34.43          3.12       31.22        0.00      0
      6356     34.44          3.12       31.22        0.00      0
      6357     34.45          3.12       31.22        0.00      0
      6358     34.45          4.98       49.78        0.00      0
      6359     34.46          3.12       31.22        0.00      0
      6360     34.46          4.98       49.78        0.00      0
      6361     34.46          3.12       31.22        0.00      0
      6362     34.47          3.12       31.22        0.00      0
      6363     34.47          3.12       31.22        0.00      0
      6364     34.48          3.12       31.22        0.00      0
      6365     34.48          3.12       31.22        0.00      0
      6366     34.48          4.98       49.78        0.00      0
      6367     34.49          5.47       54.66        0.00      0
      6368     34.49          4.98       49.78        0.00      0
      6369     34.50          4.98       49.78        0.00      0
      6370     34.51          4.98       49.78        0.00      0
      6371     34.51          5.93       59.30        0.00      0
      6372     34.52          4.98       49.78        0.00      0
      6373     34.52          3.12       31.22        0.00      0
      6374     34.53          4.98       49.78        0.00      0
      6375     34.54          4.98       49.78        0.00      0
      6376     34.55          4.98       49.78        0.00      0
      6377     34.55          5.93       59.30        0.00      0
      6378     34.56          4.98       49.78        0.00      0
      6379     34.56          3.12       31.22        0.00      0
      6380     34.57          3.12       31.22        0.00      0
      6381     34.58          3.12       31.22        0.00      0
      6382     34.58          3.12       31.22        0.00      0
      6383     34.59          3.12       31.22        0.00      0
      6384     34.60          3.12       31.22        0.00      0
      6385     34.60          4.98       49.78        0.00      0
      6386     34.61          4.98       49.78        0.00      0
      6387     34.61          3.12       31.22        0.00      0
      6388     34.62          4.98       49.78        0.00      0
      6389     34.63          3.12       31.22        0.00      0
      6390     34.63          3.12       31.22        0.00      0
      6391     34.64          4.98       49.78        0.00      0
      6392     34.64          3.12       31.22        0.00      0
      6393     34.65          5.93       59.30        0.00      0
      6394     34.65          3.12       31.22        0.00      0
      6395     34.66          3.12       31.22        0.00      0
      6396     34.66          4.98       49.78        0.00      0
      6397     34.66          3.12       31.22        0.00      0
      6398     34.67          3.12       31.22        0.00      0
      6399     34.68          3.12       31.22        0.00      0
      6400     34.69          3.12       31.22        0.00      0
      6401     34.69          4.98       49.78        0.00      0
      6402     34.70          3.12       31.22        0.00      0
      6403     34.70          4.98       49.78        0.00      0
      6404     34.71          4.98       49.78        0.00      0
      6405     34.71          4.98       49.78        0.00      0
      6406     34.72          4.98       49.78        0.00      0
      6407     34.72          4.98       49.78        0.00      0
      6408     34.73          3.12       31.22        0.00      0
      6409     34.73          3.12       31.22        0.00      0
      6410     34.73          3.12       31.22        0.00      0
      6411     34.74          4.98       49.78        0.00      0
      6412     34.74          4.98       49.78        0.00      0
      6413     34.75          4.98       49.78        0.00      0
      6414     34.75          4.98       49.78        0.00      0
      6415     34.75          3.12       31.22        0.00      0
      6416     34.76          4.98       49.78        0.00      0
      6417     34.76          4.98       49.78        0.00      0
      6418     34.77          4.98       49.78        0.00      0
      6419     34.77          3.12       31.22        0.00      0
      6420     34.78          5.47       54.66        0.00      0
      6421     34.78          3.12       31.22        0.00      0
      6422     34.79          3.12       31.22        0.00      0
      6423     34.79          3.12       31.22        0.00      0
      6424     34.79          4.98       49.78        0.00      0
      6425     34.80          4.98       49.78        0.00      0
      6426     34.80          3.12       31.22        0.00      0
      6427     34.81          3.12       31.22        0.00      0
      6428     34.81          3.12       31.22        0.00      0
      6429     34.82          3.12       31.22        0.00      0
      6430     34.82          4.98       49.78        0.00      0
      6431     34.83          3.12       31.22        0.00      0
      6432     34.83          4.98       49.78        0.00      0
      6433     34.84          5.93       59.30        0.00      0
      6434     34.85          5.93       59.30        0.00      0
      6435     34.85          4.98       49.78        0.00      0
      6436     34.86          4.98       49.78        0.00      0
      6437     34.86          4.98       49.78        0.00      0
      6438     34.86          3.12       31.22        0.00      0
      6439     34.87          3.12       31.22        0.00      0
      6440     34.87          3.12       31.22        0.00      0
      6441     34.88          4.98       49.78        0.00      0
      6442     34.88          3.12       31.22        0.00      0
      6443     34.88          3.12       31.22        0.00      0
      6444     34.89          3.12       31.22        0.00      0
      6445     34.89          3.12       31.22        0.00      0
      6446     34.90          5.93       59.30        0.00      0
      6447     34.90          4.98       49.78        0.00      0
      6448     34.91          3.12       31.22        0.00      0
      6449     34.91          5.93       59.30        0.00      0
      6450     34.92          5.47       54.66        0.00      0
      6451     34.92          3.12       31.22        0.00      0
      6452     34.93          4.98       49.78        0.00      0
      6453     34.93          3.12       31.22        0.00      0
      6454     34.94          3.12       31.22        0.00      0
      6455     34.94          5.93       59.30        0.00      0
      6456     34.94          4.98       49.78        0.00      0
      6457     34.95          4.98       49.78        0.00      0
      6458     34.96          3.12       31.22        0.00      0
      6459     34.97          3.12       31.22        0.00      0
      6460     34.98          4.98       49.78        0.00      0
      6461     34.98          4.98       49.78        0.00      0
      6462     34.99          5.47       54.66        0.00      0
      6463     34.99          4.98       49.78        0.00      0
      6464     35.00          3.12       31.22        0.00      0
      6465     35.00          4.98       49.78        0.00      0
      6466     35.01          3.12       31.22        0.00      0
      6467     35.01          4.98       49.78        0.00      0
      6468     35.01          3.12       31.22        0.00      0
      6469     35.02          4.98       49.78        0.00      0
      6470     35.03          3.12       31.22        0.00      0
      6471     35.03          4.98       49.78        0.00      0
      6472     35.03          5.47       54.66        0.00      0
      6473     35.04          3.12       31.22        0.00      0
      6474     35.04          3.12       31.22        0.00      0
      6475     35.05          4.98       49.78        0.00      0
      6476     35.05          3.12       31.22        0.00      0
      6477     35.06          3.12       31.22        0.00      0
      6478     35.06          4.98       49.78        0.00      0
      6479     35.07          3.12       31.22        0.00      0
      6480     35.07          4.98       49.78        0.00      0
      6481     35.08          3.12       31.22        0.00      0
      6482     35.09          4.98       49.78        0.00      0
      6483     35.09          4.98       49.78        0.00      0
      6484     35.10          4.98       49.78        0.00      0
      6485     35.10          4.98       49.78        0.00      0
      6486     35.11          4.98       49.78        0.00      0
      6487     35.11          4.98       49.78        0.00      0
      6488     35.12          5.93       59.30        0.00      0
      6489     35.12          4.98       49.78        0.00      0
      6490     35.12          4.98       49.78        0.00      0
      6491     35.13          5.93       59.30        0.00      0
      6492     35.13          5.93       59.30        0.00      0
      6493     35.13          4.98       49.78        0.00      0
      6494     35.14          4.98       49.78        0.00      0
      6495     35.14          3.12       31.22        0.00      0
      6496     35.15          3.12       31.22        0.00      0
      6497     35.16          4.98       49.78        0.00      0
      6498     35.16          4.98       49.78        0.00      0
      6499     35.17          3.12       31.22        0.00      0
      6500     35.17          4.98       49.78        0.00      0
      6501     35.18          3.12       31.22        0.00      0
      6502     35.19          3.12       31.22        0.00      0
      6503     35.19          3.12       31.22        0.00      0
      6504     35.20          4.98       49.78        0.00      0
      6505     35.21          3.12       31.22        0.00      0
      6506     35.21          4.98       49.78        0.00      0
      6507     35.22          5.93       59.30        0.00      0
      6508     35.22          3.12       31.22        0.00      0
      6509     35.23          3.12       31.22        0.00      0
      6510     35.24          4.98       49.78        0.00      0
      6511     35.24          3.12       31.22        0.00      0
      6512     35.24          3.12       31.22        0.00      0
      6513     35.25          3.12       31.22        0.00      0
      6514     35.25          3.12       31.22        0.00      0
      6515     35.25          3.12       31.22        0.00      0
      6516     35.26          3.12       31.22        0.00      0
      6517     35.26          3.12       31.22        0.00      0
      6518     35.27          3.12       31.22        0.00      0
      6519     35.27          3.12       31.22        0.00      0
      6520     35.28          3.12       31.22        0.00      0
      6521     35.28          3.12       31.22        0.00      0
      6522     35.29          3.12       31.22        0.00      0
      6523     35.29          3.12       31.22        0.00      0
      6524     35.30          3.12       31.22        0.00      0
      6525     35.30          4.98       49.78        0.00      0
      6526     35.30          3.12       31.22        0.00      0
      6527     35.31          3.12       31.22        0.00      0
      6528     35.31          3.12       31.22        0.00      0
      6529     35.32          4.98       49.78        0.00      0
      6530     35.32          3.12       31.22        0.00      0
      6531     35.33          4.98       49.78        0.00      0
      6532     35.33          4.98       49.78        0.00      0
      6533     35.33          4.98       49.78        0.00      0
      6534     35.34          3.12       31.22        0.00      0
      6535     35.34          3.12       31.22        0.00      0
      6536     35.34          3.12       31.22        0.00      0
      6537     35.35          3.12       31.22        0.00      0
      6538     35.35          4.98       49.78        0.00      0
      6539     35.35          4.98       49.78        0.00      0
      6540     35.36          3.12       31.22        0.00      0
      6541     35.37          4.98       49.78        0.00      0
      6542     35.38          4.98       49.78        0.00      0
      6543     35.38          4.98       49.78        0.00      0
      6544     35.39          3.12       31.22        0.00      0
      6545     35.39          5.93       59.30        0.00      0
      6546     35.40          3.12       31.22        0.00      0
      6547     35.40          3.12       31.22        0.00      0
      6548     35.41          3.12       31.22        0.00      0
      6549     35.41          4.98       49.78        0.00      0
      6550     35.42          5.93       59.30        0.00      0
      6551     35.42          5.93       59.30        0.00      0
      6552     35.43          5.47       54.66        0.00      0
      6553     35.43          3.12       31.22        0.00      0
      6554     35.44          4.98       49.78        0.00      0
      6555     35.44          4.98       49.78        0.00      0
      6556     35.45          4.98       49.78        0.00      0
      6557     35.46          4.98       49.78        0.00      0
      6558     35.47          3.12       31.22        0.00      0
      6559     35.47          4.98       49.78        0.00      0
      6560     35.48          4.98       49.78        0.00      0
      6561     35.48          4.98       49.78        0.00      0
      6562     35.49          4.98       49.78        0.00      0
      6563     35.49          3.12       31.22        0.00      0
      6564     35.50          3.12       31.22        0.00      0
      6565     35.50          3.12       31.22        0.00      0
      6566     35.51          3.12       31.22        0.00      0
      6567     35.51          5.47       54.66        0.00      0
      6568     35.51          3.12       31.22        0.00      0
      6569     35.52          5.47       54.66        0.00      0
      6570     35.52          4.98       49.78        0.00      0
      6571     35.52          3.12       31.22        0.00      0
      6572     35.53          3.12       31.22        0.00      0
      6573     35.53          4.98       49.78        0.00      0
      6574     35.54          5.93       59.30        0.00      0
      6575     35.55          3.12       31.22        0.00      0
      6576     35.55          3.12       31.22        0.00      0
      6577     35.55         17.15       60.03       11.15      0
      6578     35.56          4.98       49.78        0.00      0
      6579     35.56          3.12       31.22        0.00      0
      6580     35.57          3.12       31.22        0.00      0
      6581     35.57          3.12       31.22        0.00      0
      6582     35.58          5.93       59.30        0.00      0
      6583     35.59          5.93       59.30        0.00      0
      6584     35.59          4.98       49.78        0.00      0
      6585     35.60          3.12       31.22        0.00      0
      6586     35.60          3.12       31.22        0.00      0
      6587     35.61          4.98       49.78        0.00      0
      6588     35.62          4.98       49.78        0.00      0
      6589     35.62          5.47       54.66        0.00      0
      6590     35.63          5.93       59.30        0.00      0
      6591     35.63          3.12       31.22        0.00      0
      6592     35.64          4.98       49.78        0.00      0
      6593     35.64          3.12       31.22        0.00      0
      6594     35.65          3.12       31.22        0.00      0
      6595     35.65          3.12       31.22        0.00      0
      6596     35.66          4.98       49.78        0.00      0
      6597     35.66          5.93       59.30        0.00      0
      6598     35.67          3.12       31.22        0.00      0
      6599     35.67          3.12       31.22        0.00      0
      6600     35.67          4.98       49.78        0.00      0
      6601     35.68          3.12       31.22        0.00      0
      6602     35.68          3.12       31.22        0.00      0
      6603     35.69          4.98       49.78        0.00      0
      6604     35.69          5.93       59.30        0.00      0
      6605     35.70          3.12       31.22        0.00      0
      6606     35.70          3.12       31.22        0.00      0
      6607     35.71          5.93       59.30        0.00      0
      6608     35.71          3.12       31.22        0.00      0
      6609     35.72          3.12       31.22        0.00      0
      6610     35.73          3.12       31.22        0.00      0
      6611     35.73          4.98       49.78        0.00      0
      6612     35.73          3.12       31.22        0.00      0
      6613     35.74          4.98       49.78        0.00      0
      6614     35.75          4.98       49.78        0.00      0
      6615     35.75          4.98       49.78        0.00      0
      6616     35.75          3.12       31.22        0.00      0
      6617     35.76          3.12       31.22        0.00      0
      6618     35.76          3.12       31.22        0.00      0
      6619     35.77          4.98       49.78        0.00      0
      6620     35.77          3.12       31.22        0.00      0
      6621     35.77          4.98       49.78        0.00      0
      6622     35.78         17.15       60.03       11.15      0
      6623     35.78          3.12       31.22        0.00      0
      6624     35.78          4.98       49.78        0.00      0
      6625     35.79          5.93       59.30        0.00      0
      6626     35.79          3.12       31.22        0.00      0
      6627     35.80          4.98       49.78        0.00      0
      6628     35.81          3.12       31.22        0.00      0
      6629     35.81          3.12       31.22        0.00      0
      6630     35.81          3.12       31.22        0.00      0
      6631     35.82          4.98       49.78        0.00      0
      6632     35.82          5.93       59.30        0.00      0
      6633     35.83          4.98       49.78        0.00      0
      6634     35.83          5.68       56.82        0.00      0
      6635     35.84          4.98       49.78        0.00      0
      6636     35.84          5.93       59.30        0.00      0
      6637     35.85          3.12       31.22        0.00      0
      6638     35.85          3.12       31.22        0.00      0
      6639     35.86          4.98       49.78        0.00      0
      6640     35.86          3.12       31.22        0.00      0
      6641     35.86          5.93       59.30        0.00      0
      6642     35.87          3.12       31.22        0.00      0
      6643     35.87          4.98       49.78        0.00      0
      6644     35.88          4.98       49.78        0.00      0
      6645     35.88          4.98       49.78        0.00      0
      6646     35.88          3.12       31.22        0.00      0
      6647     35.89          4.98       49.78        0.00      0
      6648     35.90          3.12       31.22        0.00      0
      6649     35.90          3.12       31.22        0.00      0
      6650     35.90          4.98       49.78        0.00      0
      6651     35.91          4.98       49.78        0.00      0
      6652     35.91          4.98       49.78        0.00      0
      6653     35.91          3.12       31.22        0.00      0
      6654     35.92          3.12       31.22        0.00      0
      6655     35.92          4.98       49.78        0.00      0
      6656     35.92          3.12       31.22        0.00      0
      6657     35.93          4.98       49.78        0.00      0
      6658     35.93          3.12       31.22        0.00      0
      6659     35.94          3.12       31.22        0.00      0
      6660     35.94          3.12       31.22        0.00      0
      6661     35.95          5.93       59.30        0.00      0
      6662     35.95          4.98       49.78        0.00      0
      6663     35.96          4.98       49.78        0.00      0
      6664     35.96          3.12       31.22        0.00      0
      6665     35.97          3.12       31.22        0.00      0
      6666     35.97          4.98       49.78        0.00      0
      6667     35.98          3.12       31.22        0.00      0
      6668     35.98          3.12       31.22        0.00      0
      6669     35.99          3.12       31.22        0.00      0
      6670     35.99          5.93       59.30        0.00      0
      6671     35.99          3.12       31.22        0.00      0
      6672     36.00          3.12       31.22        0.00      0
      6673     36.02          5.93       59.30        0.00      0
      6674     36.02          5.93       59.30        0.00      0
      6675     36.03          3.12       31.22        0.00      0
      6676     36.03          3.12       31.22        0.00      0
      6677     36.04          4.98       49.78        0.00      0
      6678     36.04          4.98       49.78        0.00      0
      6679     36.05          5.93       59.30        0.00      0
      6680     36.05          3.12       31.22        0.00      0
      6681     36.06          4.98       49.78        0.00      0
      6682     36.06          3.12       31.22        0.00      0
      6683     36.07          3.12       31.22        0.00      0
      6684     36.07          4.98       49.78        0.00      0
      6685     36.08          4.98       49.78        0.00      0
      6686     36.09          3.12       31.22        0.00      0
      6687     36.10          3.12       31.22        0.00      0
      6688     36.11          3.12       31.22        0.00      0
      6689     36.11          3.12       31.22        0.00      0
      6690     36.11          3.12       31.22        0.00      0
      6691     36.12          4.98       49.78        0.00      0
      6692     36.12          4.98       49.78        0.00      0
      6693     36.13          4.98       49.78        0.00      0
      6694     36.13          4.98       49.78        0.00      0
      6695     36.14          3.12       31.22        0.00      0
      6696     36.15         17.15       60.03       11.15      0
      6697     36.15          3.12       31.22        0.00      0
      6698     36.15          3.12       31.22        0.00      0
      6699     36.16          3.12       31.22        0.00      0
      6700     36.16         17.15       60.03       11.15      0
      6701     36.17          4.98       49.78        0.00      0
      6702     36.17          3.12       31.22        0.00      0
      6703     36.17          3.12       31.22        0.00      0
      6704     36.18          4.98       49.78        0.00      0
      6705     36.18          4.98       49.78        0.00      0
      6706     36.18          3.12       31.22        0.00      0
      6707     36.19          3.12       31.22        0.00      0
      6708     36.19          3.12       31.22        0.00      0
      6709     36.20          4.98       49.78        0.00      0
      6710     36.21          4.98       49.78        0.00      0
      6711     36.21          3.12       31.22        0.00      0
      6712     36.22          3.12       31.22        0.00      0
      6713     36.23          3.12       31.22        0.00      0
      6714     36.23          3.12       31.22        0.00      0
      6715     36.23          4.98       49.78        0.00      0
      6716     36.24          3.12       31.22        0.00      0
      6717     36.24          3.12       31.22        0.00      0
      6718     36.25          3.12       31.22        0.00      0
      6719     36.25          4.98       49.78        0.00      0
      6720     36.26          3.12       31.22        0.00      0
      6721     36.26          3.12       31.22        0.00      0
      6722     36.27          3.12       31.22        0.00      0
      6723     36.28          3.12       31.22        0.00      0
      6724     36.29          3.12       31.22        0.00      0
      6725     36.29          4.98       49.78        0.00      0
      6726     36.30          3.12       31.22        0.00      0
      6727     36.30          4.98       49.78        0.00      0
      6728     36.30          4.68       46.82        0.00      0
      6729     36.31          4.98       49.78        0.00      0
      6730     36.32          3.12       31.22        0.00      0
      6731     36.33          4.98       49.78        0.00      0
      6732     36.34          3.12       31.22        0.00      0
      6733     36.34          3.12       31.22        0.00      0
      6734     36.36          3.12       31.22        0.00      0
      6735     36.37          3.12       31.22        0.00      0
      6736     36.38          3.12       31.22        0.00      0
      6737     36.39          3.12       31.22        0.00      0
      6738     36.39          3.12       31.22        0.00      0
      6739     36.40          3.12       31.22        0.00      0
      6740     36.41          3.12       31.22        0.00      0
      6741     36.41          3.12       31.22        0.00      0
      6742     36.42          4.98       49.78        0.00      0
      6743     36.43          5.93       59.30        0.00      0
      6744     36.43          5.93       59.30        0.00      0
      6745     36.44          3.12       31.22        0.00      0
      6746     36.45          3.12       31.22        0.00      0
      6747     36.45          3.12       31.22        0.00      0
      6748     36.45          5.93       59.30        0.00      0
      6749     36.47          4.98       49.78        0.00      0
      6750     36.47          3.12       31.22        0.00      0
      6751     36.49          3.12       31.22        0.00      0
      6752     36.50          3.12       31.22        0.00      0
      6753     36.51          4.98       49.78        0.00      0
      6754     36.52          3.12       31.22        0.00      0
      6755     36.52          3.12       31.22        0.00      0
      6756     36.54          4.98       49.78        0.00      0
      6757     36.54          4.98       49.78        0.00      0
      6758     36.55          3.12       31.22        0.00      0
      6759     36.56          5.93       59.30        0.00      0
      6760     36.58          4.98       49.78        0.00      0
      6761     36.59          3.12       31.22        0.00      0
      6762     36.60          3.12       31.22        0.00      0
      6763     36.61          5.93       59.30        0.00      0
      6764     36.62          3.12       31.22        0.00      0
      6765     36.63          3.12       31.22        0.00      0
      6766     36.64          4.98       49.78        0.00      0
      6767     36.65          3.12       31.22        0.00      0
      6768     36.66          3.12       31.22        0.00      0
      6769     36.67          4.98       49.78        0.00      0
      6770     36.67          3.12       31.22        0.00      0
      6771     36.68          3.12       31.22        0.00      0
      6772     36.69          3.12       31.22        0.00      0
      6773     36.69          3.12       31.22        0.00      0
      6774     36.70          3.12       31.22        0.00      0
      6775     36.71          3.12       31.22        0.00      0
      6776     36.72          4.98       49.78        0.00      0
      6777     36.73          3.12       31.22        0.00      0
      6778     36.74          4.98       49.78        0.00      0
      6779     36.75          4.98       49.78        0.00      0
      6780     36.76          4.98       49.78        0.00      0
      6781     36.77          3.12       31.22        0.00      0
      6782     36.79          3.12       31.22        0.00      0
      6783     36.80          4.98       49.78        0.00      0
      6784     36.81          4.98       49.78        0.00      0
      6785     36.82          4.98       49.78        0.00      0
      6786     36.83          3.12       31.22        0.00      0
      6787     36.85          4.98       49.78        0.00      0
      6788     36.87          3.12       31.22        0.00      0
      6789     36.89          3.12       31.22        0.00      0
      6790     36.90          3.12       31.22        0.00      0
      6791     36.91          4.98       49.78        0.00      0
      6792     36.92          3.12       31.22        0.00      0
      6793     36.93          5.47       54.66        0.00      0
      6794     36.95          3.12       31.22        0.00      0
      6795     36.96          3.12       31.22        0.00      0
      6796     36.98          3.12       31.22        0.00      0
      6797     36.99          4.98       49.78        0.00      0
      6798     37.01          3.12       31.22        0.00      0
      6799     37.02          3.12       31.22        0.00      0
      6800     37.04          3.12       31.22        0.00      0
      6801     37.05          5.47       54.66        0.00      0
      6802     37.06          4.98       49.78        0.00      0
      6803     37.07          5.93       59.30        0.00      0
      6804     37.08          4.98       49.78        0.00      0
      6805     37.09          3.12       31.22        0.00      0
      6806     37.11          3.12       31.22        0.00      0
      6807     37.12          3.12       31.22        0.00      0
      6808     37.13          3.12       31.22        0.00      0
      6809     37.15          3.12       31.22        0.00      0
      6810     37.16          3.12       31.22        0.00      0
      6811     37.17          3.12       31.22        0.00      0
      6812     37.18          3.12       31.22        0.00      0
      6813     37.22          3.12       31.22        0.00      0
      6814     37.23          3.12       31.22        0.00      0
      6815     37.25          4.98       49.78        0.00      0
      6816     37.26          3.12       31.22        0.00      0
      6817     37.29          5.93       59.30        0.00      0
      6818     37.30          4.98       49.78        0.00      0
      6819     37.32          4.98       49.78        0.00      0
      6820     37.34          3.12       31.22        0.00      0
      6821     37.35          3.12       31.22        0.00      0
      6822     37.36          4.98       49.78        0.00      0
      6823     37.38          4.98       49.78        0.00      0
      6824     37.39          3.12       31.22        0.00      0
      6825     37.40          4.98       49.78        0.00      0
      6826     37.41          4.98       49.78        0.00      0
      6827     37.43          3.12       31.22        0.00      0
      6828     37.44          4.98       49.78        0.00      0
      6829     37.45          4.98       49.78        0.00      0
      6830     37.45          3.12       31.22        0.00      0
      6831     37.47          3.12       31.22        0.00      0
      6832     37.49          4.98       49.78        0.00      0
      6833     37.50          4.98       49.78        0.00      0
      6834     37.51          4.98       49.78        0.00      0
      6835     37.52          3.12       31.22        0.00      0
      6836     37.53          3.12       31.22        0.00      0
      6837     37.54          4.98       49.78        0.00      0
      6838     37.55          4.98       49.78        0.00      0
      6839     37.56          3.12       31.22        0.00      0
      6840     37.58          4.98       49.78        0.00      0
      6841     37.59          3.12       31.22        0.00      0
      6842     37.59          4.98       49.78        0.00      0
      6843     37.60          4.98       49.78        0.00      0
      6844     37.61          3.12       31.22        0.00      0
      6845     37.62          3.12       31.22        0.00      0
      6846     37.64          4.98       49.78        0.00      0
      6847     37.65          4.98       49.78        0.00      0
      6848     37.66          3.12       31.22        0.00      0
      6849     37.67          4.98       49.78        0.00      0
      6850     37.68          4.98       49.78        0.00      0
      6851     37.68          4.98       49.78        0.00      0
      6852     37.69          3.12       31.22        0.00      0
      6853     37.70         17.15       60.03       11.15      0
      6854     37.70          3.12       31.22        0.00      0
      6855     37.71          4.98       49.78        0.00      0
      6856     37.72          3.12       31.22        0.00      0
      6857     37.73          5.93       59.30        0.00      0
      6858     37.74          3.12       31.22        0.00      0
      6859     37.75          3.12       31.22        0.00      0
      6860     37.75          3.12       31.22        0.00      0
      6861     37.76          4.98       49.78        0.00      0
      6862     37.76          3.12       31.22        0.00      0
      6863     37.77          3.12       31.22        0.00      0
      6864     37.78          3.12       31.22        0.00      0
      6865     37.79          3.12       31.22        0.00      0
      6866     37.79          4.98       49.78        0.00      0
      6867     37.80          4.98       49.78        0.00      0
      6868     37.81          4.98       49.78        0.00      0
      6869     37.81          4.98       49.78        0.00      0
      6870     37.82          3.12       31.22        0.00      0
      6871     37.82          3.12       31.22        0.00      0
      6872     37.83          4.98       49.78        0.00      0
      6873     37.84          4.98       49.78        0.00      0
      6874     37.84          3.12       31.22        0.00      0
      6875     37.85          3.12       31.22        0.00      0
      6876     37.86          4.98       49.78        0.00      0
      6877     37.87          3.12       31.22        0.00      0
      6878     37.87          3.12       31.22        0.00      0
      6879     37.88          4.98       49.78        0.00      0
      6880     37.89          5.93       59.30        0.00      0
      6881     37.89          5.93       59.30        0.00      0
      6882     37.90          3.12       31.22        0.00      0
      6883     37.91          4.98       49.78        0.00      0
      6884     37.91          4.98       49.78        0.00      0
      6885     37.92          4.98       49.78        0.00      0
      6886     37.93          3.12       31.22        0.00      0
      6887     37.93          4.98       49.78        0.00      0
      6888     37.94          5.93       59.30        0.00      0
      6889     37.94          3.12       31.22        0.00      0
      6890     37.95          3.12       31.22        0.00      0
      6891     37.95          4.98       49.78        0.00      0
      6892     37.96          3.12       31.22        0.00      0
      6893     37.96          4.98       49.78        0.00      0
      6894     37.97          4.98       49.78        0.00      0
      6895     37.98          5.47       54.66        0.00      0
      6896     37.98          4.98       49.78        0.00      0
      6897     37.99          3.12       31.22        0.00      0
      6898     38.00          3.12       31.22        0.00      0
      6899     38.00          4.98       49.78        0.00      0
      6900     38.01          4.98       49.78        0.00      0
      6901     38.01          3.12       31.22        0.00      0
      6902     38.02          4.98       49.78        0.00      0
      6903     38.03          3.12       31.22        0.00      0
      6904     38.04          3.12       31.22        0.00      0
      6905     38.04          3.12       31.22        0.00      0
      6906     38.05          3.12       31.22        0.00      0
      6907     38.05          3.12       31.22        0.00      0
      6908     38.06          4.98       49.78        0.00      0
      6909     38.06          5.93       59.30        0.00      0
      6910     38.07          3.12       31.22        0.00      0
      6911     38.08          3.12       31.22        0.00      0
      6912     38.09          3.12       31.22        0.00      0
      6913     38.09          4.98       49.78        0.00      0
      6914     38.10          3.12       31.22        0.00      0
      6915     38.11          3.12       31.22        0.00      0
      6916     38.11          4.98       49.78        0.00      0
      6917     38.12          4.98       49.78        0.00      0
      6918     38.12          3.12       31.22        0.00      0
      6919     38.13          4.98       49.78        0.00      0
      6920     38.13          3.12       31.22        0.00      0
      6921     38.13          3.12       31.22        0.00      0
      6922     38.14          3.12       31.22        0.00      0
      6923     38.15          3.12       31.22        0.00      0
      6924     38.15          4.98       49.78        0.00      0
      6925     38.15          4.98       49.78        0.00      0
      6926     38.16          3.12       31.22        0.00      0
      6927     38.16          4.98       49.78        0.00      0
      6928     38.17          3.12       31.22        0.00      0
      6929     38.18          4.98       49.78        0.00      0
      6930     38.18          3.12       31.22        0.00      0
      6931     38.18          4.98       49.78        0.00      0
      6932     38.19          3.12       31.22        0.00      0
      6933     38.19          3.12       31.22        0.00      0
      6934     38.20          3.12       31.22        0.00      0
      6935     38.20          5.93       59.30        0.00      0
      6936     38.21          4.98       49.78        0.00      0
      6937     38.21          5.93       59.30        0.00      0
      6938     38.21          4.98       49.78        0.00      0
      6939     38.22          3.12       31.22        0.00      0
      6940     38.22          3.12       31.22        0.00      0
      6941     38.23          4.98       49.78        0.00      0
      6942     38.23          3.12       31.22        0.00      0
      6943     38.24          4.98       49.78        0.00      0
      6944     38.24          3.12       31.22        0.00      0
      6945     38.24          4.98       49.78        0.00      0
      6946     38.25          4.98       49.78        0.00      0
      6947     38.25          3.12       31.22        0.00      0
      6948     38.26          4.98       49.78        0.00      0
      6949     38.26          3.12       31.22        0.00      0
      6950     38.27          3.12       31.22        0.00      0
      6951     38.27          3.12       31.22        0.00      0
      6952     38.28          4.98       49.78        0.00      0
      6953     38.29          3.12       31.22        0.00      0
      6954     38.29          3.12       31.22        0.00      0
      6955     38.30          3.12       31.22        0.00      0
      6956     38.30          3.12       31.22        0.00      0
      6957     38.30          3.12       31.22        0.00      0
      6958     38.31          5.93       59.30        0.00      0
      6959     38.31          3.12       31.22        0.00      0
      6960     38.32          3.12       31.22        0.00      0
      6961     38.33          3.12       31.22        0.00      0
      6962     38.33          4.98       49.78        0.00      0
      6963     38.34          4.98       49.78        0.00      0
      6964     38.34          3.12       31.22        0.00      0
      6965     38.35          3.12       31.22        0.00      0
      6966     38.35          3.12       31.22        0.00      0
      6967     38.35          3.12       31.22        0.00      0
      6968     38.36          3.12       31.22        0.00      0
      6969     38.37          4.98       49.78        0.00      0
      6970     38.37          3.12       31.22        0.00      0
      6971     38.38          3.12       31.22        0.00      0
      6972     38.39          3.12       31.22        0.00      0
      6973     38.39          3.12       31.22        0.00      0
      6974     38.39          3.12       31.22        0.00      0
      6975     38.40          3.12       31.22        0.00      0
      6976     38.40          5.47       54.66        0.00      0
      6977     38.41          3.12       31.22        0.00      0
      6978     38.41          3.12       31.22        0.00      0
      6979     38.42          4.98       49.78        0.00      0
      6980     38.42          3.12       31.22        0.00      0
      6981     38.43          4.98       49.78        0.00      0
      6982     38.43          3.12       31.22        0.00      0
      6983     38.44          4.98       49.78        0.00      0
      6984     38.44          4.98       49.78        0.00      0
      6985     38.45          4.98       49.78        0.00      0
      6986     38.45          4.98       49.78        0.00      0
      6987     38.45          3.12       31.22        0.00      0
      6988     38.46          3.12       31.22        0.00      0
      6989     38.46          4.98       49.78        0.00      0
      6990     38.47          4.98       49.78        0.00      0
      6991     38.47          3.12       31.22        0.00      0
      6992     38.47          3.12       31.22        0.00      0
      6993     38.48          4.98       49.78        0.00      0
      6994     38.48          3.12       31.22        0.00      0
      6995     38.49          4.98       49.78        0.00      0
      6996     38.49          3.12       31.22        0.00      0
      6997     38.50          3.12       31.22        0.00      0
      6998     38.50          3.12       31.22        0.00      0
      6999     38.51          3.12       31.22        0.00      0
      7000     38.51          4.98       49.78        0.00      0
      7001     38.51          4.98       49.78        0.00      0
      7002     38.52          4.98       49.78        0.00      0
      7003     38.52          5.93       59.30        0.00      0
      7004     38.53          3.12       31.22        0.00      0
      7005     38.53          4.98       49.78        0.00      0
      7006     38.54          3.12       31.22        0.00      0
      7007     38.54          4.98       49.78        0.00      0
      7008     38.55          3.12       31.22        0.00      0
      7009     38.55          4.98       49.78        0.00      0
      7010     38.56          3.12       31.22        0.00      0
      7011     38.56          3.12       31.22        0.00      0
      7012     38.57          3.12       31.22        0.00      0
      7013     38.57          3.12       31.22        0.00      0
      7014     38.58          3.12       31.22        0.00      0
      7015     38.58          4.98       49.78        0.00      0
      7016     38.59          4.98       49.78        0.00      0
      7017     38.59          4.98       49.78        0.00      0
      7018     38.60          4.98       49.78        0.00      0
      7019     38.60          5.93       59.30        0.00      0
      7020     38.61          3.12       31.22        0.00      0
      7021     38.61          3.12       31.22        0.00      0
      7022     38.61          4.98       49.78        0.00      0
      7023     38.62          3.12       31.22        0.00      0
      7024     38.63          3.12       31.22        0.00      0
      7025     38.63          5.93       59.30        0.00      0
      7026     38.64          4.98       49.78        0.00      0
      7027     38.64          3.12       31.22        0.00      0
      7028     38.64          3.12       31.22        0.00      0
      7029     38.65          4.98       49.78        0.00      0
      7030     38.65          3.12       31.22        0.00      0
      7031     38.66          4.98       49.78        0.00      0
      7032     38.66          4.98       49.78        0.00      0
      7033     38.67          3.12       31.22        0.00      0
      7034     38.67          3.12       31.22        0.00      0
      7035     38.68          4.98       49.78        0.00      0
      7036     38.68          3.12       31.22        0.00      0
      7037     38.69          3.12       31.22        0.00      0
      7038     38.70          4.98       49.78        0.00      0
      7039     38.70          4.98       49.78        0.00      0
      7040     38.71          5.93       59.30        0.00      0
      7041     38.71          3.12       31.22        0.00      0
      7042     38.71          3.12       31.22        0.00      0
      7043     38.72          4.98       49.78        0.00      0
      7044     38.72          4.98       49.78        0.00      0
      7045     38.73          3.12       31.22        0.00      0
      7046     38.73          5.93       59.30        0.00      0
      7047     38.74          4.98       49.78        0.00      0
      7048     38.75          4.98       49.78        0.00      0
      7049     38.76          3.12       31.22        0.00      0
      7050     38.77          4.98       49.78        0.00      0
      7051     38.77          3.12       31.22        0.00      0
      7052     38.78          5.93       59.30        0.00      0
      7053     38.78          3.12       31.22        0.00      0
      7054     38.79          3.12       31.22        0.00      0
      7055     38.80          4.98       49.78        0.00      0
      7056     38.80          4.98       49.78        0.00      0
      7057     38.81          4.98       49.78        0.00      0
      7058     38.82          4.98       49.78        0.00      0
      7059     38.82          3.12       31.22        0.00      0
      7060     38.83          5.93       59.30        0.00      0
      7061     38.83          3.12       31.22        0.00      0
      7062     38.84          3.12       31.22        0.00      0
      7063     38.85          4.98       49.78        0.00      0
      7064     38.85          3.12       31.22        0.00      0
      7065     38.86          5.93       59.30        0.00      0
      7066     38.86          3.12       31.22        0.00      0
      7067     38.87          3.12       31.22        0.00      0
      7068     38.87          4.98       49.78        0.00      0
      7069     38.88          3.12       31.22        0.00      0
      7070     38.88          3.12       31.22        0.00      0
      7071     38.89          4.98       49.78        0.00      0
      7072     38.89          6.15       50.03        1.15      0
      7073     38.90          4.68       46.82        0.00      0
      7074     38.90          3.12       31.22        0.00      0
      7075     38.91          3.12       31.22        0.00      0
      7076     38.92          4.98       49.78        0.00      0
      7077     38.93          3.12       31.22        0.00      0
      7078     38.93          3.12       31.22        0.00      0
      7079     38.93          3.12       31.22        0.00      0
      7080     38.94          3.12       31.22        0.00      0
      7081     38.94          3.12       31.22        0.00      0
      7082     38.95          3.12       31.22        0.00      0
      7083     38.96         17.15       60.03       11.15      0
      7084     38.96          3.12       31.22        0.00      0
      7085     38.97          3.12       31.22        0.00      0
      7086     38.98          4.98       49.78        0.00      0
      7087     38.98          4.98       49.78        0.00      0
      7088     38.99          4.98       49.78        0.00      0
      7089     38.99          3.12       31.22        0.00      0
      7090     38.99          3.12       31.22        0.00      0
      7091     39.00          4.98       49.78        0.00      0
      7092     39.01          5.93       59.30        0.00      0
      7093     39.01          3.12       31.22        0.00      0
      7094     39.02          4.98       49.78        0.00      0
      7095     39.02          3.12       31.22        0.00      0
      7096     39.03          4.98       49.78        0.00      0
      7097     39.03          3.12       31.22        0.00      0
      7098     39.04          4.98       49.78        0.00      0
      7099     39.04          3.12       31.22        0.00      0
      7100     39.05          3.12       31.22        0.00      0
      7101     39.05          4.98       49.78        0.00      0
      7102     39.06          3.12       31.22        0.00      0
      7103     39.07          3.12       31.22        0.00      0
      7104     39.07          3.12       31.22        0.00      0
      7105     39.08          5.93       59.30        0.00      0
      7106     39.08          4.98       49.78        0.00      0
      7107     39.08          5.93       59.30        0.00      0
      7108     39.09          3.12       31.22        0.00      0
      7109     39.09          3.12       31.22        0.00      0
      7110     39.10          3.12       31.22        0.00      0
      7111     39.10          4.98       49.78        0.00      0
      7112     39.11          3.12       31.22        0.00      0
      7113     39.11          3.12       31.22        0.00      0
      7114     39.11          3.12       31.22        0.00      0
      7115     39.12          4.98       49.78        0.00      0
      7116     39.12          3.12       31.22        0.00      0
      7117     39.13          3.12       31.22        0.00      0
      7118     39.13          3.12       31.22        0.00      0
      7119     39.13          4.98       49.78        0.00      0
      7120     39.14          4.98       49.78        0.00      0
      7121     39.14          4.98       49.78        0.00      0
      7122     39.15          3.12       31.22        0.00      0
      7123     39.15          3.12       31.22        0.00      0
      7124     39.16          3.12       31.22        0.00      0
      7125     39.16          3.12       31.22        0.00      0
      7126     39.17          5.93       59.30        0.00      0
      7127     39.17          4.98       49.78        0.00      0
      7128     39.18          3.12       31.22        0.00      0
      7129     39.18          5.47       54.66        0.00      0
      7130     39.18          3.12       31.22        0.00      0
      7131     39.19          5.93       59.30        0.00      0
      7132     39.19          3.12       31.22        0.00      0
      7133     39.20          3.12       31.22        0.00      0
      7134     39.20          3.12       31.22        0.00      0
      7135     39.21          3.12       31.22        0.00      0
      7136     39.21          5.93       59.30        0.00      0
      7137     39.21          4.98       49.78        0.00      0
      7138     39.22          5.93       59.30        0.00      0
      7139     39.22          3.12       31.22        0.00      0
      7140     39.22          3.12       31.22        0.00      0
      7141     39.23          3.12       31.22        0.00      0
      7142     39.23          4.98       49.78        0.00      0
      7143     39.24          4.98       49.78        0.00      0
      7144     39.25          5.93       59.30        0.00      0
      7145     39.25          4.98       49.78        0.00      0
      7146     39.26          3.12       31.22        0.00      0
      7147     39.26          4.98       49.78        0.00      0
      7148     39.26          4.98       49.78        0.00      0
      7149     39.27          3.12       31.22        0.00      0
      7150     39.27          3.12       31.22        0.00      0
      7151     39.28          3.12       31.22        0.00      0
      7152     39.28          3.12       31.22        0.00      0
      7153     39.29          4.98       49.78        0.00      0
      7154     39.30          3.12       31.22        0.00      0
      7155     39.30          3.12       31.22        0.00      0
      7156     39.30          3.12       31.22        0.00      0
      7157     39.31          3.12       31.22        0.00      0
      7158     39.32          4.98       49.78        0.00      0
      7159     39.32          4.98       49.78        0.00      0
      7160     39.32          3.12       31.22        0.00      0
      7161     39.33          4.98       49.78        0.00      0
      7162     39.33          4.98       49.78        0.00      0
      7163     39.34          4.98       49.78        0.00      0
      7164     39.34          4.98       49.78        0.00      0
      7165     39.34          4.98       49.78        0.00      0
      7166     39.35          4.98       49.78        0.00      0
      7167     39.35          3.12       31.22        0.00      0
      7168     39.36          3.12       31.22        0.00      0
      7169     39.36          3.12       31.22        0.00      0
      7170     39.36          3.12       31.22        0.00      0
      7171     39.37          3.12       31.22        0.00      0
      7172     39.38          3.12       31.22        0.00      0
      7173     39.39          3.12       31.22        0.00      0
      7174     39.39          3.12       31.22        0.00      0
      7175     39.39          3.12       31.22        0.00      0
      7176     39.39          3.12       31.22        0.00      0
      7177     39.40          3.12       31.22        0.00      0
      7178     39.41          3.12       31.22        0.00      0
      7179     39.42          3.12       31.22        0.00      0
      7180     39.42          4.98       49.78        0.00      0
      7181     39.43          4.98       49.78        0.00      0
      7182     39.43          3.12       31.22        0.00      0
      7183     39.43          4.98       49.78        0.00      0
      7184     39.44          3.12       31.22        0.00      0
      7185     39.44          4.98       49.78        0.00      0
      7186     39.44          4.98       49.78        0.00      0
      7187     39.45          3.12       31.22        0.00      0
      7188     39.45          4.98       49.78        0.00      0
      7189     39.46          3.12       31.22        0.00      0
      7190     39.46          3.12       31.22        0.00      0
      7191     39.46          4.98       49.78        0.00      0
      7192     39.47          5.93       59.30        0.00      0
      7193     39.47          3.12       31.22        0.00      0
      7194     39.48          3.12       31.22        0.00      0
      7195     39.48          3.12       31.22        0.00      0
      7196     39.49          3.12       31.22        0.00      0
      7197     39.49          3.12       31.22        0.00      0
      7198     39.49          3.12       31.22        0.00      0
      7199     39.50          4.98       49.78        0.00      0
      7200     39.50          3.12       31.22        0.00      0
      7201     39.51          3.12       31.22        0.00      0
      7202     39.51          3.12       31.22        0.00      0
      7203     39.52          4.98       49.78        0.00      0
      7204     39.52          3.12       31.22        0.00      0
      7205     39.53          4.98       49.78        0.00      0
      7206     39.53          4.98       49.78        0.00      0
      7207     39.53          3.12       31.22        0.00      0
      7208     39.54          5.93       59.30        0.00      0
      7209     39.54          4.98       49.78        0.00      0
      7210     39.55          3.12       31.22        0.00      0
      7211     39.55          3.12       31.22        0.00      0
      7212     39.55          4.98       49.78        0.00      0
      7213     39.56          4.98       49.78        0.00      0
      7214     39.56          3.12       31.22        0.00      0
      7215     39.57          3.12       31.22        0.00      0
      7216     39.58          3.12       31.22        0.00      0
      7217     39.58          3.12       31.22        0.00      0
      7218     39.58          3.12       31.22        0.00      0
      7219     39.59          5.93       59.30        0.00      0
      7220     39.59          4.98       49.78        0.00      0
      7221     39.59          3.12       31.22        0.00      0
      7222     39.60          4.98       49.78        0.00      0
      7223     39.60          3.12       31.22        0.00      0
      7224     39.61          3.12       31.22        0.00      0
      7225     39.61          4.98       49.78        0.00      0
      7226     39.61          3.12       31.22        0.00      0
      7227     39.62          3.12       31.22        0.00      0
      7228     39.62          4.98       49.78        0.00      0
      7229     39.63          3.12       31.22        0.00      0
      7230     39.63          3.12       31.22        0.00      0
      7231     39.64          4.98       49.78        0.00      0
      7232     39.64          4.98       49.78        0.00      0
      7233     39.65          3.12       31.22        0.00      0
      7234     39.65          5.47       54.66        0.00      0
      7235     39.66          4.98       49.78        0.00      0
      7236     39.66          4.98       49.78        0.00      0
      7237     39.66          4.98       49.78        0.00      0
      7238     39.67          3.12       31.22        0.00      0
      7239     39.67          4.98       49.78        0.00      0
      7240     39.68          3.12       31.22        0.00      0
      7241     39.68          5.93       59.30        0.00      0
      7242     39.68          5.93       59.30        0.00      0
      7243     39.69          4.98       49.78        0.00      0
      7244     39.70          3.12       31.22        0.00      0
      7245     39.70          5.93       59.30        0.00      0
      7246     39.70          3.12       31.22        0.00      0
      7247     39.71          3.12       31.22        0.00      0
      7248     39.72          3.12       31.22        0.00      0
      7249     39.72          4.98       49.78        0.00      0
      7250     39.73          4.98       49.78        0.00      0
      7251     39.73          4.98       49.78        0.00      0
      7252     39.73          4.98       49.78        0.00      0
      7253     39.74          4.98       49.78        0.00      0
      7254     39.75          5.93       59.30        0.00      0
      7255     39.75          4.98       49.78        0.00      0
      7256     39.76          3.12       31.22        0.00      0
      7257     39.76          3.12       31.22        0.00      0
      7258     39.77          3.12       31.22        0.00      0
      7259     39.77          4.98       49.78        0.00      0
      7260     39.77          4.98       49.78        0.00      0
      7261     39.78          3.12       31.22        0.00      0
      7262     39.78          3.12       31.22        0.00      0
      7263     39.79          3.12       31.22        0.00      0
      7264     39.79          3.12       31.22        0.00      0
      7265     39.80          3.12       31.22        0.00      0
      7266     39.80          3.12       31.22        0.00      0
      7267     39.81          3.12       31.22        0.00      0
      7268     39.81          3.12       31.22        0.00      0
      7269     39.82          3.12       31.22        0.00      0
      7270     39.82          5.93       59.30        0.00      0
      7271     39.83          3.12       31.22        0.00      0
      7272     39.84          4.98       49.78        0.00      0
      7273     39.85          4.98       49.78        0.00      0
      7274     39.85          3.12       31.22        0.00      0
      7275     39.86          3.12       31.22        0.00      0
      7276     39.87          4.98       49.78        0.00      0
      7277     39.87          5.93       59.30        0.00      0
      7278     39.87          4.98       49.78        0.00      0
      7279     39.88          3.12       31.22        0.00      0
      7280     39.88          4.98       49.78        0.00      0
      7281     39.89          3.12       31.22        0.00      0
      7282     39.89          4.98       49.78        0.00      0
      7283     39.90          3.12       31.22        0.00      0
      7284     39.91          3.12       31.22        0.00      0
      7285     39.91          4.98       49.78        0.00      0
      7286     39.92          3.12       31.22        0.00      0
      7287     39.92          4.98       49.78        0.00      0
      7288     39.93          3.12       31.22        0.00      0
      7289     39.93          4.98       49.78        0.00      0
      7290     39.93          3.12       31.22        0.00      0
      7291     39.94          4.98       49.78        0.00      0
      7292     39.94          3.12       31.22        0.00      0
      7293     39.95          5.93       59.30        0.00      0
      7294     39.95          4.98       49.78        0.00      0
      7295     39.96         17.15       60.03       11.15      0
      7296     39.97          3.12       31.22        0.00      0
      7297     39.97          3.12       31.22        0.00      0
      7298     39.97          4.98       49.78        0.00      0
      7299     39.97          3.12       31.22        0.00      0
      7300     39.98          3.12       31.22        0.00      0
      7301     39.99          3.12       31.22        0.00      0
      7302     39.99          3.12       31.22        0.00      0
      7303     39.99          4.98       49.78        0.00      0
      7304     40.00          3.12       31.22        0.00      0
      7305     40.00          4.98       49.78        0.00      0
      7306     40.00          4.98       49.78        0.00      0
      7307     40.01          4.98       49.78        0.00      0
      7308     40.01          5.93       59.30        0.00      0
      7309     40.01          3.12       31.22        0.00      0
      7310     40.02          4.98       49.78        0.00      0
      7311     40.02          4.98       49.78        0.00      0
      7312     40.02          4.98       49.78        0.00      0
      7313     40.03          4.98       49.78        0.00      0
      7314     40.03          5.93       59.30        0.00      0
      7315     40.03          4.98       49.78        0.00      0
      7316     40.04          3.12       31.22        0.00      0
      7317     40.04          3.12       31.22        0.00      0
      7318     40.05          3.12       31.22        0.00      0
      7319     40.06          3.12       31.22        0.00      0
      7320     40.06          3.12       31.22        0.00      0
      7321     40.06          4.98       49.78        0.00      0
      7322     40.07          4.98       49.78        0.00      0
      7323     40.07          3.12       31.22        0.00      0
      7324     40.07          5.93       59.30        0.00      0
      7325     40.08          4.98       49.78        0.00      0
      7326     40.09          4.98       49.78        0.00      0
      7327     40.09          4.98       49.78        0.00      0
      7328     40.11          4.98       49.78        0.00      0
      7329     40.11          4.98       49.78        0.00      0
      7330     40.13          3.12       31.22        0.00      0
      7331     40.14          4.98       49.78        0.00      0
      7332     40.14          4.98       49.78        0.00      0
      7333     40.15          3.12       31.22        0.00      0
      7334     40.16          3.12       31.22        0.00      0
      7335     40.17          4.98       49.78        0.00      0
      7336     40.17          4.98       49.78        0.00      0
      7337     40.18          3.12       31.22        0.00      0
      7338     40.19          4.98       49.78        0.00      0
      7339     40.20          3.12       31.22        0.00      0
      7340     40.21          3.12       31.22        0.00      0
      7341     40.22          4.98       49.78        0.00      0
      7342     40.22          4.98       49.78        0.00      0
      7343     40.23          4.98       49.78        0.00      0
      7344     40.23          3.12       31.22        0.00      0
      7345     40.24          5.47       54.66        0.00      0
      7346     40.25          3.12       31.22        0.00      0
      7347     40.25          3.12       31.22        0.00      0
      7348     40.26          3.12       31.22        0.00      0
      7349     40.27          4.98       49.78        0.00      0
      7350     40.27          3.12       31.22        0.00      0
      7351     40.27          4.98       49.78        0.00      0
      7352     40.27          4.98       49.78        0.00      0
      7353     40.28          4.98       49.78        0.00      0
      7354     40.28          4.98       49.78        0.00      0
      7355     40.29          4.68       46.82        0.00      0
      7356     40.30          3.12       31.22        0.00      0
      7357     40.31          3.12       31.22        0.00      0
      7358     40.31          3.12       31.22        0.00      0
      7359     40.32          4.98       49.78        0.00      0
      7360     40.32          4.98       49.78        0.00      0
      7361     40.33          3.12       31.22        0.00      0
      7362     40.34          3.12       31.22        0.00      0
      7363     40.34          3.12       31.22        0.00      0
      7364     40.34          3.12       31.22        0.00      0
      7365     40.35          4.98       49.78        0.00      0
      7366     40.35          3.12       31.22        0.00      0
      7367     40.36          4.98       49.78        0.00      0
      7368     40.36          5.93       59.30        0.00      0
      7369     40.36          3.12       31.22        0.00      0
      7370     40.37          3.12       31.22        0.00      0
      7371     40.38          3.12       31.22        0.00      0
      7372     40.38          4.98       49.78        0.00      0
      7373     40.39          4.98       49.78        0.00      0
      7374     40.39          3.12       31.22        0.00      0
      7375     40.39          3.12       31.22        0.00      0
      7376     40.40          4.98       49.78        0.00      0
      7377     40.40          5.93       59.30        0.00      0
      7378     40.41          3.12       31.22        0.00      0
      7379     40.42          3.12       31.22        0.00      0
      7380     40.43          3.12       31.22        0.00      0
      7381     40.44          3.12       31.22        0.00      0
      7382     40.45          4.98       49.78        0.00      0
      7383     40.45          3.12       31.22        0.00      0
      7384     40.46          3.12       31.22        0.00      0
      7385     40.46          3.12       31.22        0.00      0
      7386     40.47          5.93       59.30        0.00      0
      7387     40.47          4.98       49.78        0.00      0
      7388     40.48          3.12       31.22        0.00      0
      7389     40.49          3.12       31.22        0.00      0
      7390     40.49          4.98       49.78        0.00      0
      7391     40.50          3.12       31.22        0.00      0
      7392     40.50          4.98       49.78        0.00      0
      7393     40.50          4.98       49.78        0.00      0
      7394     40.51          6.15       50.03        1.15      0
      7395     40.51          4.98       49.78        0.00      0
      7396     40.52          4.98       49.78        0.00      0
      7397     40.52          3.12       31.22        0.00      0
      7398     40.53          3.12       31.22        0.00      0
      7399     40.53          4.98       49.78        0.00      0
      7400     40.54          4.98       49.78        0.00      0
      7401     40.55          5.93       59.30        0.00      0
      7402     40.55          5.93       59.30        0.00      0
      7403     40.55          4.98       49.78        0.00      0
      7404     40.56          3.12       31.22        0.00      0
      7405     40.57          4.98       49.78        0.00      0
      7406     40.57          3.12       31.22        0.00      0
      7407     40.58          4.98       49.78        0.00      0
      7408     40.58          3.12       31.22        0.00      0
      7409     40.59          3.12       31.22        0.00      0
      7410     40.60          4.98       49.78        0.00      0
      7411     40.61          4.98       49.78        0.00      0
      7412     40.62          3.12       31.22        0.00      0
      7413     40.63          3.12       31.22        0.00      0
      7414     40.64          5.47       54.66        0.00      0
      7415     40.64          3.12       31.22        0.00      0
      7416     40.65          4.98       49.78        0.00      0
      7417     40.65          3.12       31.22        0.00      0
      7418     40.65          4.98       49.78        0.00      0
      7419     40.66          3.12       31.22        0.00      0
      7420     40.66          3.12       31.22        0.00      0
      7421     40.67          3.12       31.22        0.00      0
      7422     40.67          3.12       31.22        0.00      0
      7423     40.68          3.12       31.22        0.00      0
      7424     40.68          4.98       49.78        0.00      0
      7425     40.69          3.12       31.22        0.00      0
      7426     40.69          3.12       31.22        0.00      0
      7427     40.70          3.12       31.22        0.00      0
      7428     40.70          4.98       49.78        0.00      0
      7429     40.71          5.93       59.30        0.00      0
      7430     40.72          5.93       59.30        0.00      0
      7431     40.72          5.47       54.66        0.00      0
      7432     40.73          4.98       49.78        0.00      0
      7433     40.74          3.12       31.22        0.00      0
      7434     40.75          4.98       49.78        0.00      0
      7435     40.76          3.12       31.22        0.00      0
      7436     40.76          3.12       31.22        0.00      0
      7437     40.77          3.12       31.22        0.00      0
      7438     40.77          3.12       31.22        0.00      0
      7439     40.78          4.98       49.78        0.00      0
      7440     40.79          4.98       49.78        0.00      0
      7441     40.80          4.98       49.78        0.00      0
      7442     40.80          3.12       31.22        0.00      0
      7443     40.81          3.12       31.22        0.00      0
      7444     40.81          4.98       49.78        0.00      0
      7445     40.82          4.98       49.78        0.00      0
      7446     40.83          4.98       49.78        0.00      0
      7447     40.84          3.12       31.22        0.00      0
      7448     40.85          3.12       31.22        0.00      0
      7449     40.85          5.93       59.30        0.00      0
      7450     40.86          3.12       31.22        0.00      0
      7451     40.86          3.12       31.22        0.00      0
      7452     40.87          3.12       31.22        0.00      0
      7453     40.87          5.68       56.82        0.00      0
      7454     40.88          4.98       49.78        0.00      0
      7455     40.88          3.12       31.22        0.00      0
      7456     40.88          3.12       31.22        0.00      0
      7457     40.90          3.12       31.22        0.00      0
      7458     40.91          3.12       31.22        0.00      0
      7459     40.91          3.12       31.22        0.00      0
      7460     40.92          4.98       49.78        0.00      0
      7461     40.92          3.12       31.22        0.00      0
      7462     40.93          3.12       31.22        0.00      0
      7463     40.93          3.12       31.22        0.00      0
      7464     40.94          3.12       31.22        0.00      0
      7465     40.95          4.98       49.78        0.00      0
      7466     40.95          4.98       49.78        0.00      0
      7467     40.96          4.98       49.78        0.00      0
      7468     40.97          3.12       31.22        0.00      0
      7469     40.98          4.98       49.78        0.00      0
      7470     40.98          3.12       31.22        0.00      0
      7471     40.99          4.98       49.78        0.00      0
      7472     40.99          3.12       31.22        0.00      0
      7473     41.00          3.12       31.22        0.00      0
      7474     41.00          3.12       31.22        0.00      0
      7475     41.01          3.12       31.22        0.00      0
      7476     41.01          4.98       49.78        0.00      0
      7477     41.02          4.98       49.78        0.00      0
      7478     41.02          3.12       31.22        0.00      0
      7479     41.03          4.98       49.78        0.00      0
      7480     41.03          4.98       49.78        0.00      0
      7481     41.04          3.12       31.22        0.00      0
      7482     41.05          4.98       49.78        0.00      0
      7483     41.05          3.12       31.22        0.00      0
      7484     41.06          3.12       31.22        0.00      0
      7485     41.07          4.98       49.78        0.00      0
      7486     41.07          4.98       49.78        0.00      0
      7487     41.08          3.12       31.22        0.00      0
      7488     41.09          3.12       31.22        0.00      0
      7489     41.09          3.12       31.22        0.00      0
      7490     41.10          3.12       31.22        0.00      0
      7491     41.11          4.98       49.78        0.00      0
      7492     41.11          3.12       31.22        0.00      0
      7493     41.12          3.12       31.22        0.00      0
      7494     41.12          5.47       54.66        0.00      0
      7495     41.12          3.12       31.22        0.00      0
      7496     41.13          4.98       49.78        0.00      0
      7497     41.13          4.98       49.78        0.00      0
      7498     41.14          4.98       49.78        0.00      0
      7499     41.14          3.12       31.22        0.00      0
      7500     41.14          3.12       31.22        0.00      0
      7501     41.15          3.12       31.22        0.00      0
      7502     41.15          3.12       31.22        0.00      0
      7503     41.16          3.12       31.22        0.00      0
      7504     41.17          5.93       59.30        0.00      0
      7505     41.17          3.12       31.22        0.00      0
      7506     41.18          4.98       49.78        0.00      0
      7507     41.18          3.12       31.22        0.00      0
      7508     41.19          5.93       59.30        0.00      0
      7509     41.19          3.12       31.22        0.00      0
      7510     41.20          3.12       31.22        0.00      0
      7511     41.20          3.12       31.22        0.00      0
      7512     41.21          3.12       31.22        0.00      0
      7513     41.21          3.12       31.22        0.00      0
      7514     41.22          5.47       54.66        0.00      0
      7515     41.23          3.12       31.22        0.00      0
      7516     41.24          3.12       31.22        0.00      0
      7517     41.24          3.12       31.22        0.00      0
      7518     41.25          5.93       59.30        0.00      0
      7519     41.25          3.12       31.22        0.00      0
      7520     41.25          3.12       31.22        0.00      0
      7521     41.26          4.98       49.78        0.00      0
      7522     41.27          4.98       49.78        0.00      0
      7523     41.27          3.12       31.22        0.00      0
      7524     41.28          3.12       31.22        0.00      0
      7525     41.28          3.12       31.22        0.00      0
      7526     41.28          3.12       31.22        0.00      0
      7527     41.29          3.12       31.22        0.00      0
      7528     41.30          3.12       31.22        0.00      0
      7529     41.30          5.47       54.66        0.00      0
      7530     41.31          4.98       49.78        0.00      0
      7531     41.31          4.98       49.78        0.00      0
      7532     41.32          4.98       49.78        0.00      0
      7533     41.32          3.12       31.22        0.00      0
      7534     41.33          3.12       31.22        0.00      0
      7535     41.34          4.98       49.78        0.00      0
      7536     41.35          4.98       49.78        0.00      0
      7537     41.36          3.12       31.22        0.00      0
      7538     41.37          3.12       31.22        0.00      0
      7539     41.38          4.98       49.78        0.00      0
      7540     41.39          4.98       49.78        0.00      0
      7541     41.39          3.12       31.22        0.00      0
      7542     41.40          3.12       31.22        0.00      0
      7543     41.41          4.98       49.78        0.00      0
      7544     41.42          4.98       49.78        0.00      0
      7545     41.43          4.98       49.78        0.00      0
      7546     41.43          3.12       31.22        0.00      0
      7547     41.44          3.12       31.22        0.00      0
      7548     41.45          3.12       31.22        0.00      0
      7549     41.46          3.12       31.22        0.00      0
      7550     41.47          3.12       31.22        0.00      0
      7551     41.48          3.12       31.22        0.00      0
      7552     41.49          3.12       31.22        0.00      0
      7553     41.50          4.98       49.78        0.00      0
      7554     41.51          4.98       49.78        0.00      0
      7555     41.51          4.98       49.78        0.00      0
      7556     41.52          3.12       31.22        0.00      0
      7557     41.52          3.12       31.22        0.00      0
      7558     41.53          3.12       31.22        0.00      0
      7559     41.53          3.12       31.22        0.00      0
      7560     41.54          3.12       31.22        0.00      0
      7561     41.55          4.98       49.78        0.00      0
      7562     41.56          5.93       59.30        0.00      0
      7563     41.57          4.98       49.78        0.00      0
      7564     41.57          3.12       31.22        0.00      0
      7565     41.58          3.12       31.22        0.00      0
      7566     41.58          3.12       31.22        0.00      0
      7567     41.58          4.98       49.78        0.00      0
      7568     41.59          4.98       49.78        0.00      0
      7569     41.59          4.98       49.78        0.00      0
      7570     41.59          3.12       31.22        0.00      0
      7571     41.60          4.98       49.78        0.00      0
      7572     41.60          3.12       31.22        0.00      0
      7573     41.61          3.12       31.22        0.00      0
      7574     41.61          3.12       31.22        0.00      0
      7575     41.62          4.98       49.78        0.00      0
      7576     41.63          4.98       49.78        0.00      0
      7577     41.63          3.12       31.22        0.00      0
      7578     41.64          3.12       31.22        0.00      0
      7579     41.64          3.12       31.22        0.00      0
      7580     41.65          3.12       31.22        0.00      0
      7581     41.66          3.12       31.22        0.00      0
      7582     41.66          4.98       49.78        0.00      0
      7583     41.67          3.12       31.22        0.00      0
      7584     41.68          3.12       31.22        0.00      0
      7585     41.68          3.12       31.22        0.00      0
      7586     41.69          4.98       49.78        0.00      0
      7587     41.70          5.93       59.30        0.00      0
      7588     41.70          4.98       49.78        0.00      0
      7589     41.71          3.12       31.22        0.00      0
      7590     41.72          3.12       31.22        0.00      0
      7591     41.73          3.12       31.22        0.00      0
      7592     41.73          4.98       49.78        0.00      0
      7593     41.74          3.12       31.22        0.00      0
      7594     41.75          3.12       31.22        0.00      0
      7595     41.76          4.98       49.78        0.00      0
      7596     41.76          5.93       59.30        0.00      0
      7597     41.76          3.12       31.22        0.00      0
      7598     41.77          3.12       31.22        0.00      0
      7599     41.78          3.12       31.22        0.00      0
      7600     41.78          5.93       59.30        0.00      0
      7601     41.79          4.98       49.78        0.00      0
      7602     41.79          3.12       31.22        0.00      0
      7603     41.81          4.98       49.78        0.00      0
      7604     41.81          4.98       49.78        0.00      0
      7605     41.82          4.98       49.78        0.00      0
      7606     41.83          4.98       49.78        0.00      0
      7607     41.83          4.98       49.78        0.00      0
      7608     41.85          3.12       31.22        0.00      0
      7609     41.85          4.98       49.78        0.00      0
      7610     41.86          3.12       31.22        0.00      0
      7611     41.87          4.98       49.78        0.00      0
      7612     41.87          4.98       49.78        0.00      0
      7613     41.88          4.98       49.78        0.00      0
      7614     41.88          3.12       31.22        0.00      0
      7615     41.89          3.12       31.22        0.00      0
      7616     41.89          4.98       49.78        0.00      0
      7617     41.90          3.12       31.22        0.00      0
      7618     41.90          4.98       49.78        0.00      0
      7619     41.91          4.98       49.78        0.00      0
      7620     41.92          4.98       49.78        0.00      0
      7621     41.92          5.93       59.30        0.00      0
      7622     41.93          5.47       54.66        0.00      0
      7623     41.93          5.93       59.30        0.00      0
      7624     41.94         17.15       60.03       11.15      0
      7625     41.95          3.12       31.22        0.00      0
      7626     41.95          3.12       31.22        0.00      0
      7627     41.97          5.93       59.30        0.00      0
      7628     41.98          3.12       31.22        0.00      0
      7629     41.98          3.12       31.22        0.00      0
      7630     41.99          3.12       31.22        0.00      0
      7631     41.99          3.12       31.22        0.00      0
      7632     42.00          5.93       59.30        0.00      0
      7633     42.00          3.12       31.22        0.00      0
      7634     42.01          5.47       54.66        0.00      0
      7635     42.02          5.93       59.30        0.00      0
      7636     42.03          4.98       49.78        0.00      0
      7637     42.04          3.12       31.22        0.00      0
      7638     42.04          3.12       31.22        0.00      0
      7639     42.05          4.98       49.78        0.00      0
      7640     42.06          3.12       31.22        0.00      0
      7641     42.06          4.98       49.78        0.00      0
      7642     42.06          4.98       49.78        0.00      0
      7643     42.07          4.98       49.78        0.00      0
      7644     42.07          3.12       31.22        0.00      0
      7645     42.08          3.12       31.22        0.00      0
      7646     42.09          5.93       59.30        0.00      0
      7647     42.09          3.12       31.22        0.00      0
      7648     42.10          4.98       49.78        0.00      0
      7649     42.11          3.12       31.22        0.00      0
      7650     42.12          4.98       49.78        0.00      0
      7651     42.12          3.12       31.22        0.00      0
      7652     42.13          4.98       49.78        0.00      0
      7653     42.14          4.98       49.78        0.00      0
      7654     42.14          4.98       49.78        0.00      0
      7655     42.15          3.12       31.22        0.00      0
      7656     42.15          3.12       31.22        0.00      0
      7657     42.16          4.98       49.78        0.00      0
      7658     42.17          3.12       31.22        0.00      0
      7659     42.17          4.98       49.78        0.00      0
      7660     42.17          4.98       49.78        0.00      0
      7661     42.18          5.93       59.30        0.00      0
      7662     42.18          3.12       31.22        0.00      0
      7663     42.19          4.98       49.78        0.00      0
      7664     42.19          3.12       31.22        0.00      0
      7665     42.20          4.98       49.78        0.00      0
      7666     42.21          4.98       49.78        0.00      0
      7667     42.21          3.12       31.22        0.00      0
      7668     42.22          3.12       31.22        0.00      0
      7669     42.23          3.12       31.22        0.00      0
      7670     42.23          3.12       31.22        0.00      0
      7671     42.24          3.12       31.22        0.00      0
      7672     42.24          3.12       31.22        0.00      0
      7673     42.25          3.12       31.22        0.00      0
      7674     42.25          4.98       49.78        0.00      0
      7675     42.25          4.98       49.78        0.00      0
      7676     42.26          3.12       31.22        0.00      0
      7677     42.26          4.98       49.78        0.00      0
      7678     42.27          3.12       31.22        0.00      0
      7679     42.28          4.98       49.78        0.00      0
      7680     42.28          3.12       31.22        0.00      0
      7681     42.29          3.12       31.22        0.00      0
      7682     42.30          3.12       31.22        0.00      0
      7683     42.31          4.98       49.78        0.00      0
      7684     42.31          4.98       49.78        0.00      0
      7685     42.32          4.98       49.78        0.00      0
      7686     42.33          4.98       49.78        0.00      0
      7687     42.33          3.12       31.22        0.00      0
      7688     42.34          3.12       31.22        0.00      0
      7689     42.34          3.12       31.22        0.00      0
      7690     42.34          3.12       31.22        0.00      0
      7691     42.35          3.12       31.22        0.00      0
      7692     42.35          3.12       31.22        0.00      0
      7693     42.36          3.12       31.22        0.00      0
      7694     42.36          4.98       49.78        0.00      0
      7695     42.36          3.12       31.22        0.00      0
      7696     42.36          3.12       31.22        0.00      0
      7697     42.37          3.12       31.22        0.00      0
      7698     42.37          3.12       31.22        0.00      0
      7699     42.38          4.98       49.78        0.00      0
      7700     42.38          4.98       49.78        0.00      0
      7701     42.39          3.12       31.22        0.00      0
      7702     42.39          5.93       59.30        0.00      0
      7703     42.40          4.98       49.78        0.00      0
      7704     42.40          3.12       31.22        0.00      0
      7705     42.40          3.12       31.22        0.00      0
      7706     42.41          3.12       31.22        0.00      0
      7707     42.41          4.98       49.78        0.00      0
      7708     42.41          3.12       31.22        0.00      0
      7709     42.42          5.93       59.30        0.00      0
      7710     42.42          3.12       31.22        0.00      0
      7711     42.42          3.12       31.22        0.00      0
      7712     42.43          3.12       31.22        0.00      0
      7713     42.43          4.98       49.78        0.00      0
      7714     42.44          5.93       59.30        0.00      0
      7715     42.44          3.12       31.22        0.00      0
      7716     42.45          3.12       31.22        0.00      0
      7717     42.45          5.93       59.30        0.00      0
      7718     42.46          3.12       31.22        0.00      0
      7719     42.46          5.93       59.30        0.00      0
      7720     42.46          4.98       49.78        0.00      0
      7721     42.47          4.98       49.78        0.00      0
      7722     42.47          3.12       31.22        0.00      0
      7723     42.48          4.98       49.78        0.00      0
      7724     42.48          3.12       31.22        0.00      0
      7725     42.49          3.12       31.22        0.00      0
      7726     42.49          4.98       49.78        0.00      0
      7727     42.50          4.98       49.78        0.00      0
      7728     42.50          6.15       50.03        1.15      0
      7729     42.51          5.93       59.30        0.00      0
      7730     42.51          4.98       49.78        0.00      0
      7731     42.51          3.12       31.22        0.00      0
      7732     42.52          3.12       31.22        0.00      0
      7733     42.52          3.12       31.22        0.00      0
      7734     42.53          4.98       49.78        0.00      0
      7735     42.53          4.98       49.78        0.00      0
      7736     42.54          4.98       49.78        0.00      0
      7737     42.55          3.12       31.22        0.00      0
      7738     42.55          3.12       31.22        0.00      0
      7739     42.56          3.12       31.22        0.00      0
      7740     42.56          3.12       31.22        0.00      0
      7741     42.57          4.98       49.78        0.00      0
      7742     42.57          5.93       59.30        0.00      0
      7743     42.58          3.12       31.22        0.00      0
      7744     42.58          4.98       49.78        0.00      0
      7745     42.59          3.12       31.22        0.00      0
      7746     42.59          3.12       31.22        0.00      0
      7747     42.60          3.12       31.22        0.00      0
      7748     42.60          3.12       31.22        0.00      0
      7749     42.60          4.98       49.78        0.00      0
      7750     42.61          4.98       49.78        0.00      0
      7751     42.61          3.12       31.22        0.00      0
      7752     42.62          3.12       31.22        0.00      0
      7753     42.62          3.12       31.22        0.00      0
      7754     42.63          5.93       59.30        0.00      0
      7755     42.63          3.12       31.22        0.00      0
      7756     42.64          3.12       31.22        0.00      0
      7757     42.66          4.98       49.78        0.00      0
      7758     42.67          3.12       31.22        0.00      0
      7759     42.67          3.12       31.22        0.00      0
      7760     42.68          5.93       59.30        0.00      0
      7761     42.69          3.12       31.22        0.00      0
      7762     42.69          4.98       49.78        0.00      0
      7763     42.70          4.98       49.78        0.00      0
      7764     42.70          4.98       49.78        0.00      0
      7765     42.71          3.12       31.22        0.00      0
      7766     42.72          4.98       49.78        0.00      0
      7767     42.73          3.12       31.22        0.00      0
      7768     42.74          3.12       31.22        0.00      0
      7769     42.75          5.47       54.66        0.00      0
      7770     42.76          4.98       49.78        0.00      0
      7771     42.77          3.12       31.22        0.00      0
      7772     42.77          4.98       49.78        0.00      0
      7773     42.77          3.12       31.22        0.00      0
      7774     42.78          3.12       31.22        0.00      0
      7775     42.79          4.98       49.78        0.00      0
      7776     42.80          4.98       49.78        0.00      0
      7777     42.80          3.12       31.22        0.00      0
      7778     42.81          4.98       49.78        0.00      0
      7779     42.81          3.12       31.22        0.00      0
      7780     42.82          4.98       49.78        0.00      0
      7781     42.83          4.98       49.78        0.00      0
      7782     42.83          5.68       56.82        0.00      0
      7783     42.84          3.12       31.22        0.00      0
      7784     42.84          3.12       31.22        0.00      0
      7785     42.85          3.12       31.22        0.00      0
      7786     42.86          4.98       49.78        0.00      0
      7787     42.87          4.98       49.78        0.00      0
      7788     42.87          3.12       31.22        0.00      0
      7789     42.88          4.98       49.78        0.00      0
      7790     42.88          3.12       31.22        0.00      0
      7791     42.89          3.12       31.22        0.00      0
      7792     42.90          3.12       31.22        0.00      0
      7793     42.90          3.12       31.22        0.00      0
      7794     42.91          4.98       49.78        0.00      0
      7795     42.92          4.98       49.78        0.00      0
      7796     42.92          5.93       59.30        0.00      0
      7797     42.93          3.12       31.22        0.00      0
      7798     42.94          3.12       31.22        0.00      0
      7799     42.94          4.98       49.78        0.00      0
      7800     42.94          4.98       49.78        0.00      0
      7801     42.95          4.98       49.78        0.00      0
      7802     42.96          3.12       31.22        0.00      0
      7803     42.96          4.98       49.78        0.00      0
      7804     42.97          3.12       31.22        0.00      0
      7805     42.98          5.47       54.66        0.00      0
      7806     42.98          5.93       59.30        0.00      0
      7807     42.99          3.12       31.22        0.00      0
      7808     43.00          4.98       49.78        0.00      0
      7809     43.00          4.98       49.78        0.00      0
      7810     43.01          3.12       31.22        0.00      0
      7811     43.02          4.98       49.78        0.00      0
      7812     43.03          3.12       31.22        0.00      0
      7813     43.04          4.98       49.78        0.00      0
      7814     43.04          3.12       31.22        0.00      0
      7815     43.05          5.93       59.30        0.00      0
      7816     43.06          4.98       49.78        0.00      0
      7817     43.07          3.12       31.22        0.00      0
      7818     43.08          4.98       49.78        0.00      0
      7819     43.09          3.12       31.22        0.00      0
      7820     43.10          4.98       49.78        0.00      0
      7821     43.11          3.12       31.22        0.00      0
      7822     43.11          3.12       31.22        0.00      0
      7823     43.12          4.98       49.78        0.00      0
      7824     43.12          3.12       31.22        0.00      0
      7825     43.14          5.93       59.30        0.00      0
      7826     43.15          3.12       31.22        0.00      0
      7827     43.15          4.98       49.78        0.00      0
      7828     43.16          4.98       49.78        0.00      0
      7829     43.17          3.12       31.22        0.00      0
      7830     43.17          3.12       31.22        0.00      0
      7831     43.18          3.12       31.22        0.00      0
      7832     43.19          4.98       49.78        0.00      0
      7833     43.20          3.12       31.22        0.00      0
      7834     43.20          4.98       49.78        0.00      0
      7835     43.21          3.12       31.22        0.00      0
      7836     43.23          3.12       31.22        0.00      0
      7837     43.23          4.98       49.78        0.00      0
      7838     43.25          4.98       49.78        0.00      0
      7839     43.25          3.12       31.22        0.00      0
      7840     43.26          4.98       49.78        0.00      0
      7841     43.26          3.12       31.22        0.00      0
      7842     43.27          4.98       49.78        0.00      0
      7843     43.28          3.12       31.22        0.00      0
      7844     43.29          3.12       31.22        0.00      0
      7845     43.30          4.98       49.78        0.00      0
      7846     43.31          3.12       31.22        0.00      0
      7847     43.32          4.98       49.78        0.00      0
      7848     43.32          4.98       49.78        0.00      0
      7849     43.33          3.12       31.22        0.00      0
      7850     43.34          3.12       31.22        0.00      0
      7851     43.34          5.93       59.30        0.00      0
      7852     43.35          4.98       49.78        0.00      0
      7853     43.36          3.12       31.22        0.00      0
      7854     43.36          3.12       31.22        0.00      0
      7855     43.37          3.12       31.22        0.00      0
      7856     43.38          5.93       59.30        0.00      0
      7857     43.39          4.98       49.78        0.00      0
      7858     43.40          3.12       31.22        0.00      0
      7859     43.40          3.12       31.22        0.00      0
      7860     43.41          4.98       49.78        0.00      0
      7861     43.41          3.12       31.22        0.00      0
      7862     43.43          3.12       31.22        0.00      0
      7863     43.43          4.98       49.78        0.00      0
      7864     43.44          4.98       49.78        0.00      0
      7865     43.45          4.98       49.78        0.00      0
      7866     43.45          3.12       31.22        0.00      0
      7867     43.46          3.12       31.22        0.00      0
      7868     43.47          4.98       49.78        0.00      0
      7869     43.47          3.12       31.22        0.00      0
      7870     43.48          3.12       31.22        0.00      0
      7871     43.49          3.12       31.22        0.00      0
      7872     43.49          3.12       31.22        0.00      0
      7873     43.50          4.98       49.78        0.00      0
      7874     43.50          3.12       31.22        0.00      0
      7875     43.51          3.12       31.22        0.00      0
      7876     43.51          3.12       31.22        0.00      0
      7877     43.52          3.12       31.22        0.00      0
      7878     43.52          3.12       31.22        0.00      0
      7879     43.52          3.12       31.22        0.00      0
      7880     43.53          3.12       31.22        0.00      0
      7881     43.53          4.98       49.78        0.00      0
      7882     43.54          3.12       31.22        0.00      0
      7883     43.55          4.98       49.78        0.00      0
      7884     43.55          3.12       31.22        0.00      0
      7885     43.56          3.12       31.22        0.00      0
      7886     43.56          3.12       31.22        0.00      0
      7887     43.57          3.12       31.22        0.00      0
      7888     43.57          4.98       49.78        0.00      0
      7889     43.58          3.12       31.22        0.00      0
      7890     43.59          3.12       31.22        0.00      0
      7891     43.59          4.98       49.78        0.00      0
      7892     43.60          5.93       59.30        0.00      0
      7893     43.60          5.47       54.66        0.00      0
      7894     43.61          3.12       31.22        0.00      0
      7895     43.61          3.12       31.22        0.00      0
      7896     43.62          4.98       49.78        0.00      0
      7897     43.62          4.98       49.78        0.00      0
      7898     43.63          4.98       49.78        0.00      0
      7899     43.64          3.12       31.22        0.00      0
      7900     43.64          3.12       31.22        0.00      0
      7901     43.64          4.98       49.78        0.00      0
      7902     43.65          3.12       31.22        0.00      0
      7903     43.65          3.12       31.22        0.00      0
      7904     43.66          5.93       59.30        0.00      0
      7905     43.66          3.12       31.22        0.00      0
      7906     43.67          3.12       31.22        0.00      0
      7907     43.67          4.98       49.78        0.00      0
      7908     43.68          3.12       31.22        0.00      0
      7909     43.68          3.12       31.22        0.00      0
      7910     43.69          3.12       31.22        0.00      0
      7911     43.69          3.12       31.22        0.00      0
      7912     43.69          4.98       49.78        0.00      0
      7913     43.70          3.12       31.22        0.00      0
      7914     43.70          3.12       31.22        0.00      0
      7915     43.70          4.98       49.78        0.00      0
      7916     43.71          3.12       31.22        0.00      0
      7917     43.71          4.98       49.78        0.00      0
      7918     43.71          3.12       31.22        0.00      0
      7919     43.72          3.12       31.22        0.00      0
      7920     43.72          4.98       49.78        0.00      0
      7921     43.72          3.12       31.22        0.00      0
      7922     43.73          3.12       31.22        0.00      0
      7923     43.73          4.98       49.78        0.00      0
      7924     43.73          3.12       31.22        0.00      0
      7925     43.74          3.12       31.22        0.00      0
      7926     43.74          5.93       59.30        0.00      0
      7927     43.75          5.93       59.30        0.00      0
      7928     43.75          4.98       49.78        0.00      0
      7929     43.75          3.12       31.22        0.00      0
      7930     43.76          4.98       49.78        0.00      0
      7931     43.76          3.12       31.22        0.00      0
      7932     43.77          4.98       49.78        0.00      0
      7933     43.77          4.98       49.78        0.00      0
      7934     43.77          3.12       31.22        0.00      0
      7935     43.78          3.12       31.22        0.00      0
      7936     43.78          3.12       31.22        0.00      0
      7937     43.79          4.98       49.78        0.00      0
      7938     43.79         17.15       60.03       11.15      0
      7939     43.79          4.98       49.78        0.00      0
      7940     43.80          4.98       49.78        0.00      0
      7941     43.80          3.12       31.22        0.00      0
      7942     43.81          5.93       59.30        0.00      0
      7943     43.81          3.12       31.22        0.00      0
      7944     43.81          3.12       31.22        0.00      0
      7945     43.82          3.12       31.22        0.00      0
      7946     43.83          4.98       49.78        0.00      0
      7947     43.83          3.12       31.22        0.00      0
      7948     43.84          4.98       49.78        0.00      0
      7949     43.84          3.12       31.22        0.00      0
      7950     43.85          3.12       31.22        0.00      0
      7951     43.86          5.93       59.30        0.00      0
      7952     43.86          4.98       49.78        0.00      0
      7953     43.87          3.12       31.22        0.00      0
      7954     43.88          4.98       49.78        0.00      0
      7955     43.89          4.98       49.78        0.00      0
      7956     43.89          4.98       49.78        0.00      0
      7957     43.90          3.12       31.22        0.00      0
      7958     43.90          3.12       31.22        0.00      0
      7959     43.90          3.12       31.22        0.00      0
      7960     43.91          4.98       49.78        0.00      0
      7961     43.91          3.12       31.22        0.00      0
      7962     43.92          5.93       59.30        0.00      0
      7963     43.93          3.12       31.22        0.00      0
      7964     43.94          4.98       49.78        0.00      0
      7965     43.94          3.12       31.22        0.00      0
      7966     43.94          4.98       49.78        0.00      0
      7967     43.95          3.12       31.22        0.00      0
      7968     43.95          3.12       31.22        0.00      0
      7969     43.96          3.12       31.22        0.00      0
      7970     43.96          4.98       49.78        0.00      0
      7971     43.96          3.12       31.22        0.00      0
      7972     43.97          3.12       31.22        0.00      0
      7973     43.97          3.12       31.22        0.00      0
      7974     43.98          4.98       49.78        0.00      0
      7975     43.98          4.98       49.78        0.00      0
      7976     43.98          4.98       49.78        0.00      0
      7977     43.99          4.98       49.78        0.00      0
      7978     43.99          3.12       31.22        0.00      0
      7979     44.00          4.98       49.78        0.00      0
      7980     44.00          5.93       59.30        0.00      0
      7981     44.01          3.12       31.22        0.00      0
      7982     44.01          3.12       31.22        0.00      0
      7983     44.02          4.98       49.78        0.00      0
      7984     44.02          3.12       31.22        0.00      0
      7985     44.03          3.12       31.22        0.00      0
      7986     44.03          3.12       31.22        0.00      0
      7987     44.04          3.12       31.22        0.00      0
      7988     44.04          3.12       31.22        0.00      0
      7989     44.05          3.12       31.22        0.00      0
      7990     44.05          3.12       31.22        0.00      0
      7991     44.05          3.12       31.22        0.00      0
      7992     44.06          4.98       49.78        0.00      0
      7993     44.06          5.47       54.66        0.00      0
      7994     44.06          4.98       49.78        0.00      0
      7995     44.07          5.93       59.30        0.00      0
      7996     44.07          4.98       49.78        0.00      0
      7997     44.08          4.98       49.78        0.00      0
      7998     44.08          4.98       49.78        0.00      0
      7999     44.08          4.98       49.78        0.00      0
      8000     44.09          5.47       54.66        0.00      0
      8001     44.10          3.12       31.22        0.00      0
      8002     44.11          3.12       31.22        0.00      0
      8003     44.12          4.98       49.78        0.00      0
      8004     44.12          3.12       31.22        0.00      0
      8005     44.13          3.12       31.22        0.00      0
      8006     44.13          3.12       31.22        0.00      0
      8007     44.14          4.98       49.78        0.00      0
      8008     44.14          3.12       31.22        0.00      0
      8009     44.14          3.12       31.22        0.00      0
      8010     44.15          5.93       59.30        0.00      0
      8011     44.15          5.47       54.66        0.00      0
      8012     44.16          4.98       49.78        0.00      0
      8013     44.16          3.12       31.22        0.00      0
      8014     44.17          3.12       31.22        0.00      0
      8015     44.17          3.12       31.22        0.00      0
      8016     44.18          3.12       31.22        0.00      0
      8017     44.18          3.12       31.22        0.00      0
      8018     44.19          4.98       49.78        0.00      0
      8019     44.19          3.12       31.22        0.00      0
      8020     44.20          4.98       49.78        0.00      0
      8021     44.20          3.12       31.22        0.00      0
      8022     44.21          5.93       59.30        0.00      0
      8023     44.21          3.12       31.22        0.00      0
      8024     44.22          3.12       31.22        0.00      0
      8025     44.23          4.98       49.78        0.00      0
      8026     44.23          3.12       31.22        0.00      0
      8027     44.24          3.12       31.22        0.00      0
      8028     44.24          3.12       31.22        0.00      0
      8029     44.25          3.12       31.22        0.00      0
      8030     44.25          3.12       31.22        0.00      0
      8031     44.26          3.12       31.22        0.00      0
      8032     44.27          4.98       49.78        0.00      0
      8033     44.27          3.12       31.22        0.00      0
      8034     44.28          4.98       49.78        0.00      0
      8035     44.28          3.12       31.22        0.00      0
      8036     44.29          3.12       31.22        0.00      0
      8037     44.29          3.12       31.22        0.00      0
      8038     44.30          3.12       31.22        0.00      0
      8039     44.30          5.93       59.30        0.00      0
      8040     44.31          3.12       31.22        0.00      0
      8041     44.31          3.12       31.22        0.00      0
      8042     44.31          3.12       31.22        0.00      0
      8043     44.32          3.12       31.22        0.00      0
      8044     44.32          4.98       49.78        0.00      0
      8045     44.33          6.15       50.03        1.15      0
      8046     44.33          3.12       31.22        0.00      0
      8047     44.34          3.12       31.22        0.00      0
      8048     44.34          5.47       54.66        0.00      0
      8049     44.35          3.12       31.22        0.00      0
      8050     44.35          4.98       49.78        0.00      0
      8051     44.35          3.12       31.22        0.00      0
      8052     44.36          3.12       31.22        0.00      0
      8053     44.36          4.98       49.78        0.00      0
      8054     44.37          4.98       49.78        0.00      0
      8055     44.37          4.98       49.78        0.00      0
      8056     44.38          4.98       49.78        0.00      0
      8057     44.39          4.98       49.78        0.00      0
      8058     44.39          3.12       31.22        0.00      0
      8059     44.39          3.12       31.22        0.00      0
      8060     44.40          4.98       49.78        0.00      0
      8061     44.40          5.93       59.30        0.00      0
      8062     44.41          5.93       59.30        0.00      0
      8063     44.41          3.12       31.22        0.00      0
      8064     44.42          4.98       49.78        0.00      0
      8065     44.42          4.98       49.78        0.00      0
      8066     44.42          3.12       31.22        0.00      0
      8067     44.43          4.98       49.78        0.00      0
      8068     44.43          3.12       31.22        0.00      0
      8069     44.43          3.12       31.22        0.00      0
      8070     44.44          3.12       31.22        0.00      0
      8071     44.44          4.98       49.78        0.00      0
      8072     44.45          3.12       31.22        0.00      0
      8073     44.45          3.12       31.22        0.00      0
      8074     44.46          5.93       59.30        0.00      0
      8075     44.46          3.12       31.22        0.00      0
      8076     44.47          5.93       59.30        0.00      0
      8077     44.47          4.98       49.78        0.00      0
      8078     44.48          4.98       49.78        0.00      0
      8079     44.48          3.12       31.22        0.00      0
      8080     44.49          5.93       59.30        0.00      0
      8081     44.49          4.98       49.78        0.00      0
      8082     44.50          3.12       31.22        0.00      0
      8083     44.50          5.47       54.66        0.00      0
      8084     44.51          4.98       49.78        0.00      0
      8085     44.51          4.98       49.78        0.00      0
      8086     44.52          3.12       31.22        0.00      0
      8087     44.52          4.98       49.78        0.00      0
      8088     44.53          4.98       49.78        0.00      0
      8089     44.53          3.12       31.22        0.00      0
      8090     44.53          3.12       31.22        0.00      0
      8091     44.54          3.12       31.22        0.00      0
      8092     44.54          4.98       49.78        0.00      0
      8093     44.55          3.12       31.22        0.00      0
      8094     44.55          3.12       31.22        0.00      0
      8095     44.56          4.98       49.78        0.00      0
      8096     44.56          4.98       49.78        0.00      0
      8097     44.57          5.93       59.30        0.00      0
      8098     44.57          3.12       31.22        0.00      0
      8099     44.58          3.12       31.22        0.00      0
      8100     44.58          3.12       31.22        0.00      0
      8101     44.58          4.98       49.78        0.00      0
      8102     44.59          4.98       49.78        0.00      0
      8103     44.60          3.12       31.22        0.00      0
      8104     44.60          3.12       31.22        0.00      0
      8105     44.60          3.12       31.22        0.00      0
      8106     44.61          3.12       31.22        0.00      0
      8107     44.61          5.47       54.66        0.00      0
      8108     44.62          3.12       31.22        0.00      0
      8109     44.62          4.98       49.78        0.00      0
      8110     44.62          4.98       49.78        0.00      0
      8111     44.63          4.98       49.78        0.00      0
      8112     44.63          5.93       59.30        0.00      0
      8113     44.64          5.68       56.82        0.00      0
      8114     44.64          3.12       31.22        0.00      0
      8115     44.65          5.93       59.30        0.00      0
      8116     44.65          3.12       31.22        0.00      0
      8117     44.66          3.12       31.22        0.00      0
      8118     44.66          3.12       31.22        0.00      0
      8119     44.67          3.12       31.22        0.00      0
      8120     44.67          3.12       31.22        0.00      0
      8121     44.68          3.12       31.22        0.00      0
      8122     44.68          4.98       49.78        0.00      0
      8123     44.69          3.12       31.22        0.00      0
      8124     44.69          3.12       31.22        0.00      0
      8125     44.69          3.12       31.22        0.00      0
      8126     44.70          3.12       31.22        0.00      0
      8127     44.71          3.12       31.22        0.00      0
      8128     44.71          3.12       31.22        0.00      0
      8129     44.72          5.93       59.30        0.00      0
      8130     44.73          3.12       31.22        0.00      0
      8131     44.73          4.98       49.78        0.00      0
      8132     44.74          3.12       31.22        0.00      0
      8133     44.74          3.12       31.22        0.00      0
      8134     44.74          5.93       59.30        0.00      0
      8135     44.75          5.93       59.30        0.00      0
      8136     44.75          4.98       49.78        0.00      0
      8137     44.76          3.12       31.22        0.00      0
      8138     44.76          4.98       49.78        0.00      0
      8139     44.76          4.98       49.78        0.00      0
      8140     44.77          5.93       59.30        0.00      0
      8141     44.78          4.98       49.78        0.00      0
      8142     44.78          3.12       31.22        0.00      0
      8143     44.78          3.12       31.22        0.00      0
      8144     44.79          3.12       31.22        0.00      0
      8145     44.79          3.12       31.22        0.00      0
      8146     44.80          3.12       31.22        0.00      0
      8147     44.80          3.12       31.22        0.00      0
      8148     44.81          4.98       49.78        0.00      0
      8149     44.81          4.98       49.78        0.00      0
      8150     44.81          3.12       31.22        0.00      0
      8151     44.82          3.12       31.22        0.00      0
      8152     44.82          3.12       31.22        0.00      0
      8153     44.83          3.12       31.22        0.00      0
      8154     44.84          4.98       49.78        0.00      0
      8155     44.85          3.12       31.22        0.00      0
      8156     44.85          4.98       49.78        0.00      0
      8157     44.86          4.98       49.78        0.00      0
      8158     44.86          3.12       31.22        0.00      0
      8159     44.86          4.98       49.78        0.00      0
      8160     44.87          3.12       31.22        0.00      0
      8161     44.88          3.12       31.22        0.00      0
      8162     44.89          4.98       49.78        0.00      0
      8163     44.90          3.12       31.22        0.00      0
      8164     44.90          3.12       31.22        0.00      0
      8165     44.91          3.12       31.22        0.00      0
      8166     44.92          3.12       31.22        0.00      0
      8167     44.93          5.47       54.66        0.00      0
      8168     44.94          4.98       49.78        0.00      0
      8169     44.94          5.93       59.30        0.00      0
      8170     44.95          3.12       31.22        0.00      0
      8171     44.96          4.98       49.78        0.00      0
      8172     44.96          3.12       31.22        0.00      0
      8173     44.97          4.98       49.78        0.00      0
      8174     44.98          3.12       31.22        0.00      0
      8175     44.98          3.12       31.22        0.00      0
      8176     44.99          3.12       31.22        0.00      0
      8177     44.99          3.12       31.22        0.00      0
      8178     45.00          3.12       31.22        0.00      0
      8179     45.01          3.12       31.22        0.00      0
      8180     45.01          5.93       59.30        0.00      0
      8181     45.01          3.12       31.22        0.00      0
      8182     45.02          4.98       49.78        0.00      0
      8183     45.02          3.12       31.22        0.00      0
      8184     45.03          3.12       31.22        0.00      0
      8185     45.04          3.12       31.22        0.00      0
      8186     45.04          3.12       31.22        0.00      0
      8187     45.05          3.12       31.22        0.00      0
      8188     45.06          3.12       31.22        0.00      0
      8189     45.06          3.12       31.22        0.00      0
      8190     45.07          3.12       31.22        0.00      0
      8191     45.07          4.98       49.78        0.00      0
      8192     45.08          5.47       54.66        0.00      0
      8193     45.08          3.12       31.22        0.00      0
      8194     45.09          4.98       49.78        0.00      0
      8195     45.09          3.12       31.22        0.00      0
      8196     45.10          4.98       49.78        0.00      0
      8197     45.11          3.12       31.22        0.00      0
      8198     45.11          3.12       31.22        0.00      0
      8199     45.12          4.98       49.78        0.00      0
      8200     45.13          4.98       49.78        0.00      0
      8201     45.13          3.12       31.22        0.00      0
      8202     45.14          3.12       31.22        0.00      0
      8203     45.14          4.98       49.78        0.00      0
      8204     45.15          3.12       31.22        0.00      0
      8205     45.16          3.12       31.22        0.00      0
      8206     45.16          3.12       31.22        0.00      0
      8207     45.16          3.12       31.22        0.00      0
      8208     45.17          4.98       49.78        0.00      0
      8209     45.17          4.98       49.78        0.00      0
      8210     45.18          3.12       31.22        0.00      0
      8211     45.19          3.12       31.22        0.00      0
      8212     45.19          3.12       31.22        0.00      0
      8213     45.19          3.12       31.22        0.00      0
      8214     45.20          3.12       31.22        0.00      0
      8215     45.20          4.98       49.78        0.00      0
      8216     45.21          3.12       31.22        0.00      0
      8217     45.22          3.12       31.22        0.00      0
      8218     45.22          3.12       31.22        0.00      0
      8219     45.22          3.12       31.22        0.00      0
      8220     45.23          3.12       31.22        0.00      0
      8221     45.23          3.12       31.22        0.00      0
      8222     45.24          3.12       31.22        0.00      0
      8223     45.24          3.12       31.22        0.00      0
      8224     45.24          3.12       31.22        0.00      0
      8225     45.25          4.98       49.78        0.00      0
      8226     45.25          4.98       49.78        0.00      0
      8227     45.26          3.12       31.22        0.00      0
      8228     45.26          3.12       31.22        0.00      0
      8229     45.27          4.98       49.78        0.00      0
      8230     45.27          3.12       31.22        0.00      0
      8231     45.27          3.12       31.22        0.00      0
      8232     45.28          4.98       49.78        0.00      0
      8233     45.28          4.98       49.78        0.00      0
      8234     45.28          3.12       31.22        0.00      0
      8235     45.29          3.12       31.22        0.00      0
      8236     45.29          4.98       49.78        0.00      0
      8237     45.30          4.98       49.78        0.00      0
      8238     45.30          5.93       59.30        0.00      0
      8239     45.31          3.12       31.22        0.00      0
      8240     45.31          3.12       31.22        0.00      0
      8241     45.32          3.12       31.22        0.00      0
      8242     45.32          3.12       31.22        0.00      0
      8243     45.33          3.12       31.22        0.00      0
      8244     45.33          3.12       31.22        0.00      0
      8245     45.34          3.12       31.22        0.00      0
      8246     45.34          4.98       49.78        0.00      0
      8247     45.35          3.12       31.22        0.00      0
      8248     45.35          5.47       54.66        0.00      0
      8249     45.36          3.12       31.22        0.00      0
      8250     45.36          3.12       31.22        0.00      0
      8251     45.36          3.12       31.22        0.00      0
      8252     45.37          3.12       31.22        0.00      0
      8253     45.37          3.12       31.22        0.00      0
      8254     45.38          3.12       31.22        0.00      0
      8255     45.38          4.98       49.78        0.00      0
      8256     45.38          3.12       31.22        0.00      0
      8257     45.39          4.98       49.78        0.00      0
      8258     45.39          4.98       49.78        0.00      0
      8259     45.40          4.98       49.78        0.00      0
      8260     45.40          3.12       31.22        0.00      0
      8261     45.40          3.12       31.22        0.00      0
      8262     45.41          5.47       54.66        0.00      0
      8263     45.41          5.93       59.30        0.00      0
      8264     45.42          3.12       31.22        0.00      0
      8265     45.43          3.12       31.22        0.00      0
      8266     45.43          3.12       31.22        0.00      0
      8267     45.44          3.12       31.22        0.00      0
      8268     45.44          3.12       31.22        0.00      0
      8269     45.45          3.12       31.22        0.00      0
      8270     45.45          3.12       31.22        0.00      0
      8271     45.46          3.12       31.22        0.00      0
      8272     45.46          3.12       31.22        0.00      0
      8273     45.47          3.12       31.22        0.00      0
      8274     45.47          3.12       31.22        0.00      0
      8275     45.47          3.12       31.22        0.00      0
      8276     45.48          3.12       31.22        0.00      0
      8277     45.48          4.98       49.78        0.00      0
      8278     45.49          4.98       49.78        0.00      0
      8279     45.49          4.98       49.78        0.00      0
      8280     45.49          3.12       31.22        0.00      0
      8281     45.50          3.12       31.22        0.00      0
      8282     45.50          4.98       49.78        0.00      0
      8283     45.51          5.93       59.30        0.00      0
      8284     45.51          3.12       31.22        0.00      0
      8285     45.52          3.12       31.22        0.00      0
      8286     45.52          3.12       31.22        0.00      0
      8287     45.53          3.12       31.22        0.00      0
      8288     45.54          3.12       31.22        0.00      0
      8289     45.54          4.98       49.78        0.00      0
      8290     45.55          3.12       31.22        0.00      0
      8291     45.55          3.12       31.22        0.00      0
      8292     45.56          4.98       49.78        0.00      0
      8293     45.56          3.12       31.22        0.00      0
      8294     45.57          3.12       31.22        0.00      0
      8295     45.57          3.12       31.22        0.00      0
      8296     45.58          3.12       31.22        0.00      0
      8297     45.58          3.12       31.22        0.00      0
      8298     45.59          4.98       49.78        0.00      0
      8299     45.59          3.12       31.22        0.00      0
      8300     45.60          3.12       31.22        0.00      0
      8301     45.60          4.98       49.78        0.00      0
      8302     45.60          3.12       31.22        0.00      0
      8303     45.61          3.12       31.22        0.00      0
      8304     45.61          3.12       31.22        0.00      0
      8305     45.62          3.12       31.22        0.00      0
      8306     45.63          4.98       49.78        0.00      0
      8307     45.63          3.12       31.22        0.00      0
      8308     45.63          3.12       31.22        0.00      0
      8309     45.63          3.12       31.22        0.00      0
      8310     45.64          4.98       49.78        0.00      0
      8311     45.64          5.93       59.30        0.00      0
      8312     45.65          3.12       31.22        0.00      0
      8313     45.65          3.12       31.22        0.00      0
      8314     45.66          5.93       59.30        0.00      0
      8315     45.66          4.98       49.78        0.00      0
      8316     45.66          4.98       49.78        0.00      0
      8317     45.67          3.12       31.22        0.00      0
      8318     45.67          4.98       49.78        0.00      0
      8319     45.68          3.12       31.22        0.00      0
      8320     45.68          3.12       31.22        0.00      0
      8321     45.69          3.12       31.22        0.00      0
      8322     45.69          3.12       31.22        0.00      0
      8323     45.70          4.98       49.78        0.00      0
      8324     45.70          3.12       31.22        0.00      0
      8325     45.71          3.12       31.22        0.00      0
      8326     45.72          4.98       49.78        0.00      0
      8327     45.72          5.47       54.66        0.00      0
      8328     45.73          4.98       49.78        0.00      0
      8329     45.74          3.12       31.22        0.00      0
      8330     45.75          3.12       31.22        0.00      0
      8331     45.75          4.98       49.78        0.00      0
      8332     45.76          3.12       31.22        0.00      0
      8333     45.76          3.12       31.22        0.00      0
      8334     45.77          4.98       49.78        0.00      0
      8335     45.77          3.12       31.22        0.00      0
      8336     45.78          5.93       59.30        0.00      0
      8337     45.78          5.93       59.30        0.00      0
      8338     45.79          4.98       49.78        0.00      0
      8339     45.80          3.12       31.22        0.00      0
      8340     45.81          4.98       49.78        0.00      0
      8341     45.81          3.12       31.22        0.00      0
      8342     45.82          3.12       31.22        0.00      0
      8343     45.82          4.98       49.78        0.00      0
      8344     45.83          4.98       49.78        0.00      0
      8345     45.84          3.12       31.22        0.00      0
      8346     45.84          4.98       49.78        0.00      0
      8347     45.85          3.12       31.22        0.00      0
      8348     45.85          3.12       31.22        0.00      0
      8349     45.86          5.68       56.82        0.00      0
      8350     45.87          4.98       49.78        0.00      0
      8351     45.87          3.12       31.22        0.00      0
      8352     45.87          3.12       31.22        0.00      0
      8353     45.88          4.98       49.78        0.00      0
      8354     45.89          3.12       31.22        0.00      0
      8355     45.89          3.12       31.22        0.00      0
      8356     45.90          3.12       31.22        0.00      0
      8357     45.91          5.93       59.30        0.00      0
      8358     45.92          3.12       31.22        0.00      0
      8359     45.92          3.12       31.22        0.00      0
      8360     45.93          5.47       54.66        0.00      0
      8361     45.93          3.12       31.22        0.00      0
      8362     45.93          4.98       49.78        0.00      0
      8363     45.94          4.98       49.78        0.00      0
      8364     45.95          4.98       49.78        0.00      0
      8365     45.95          3.12       31.22        0.00      0
      8366     45.96          5.93       59.30        0.00      0
      8367     45.97          4.98       49.78        0.00      0
      8368     45.97          3.12       31.22        0.00      0
      8369     45.98          3.12       31.22        0.00      0
      8370     45.98          3.12       31.22        0.00      0
      8371     45.99          3.12       31.22        0.00      0
      8372     46.00          3.12       31.22        0.00      0
      8373     46.00          5.93       59.30        0.00      0
      8374     46.00          4.98       49.78        0.00      0
      8375     46.01          3.12       31.22        0.00      0
      8376     46.02          3.12       31.22        0.00      0
      8377     46.03          4.98       49.78        0.00      0
      8378     46.03          3.12       31.22        0.00      0
      8379     46.04          3.12       31.22        0.00      0
      8380     46.04          3.12       31.22        0.00      0
      8381     46.05          5.93       59.30        0.00      0
      8382     46.06          3.12       31.22        0.00      0
      8383     46.06          3.12       31.22        0.00      0
      8384     46.07          4.98       49.78        0.00      0
      8385     46.08          4.98       49.78        0.00      0
      8386     46.08          3.12       31.22        0.00      0
      8387     46.09          3.12       31.22        0.00      0
      8388     46.10          3.12       31.22        0.00      0
      8389     46.11          4.98       49.78        0.00      0
      8390     46.11          4.98       49.78        0.00      0
      8391     46.12          3.12       31.22        0.00      0
      8392     46.12          5.93       59.30        0.00      0
      8393     46.13          3.12       31.22        0.00      0
      8394     46.14          4.98       49.78        0.00      0
      8395     46.15          4.98       49.78        0.00      0
      8396     46.15          3.12       31.22        0.00      0
      8397     46.16          3.12       31.22        0.00      0
      8398     46.17          4.98       49.78        0.00      0
      8399     46.17          3.12       31.22        0.00      0
      8400     46.18          4.98       49.78        0.00      0
      8401     46.18          3.12       31.22        0.00      0
      8402     46.19          3.12       31.22        0.00      0
      8403     46.19          3.12       31.22        0.00      0
      8404     46.19          3.12       31.22        0.00      0
      8405     46.20          3.12       31.22        0.00      0
      8406     46.20          4.98       49.78        0.00      0
      8407     46.21          4.98       49.78        0.00      0
      8408     46.22          3.12       31.22        0.00      0
      8409     46.23          3.12       31.22        0.00      0
      8410     46.23          3.12       31.22        0.00      0
      8411     46.24          4.98       49.78        0.00      0
      8412     46.24          3.12       31.22        0.00      0
      8413     46.25          3.12       31.22        0.00      0
      8414     46.26          3.12       31.22        0.00      0
      8415     46.26          3.12       31.22        0.00      0
      8416     46.27          4.98       49.78        0.00      0
      8417     46.28          4.98       49.78        0.00      0
      8418     46.28          3.12       31.22        0.00      0
      8419     46.29          3.12       31.22        0.00      0
      8420     46.29          3.12       31.22        0.00      0
      8421     46.30          3.12       31.22        0.00      0
      8422     46.31          3.12       31.22        0.00      0
      8423     46.31          4.98       49.78        0.00      0
      8424     46.32          3.12       31.22        0.00      0
      8425     46.32          3.12       31.22        0.00      0
      8426     46.33          3.12       31.22        0.00      0
      8427     46.34          3.12       31.22        0.00      0
      8428     46.34          4.98       49.78        0.00      0
      8429     46.35          3.12       31.22        0.00      0
      8430     46.35          4.98       49.78        0.00      0
      8431     46.35          4.98       49.78        0.00      0
      8432     46.36          4.98       49.78        0.00      0
      8433     46.36          5.47       54.66        0.00      0
      8434     46.37          3.12       31.22        0.00      0
      8435     46.37          3.12       31.22        0.00      0
      8436     46.38          4.98       49.78        0.00      0
      8437     46.39          4.98       49.78        0.00      0
      8438     46.39          4.98       49.78        0.00      0
      8439     46.40          5.93       59.30        0.00      0
      8440     46.40          4.98       49.78        0.00      0
      8441     46.41          3.12       31.22        0.00      0
      8442     46.41          3.12       31.22        0.00      0
      8443     46.41          5.93       59.30        0.00      0
      8444     46.42          3.12       31.22        0.00      0
      8445     46.43          5.93       59.30        0.00      0
      8446     46.43          3.12       31.22        0.00      0
      8447     46.43          4.98       49.78        0.00      0
      8448     46.44          4.98       49.78        0.00      0
      8449     46.44          3.12       31.22        0.00      0
      8450     46.45          5.47       54.66        0.00      0
      8451     46.45          3.12       31.22        0.00      0
      8452     46.45          5.93       59.30        0.00      0
      8453     46.46          4.98       49.78        0.00      0
      8454     46.46          3.12       31.22        0.00      0
      8455     46.47          3.12       31.22        0.00      0
      8456     46.47          3.12       31.22        0.00      0
      8457     46.48          3.12       31.22        0.00      0
      8458     46.49          4.98       49.78        0.00      0
      8459     46.49          3.12       31.22        0.00      0
      8460     46.49          3.12       31.22        0.00      0
      8461     46.50          4.98       49.78        0.00      0
      8462     46.51          3.12       31.22        0.00      0
      8463     46.51          3.12       31.22        0.00      0
      8464     46.52          3.12       31.22        0.00      0
      8465     46.52          4.98       49.78        0.00      0
      8466     46.52          4.98       49.78        0.00      0
      8467     46.53          4.98       49.78        0.00      0
      8468     46.53          4.98       49.78        0.00      0
      8469     46.54          3.12       31.22        0.00      0
      8470     46.54          5.47       54.66        0.00      0
      8471     46.54          3.12       31.22        0.00      0
      8472     46.55          4.98       49.78        0.00      0
      8473     46.56          3.12       31.22        0.00      0
      8474     46.56          4.98       49.78        0.00      0
      8475     46.56          5.93       59.30        0.00      0
      8476     46.57          3.12       31.22        0.00      0
      8477     46.57          4.98       49.78        0.00      0
      8478     46.58          4.98       49.78        0.00      0
      8479     46.58          4.98       49.78        0.00      0
      8480     46.59          4.98       49.78        0.00      0
      8481     46.59          4.98       49.78        0.00      0
      8482     46.60          4.98       49.78        0.00      0
      8483     46.60          4.98       49.78        0.00      0
      8484     46.61          5.93       59.30        0.00      0
      8485     46.61          3.12       31.22        0.00      0
      8486     46.62          4.98       49.78        0.00      0
      8487     46.62          3.12       31.22        0.00      0
      8488     46.62          3.12       31.22        0.00      0
      8489     46.63          5.93       59.30        0.00      0
      8490     46.63          3.12       31.22        0.00      0
      8491     46.64          4.98       49.78        0.00      0
      8492     46.64          3.12       31.22        0.00      0
      8493     46.64          3.12       31.22        0.00      0
      8494     46.65          3.12       31.22        0.00      0
      8495     46.66          3.12       31.22        0.00      0
      8496     46.66          4.98       49.78        0.00      0
      8497     46.67          4.98       49.78        0.00      0
      8498     46.67          4.98       49.78        0.00      0
      8499     46.68          5.93       59.30        0.00      0
      8500     46.68          5.93       59.30        0.00      0
      8501     46.69          3.12       31.22        0.00      0
      8502     46.69          3.12       31.22        0.00      0
      8503     46.70          4.98       49.78        0.00      0
      8504     46.70          3.12       31.22        0.00      0
      8505     46.71          3.12       31.22        0.00      0
      8506     46.71          5.93       59.30        0.00      0
      8507     46.71          3.12       31.22        0.00      0
      8508     46.72          3.12       31.22        0.00      0
      8509     46.72          3.12       31.22        0.00      0
      8510     46.73          4.98       49.78        0.00      0
      8511     46.74          3.12       31.22        0.00      0
      8512     46.74          3.12       31.22        0.00      0
      8513     46.75          5.47       54.66        0.00      0
      8514     46.76          3.12       31.22        0.00      0
      8515     46.76          5.93       59.30        0.00      0
      8516     46.76          3.12       31.22        0.00      0
      8517     46.77          3.12       31.22        0.00      0
      8518     46.77          5.93       59.30        0.00      0
      8519     46.78          4.98       49.78        0.00      0
      8520     46.78          4.98       49.78        0.00      0
      8521     46.78          3.12       31.22        0.00      0
      8522     46.79          3.12       31.22        0.00      0
      8523     46.79          4.98       49.78        0.00      0
      8524     46.80          3.12       31.22        0.00      0
      8525     46.80          4.98       49.78        0.00      0
      8526     46.81          4.98       49.78        0.00      0
      8527     46.81          3.12       31.22        0.00      0
      8528     46.81          4.98       49.78        0.00      0
      8529     46.82          3.12       31.22        0.00      0
      8530     46.82          5.47       54.66        0.00      0
      8531     46.83          4.98       49.78        0.00      0
      8532     46.83          4.98       49.78        0.00      0
      8533     46.84          5.93       59.30        0.00      0
      8534     46.84          3.12       31.22        0.00      0
      8535     46.85          4.98       49.78        0.00      0
      8536     46.85          3.12       31.22        0.00      0
      8537     46.86          4.98       49.78        0.00      0
      8538     46.86          4.98       49.78        0.00      0
      8539     46.87          3.12       31.22        0.00      0
      8540     46.87          3.12       31.22        0.00      0
      8541     46.88          3.12       31.22        0.00      0
      8542     46.88          3.12       31.22        0.00      0
      8543     46.89          4.98       49.78        0.00      0
      8544     46.89          4.98       49.78        0.00      0
      8545     46.90          4.98       49.78        0.00      0
      8546     46.90          5.93       59.30        0.00      0
      8547     46.91          3.12       31.22        0.00      0
      8548     46.91          4.98       49.78        0.00      0
      8549     46.92          4.98       49.78        0.00      0
      8550     46.92          3.12       31.22        0.00      0
      8551     46.92          4.98       49.78        0.00      0
      8552     46.93          4.98       49.78        0.00      0
      8553     46.94          4.98       49.78        0.00      0
      8554     46.95          3.12       31.22        0.00      0
      8555     46.95          4.98       49.78        0.00      0
      8556     46.96          4.98       49.78        0.00      0
      8557     46.96          3.12       31.22        0.00      0
      8558     46.97          3.12       31.22        0.00      0
      8559     46.98          5.93       59.30        0.00      0
      8560     46.98          4.98       49.78        0.00      0
      8561     46.99          4.98       49.78        0.00      0
      8562     46.99          4.68       46.82        0.00      0
      8563     47.00          3.12       31.22        0.00      0
      8564     47.00          4.98       49.78        0.00      0
      8565     47.01          4.98       49.78        0.00      0
      8566     47.02          4.98       49.78        0.00      0
      8567     47.02          3.12       31.22        0.00      0
      8568     47.03          3.12       31.22        0.00      0
      8569     47.04          3.12       31.22        0.00      0
      8570     47.04          3.12       31.22        0.00      0
      8571     47.04          3.12       31.22        0.00      0
      8572     47.05          3.12       31.22        0.00      0
      8573     47.06          3.12       31.22        0.00      0
      8574     47.06          4.98       49.78        0.00      0
      8575     47.06          5.93       59.30        0.00      0
      8576     47.07          4.98       49.78        0.00      0
      8577     47.07          3.12       31.22        0.00      0
      8578     47.08          3.12       31.22        0.00      0
      8579     47.08          3.12       31.22        0.00      0
      8580     47.09          4.98       49.78        0.00      0
      8581     47.09          3.12       31.22        0.00      0
      8582     47.10          3.12       31.22        0.00      0
      8583     47.10          4.98       49.78        0.00      0
      8584     47.11          4.98       49.78        0.00      0
      8585     47.11          3.12       31.22        0.00      0
      8586     47.12          3.12       31.22        0.00      0
      8587     47.13          3.12       31.22        0.00      0
      8588     47.13          3.12       31.22        0.00      0
      8589     47.14          4.98       49.78        0.00      0
      8590     47.15          3.12       31.22        0.00      0
      8591     47.15          3.12       31.22        0.00      0
      8592     47.16          3.12       31.22        0.00      0
      8593     47.17          3.12       31.22        0.00      0
      8594     47.17          4.98       49.78        0.00      0
      8595     47.18          5.93       59.30        0.00      0
      8596     47.18          3.12       31.22        0.00      0
      8597     47.19          3.12       31.22        0.00      0
      8598     47.19          3.12       31.22        0.00      0
      8599     47.19          3.12       31.22        0.00      0
      8600     47.20          5.93       59.30        0.00      0
      8601     47.20          4.98       49.78        0.00      0
      8602     47.21          5.93       59.30        0.00      0
      8603     47.21          4.98       49.78        0.00      0
      8604     47.22          3.12       31.22        0.00      0
      8605     47.22          3.12       31.22        0.00      0
      8606     47.23          3.12       31.22        0.00      0
      8607     47.23          3.12       31.22        0.00      0
      8608     47.24          3.12       31.22        0.00      0
      8609     47.24          4.98       49.78        0.00      0
      8610     47.25          4.98       49.78        0.00      0
      8611     47.25          3.12       31.22        0.00      0
      8612     47.26          4.98       49.78        0.00      0
      8613     47.26          3.12       31.22        0.00      0
      8614     47.26          5.93       59.30        0.00      0
      8615     47.27          4.98       49.78        0.00      0
      8616     47.28          4.98       49.78        0.00      0
      8617     47.28          3.12       31.22        0.00      0
      8618     47.29          3.12       31.22        0.00      0
      8619     47.30          3.12       31.22        0.00      0
      8620     47.30          3.12       31.22        0.00      0
      8621     47.30          3.12       31.22        0.00      0
      8622     47.31          3.12       31.22        0.00      0
      8623     47.31          3.12       31.22        0.00      0
      8624     47.31          3.12       31.22        0.00      0
      8625     47.32          3.12       31.22        0.00      0
      8626     47.32          4.98       49.78        0.00      0
      8627     47.32          3.12       31.22        0.00      0
      8628     47.33          3.12       31.22        0.00      0
      8629     47.33          3.12       31.22        0.00      0
      8630     47.34          4.98       49.78        0.00      0
      8631     47.34          3.12       31.22        0.00      0
      8632     47.35          5.47       54.66        0.00      0
      8633     47.35          3.12       31.22        0.00      0
      8634     47.36          4.98       49.78        0.00      0
      8635     47.36          3.12       31.22        0.00      0
      8636     47.37          4.98       49.78        0.00      0
      8637     47.37          4.98       49.78        0.00      0
      8638     47.38          3.12       31.22        0.00      0
      8639     47.39          3.12       31.22        0.00      0
      8640     47.39          3.12       31.22        0.00      0
      8641     47.39          4.98       49.78        0.00      0
      8642     47.40          3.12       31.22        0.00      0
      8643     47.40          3.12       31.22        0.00      0
      8644     47.40          3.12       31.22        0.00      0
      8645     47.41          3.12       31.22        0.00      0
      8646     47.41          4.98       49.78        0.00      0
      8647     47.42          3.12       31.22        0.00      0
      8648     47.42          4.98       49.78        0.00      0
      8649     47.42          4.98       49.78        0.00      0
      8650     47.43          5.47       54.66        0.00      0
      8651     47.43          3.12       31.22        0.00      0
      8652     47.44          5.47       54.66        0.00      0
      8653     47.45          3.12       31.22        0.00      0
      8654     47.45          4.98       49.78        0.00      0
      8655     47.46          3.12       31.22        0.00      0
      8656     47.46          3.12       31.22        0.00      0
      8657     47.47          3.12       31.22        0.00      0
      8658     47.48          3.12       31.22        0.00      0
      8659     47.48          4.98       49.78        0.00      0
      8660     47.49          3.12       31.22        0.00      0
      8661     47.49          3.12       31.22        0.00      0
      8662     47.50          3.12       31.22        0.00      0
      8663     47.50          4.98       49.78        0.00      0
      8664     47.51          4.98       49.78        0.00      0
      8665     47.51          4.98       49.78        0.00      0
      8666     47.52          4.98       49.78        0.00      0
      8667     47.52          3.12       31.22        0.00      0
      8668     47.53          3.12       31.22        0.00      0
      8669     47.53          4.98       49.78        0.00      0
      8670     47.53          3.12       31.22        0.00      0
      8671     47.54          3.12       31.22        0.00      0
      8672     47.54          4.98       49.78        0.00      0
      8673     47.55          3.12       31.22        0.00      0
      8674     47.55          3.12       31.22        0.00      0
      8675     47.56          3.12       31.22        0.00      0
      8676     47.56          3.12       31.22        0.00      0
      8677     47.57          4.98       49.78        0.00      0
      8678     47.57          4.98       49.78        0.00      0
      8679     47.58          3.12       31.22        0.00      0
      8680     47.59          3.12       31.22        0.00      0
      8681     47.59          4.98       49.78        0.00      0
      8682     47.60          3.12       31.22        0.00      0
      8683     47.60          5.47       54.66        0.00      0
      8684     47.61          4.98       49.78        0.00      0
      8685     47.61          5.93       59.30        0.00      0
      8686     47.62          4.98       49.78        0.00      0
      8687     47.62          3.12       31.22        0.00      0
      8688     47.63          5.93       59.30        0.00      0
      8689     47.64          4.98       49.78        0.00      0
      8690     47.64          3.12       31.22        0.00      0
      8691     47.64          3.12       31.22        0.00      0
      8692     47.65          3.12       31.22        0.00      0
      8693     47.66          3.12       31.22        0.00      0
      8694     47.66          4.98       49.78        0.00      0
      8695     47.66          4.98       49.78        0.00      0
      8696     47.67          3.12       31.22        0.00      0
      8697     47.68          4.98       49.78        0.00      0
      8698     47.68          3.12       31.22        0.00      0
      8699     47.69          3.12       31.22        0.00      0
      8700     47.69          3.12       31.22        0.00      0
      8701     47.70          4.98       49.78        0.00      0
      8702     47.70          5.93       59.30        0.00      0
      8703     47.71          4.98       49.78        0.00      0
      8704     47.71          4.98       49.78        0.00      0
      8705     47.72          4.98       49.78        0.00      0
      8706     47.72          4.98       49.78        0.00      0
      8707     47.73          3.12       31.22        0.00      0
      8708     47.73          3.12       31.22        0.00      0
      8709     47.73          4.98       49.78        0.00      0
      8710     47.74          5.93       59.30        0.00      0
      8711     47.74          3.12       31.22        0.00      0
      8712     47.75          3.12       31.22        0.00      0
      8713     47.76          4.98       49.78        0.00      0
      8714     47.76          3.12       31.22        0.00      0
      8715     47.77          3.12       31.22        0.00      0
      8716     47.77          3.12       31.22        0.00      0
      8717     47.77          3.12       31.22        0.00      0
      8718     47.78          5.93       59.30        0.00      0
      8719     47.78          3.12       31.22        0.00      0
      8720     47.79          3.12       31.22        0.00      0
      8721     47.80          3.12       31.22        0.00      0
      8722     47.81          4.98       49.78        0.00      0
      8723     47.81          4.98       49.78        0.00      0
      8724     47.81          3.12       31.22        0.00      0
      8725     47.82          4.98       49.78        0.00      0
      8726     47.82          3.12       31.22        0.00      0
      8727     47.83          4.98       49.78        0.00      0
      8728     47.83          3.12       31.22        0.00      0
      8729     47.84          3.12       31.22        0.00      0
      8730     47.85          5.47       54.66        0.00      0
      8731     47.85          3.12       31.22        0.00      0
      8732     47.86          3.12       31.22        0.00      0
      8733     47.86          3.12       31.22        0.00      0
      8734     47.86          4.98       49.78        0.00      0
      8735     47.87          4.98       49.78        0.00      0
      8736     47.87          4.98       49.78        0.00      0
      8737     47.88          3.12       31.22        0.00      0
      8738     47.88          4.68       46.82        0.00      0
      8739     47.89          4.98       49.78        0.00      0
      8740     47.89          3.12       31.22        0.00      0
      8741     47.90          3.12       31.22        0.00      0
      8742     47.90          3.12       31.22        0.00      0
      8743     47.91          3.12       31.22        0.00      0
      8744     47.91          3.12       31.22        0.00      0
      8745     47.91          5.93       59.30        0.00      0
      8746     47.92          5.93       59.30        0.00      0
      8747     47.92          5.47       54.66        0.00      0
      8748     47.93          3.12       31.22        0.00      0
      8749     47.93          3.12       31.22        0.00      0
      8750     47.94          3.12       31.22        0.00      0
      8751     47.94          5.93       59.30        0.00      0
      8752     47.95          4.98       49.78        0.00      0
      8753     47.95          4.98       49.78        0.00      0
      8754     47.95          3.12       31.22        0.00      0
      8755     47.96          4.98       49.78        0.00      0
      8756     47.96          4.98       49.78        0.00      0
      8757     47.97          3.12       31.22        0.00      0
      8758     47.97          3.12       31.22        0.00      0
      8759     47.97          3.12       31.22        0.00      0
      8760     47.98          4.98       49.78        0.00      0
      8761     47.98          5.93       59.30        0.00      0
      8762     47.99          4.98       49.78        0.00      0
      8763     48.00          3.12       31.22        0.00      0
      8764     48.00          4.98       49.78        0.00      0
      8765     48.00          3.12       31.22        0.00      0
      8766     48.01          4.98       49.78        0.00      0
      8767     48.01          4.98       49.78        0.00      0
      8768     48.01          4.98       49.78        0.00      0
      8769     48.02          3.12       31.22        0.00      0
      8770     48.03          3.12       31.22        0.00      0
      8771     48.03          4.98       49.78        0.00      0
      8772     48.04          4.98       49.78        0.00      0
      8773     48.04          3.12       31.22        0.00      0
      8774     48.05          4.98       49.78        0.00      0
      8775     48.05          4.98       49.78        0.00      0
      8776     48.06          3.12       31.22        0.00      0
      8777     48.06          4.98       49.78        0.00      0
      8778     48.07          3.12       31.22        0.00      0
      8779     48.07          3.12       31.22        0.00      0
      8780     48.08          3.12       31.22        0.00      0
      8781     48.08          4.98       49.78        0.00      0
      8782     48.09          3.12       31.22        0.00      0
      8783     48.09          3.12       31.22        0.00      0
      8784     48.10          3.12       31.22        0.00      0
      8785     48.10          3.12       31.22        0.00      0
      8786     48.11          3.12       31.22        0.00      0
      8787     48.11          3.12       31.22        0.00      0
      8788     48.12          4.98       49.78        0.00      0
      8789     48.12          3.12       31.22        0.00      0
      8790     48.13          4.98       49.78        0.00      0
      8791     48.13          4.98       49.78        0.00      0
      8792     48.14          5.93       59.30        0.00      0
      8793     48.14          3.12       31.22        0.00      0
      8794     48.15          3.12       31.22        0.00      0
      8795     48.16          3.12       31.22        0.00      0
      8796     48.16          5.93       59.30        0.00      0
      8797     48.17          4.98       49.78        0.00      0
      8798     48.17          3.12       31.22        0.00      0
      8799     48.17          3.12       31.22        0.00      0
      8800     48.18          3.12       31.22        0.00      0
      8801     48.18          3.12       31.22        0.00      0
      8802     48.19          3.12       31.22        0.00      0
      8803     48.20          3.12       31.22        0.00      0
      8804     48.21          3.12       31.22        0.00      0
      8805     48.21          3.12       31.22        0.00      0
      8806     48.22          3.12       31.22        0.00      0
      8807     48.23          3.12       31.22        0.00      0
      8808     48.23          4.98       49.78        0.00      0
      8809     48.24          3.12       31.22        0.00      0
      8810     48.24          3.12       31.22        0.00      0
      8811     48.25          3.12       31.22        0.00      0
      8812     48.26          4.98       49.78        0.00      0
      8813     48.27          3.12       31.22        0.00      0
      8814     48.27          4.98       49.78        0.00      0
      8815     48.28          4.98       49.78        0.00      0
      8816     48.29          3.12       31.22        0.00      0
      8817     48.29          4.98       49.78        0.00      0
      8818     48.30          4.98       49.78        0.00      0
      8819     48.30          4.98       49.78        0.00      0
      8820     48.31          3.12       31.22        0.00      0
      8821     48.31          3.12       31.22        0.00      0
      8822     48.32          4.98       49.78        0.00      0
      8823     48.32          4.98       49.78        0.00      0
      8824     48.33          3.12       31.22        0.00      0
      8825     48.33          4.98       49.78        0.00      0
      8826     48.33          3.12       31.22        0.00      0
      8827     48.34          4.98       49.78        0.00      0
      8828     48.34          3.12       31.22        0.00      0
      8829     48.35          5.47       54.66        0.00      0
      8830     48.35          3.12       31.22        0.00      0
      8831     48.35          4.98       49.78        0.00      0
      8832     48.36          5.93       59.30        0.00      0
      8833     48.36          3.12       31.22        0.00      0
      8834     48.37          4.98       49.78        0.00      0
      8835     48.37          4.98       49.78        0.00      0
      8836     48.38          3.12       31.22        0.00      0
      8837     48.38          3.12       31.22        0.00      0
      8838     48.39          3.12       31.22        0.00      0
      8839     48.39          3.12       31.22        0.00      0
      8840     48.39          3.12       31.22        0.00      0
      8841     48.40          3.12       31.22        0.00      0
      8842     48.40          3.12       31.22        0.00      0
      8843     48.41          3.12       31.22        0.00      0
      8844     48.41          3.12       31.22        0.00      0
      8845     48.42          4.98       49.78        0.00      0
      8846     48.42          3.12       31.22        0.00      0
      8847     48.43          3.12       31.22        0.00      0
      8848     48.43          4.98       49.78        0.00      0
      8849     48.44          4.98       49.78        0.00      0
      8850     48.44          3.12       31.22        0.00      0
      8851     48.45          4.98       49.78        0.00      0
      8852     48.45          3.12       31.22        0.00      0
      8853     48.46          3.12       31.22        0.00      0
      8854     48.46          3.12       31.22        0.00      0
      8855     48.47          5.93       59.30        0.00      0
      8856     48.47          4.98       49.78        0.00      0
      8857     48.47          4.68       46.82        0.00      0
      8858     48.48          3.12       31.22        0.00      0
      8859     48.48          4.98       49.78        0.00      0
      8860     48.49          3.12       31.22        0.00      0
      8861     48.49          3.12       31.22        0.00      0
      8862     48.49          5.93       59.30        0.00      0
      8863     48.50          3.12       31.22        0.00      0
      8864     48.50          3.12       31.22        0.00      0
      8865     48.51          3.12       31.22        0.00      0
      8866     48.51          5.93       59.30        0.00      0
      8867     48.52          3.12       31.22        0.00      0
      8868     48.52          3.12       31.22        0.00      0
      8869     48.53          3.12       31.22        0.00      0
      8870     48.53          3.12       31.22        0.00      0
      8871     48.54          3.12       31.22        0.00      0
      8872     48.54          3.12       31.22        0.00      0
      8873     48.54          3.12       31.22        0.00      0
      8874     48.55          3.12       31.22        0.00      0
      8875     48.55          4.98       49.78        0.00      0
      8876     48.56          5.93       59.30        0.00      0
      8877     48.56          3.12       31.22        0.00      0
      8878     48.57          3.12       31.22        0.00      0
      8879     48.57          3.12       31.22        0.00      0
      8880     48.58          4.98       49.78        0.00      0
      8881     48.58          3.12       31.22        0.00      0
      8882     48.59          3.12       31.22        0.00      0
      8883     48.60          5.93       59.30        0.00      0
      8884     48.61          4.98       49.78        0.00      0
      8885     48.61          3.12       31.22        0.00      0
      8886     48.62          3.12       31.22        0.00      0
      8887     48.63          3.12       31.22        0.00      0
      8888     48.63          3.12       31.22        0.00      0
      8889     48.64          4.98       49.78        0.00      0
      8890     48.64          4.98       49.78        0.00      0
      8891     48.65          3.12       31.22        0.00      0
      8892     48.66          3.12       31.22        0.00      0
      8893     48.66          4.98       49.78        0.00      0
      8894     48.67          3.12       31.22        0.00      0
      8895     48.68          4.98       49.78        0.00      0
      8896     48.68          3.12       31.22        0.00      0
      8897     48.69          3.12       31.22        0.00      0
      8898     48.69          4.98       49.78        0.00      0
      8899     48.70          3.12       31.22        0.00      0
      8900     48.71          4.98       49.78        0.00      0
      8901     48.71          5.93       59.30        0.00      0
      8902     48.72          3.12       31.22        0.00      0
      8903     48.72          3.12       31.22        0.00      0
      8904     48.73          3.12       31.22        0.00      0
      8905     48.73          3.12       31.22        0.00      0
      8906     48.74          3.12       31.22        0.00      0
      8907     48.75          3.12       31.22        0.00      0
      8908     48.76          3.12       31.22        0.00      0
      8909     48.76          5.47       54.66        0.00      0
      8910     48.77          3.12       31.22        0.00      0
      8911     48.77          3.12       31.22        0.00      0
      8912     48.78          3.12       31.22        0.00      0
      8913     48.78          3.12       31.22        0.00      0
      8914     48.79          3.12       31.22        0.00      0
      8915     48.79          3.12       31.22        0.00      0
      8916     48.80          3.12       31.22        0.00      0
      8917     48.81          4.98       49.78        0.00      0
      8918     48.81          3.12       31.22        0.00      0
      8919     48.82          4.98       49.78        0.00      0
      8920     48.83          5.47       54.66        0.00      0
      8921     48.83          4.98       49.78        0.00      0
      8922     48.84          3.12       31.22        0.00      0
      8923     48.84          4.98       49.78        0.00      0
      8924     48.85          4.98       49.78        0.00      0
      8925     48.85          3.12       31.22        0.00      0
      8926     48.85          3.12       31.22        0.00      0
      8927     48.86          3.12       31.22        0.00      0
      8928     48.87          3.12       31.22        0.00      0
      8929     48.87          3.12       31.22        0.00      0
      8930     48.88          3.12       31.22        0.00      0
      8931     48.89          4.98       49.78        0.00      0
      8932     48.89          5.93       59.30        0.00      0
      8933     48.90          3.12       31.22        0.00      0
      8934     48.91          3.12       31.22        0.00      0
      8935     48.91          3.12       31.22        0.00      0
      8936     48.92          3.12       31.22        0.00      0
      8937     48.92          3.12       31.22        0.00      0
      8938     48.92          3.12       31.22        0.00      0
      8939     48.93          4.98       49.78        0.00      0
      8940     48.94          3.12       31.22        0.00      0
      8941     48.94          3.12       31.22        0.00      0
      8942     48.94          4.98       49.78        0.00      0
      8943     48.95          3.12       31.22        0.00      0
      8944     48.96          4.98       49.78        0.00      0
      8945     48.97          3.12       31.22        0.00      0
      8946     48.97          3.12       31.22        0.00      0
      8947     48.98          3.12       31.22        0.00      0
      8948     48.99          3.12       31.22        0.00      0
      8949     49.00          3.12       31.22        0.00      0
      8950     49.01          3.12       31.22        0.00      0
      8951     49.01          3.12       31.22        0.00      0
      8952     49.02          4.98       49.78        0.00      0
      8953     49.02          4.98       49.78        0.00      0
      8954     49.03          3.12       31.22        0.00      0
      8955     49.03          4.98       49.78        0.00      0
      8956     49.04          4.98       49.78        0.00      0
      8957     49.04          3.12       31.22        0.00      0
      8958     49.05          3.12       31.22        0.00      0
      8959     49.06          3.12       31.22        0.00      0
      8960     49.06          3.12       31.22        0.00      0
      8961     49.08          5.93       59.30        0.00      0
      8962     49.09          4.98       49.78        0.00      0
      8963     49.09          3.12       31.22        0.00      0
      8964     49.10          3.12       31.22        0.00      0
      8965     49.11          4.98       49.78        0.00      0
      8966     49.12          3.12       31.22        0.00      0
      8967     49.13          3.12       31.22        0.00      0
      8968     49.13          3.12       31.22        0.00      0
      8969     49.14          3.12       31.22        0.00      0
      8970     49.16          3.12       31.22        0.00      0
      8971     49.16          3.12       31.22        0.00      0
      8972     49.17          4.98       49.78        0.00      0
      8973     49.18          3.12       31.22        0.00      0
      8974     49.19          3.12       31.22        0.00      0
      8975     49.20          4.98       49.78        0.00      0
      8976     49.20          3.12       31.22        0.00      0
      8977     49.21          3.12       31.22        0.00      0
      8978     49.22          3.12       31.22        0.00      0
      8979     49.22          4.98       49.78        0.00      0
      8980     49.23          3.12       31.22        0.00      0
      8981     49.25          3.12       31.22        0.00      0
      8982     49.26          3.12       31.22        0.00      0
      8983     49.27          5.47       54.66        0.00      0
      8984     49.28          3.12       31.22        0.00      0
      8985     49.28          3.12       31.22        0.00      0
      8986     49.29          3.12       31.22        0.00      0
      8987     49.29          5.93       59.30        0.00      0
      8988     49.30          3.12       31.22        0.00      0
      8989     49.30          3.12       31.22        0.00      0
      8990     49.31          3.12       31.22        0.00      0
      8991     49.32          3.12       31.22        0.00      0
      8992     49.32          4.98       49.78        0.00      0
      8993     49.33          3.12       31.22        0.00      0
      8994     49.34          3.12       31.22        0.00      0
      8995     49.35          4.98       49.78        0.00      0
      8996     49.36          3.12       31.22        0.00      0
      8997     49.36          4.98       49.78        0.00      0
      8998     49.37          3.12       31.22        0.00      0
      8999     49.37          3.12       31.22        0.00      0
      9000     49.38          3.12       31.22        0.00      0
      9001     49.39         13.71       67.07        7.00      0
      9002     49.39          3.12       31.22        0.00      0
      9003     49.40          3.12       31.22        0.00      0
      9004     49.40          3.12       31.22        0.00      0
      9005     49.42          3.12       31.22        0.00      0
      9006     49.42          4.98       49.78        0.00      0
      9007     49.42          3.12       31.22        0.00      0
      9008     49.43          3.12       31.22        0.00      0
      9009     49.44          3.12       31.22        0.00      0
      9010     49.44          3.12       31.22        0.00      0
      9011     49.44          3.12       31.22        0.00      0
      9012     49.45          3.12       31.22        0.00      0
      9013     49.46          3.12       31.22        0.00      0
      9014     49.46          3.12       31.22        0.00      0
      9015     49.47          3.12       31.22        0.00      0
      9016     49.47          4.98       49.78        0.00      0
      9017     49.48          3.12       31.22        0.00      0
      9018     49.48          3.12       31.22        0.00      0
      9019     49.49          4.98       49.78        0.00      0
      9020     49.49          3.12       31.22        0.00      0
      9021     49.50          3.12       31.22        0.00      0
      9022     49.51          3.12       31.22        0.00      0
      9023     49.51          3.12       31.22        0.00      0
      9024     49.52          4.98       49.78        0.00      0
      9025     49.53          4.98       49.78        0.00      0
      9026     49.53          4.98       49.78        0.00      0
      9027     49.54          4.98       49.78        0.00      0
      9028     49.55          5.47       54.66        0.00      0
      9029     49.56          3.12       31.22        0.00      0
      9030     49.57          3.12       31.22        0.00      0
      9031     49.58          4.98       49.78        0.00      0
      9032     49.58          3.12       31.22        0.00      0
      9033     49.59          3.12       31.22        0.00      0
      9034     49.59          4.98       49.78        0.00      0
      9035     49.60          3.12       31.22        0.00      0
      9036     49.60          3.12       31.22        0.00      0
      9037     49.61          3.12       31.22        0.00      0
      9038     49.61          3.12       31.22        0.00      0
      9039     49.62          3.12       31.22        0.00      0
      9040     49.62          3.12       31.22        0.00      0
      9041     49.63          3.12       31.22        0.00      0
      9042     49.63          4.98       49.78        0.00      0
      9043     49.63          3.12       31.22        0.00      0
      9044     49.64          3.12       31.22        0.00      0
      9045     49.65          5.93       59.30        0.00      0
      9046     49.65          4.98       49.78        0.00      0
      9047     49.65          3.12       31.22        0.00      0
      9048     49.66          3.12       31.22        0.00      0
      9049     49.66          3.12       31.22        0.00      0
      9050     49.66          3.12       31.22        0.00      0
      9051     49.67          3.12       31.22        0.00      0
      9052     49.67          3.12       31.22        0.00      0
      9053     49.68          3.12       31.22        0.00      0
      9054     49.68          5.93       59.30        0.00      0
      9055     49.69          3.12       31.22        0.00      0
      9056     49.69          4.98       49.78        0.00      0
      9057     49.70          3.12       31.22        0.00      0
      9058     49.71          3.12       31.22        0.00      0
      9059     49.71          3.12       31.22        0.00      0
      9060     49.72          3.12       31.22        0.00      0
      9061     49.72          3.12       31.22        0.00      0
      9062     49.73          4.98       49.78        0.00      0
      9063     49.73          4.98       49.78        0.00      0
      9064     49.73          4.98       49.78        0.00      0
      9065     49.74          3.12       31.22        0.00      0
      9066     49.75          3.12       31.22        0.00      0
      9067     49.75          3.12       31.22        0.00      0
      9068     49.75          4.98       49.78        0.00      0
      9069     49.76          3.12       31.22        0.00      0
      9070     49.76          3.12       31.22        0.00      0
      9071     49.76          4.98       49.78        0.00      0
      9072     49.77          3.12       31.22        0.00      0
      9073     49.77          3.12       31.22        0.00      0
      9074     49.78          3.12       31.22        0.00      0
      9075     49.78          3.12       31.22        0.00      0
      9076     49.79          3.12       31.22        0.00      0
      9077     49.79          3.12       31.22        0.00      0
      9078     49.80          3.12       31.22        0.00      0
      9079     49.80          4.98       49.78        0.00      0
      9080     49.81          3.12       31.22        0.00      0
      9081     49.82          4.98       49.78        0.00      0
      9082     49.82          3.12       31.22        0.00      0
      9083     49.82         17.15       60.03       11.15      0
      9084     49.83          3.12       31.22        0.00      0
      9085     49.83          4.98       49.78        0.00      0
      9086     49.84          3.12       31.22        0.00      0
      9087     49.85          3.12       31.22        0.00      0
      9088     49.85          3.12       31.22        0.00      0
      9089     49.86          3.12       31.22        0.00      0
      9090     49.87          5.93       59.30        0.00      0
      9091     49.88          4.98       49.78        0.00      0
      9092     49.88          3.12       31.22        0.00      0
      9093     49.88          4.98       49.78        0.00      0
      9094     49.89          3.12       31.22        0.00      0
      9095     49.90          4.98       49.78        0.00      0
      9096     49.91          5.93       59.30        0.00      0
      9097     49.91          4.98       49.78        0.00      0
      9098     49.92          4.98       49.78        0.00      0
      9099     49.92          4.98       49.78        0.00      0
      9100     49.93          3.12       31.22        0.00      0
      9101     49.93          5.93       59.30        0.00      0
      9102     49.94          3.12       31.22        0.00      0
      9103     49.95          3.12       31.22        0.00      0
      9104     49.96          3.12       31.22        0.00      0
      9105     49.97          5.47       54.66        0.00      0
      9106     49.97          3.12       31.22        0.00      0
      9107     49.98          5.93       59.30        0.00      0
      9108     49.98          3.12       31.22        0.00      0
      9109     49.99          4.98       49.78        0.00      0
      9110     49.99          3.12       31.22        0.00      0
      9111     49.99          3.12       31.22        0.00      0
      9112     50.00          3.12       31.22        0.00      0
      9113     50.00          4.98       49.78        0.00      0
      9114     50.01          3.12       31.22        0.00      0
      9115     50.02          4.98       49.78        0.00      0
      9116     50.02          3.12       31.22        0.00      0
      9117     50.03          3.12       31.22        0.00      0
      9118     50.03          4.98       49.78        0.00      0
      9119     50.04          3.12       31.22        0.00      0
      9120     50.04          4.98       49.78        0.00      0
      9121     50.05          4.98       49.78        0.00      0
      9122     50.05          3.12       31.22        0.00      0
      9123     50.06          3.12       31.22        0.00      0
      9124     50.07          4.98       49.78        0.00      0
      9125     50.07          5.93       59.30        0.00      0
      9126     50.08          3.12       31.22        0.00      0
      9127     50.08          3.12       31.22        0.00      0
      9128     50.09          3.12       31.22        0.00      0
      9129     50.09          3.12       31.22        0.00      0
      9130     50.10          3.12       31.22        0.00      0
      9131     50.10          3.12       31.22        0.00      0
      9132     50.11          3.12       31.22        0.00      0
      9133     50.11          4.98       49.78        0.00      0
      9134     50.12          5.47       54.66        0.00      0
      9135     50.12          3.12       31.22        0.00      0
      9136     50.16          4.98       49.78        0.00      0
      9137     50.16          5.93       59.30        0.00      0
      9138     50.16          4.98       49.78        0.00      0
      9139     50.17          5.93       59.30        0.00      0
      9140     50.18          4.98       49.78        0.00      0
      9141     50.18          4.98       49.78        0.00      0
      9142     50.18          3.12       31.22        0.00      0
      9143     50.19          3.12       31.22        0.00      0
      9144     50.20          3.12       31.22        0.00      0
      9145     50.20          5.93       59.30        0.00      0
      9146     50.21          4.98       49.78        0.00      0
      9147     50.21          3.12       31.22        0.00      0
      9148     50.22          3.12       31.22        0.00      0
      9149     50.23          3.12       31.22        0.00      0
      9150     50.23          3.12       31.22        0.00      0
      9151     50.24          3.12       31.22        0.00      0
      9152     50.24          3.12       31.22        0.00      0
      9153     50.25          3.12       31.22        0.00      0
      9154     50.26          3.12       31.22        0.00      0
      9155     50.27          5.93       59.30        0.00      0
      9156     50.27          3.12       31.22        0.00      0
      9157     50.28          3.12       31.22        0.00      0
      9158     50.29          3.12       31.22        0.00      0
      9159     50.29          3.12       31.22        0.00      0
      9160     50.30          3.12       31.22        0.00      0
      9161     50.30          3.12       31.22        0.00      0
      9162     50.31          5.93       59.30        0.00      0
      9163     50.31          3.12       31.22        0.00      0
      9164     50.33          4.98       49.78        0.00      0
      9165     50.33          3.12       31.22        0.00      0
      9166     50.34          4.98       49.78        0.00      0
      9167     50.34          3.12       31.22        0.00      0
      9168     50.35          3.12       31.22        0.00      0
      9169     50.35          3.12       31.22        0.00      0
      9170     50.36          4.98       49.78        0.00      0
      9171     50.37          4.98       49.78        0.00      0
      9172     50.38          3.12       31.22        0.00      0
      9173     50.39          3.12       31.22        0.00      0
      9174     50.40          3.12       31.22        0.00      0
      9175     50.40          5.47       54.66        0.00      0
      9176     50.41          3.12       31.22        0.00      0
      9177     50.51          4.98       49.78        0.00      0
      9178     50.53          3.12       31.22        0.00      0
      9179     50.54          4.98       49.78        0.00      0
      9180     50.55          4.98       49.78        0.00      0
      9181     50.57          3.12       31.22        0.00      0
      9182     50.58          3.12       31.22        0.00      0
      9183     50.59          4.98       49.78        0.00      0
      9184     50.60          3.12       31.22        0.00      0
      9185     50.61          4.98       49.78        0.00      0
      9186     50.61          4.98       49.78        0.00      0
      9187     50.62          5.93       59.30        0.00      0
      9188     50.63          4.98       49.78        0.00      0
      9189     50.64          3.12       31.22        0.00      0
      9190     50.65          3.12       31.22        0.00      0
      9191     50.66          3.12       31.22        0.00      0
      9192     50.66          4.98       49.78        0.00      0
      9193     50.67          3.12       31.22        0.00      0
      9194     50.68          4.98       49.78        0.00      0
      9195     50.68          4.98       49.78        0.00      0
      9196     50.69          4.98       49.78        0.00      0
      9197     50.69          3.12       31.22        0.00      0
      9198     50.70          5.47       54.66        0.00      0
      9199     50.71          4.98       49.78        0.00      0
      9200     50.71          3.12       31.22        0.00      0
      9201     50.72          3.12       31.22        0.00      0
      9202     50.72          3.12       31.22        0.00      0
      9203     50.73          4.98       49.78        0.00      0
      9204     50.74          4.98       49.78        0.00      0
      9205     50.74          3.12       31.22        0.00      0
      9206     50.75          3.12       31.22        0.00      0
      9207     50.76          3.12       31.22        0.00      0
      9208     50.77          4.98       49.78        0.00      0
      9209     50.78          3.12       31.22        0.00      0
      9210     50.78          4.98       49.78        0.00      0
      9211     50.79          4.98       49.78        0.00      0
      9212     50.80          3.12       31.22        0.00      0
      9213     50.80          3.12       31.22        0.00      0
      9214     50.80          4.98       49.78        0.00      0
      9215     50.81          3.12       31.22        0.00      0
      9216     50.82          4.98       49.78        0.00      0
      9217     50.83          4.98       49.78        0.00      0
      9218     50.83          3.12       31.22        0.00      0
      9219     50.84          3.12       31.22        0.00      0
      9220     50.84          3.12       31.22        0.00      0
      9221     50.85          3.12       31.22        0.00      0
      9222     50.85          3.12       31.22        0.00      0
      9223     50.86          3.12       31.22        0.00      0
      9224     50.86          4.98       49.78        0.00      0
      9225     50.87          4.98       49.78        0.00      0
      9226     50.87          3.12       31.22        0.00      0
      9227     50.88          4.98       49.78        0.00      0
      9228     50.88          3.12       31.22        0.00      0
      9229     50.89          3.12       31.22        0.00      0
      9230     50.89          3.12       31.22        0.00      0
      9231     50.90          3.12       31.22        0.00      0
      9232     50.91          3.12       31.22        0.00      0
      9233     50.92          3.12       31.22        0.00      0
      9234     50.92          3.12       31.22        0.00      0
      9235     50.93          4.98       49.78        0.00      0
      9236     50.93          4.98       49.78        0.00      0
      9237     50.94          3.12       31.22        0.00      0
      9238     50.94          3.12       31.22        0.00      0
      9239     50.95          3.12       31.22        0.00      0
      9240     50.96          3.12       31.22        0.00      0
      9241     50.96          5.47       54.66        0.00      0
      9242     50.97          3.12       31.22        0.00      0
      9243     50.97          3.12       31.22        0.00      0
      9244     50.98          3.12       31.22        0.00      0
      9245     50.98          3.12       31.22        0.00      0
      9246     50.99          3.12       31.22        0.00      0
      9247     51.00          3.12       31.22        0.00      0
      9248     51.00          3.12       31.22        0.00      0
      9249     51.00          3.12       31.22        0.00      0
      9250     51.01          4.98       49.78        0.00      0
      9251     51.01          3.12       31.22        0.00      0
      9252     51.02          5.93       59.30        0.00      0
      9253     51.02          4.98       49.78        0.00      0
      9254     51.03          3.12       31.22        0.00      0
      9255     51.03          5.93       59.30        0.00      0
      9256     51.04          3.12       31.22        0.00      0
      9257     51.04          3.12       31.22        0.00      0
      9258     51.05          3.12       31.22        0.00      0
      9259     51.06          5.93       59.30        0.00      0
      9260     51.06          4.98       49.78        0.00      0
      9261     51.07          5.93       59.30        0.00      0
      9262     51.07          3.12       31.22        0.00      0
      9263     51.08          3.12       31.22        0.00      0
      9264     51.08          3.12       31.22        0.00      0
      9265     51.08          3.12       31.22        0.00      0
      9266     51.09          4.98       49.78        0.00      0
      9267     51.09          3.12       31.22        0.00      0
      9268     51.10          4.98       49.78        0.00      0
      9269     51.11          4.98       49.78        0.00      0
      9270     51.11          3.12       31.22        0.00      0
      9271     51.12          3.12       31.22        0.00      0
      9272     51.13          3.12       31.22        0.00      0
      9273     51.13          3.12       31.22        0.00      0
      9274     51.14          3.12       31.22        0.00      0
      9275     51.15          3.12       31.22        0.00      0
      9276     51.16          5.93       59.30        0.00      0
      9277     51.17          4.98       49.78        0.00      0
      9278     51.17          4.68       46.82        0.00      0
      9279     51.18          3.12       31.22        0.00      0
      9280     51.19          4.98       49.78        0.00      0
      9281     51.19          5.93       59.30        0.00      0
      9282     51.20          3.12       31.22        0.00      0
      9283     51.21          3.12       31.22        0.00      0
      9284     51.22          3.12       31.22        0.00      0
      9285     51.22          3.12       31.22        0.00      0
      9286     51.23          3.12       31.22        0.00      0
      9287     51.23          4.98       49.78        0.00      0
      9288     51.23          3.12       31.22        0.00      0
      9289     51.24          4.98       49.78        0.00      0
      9290     51.24          4.98       49.78        0.00      0
      9291     51.25          3.12       31.22        0.00      0
      9292     51.25          4.98       49.78        0.00      0
      9293     51.25          3.12       31.22        0.00      0
      9294     51.26          4.98       49.78        0.00      0
      9295     51.26          3.12       31.22        0.00      0
      9296     51.26          5.93       59.30        0.00      0
      9297     51.27          3.12       31.22        0.00      0
      9298     51.27          4.98       49.78        0.00      0
      9299     51.28          5.93       59.30        0.00      0
      9300     51.28          3.12       31.22        0.00      0
      9301     51.28          4.98       49.78        0.00      0
      9302     51.29          4.98       49.78        0.00      0
      9303     51.30          3.12       31.22        0.00      0
      9304     51.30          3.12       31.22        0.00      0
      9305     51.31          4.98       49.78        0.00      0
      9306     51.31          4.98       49.78        0.00      0
      9307     51.32          5.93       59.30        0.00      0
      9308     51.32          3.12       31.22        0.00      0
      9309     51.33          3.12       31.22        0.00      0
      9310     51.33          4.98       49.78        0.00      0
      9311     51.33          4.98       49.78        0.00      0
      9312     51.34          3.12       31.22        0.00      0
      9313     51.34          3.12       31.22        0.00      0
      9314     51.35          3.12       31.22        0.00      0
      9315     51.35          3.12       31.22        0.00      0
      9316     51.36          3.12       31.22        0.00      0
      9317     51.36          4.98       49.78        0.00      0
      9318     51.37          3.12       31.22        0.00      0
      9319     51.37          3.12       31.22        0.00      0
      9320     51.38          3.12       31.22        0.00      0
      9321     51.39          3.12       31.22        0.00      0
      9322     51.39          3.12       31.22        0.00      0
      9323     51.40          5.93       59.30        0.00      0
      9324     51.40          3.12       31.22        0.00      0
      9325     51.41          3.12       31.22        0.00      0
      9326     51.41          5.93       59.30        0.00      0
      9327     51.41          3.12       31.22        0.00      0
      9328     51.42          4.98       49.78        0.00      0
      9329     51.42          3.12       31.22        0.00      0
      9330     51.43          3.12       31.22        0.00      0
      9331     51.43          4.98       49.78        0.00      0
      9332     51.44          5.93       59.30        0.00      0
      9333     51.44          3.12       31.22        0.00      0
      9334     51.44          3.12       31.22        0.00      0
      9335     51.45          3.12       31.22        0.00      0
      9336     51.45          4.98       49.78        0.00      0
      9337     51.46          3.12       31.22        0.00      0
      9338     51.47          5.93       59.30        0.00      0
      9339     51.47          4.98       49.78        0.00      0
      9340     51.47          3.12       31.22        0.00      0
      9341     51.48          4.98       49.78        0.00      0
      9342     51.49          5.93       59.30        0.00      0
      9343     51.49          3.12       31.22        0.00      0
      9344     51.50          4.98       49.78        0.00      0
      9345     51.50          4.98       49.78        0.00      0
      9346     51.50          3.12       31.22        0.00      0
      9347     51.52          5.93       59.30        0.00      0
      9348     51.52          3.12       31.22        0.00      0
      9349     51.52          4.98       49.78        0.00      0
      9350     51.53          5.47       54.66        0.00      0
      9351     51.54          3.12       31.22        0.00      0
      9352     51.55          4.98       49.78        0.00      0
      9353     51.55          3.12       31.22        0.00      0
      9354     51.56          3.12       31.22        0.00      0
      9355     51.57          3.12       31.22        0.00      0
      9356     51.57          3.12       31.22        0.00      0
      9357     51.58          4.98       49.78        0.00      0
      9358     51.59          3.12       31.22        0.00      0
      9359     51.59          5.93       59.30        0.00      0
      9360     51.59          3.12       31.22        0.00      0
      9361     51.60          4.98       49.78        0.00      0
      9362     51.60          4.98       49.78        0.00      0
      9363     51.61          3.12       31.22        0.00      0
      9364     51.61          3.12       31.22        0.00      0
      9365     51.62          4.98       49.78        0.00      0
      9366     51.62          3.12       31.22        0.00      0
      9367     51.63          3.12       31.22        0.00      0
      9368     51.63          3.12       31.22        0.00      0
      9369     51.64          4.98       49.78        0.00      0
      9370     51.64          4.98       49.78        0.00      0
      9371     51.65          3.12       31.22        0.00      0
      9372     51.66          3.12       31.22        0.00      0
      9373     51.67          5.93       59.30        0.00      0
      9374     51.67          3.12       31.22        0.00      0
      9375     51.68          3.12       31.22        0.00      0
      9376     51.68          4.98       49.78        0.00      0
      9377     51.69          3.12       31.22        0.00      0
      9378     51.69          4.98       49.78        0.00      0
      9379     51.70          4.98       49.78        0.00      0
      9380     51.70          4.98       49.78        0.00      0
      9381     51.71          4.98       49.78        0.00      0
      9382     51.71          4.98       49.78        0.00      0
      9383     51.71          3.12       31.22        0.00      0
      9384     51.72          3.12       31.22        0.00      0
      9385     51.72          3.12       31.22        0.00      0
      9386     51.73          3.12       31.22        0.00      0
      9387     51.73          3.12       31.22        0.00      0
      9388     51.74          3.12       31.22        0.00      0
      9389     51.74          4.98       49.78        0.00      0
      9390     51.74          4.98       49.78        0.00      0
      9391     51.75          3.12       31.22        0.00      0
      9392     51.75          4.98       49.78        0.00      0
      9393     51.76          4.98       49.78        0.00      0
      9394     51.76          3.12       31.22        0.00      0
      9395     51.77          3.12       31.22        0.00      0
      9396     51.77          3.12       31.22        0.00      0
      9397     51.78          4.98       49.78        0.00      0
      9398     51.78          3.12       31.22        0.00      0
      9399     51.79          4.98       49.78        0.00      0
      9400     51.80          4.98       49.78        0.00      0
      9401     51.80          3.12       31.22        0.00      0
      9402     51.80          4.98       49.78        0.00      0
      9403     51.81          3.12       31.22        0.00      0
      9404     51.81          4.98       49.78        0.00      0
      9405     51.82          4.98       49.78        0.00      0
      9406     51.82          3.12       31.22        0.00      0
      9407     51.82          3.12       31.22        0.00      0
      9408     51.83          3.12       31.22        0.00      0
      9409     51.83          3.12       31.22        0.00      0
      9410     51.84          4.98       49.78        0.00      0
      9411     51.84          3.12       31.22        0.00      0
      9412     51.85          3.12       31.22        0.00      0
      9413     51.85          4.98       49.78        0.00      0
      9414     51.86          4.98       49.78        0.00      0
      9415     51.86          4.98       49.78        0.00      0
      9416     51.86          3.12       31.22        0.00      0
      9417     51.87          4.98       49.78        0.00      0
      9418     51.87          4.98       49.78        0.00      0
      9419     51.88          3.12       31.22        0.00      0
      9420     51.88          3.12       31.22        0.00      0
      9421     51.88          4.98       49.78        0.00      0
      9422     51.89          4.98       49.78        0.00      0
      9423     51.89          4.98       49.78        0.00      0
      9424     51.90          3.12       31.22        0.00      0
      9425     51.91          3.12       31.22        0.00      0
      9426     51.91          3.12       31.22        0.00      0
      9427     51.92          3.12       31.22        0.00      0
      9428     51.92          3.12       31.22        0.00      0
      9429     51.93          4.98       49.78        0.00      0
      9430     51.93          4.98       49.78        0.00      0
      9431     51.94          4.98       49.78        0.00      0
      9432     51.94          3.12       31.22        0.00      0
      9433     51.95          4.98       49.78        0.00      0
      9434     51.95          4.98       49.78        0.00      0
      9435     51.96          3.12       31.22        0.00      0
      9436     51.96          3.12       31.22        0.00      0
      9437     51.97          4.98       49.78        0.00      0
      9438     51.98          5.93       59.30        0.00      0
      9439     51.98          4.98       49.78        0.00      0
      9440     51.98          3.12       31.22        0.00      0
      9441     51.99          3.12       31.22        0.00      0
      9442     51.99          3.12       31.22        0.00      0
      9443     51.99          3.12       31.22        0.00      0
      9444     52.00          4.98       49.78        0.00      0
      9445     52.00          3.12       31.22        0.00      0
      9446     52.01          4.98       49.78        0.00      0
      9447     52.02          3.12       31.22        0.00      0
      9448     52.02          3.12       31.22        0.00      0
      9449     52.03          3.12       31.22        0.00      0
      9450     52.03          4.98       49.78        0.00      0
      9451     52.03          4.98       49.78        0.00      0
      9452     52.04          3.12       31.22        0.00      0
      9453     52.04          3.12       31.22        0.00      0
      9454     52.05          5.93       59.30        0.00      0
      9455     52.05          4.98       49.78        0.00      0
      9456     52.06          3.12       31.22        0.00      0
      9457     52.06          4.98       49.78        0.00      0
      9458     52.07          4.98       49.78        0.00      0
      9459     52.07          3.12       31.22        0.00      0
      9460     52.08          3.12       31.22        0.00      0
      9461     52.08          4.98       49.78        0.00      0
      9462     52.09          5.93       59.30        0.00      0
      9463     52.09          4.98       49.78        0.00      0
      9464     52.10          3.12       31.22        0.00      0
      9465     52.10          4.98       49.78        0.00      0
      9466     52.11          3.12       31.22        0.00      0
      9467     52.11          4.98       49.78        0.00      0
      9468     52.11          4.98       49.78        0.00      0
      9469     52.12          3.12       31.22        0.00      0
      9470     52.12          4.98       49.78        0.00      0
      9471     52.13          4.98       49.78        0.00      0
      9472     52.13          5.93       59.30        0.00      0
      9473     52.14          4.98       49.78        0.00      0
      9474     52.14          3.12       31.22        0.00      0
      9475     52.15          4.98       49.78        0.00      0
      9476     52.15          3.12       31.22        0.00      0
      9477     52.16          3.12       31.22        0.00      0
      9478     52.16          4.98       49.78        0.00      0
      9479     52.17          3.12       31.22        0.00      0
      9480     52.17          3.12       31.22        0.00      0
      9481     52.18          4.98       49.78        0.00      0
      9482     52.18          3.12       31.22        0.00      0
      9483     52.19          3.12       31.22        0.00      0
      9484     52.19          4.98       49.78        0.00      0
      9485     52.19          4.98       49.78        0.00      0
      9486     52.20          3.12       31.22        0.00      0
      9487     52.20          5.93       59.30        0.00      0
      9488     52.21          4.98       49.78        0.00      0
      9489     52.21          4.98       49.78        0.00      0
      9490     52.22          4.98       49.78        0.00      0
      9491     52.22          3.12       31.22        0.00      0
      9492     52.23          3.12       31.22        0.00      0
      9493     52.23          4.98       49.78        0.00      0
      9494     52.24          3.12       31.22        0.00      0
      9495     52.24          3.12       31.22        0.00      0
      9496     52.25          4.98       49.78        0.00      0
      9497     52.25          3.12       31.22        0.00      0
      9498     52.26          3.12       31.22        0.00      0
      9499     52.26          3.12       31.22        0.00      0
      9500     52.27          4.98       49.78        0.00      0
      9501     52.27          3.12       31.22        0.00      0
      9502     52.27          3.12       31.22        0.00      0
      9503     52.28          3.12       31.22        0.00      0
      9504     52.28          4.98       49.78        0.00      0
      9505     52.29          5.93       59.30        0.00      0
      9506     52.29          4.98       49.78        0.00      0
      9507     52.30          3.12       31.22        0.00      0
      9508     52.30          3.12       31.22        0.00      0
      9509     52.30          3.12       31.22        0.00      0
      9510     52.31          4.98       49.78        0.00      0
      9511     52.31          3.12       31.22        0.00      0
      9512     52.32          4.98       49.78        0.00      0
      9513     52.32          4.98       49.78        0.00      0
      9514     52.32          4.98       49.78        0.00      0
      9515     52.33          3.12       31.22        0.00      0
      9516     52.33          4.98       49.78        0.00      0
      9517     52.34          3.12       31.22        0.00      0
      9518     52.34          3.12       31.22        0.00      0
      9519     52.35          4.98       49.78        0.00      0
      9520     52.35          4.98       49.78        0.00      0
      9521     52.36          4.98       49.78        0.00      0
      9522     52.36          3.12       31.22        0.00      0
      9523     52.37          3.12       31.22        0.00      0
      9524     52.38          3.12       31.22        0.00      0
      9525     52.38          3.12       31.22        0.00      0
      9526     52.38          3.12       31.22        0.00      0
      9527     52.39          4.98       49.78        0.00      0
      9528     52.39          3.12       31.22        0.00      0
      9529     52.40          3.12       31.22        0.00      0
      9530     52.40          3.12       31.22        0.00      0
      9531     52.41          3.12       31.22        0.00      0
      9532     52.41          3.12       31.22        0.00      0
      9533     52.42          5.93       59.30        0.00      0
      9534     52.42          4.98       49.78        0.00      0
      9535     52.42          4.98       49.78        0.00      0
      9536     52.43          4.98       49.78        0.00      0
      9537     52.43          4.98       49.78        0.00      0
      9538     52.44          3.12       31.22        0.00      0
      9539     52.44          5.93       59.30        0.00      0
      9540     52.45          3.12       31.22        0.00      0
      9541     52.45          3.12       31.22        0.00      0
      9542     52.46          3.12       31.22        0.00      0
      9543     52.46          3.12       31.22        0.00      0
      9544     52.46          3.12       31.22        0.00      0
      9545     52.47          3.12       31.22        0.00      0
      9546     52.47          3.12       31.22        0.00      0
      9547     52.48          3.12       31.22        0.00      0
      9548     52.48          3.12       31.22        0.00      0
      9549     52.49          3.12       31.22        0.00      0
      9550     52.50          3.12       31.22        0.00      0
      9551     52.51          5.93       59.30        0.00      0
      9552     52.51          4.98       49.78        0.00      0
      9553     52.52          4.98       49.78        0.00      0
      9554     52.53          3.12       31.22        0.00      0
      9555     52.53          4.98       49.78        0.00      0
      9556     52.53          4.98       49.78        0.00      0
      9557     52.54          3.12       31.22        0.00      0
      9558     52.54          4.98       49.78        0.00      0
      9559     52.55          3.12       31.22        0.00      0
      9560     52.56          3.12       31.22        0.00      0
      9561     52.56          3.12       31.22        0.00      0
      9562     52.57          3.12       31.22        0.00      0
      9563     52.57          3.12       31.22        0.00      0
      9564     52.58          3.12       31.22        0.00      0
      9565     52.58          4.98       49.78        0.00      0
      9566     52.58          3.12       31.22        0.00      0
      9567     52.59          3.12       31.22        0.00      0
      9568     52.60          3.12       31.22        0.00      0
      9569     52.61          3.12       31.22        0.00      0
      9570     52.61          3.12       31.22        0.00      0
      9571     52.62          4.98       49.78        0.00      0
      9572     52.62          3.12       31.22        0.00      0
      9573     52.62          3.12       31.22        0.00      0
      9574     52.63          3.12       31.22        0.00      0
      9575     52.64          3.12       31.22        0.00      0
      9576     52.64          3.12       31.22        0.00      0
      9577     52.64          5.93       59.30        0.00      0
      9578     52.65          4.98       49.78        0.00      0
      9579     52.65          3.12       31.22        0.00      0
      9580     52.66          3.12       31.22        0.00      0
      9581     52.66          5.93       59.30        0.00      0
      9582     52.67          5.47       54.66        0.00      0
      9583     52.68          3.12       31.22        0.00      0
      9584     52.68          3.12       31.22        0.00      0
      9585     52.68          3.12       31.22        0.00      0
      9586     52.69          3.12       31.22        0.00      0
      9587     52.70          3.12       31.22        0.00      0
      9588     52.70          3.12       31.22        0.00      0
      9589     52.71          3.12       31.22        0.00      0
      9590     52.71          4.98       49.78        0.00      0
      9591     52.72          3.12       31.22        0.00      0
      9592     52.73          4.98       49.78        0.00      0
      9593     52.74          3.12       31.22        0.00      0
      9594     52.75          3.12       31.22        0.00      0
      9595     52.76          4.98       49.78        0.00      0
      9596     52.77          4.98       49.78        0.00      0
      9597     52.77          3.12       31.22        0.00      0
      9598     52.78          3.12       31.22        0.00      0
      9599     52.79          5.93       59.30        0.00      0
      9600     52.79          4.98       49.78        0.00      0
      9601     52.80          4.98       49.78        0.00      0
      9602     52.81          4.98       49.78        0.00      0
      9603     52.81          4.98       49.78        0.00      0
      9604     52.81          5.93       59.30        0.00      0
      9605     52.82          3.12       31.22        0.00      0
      9606     52.82          3.12       31.22        0.00      0
      9607     52.83          4.98       49.78        0.00      0
      9608     52.84          3.12       31.22        0.00      0
      9609     52.84          3.12       31.22        0.00      0
      9610     52.84          3.12       31.22        0.00      0
      9611     52.85          3.12       31.22        0.00      0
      9612     52.86          3.12       31.22        0.00      0
      9613     52.86          5.93       59.30        0.00      0
      9614     52.87          3.12       31.22        0.00      0
      9615     52.87          3.12       31.22        0.00      0
      9616     52.88          4.98       49.78        0.00      0
      9617     52.88          3.12       31.22        0.00      0
      9618     52.89          3.12       31.22        0.00      0
      9619     52.89          3.12       31.22        0.00      0
      9620     52.90          4.98       49.78        0.00      0
      9621     52.91          3.12       31.22        0.00      0
      9622     52.91          3.12       31.22        0.00      0
      9623     52.92          3.12       31.22        0.00      0
      9624     52.93          4.98       49.78        0.00      0
      9625     52.94          5.93       59.30        0.00      0
      9626     52.94          4.98       49.78        0.00      0
      9627     52.95          3.12       31.22        0.00      0
      9628     52.96          4.98       49.78        0.00      0
      9629     52.97          3.12       31.22        0.00      0
      9630     52.98          3.12       31.22        0.00      0
      9631     52.99          3.12       31.22        0.00      0
      9632     52.99          3.12       31.22        0.00      0
      9633     53.00          3.12       31.22        0.00      0
      9634     53.01          3.12       31.22        0.00      0
      9635     53.01          4.98       49.78        0.00      0
      9636     53.02          3.12       31.22        0.00      0
      9637     53.02          3.12       31.22        0.00      0
      9638     53.03          4.98       49.78        0.00      0
      9639     53.03          3.12       31.22        0.00      0
      9640     53.04          4.98       49.78        0.00      0
      9641     53.04          3.12       31.22        0.00      0
      9642     53.05          4.98       49.78        0.00      0
      9643     53.05          3.12       31.22        0.00      0
      9644     53.06          3.12       31.22        0.00      0
      9645     53.07          4.98       49.78        0.00      0
      9646     53.08          3.12       31.22        0.00      0
      9647     53.08          4.98       49.78        0.00      0
      9648     53.08          4.98       49.78        0.00      0
      9649     53.09          3.12       31.22        0.00      0
      9650     53.09          3.12       31.22        0.00      0
      9651     53.10          4.98       49.78        0.00      0
      9652     53.10          3.12       31.22        0.00      0
      9653     53.11          3.12       31.22        0.00      0
      9654     53.12          3.12       31.22        0.00      0
      9655     53.12          3.12       31.22        0.00      0
      9656     53.13          3.12       31.22        0.00      0
      9657     53.13          3.12       31.22        0.00      0
      9658     53.14          3.12       31.22        0.00      0
      9659     53.15          4.98       49.78        0.00      0
      9660     53.16          3.12       31.22        0.00      0
      9661     53.16          3.12       31.22        0.00      0
      9662     53.16          3.12       31.22        0.00      0
      9663     53.17          3.12       31.22        0.00      0
      9664     53.17          3.12       31.22        0.00      0
      9665     53.18          3.12       31.22        0.00      0
      9666     53.19          5.93       59.30        0.00      0
      9667     53.19          3.12       31.22        0.00      0
      9668     53.20          3.12       31.22        0.00      0
      9669     53.21          3.12       31.22        0.00      0
      9670     53.21          4.98       49.78        0.00      0
      9671     53.21          4.98       49.78        0.00      0
      9672     53.22          4.98       49.78        0.00      0
      9673     53.23          5.93       59.30        0.00      0
      9674     53.24          3.12       31.22        0.00      0
      9675     53.25          3.12       31.22        0.00      0
      9676     53.25          5.93       59.30        0.00      0
      9677     53.26          3.12       31.22        0.00      0
      9678     53.26          3.12       31.22        0.00      0
      9679     53.27          3.12       31.22        0.00      0
      9680     53.27          3.12       31.22        0.00      0
      9681     53.28          3.12       31.22        0.00      0
      9682     53.29          3.12       31.22        0.00      0
      9683     53.29          3.12       31.22        0.00      0
      9684     53.29          4.98       49.78        0.00      0
      9685     53.30          4.98       49.78        0.00      0
      9686     53.31          3.12       31.22        0.00      0
      9687     53.31          3.12       31.22        0.00      0
      9688     53.32          3.12       31.22        0.00      0
      9689     53.33          3.12       31.22        0.00      0
      9690     53.33          3.12       31.22        0.00      0
      9691     53.34          5.93       59.30        0.00      0
      9692     53.35         17.15       60.03       11.15      0
      9693     53.36          3.12       31.22        0.00      0
      9694     53.36          4.98       49.78        0.00      0
      9695     53.37          4.98       49.78        0.00      0
      9696     53.38          3.12       31.22        0.00      0
      9697     53.38          4.98       49.78        0.00      0
      9698     53.39          5.93       59.30        0.00      0
      9699     53.39          3.12       31.22        0.00      0
      9700     53.40          4.98       49.78        0.00      0
      9701     53.41          3.12       31.22        0.00      0
      9702     53.41          3.12       31.22        0.00      0
      9703     53.42          3.12       31.22        0.00      0
      9704     53.43          5.93       59.30        0.00      0
      9705     53.44          5.93       59.30        0.00      0
      9706     53.44          3.12       31.22        0.00      0
      9707     53.45          3.12       31.22        0.00      0
      9708     53.45          3.12       31.22        0.00      0
      9709     53.46          5.47       54.66        0.00      0
      9710     53.46          3.12       31.22        0.00      0
      9711     53.47          3.12       31.22        0.00      0
      9712     53.48          5.47       54.66        0.00      0
      9713     53.48          3.12       31.22        0.00      0
      9714     53.49          3.12       31.22        0.00      0
      9715     53.49          3.12       31.22        0.00      0
      9716     53.50          3.12       31.22        0.00      0
      9717     53.51          3.12       31.22        0.00      0
      9718     53.51          3.12       31.22        0.00      0
      9719     53.52          4.98       49.78        0.00      0
      9720     53.53          3.12       31.22        0.00      0
      9721     53.53          3.12       31.22        0.00      0
      9722     53.55          4.98       49.78        0.00      0
      9723     53.55          4.98       49.78        0.00      0
      9724     53.56          3.12       31.22        0.00      0
      9725     53.56          4.98       49.78        0.00      0
      9726     53.56          3.12       31.22        0.00      0
      9727     53.57          5.93       59.30        0.00      0
      9728     53.58          3.12       31.22        0.00      0
      9729     53.59          5.93       59.30        0.00      0
      9730     53.59          4.98       49.78        0.00      0
      9731     53.60          3.12       31.22        0.00      0
      9732     53.60          4.98       49.78        0.00      0
      9733     53.61          4.98       49.78        0.00      0
      9734     53.61          3.12       31.22        0.00      0
      9735     53.61          3.12       31.22        0.00      0
      9736     53.61          4.98       49.78        0.00      0
      9737     53.62          4.98       49.78        0.00      0
      9738     53.63          3.12       31.22        0.00      0
      9739     53.64          3.12       31.22        0.00      0
      9740     53.64          3.12       31.22        0.00      0
      9741     53.65          4.98       49.78        0.00      0
      9742     53.65          4.98       49.78        0.00      0
      9743     53.66          5.93       59.30        0.00      0
      9744     53.67          3.12       31.22        0.00      0
      9745     53.67          5.68       56.82        0.00      0
      9746     53.68          4.98       49.78        0.00      0
      9747     53.68          3.12       31.22        0.00      0
      9748     53.69          3.12       31.22        0.00      0
      9749     53.70          3.12       31.22        0.00      0
      9750     53.70          4.98       49.78        0.00      0
      9751     53.71          3.12       31.22        0.00      0
      9752     53.72          4.98       49.78        0.00      0
      9753     53.72          5.47       54.66        0.00      0
      9754     53.73          4.98       49.78        0.00      0
      9755     53.73          3.12       31.22        0.00      0
      9756     53.74          5.93       59.30        0.00      0
      9757     53.74          3.12       31.22        0.00      0
      9758     53.75          4.98       49.78        0.00      0
      9759     53.76          3.12       31.22        0.00      0
      9760     53.77          4.98       49.78        0.00      0
      9761     53.78          3.12       31.22        0.00      0
      9762     53.78          3.12       31.22        0.00      0
      9763     53.79          5.47       54.66        0.00      0
      9764     53.79          3.12       31.22        0.00      0
      9765     53.80          3.12       31.22        0.00      0
      9766     53.80          3.12       31.22        0.00      0
      9767     53.81          3.12       31.22        0.00      0
      9768     53.82          3.12       31.22        0.00      0
      9769     53.82          5.93       59.30        0.00      0
      9770     53.83          5.93       59.30        0.00      0
      9771     53.84          3.12       31.22        0.00      0
      9772     53.84          3.12       31.22        0.00      0
      9773     53.84          3.12       31.22        0.00      0
      9774     53.85          5.47       54.66        0.00      0
      9775     53.86          3.12       31.22        0.00      0
      9776     53.86          5.93       59.30        0.00      0
      9777     53.86          3.12       31.22        0.00      0
      9778     53.87          5.93       59.30        0.00      0
      9779     53.87          4.98       49.78        0.00      0
      9780     53.88          3.12       31.22        0.00      0
      9781     53.88          3.12       31.22        0.00      0
      9782     53.89          3.12       31.22        0.00      0
      9783     53.89          4.98       49.78        0.00      0
      9784     53.90          3.12       31.22        0.00      0
      9785     53.91          4.98       49.78        0.00      0
      9786     53.92          3.12       31.22        0.00      0
      9787     53.93          3.12       31.22        0.00      0
      9788     53.93          5.93       59.30        0.00      0
      9789     53.94          3.12       31.22        0.00      0
      9790     53.95          3.12       31.22        0.00      0
      9791     53.96          4.98       49.78        0.00      0
      9792     53.96          4.98       49.78        0.00      0
      9793     53.97          4.98       49.78        0.00      0
      9794     53.98          5.93       59.30        0.00      0
      9795     53.98          3.12       31.22        0.00      0
      9796     53.99          3.12       31.22        0.00      0
      9797     54.00          4.98       49.78        0.00      0
      9798     54.01          3.12       31.22        0.00      0
      9799     54.01          4.98       49.78        0.00      0
      9800     54.02          3.12       31.22        0.00      0
      9801     54.03          3.12       31.22        0.00      0
      9802     54.03          4.98       49.78        0.00      0
      9803     54.04          3.12       31.22        0.00      0
      9804     54.05          3.12       31.22        0.00      0
      9805     54.05          3.12       31.22        0.00      0
      9806     54.06          5.47       54.66        0.00      0
      9807     54.07          3.12       31.22        0.00      0
      9808     54.08          4.98       49.78        0.00      0
      9809     54.09          3.12       31.22        0.00      0
      9810     54.10          4.98       49.78        0.00      0
      9811     54.11          3.12       31.22        0.00      0
      9812     54.11          4.98       49.78        0.00      0
      9813     54.12          3.12       31.22        0.00      0
      9814     54.13          3.12       31.22        0.00      0
      9815     54.14          3.12       31.22        0.00      0
      9816     54.14          3.12       31.22        0.00      0
      9817     54.15          3.12       31.22        0.00      0
      9818     54.15          3.12       31.22        0.00      0
      9819     54.16          4.98       49.78        0.00      0
      9820     54.17          3.12       31.22        0.00      0
      9821     54.18          3.12       31.22        0.00      0
      9822     54.18          3.12       31.22        0.00      0
      9823     54.19          3.12       31.22        0.00      0
      9824     54.20          4.98       49.78        0.00      0
      9825     54.20          3.12       31.22        0.00      0
      9826     54.21          3.12       31.22        0.00      0
      9827     54.22          3.12       31.22        0.00      0
      9828     54.22          3.12       31.22        0.00      0
      9829     54.23          3.12       31.22        0.00      0
      9830     54.24          3.12       31.22        0.00      0
      9831     54.25          3.12       31.22        0.00      0
      9832     54.26          4.98       49.78        0.00      0
      9833     54.26          3.12       31.22        0.00      0
      9834     54.26          3.12       31.22        0.00      0
      9835     54.27          3.12       31.22        0.00      0
      9836     54.28          4.98       49.78        0.00      0
      9837     54.28          3.12       31.22        0.00      0
      9838     54.29          3.12       31.22        0.00      0
      9839     54.30          3.12       31.22        0.00      0
      9840     54.30          4.98       49.78        0.00      0
      9841     54.31          5.93       59.30        0.00      0
      9842     54.31          3.12       31.22        0.00      0
      9843     54.32          3.12       31.22        0.00      0
      9844     54.33          3.12       31.22        0.00      0
      9845     54.33          3.12       31.22        0.00      0
      9846     54.34          4.98       49.78        0.00      0
      9847     54.34          3.12       31.22        0.00      0
      9848     54.35          4.98       49.78        0.00      0
      9849     54.36          5.47       54.66        0.00      0
      9850     54.37          3.12       31.22        0.00      0
      9851     54.38         17.15       60.03       11.15      0
      9852     54.38          4.98       49.78        0.00      0
      9853     54.39          4.98       49.78        0.00      0
      9854     54.39          4.98       49.78        0.00      0
      9855     54.40          4.98       49.78        0.00      0
      9856     54.41          3.12       31.22        0.00      0
      9857     54.41          4.98       49.78        0.00      0
      9858     54.42          4.98       49.78        0.00      0
      9859     54.42          3.12       31.22        0.00      0
      9860     54.42          4.98       49.78        0.00      0
      9861     54.43          4.98       49.78        0.00      0
      9862     54.44          3.12       31.22        0.00      0
      9863     54.45          3.12       31.22        0.00      0
      9864     54.46          3.12       31.22        0.00      0
      9865     54.46          3.12       31.22        0.00      0
      9866     54.47          3.12       31.22        0.00      0
      9867     54.47          3.12       31.22        0.00      0
      9868     54.48          3.12       31.22        0.00      0
      9869     54.49          3.12       31.22        0.00      0
      9870     54.49          3.12       31.22        0.00      0
      9871     54.50          3.12       31.22        0.00      0
      9872     54.50          3.12       31.22        0.00      0
      9873     54.51          3.12       31.22        0.00      0
      9874     54.51          4.98       49.78        0.00      0
      9875     54.52          3.12       31.22        0.00      0
      9876     54.53          4.98       49.78        0.00      0
      9877     54.54          3.12       31.22        0.00      0
      9878     54.54          3.12       31.22        0.00      0
      9879     54.55          3.12       31.22        0.00      0
      9880     54.56          3.12       31.22        0.00      0
      9881     54.57          4.98       49.78        0.00      0
      9882     54.58          3.12       31.22        0.00      0
      9883     54.59          5.93       59.30        0.00      0
      9884     54.59          4.98       49.78        0.00      0
      9885     54.60          3.12       31.22        0.00      0
      9886     54.60          5.93       59.30        0.00      0
      9887     54.61          3.12       31.22        0.00      0
      9888     54.62          3.12       31.22        0.00      0
      9889     54.63          3.12       31.22        0.00      0
      9890     54.64          3.12       31.22        0.00      0
      9891     54.64          3.12       31.22        0.00      0
      9892     54.65          3.12       31.22        0.00      0
      9893     54.65          3.12       31.22        0.00      0
      9894     54.66          3.12       31.22        0.00      0
      9895     54.67          3.12       31.22        0.00      0
      9896     54.68          3.12       31.22        0.00      0
      9897     54.69          5.93       59.30        0.00      0
      9898     54.70          3.12       31.22        0.00      0
      9899     54.71          3.12       31.22        0.00      0
      9900     54.72          3.12       31.22        0.00      0
      9901     54.72          3.12       31.22        0.00      0
      9902     54.73          4.98       49.78        0.00      0
      9903     54.74          4.98       49.78        0.00      0
      9904     54.74          3.12       31.22        0.00      0
      9905     54.76          3.12       31.22        0.00      0
      9906     54.77          4.98       49.78        0.00      0
      9907     54.78          4.98       49.78        0.00      0
      9908     54.78          3.12       31.22        0.00      0
      9909     54.79          3.12       31.22        0.00      0
      9910     54.80          3.12       31.22        0.00      0
      9911     54.81          4.98       49.78        0.00      0
      9912     54.82          4.98       49.78        0.00      0
      9913     54.82          4.98       49.78        0.00      0
      9914     54.83          4.98       49.78        0.00      0
      9915     54.84          4.98       49.78        0.00      0
      9916     54.85          3.12       31.22        0.00      0
      9917     54.86          5.93       59.30        0.00      0
      9918     54.86          3.12       31.22        0.00      0
      9919     54.87          3.12       31.22        0.00      0
      9920     54.88          5.93       59.30        0.00      0
      9921     54.88          3.12       31.22        0.00      0
      9922     54.89          3.12       31.22        0.00      0
      9923     54.90          4.98       49.78        0.00      0
      9924     54.91          5.93       59.30        0.00      0
      9925     54.92          4.98       49.78        0.00      0
      9926     54.94          3.12       31.22        0.00      0
      9927     54.95          3.12       31.22        0.00      0
      9928     54.96          3.12       31.22        0.00      0
      9929     54.98          3.12       31.22        0.00      0
      9930     54.99          4.98       49.78        0.00      0
      9931     55.00          3.12       31.22        0.00      0
      9932     55.01          5.47       54.66        0.00      0
      9933     55.02          4.98       49.78        0.00      0
      9934     55.03          3.12       31.22        0.00      0
      9935     55.04          3.12       31.22        0.00      0
      9936     55.05          3.12       31.22        0.00      0
      9937     55.06          3.12       31.22        0.00      0
      9938     55.07          3.12       31.22        0.00      0
      9939     55.08          3.12       31.22        0.00      0
      9940     55.09          3.12       31.22        0.00      0
      9941     55.10          3.12       31.22        0.00      0
      9942     55.11          3.12       31.22        0.00      0
      9943     55.11          3.12       31.22        0.00      0
      9944     55.13          3.12       31.22        0.00      0
      9945     55.14          5.93       59.30        0.00      0
      9946     55.14          3.12       31.22        0.00      0
      9947     55.15          4.98       49.78        0.00      0
      9948     55.16          3.12       31.22        0.00      0
      9949     55.18          4.98       49.78        0.00      0
      9950     55.18          3.12       31.22        0.00      0
      9951     55.19          3.12       31.22        0.00      0
      9952     55.20          3.12       31.22        0.00      0
      9953     55.21          3.12       31.22        0.00      0
      9954     55.22          4.98       49.78        0.00      0
      9955     55.23          3.12       31.22        0.00      0
      9956     55.24          3.12       31.22        0.00      0
      9957     55.25          4.98       49.78        0.00      0
      9958     55.26          3.12       31.22        0.00      0
      9959     55.27          4.98       49.78        0.00      0
      9960     55.28          3.12       31.22        0.00      0
      9961     55.30          4.98       49.78        0.00      0
      9962     55.30          3.12       31.22        0.00      0
      9963     55.31          3.12       31.22        0.00      0
      9964     55.31          3.12       31.22        0.00      0
      9965     55.32          4.98       49.78        0.00      0
      9966     55.33          4.98       49.78        0.00      0
      9967     55.33          4.98       49.78        0.00      0
      9968     55.34          3.12       31.22        0.00      0
      9969     55.35          3.12       31.22        0.00      0
      9970     55.36          3.12       31.22        0.00      0
      9971     55.37          5.93       59.30        0.00      0
      9972     55.37          3.12       31.22        0.00      0
      9973     55.38          3.12       31.22        0.00      0
      9974     55.39          3.12       31.22        0.00      0
      9975     55.40          4.98       49.78        0.00      0
      9976     55.41          4.98       49.78        0.00      0
      9977     55.42          4.98       49.78        0.00      0
      9978     55.43          4.98       49.78        0.00      0
      9979     55.43          4.98       49.78        0.00      0
      9980     55.44          5.93       59.30        0.00      0
      9981     55.45          4.98       49.78        0.00      0
      9982     55.46          5.93       59.30        0.00      0
      9983     55.47          3.12       31.22        0.00      0
      9984     55.48          4.98       49.78        0.00      0
      9985     55.48          5.47       54.66        0.00      0
      9986     55.50          3.12       31.22        0.00      0
      9987     55.52          3.12       31.22        0.00      0
      9988     55.53          4.98       49.78        0.00      0
      9989     55.54          4.98       49.78        0.00      0
      9990     55.55          3.12       31.22        0.00      0
      9991     55.57          4.98       49.78        0.00      0
      9992     55.58          5.93       59.30        0.00      0
      9993     55.59          3.12       31.22        0.00      0
      9994     55.60          4.98       49.78        0.00      0
      9995     55.61          3.12       31.22        0.00      0
      9996     55.63          3.12       31.22        0.00      0
      9997     55.63          5.93       59.30        0.00      0
      9998     55.64          4.98       49.78        0.00      0
      9999     55.65          4.98       49.78        0.00      0
     10000     55.65          3.12       31.22        0.00      0
     10001     55.66          3.12       31.22        0.00      0
     10002     55.67          4.98       49.78        0.00      0
     10003     55.68          4.98       49.78        0.00      0
     10004     55.69          4.98       49.78        0.00      0
     10005     55.71          5.93       59.30        0.00      0
     10006     55.71          3.12       31.22        0.00      0
     10007     55.72          4.98       49.78        0.00      0
     10008     55.73          5.93       59.30        0.00      0
     10009     55.73          3.12       31.22        0.00      0
     10010     55.74          3.12       31.22        0.00      0
     10011     55.75          4.98       49.78        0.00      0
     10012     55.76          3.12       31.22        0.00      0
     10013     55.77          4.98       49.78        0.00      0
     10014     55.77          4.98       49.78        0.00      0
     10015     55.78          5.93       59.30        0.00      0
     10016     55.78          3.12       31.22        0.00      0
     10017     55.79          5.93       59.30        0.00      0
     10018     55.80          4.98       49.78        0.00      0
     10019     55.80          3.12       31.22        0.00      0
     10020     55.81          5.47       54.66        0.00      0
     10021     55.82          3.12       31.22        0.00      0
     10022     55.82          3.12       31.22        0.00      0
     10023     55.83          3.12       31.22        0.00      0
     10024     55.84          3.12       31.22        0.00      0
     10025     55.84          3.12       31.22        0.00      0
     10026     55.85          3.12       31.22        0.00      0
     10027     55.85          4.98       49.78        0.00      0
     10028     55.86          4.98       49.78        0.00      0
     10029     55.87          4.98       49.78        0.00      0
     10030     55.88          3.12       31.22        0.00      0
     10031     55.89          4.98       49.78        0.00      0
     10032     55.90          3.12       31.22        0.00      0
     10033     55.90          3.12       31.22        0.00      0
     10034     55.91          4.98       49.78        0.00      0
     10035     55.92          4.98       49.78        0.00      0
     10036     55.93          3.12       31.22        0.00      0
     10037     55.94          3.12       31.22        0.00      0
     10038     55.94          4.98       49.78        0.00      0
     10039     55.95          3.12       31.22        0.00      0
     10040     55.96          4.98       49.78        0.00      0
     10041     55.97          4.98       49.78        0.00      0
     10042     55.97          4.98       49.78        0.00      0
     10043     55.98          3.12       31.22        0.00      0
     10044     55.99          3.12       31.22        0.00      0
     10045     56.00          3.12       31.22        0.00      0
     10046     56.00          3.12       31.22        0.00      0
     10047     56.01          3.12       31.22        0.00      0
     10048     56.02          3.12       31.22        0.00      0
     10049     56.02          3.12       31.22        0.00      0
     10050     56.04          3.12       31.22        0.00      0
     10051     56.04          4.98       49.78        0.00      0
     10052     56.05          5.93       59.30        0.00      0
     10053     56.06          4.98       49.78        0.00      0
     10054     56.06          3.12       31.22        0.00      0
     10055     56.07          5.93       59.30        0.00      0
     10056     56.07          3.12       31.22        0.00      0
     10057     56.08          3.12       31.22        0.00      0
     10058     56.08          3.12       31.22        0.00      0
     10059     56.09          4.98       49.78        0.00      0
     10060     56.10          4.98       49.78        0.00      0
     10061     56.11          5.93       59.30        0.00      0
     10062     56.12          4.98       49.78        0.00      0
     10063     56.12          4.98       49.78        0.00      0
     10064     56.13          3.12       31.22        0.00      0
     10065     56.14          3.12       31.22        0.00      0
     10066     56.14          4.98       49.78        0.00      0
     10067     56.15          4.98       49.78        0.00      0
     10068     56.15          3.12       31.22        0.00      0
     10069     56.16          5.93       59.30        0.00      0
     10070     56.16          3.12       31.22        0.00      0
     10071     56.17          3.12       31.22        0.00      0
     10072     56.18          3.12       31.22        0.00      0
     10073     56.18          4.98       49.78        0.00      0
     10074     56.18          3.12       31.22        0.00      0
     10075     56.19          3.12       31.22        0.00      0
     10076     56.19          3.12       31.22        0.00      0
     10077     56.20          3.12       31.22        0.00      0
     10078     56.20          3.12       31.22        0.00      0
     10079     56.21          3.12       31.22        0.00      0
     10080     56.22          3.12       31.22        0.00      0
     10081     56.23          3.12       31.22        0.00      0
     10082     56.24          3.12       31.22        0.00      0
     10083     56.25          3.12       31.22        0.00      0
     10084     56.26          4.98       49.78        0.00      0
     10085     56.27          3.12       31.22        0.00      0
     10086     56.27          3.12       31.22        0.00      0
     10087     56.27          3.12       31.22        0.00      0
     10088     56.28          3.12       31.22        0.00      0
     10089     56.29          3.12       31.22        0.00      0
     10090     56.30          3.12       31.22        0.00      0
     10091     56.30          4.98       49.78        0.00      0
     10092     56.31          3.12       31.22        0.00      0
     10093     56.31          3.12       31.22        0.00      0
     10094     56.32          3.12       31.22        0.00      0
     10095     56.32         13.71       67.07        7.00      0
     10096     56.33          3.12       31.22        0.00      0
     10097     56.33          4.98       49.78        0.00      0
     10098     56.34          3.12       31.22        0.00      0
     10099     56.35          3.12       31.22        0.00      0
     10100     56.35          3.12       31.22        0.00      0
     10101     56.36          4.98       49.78        0.00      0
     10102     56.36          3.12       31.22        0.00      0
     10103     56.37          3.12       31.22        0.00      0
     10104     56.37          3.12       31.22        0.00      0
     10105     56.37          4.98       49.78        0.00      0
     10106     56.38          3.12       31.22        0.00      0
     10107     56.39          4.98       49.78        0.00      0
     10108     56.40          4.98       49.78        0.00      0
     10109     56.40          3.12       31.22        0.00      0
     10110     56.41          3.12       31.22        0.00      0
     10111     56.42          3.12       31.22        0.00      0
     10112     56.44          3.12       31.22        0.00      0
     10113     56.45          4.98       49.78        0.00      0
     10114     56.45          4.98       49.78        0.00      0
     10115     56.46          3.12       31.22        0.00      0
     10116     56.47          3.12       31.22        0.00      0
     10117     56.48          3.12       31.22        0.00      0
     10118     56.49          3.12       31.22        0.00      0
     10119     56.50          3.12       31.22        0.00      0
     10120     56.51          4.98       49.78        0.00      0
     10121     56.52          4.98       49.78        0.00      0
     10122     56.52          3.12       31.22        0.00      0
     10123     56.53          3.12       31.22        0.00      0
     10124     56.54          4.98       49.78        0.00      0
     10125     56.54          5.93       59.30        0.00      0
     10126     56.55          5.47       54.66        0.00      0
     10127     56.55          3.12       31.22        0.00      0
     10128     56.56          3.12       31.22        0.00      0
     10129     56.57          3.12       31.22        0.00      0
     10130     56.57          4.98       49.78        0.00      0
     10131     56.57          4.98       49.78        0.00      0
     10132     56.58          4.98       49.78        0.00      0
     10133     56.59          5.93       59.30        0.00      0
     10134     56.59          3.12       31.22        0.00      0
     10135     56.59          4.98       49.78        0.00      0
     10136     56.60          4.98       49.78        0.00      0
     10137     56.60          4.98       49.78        0.00      0
     10138     56.61          4.98       49.78        0.00      0
     10139     56.62          4.98       49.78        0.00      0
     10140     56.62          3.12       31.22        0.00      0
     10141     56.63          3.12       31.22        0.00      0
     10142     56.63          4.98       49.78        0.00      0
     10143     56.63          3.12       31.22        0.00      0
     10144     56.64          3.12       31.22        0.00      0
     10145     56.65          3.12       31.22        0.00      0
     10146     56.66          3.12       31.22        0.00      0
     10147     56.66          4.98       49.78        0.00      0
     10148     56.67          3.12       31.22        0.00      0
     10149     56.67          3.12       31.22        0.00      0
     10150     56.68          3.12       31.22        0.00      0
     10151     56.69          4.98       49.78        0.00      0
     10152     56.69          3.12       31.22        0.00      0
     10153     56.70          4.98       49.78        0.00      0
     10154     56.70          3.12       31.22        0.00      0
     10155     56.71          4.98       49.78        0.00      0
     10156     56.72          3.12       31.22        0.00      0
     10157     56.72          3.12       31.22        0.00      0
     10158     56.72          6.15       50.03        1.15      0
     10159     56.73          4.98       49.78        0.00      0
     10160     56.73          3.12       31.22        0.00      0
     10161     56.74          3.12       31.22        0.00      0
     10162     56.74          4.98       49.78        0.00      0
     10163     56.74          3.12       31.22        0.00      0
     10164     56.74          4.98       49.78        0.00      0
     10165     56.75          3.12       31.22        0.00      0
     10166     56.75          3.12       31.22        0.00      0
     10167     56.76          5.93       59.30        0.00      0
     10168     56.76          3.12       31.22        0.00      0
     10169     56.77          3.12       31.22        0.00      0
     10170     56.77          3.12       31.22        0.00      0
     10171     56.78          4.98       49.78        0.00      0
     10172     56.78          4.98       49.78        0.00      0
     10173     56.78          4.98       49.78        0.00      0
     10174     56.79          4.98       49.78        0.00      0
     10175     56.79          4.98       49.78        0.00      0
     10176     56.79          3.12       31.22        0.00      0
     10177     56.80          3.12       31.22        0.00      0
     10178     56.80          5.93       59.30        0.00      0
     10179     56.81          3.12       31.22        0.00      0
     10180     56.81          3.12       31.22        0.00      0
     10181     56.81          4.98       49.78        0.00      0
     10182     56.82          3.12       31.22        0.00      0
     10183     56.82          4.98       49.78        0.00      0
     10184     56.83          3.12       31.22        0.00      0
     10185     56.83          3.12       31.22        0.00      0
     10186     56.83          5.93       59.30        0.00      0
     10187     56.84          3.12       31.22        0.00      0
     10188     56.84          3.12       31.22        0.00      0
     10189     56.85          5.93       59.30        0.00      0
     10190     56.85          4.98       49.78        0.00      0
     10191     56.86          3.12       31.22        0.00      0
     10192     56.86          4.98       49.78        0.00      0
     10193     56.86          3.12       31.22        0.00      0
     10194     56.87          3.12       31.22        0.00      0
     10195     56.87          5.93       59.30        0.00      0
     10196     56.87          3.12       31.22        0.00      0
     10197     56.88          3.12       31.22        0.00      0
     10198     56.88          3.12       31.22        0.00      0
     10199     56.88          3.12       31.22        0.00      0
     10200     56.88          5.93       59.30        0.00      0
     10201     56.89          5.47       54.66        0.00      0
     10202     56.89          3.12       31.22        0.00      0
     10203     56.90          4.98       49.78        0.00      0
     10204     56.90          4.98       49.78        0.00      0
     10205     56.91          3.12       31.22        0.00      0
     10206     56.91          4.98       49.78        0.00      0
     10207     56.92          3.12       31.22        0.00      0
     10208     56.92          3.12       31.22        0.00      0
     10209     56.92          3.12       31.22        0.00      0
     10210     56.93          4.98       49.78        0.00      0
     10211     56.93          3.12       31.22        0.00      0
     10212     56.93          4.98       49.78        0.00      0
     10213     56.93          3.12       31.22        0.00      0
     10214     56.94          3.12       31.22        0.00      0
     10215     56.94          4.98       49.78        0.00      0
     10216     56.94          4.98       49.78        0.00      0
     10217     56.95          3.12       31.22        0.00      0
     10218     56.95          3.12       31.22        0.00      0
     10219     56.95          4.98       49.78        0.00      0
     10220     56.96          3.12       31.22        0.00      0
     10221     56.96          4.98       49.78        0.00      0
     10222     56.97          3.12       31.22        0.00      0
     10223     56.97          4.98       49.78        0.00      0
     10224     56.98          3.12       31.22        0.00      0
     10225     56.98          3.12       31.22        0.00      0
     10226     56.99          3.12       31.22        0.00      0
     10227     56.99          4.98       49.78        0.00      0
     10228     56.99          3.12       31.22        0.00      0
     10229     57.00          4.98       49.78        0.00      0
     10230     57.01          3.12       31.22        0.00      0
     10231     57.01          3.12       31.22        0.00      0
     10232     57.01          3.12       31.22        0.00      0
     10233     57.02          3.12       31.22        0.00      0
     10234     57.02          3.12       31.22        0.00      0
     10235     57.03          3.12       31.22        0.00      0
     10236     57.03          4.98       49.78        0.00      0
     10237     57.04          3.12       31.22        0.00      0
     10238     57.05          3.12       31.22        0.00      0
     10239     57.05          5.93       59.30        0.00      0
     10240     57.06          3.12       31.22        0.00      0
     10241     57.06          3.12       31.22        0.00      0
     10242     57.06          3.12       31.22        0.00      0
     10243     57.07          3.12       31.22        0.00      0
     10244     57.07          3.12       31.22        0.00      0
     10245     57.08          4.98       49.78        0.00      0
     10246     57.08          3.12       31.22        0.00      0
     10247     57.08          3.12       31.22        0.00      0
     10248     57.09          3.12       31.22        0.00      0
     10249     57.09          3.12       31.22        0.00      0
     10250     57.10          3.12       31.22        0.00      0
     10251     57.10          4.98       49.78        0.00      0
     10252     57.11          3.12       31.22        0.00      0
     10253     57.11          4.98       49.78        0.00      0
     10254     57.12          3.12       31.22        0.00      0
     10255     57.12          4.98       49.78        0.00      0
     10256     57.12         17.15       60.03       11.15      0
     10257     57.12          4.98       49.78        0.00      0
     10258     57.13          3.12       31.22        0.00      0
     10259     57.14          3.12       31.22        0.00      0
     10260     57.15          3.12       31.22        0.00      0
     10261     57.15          3.12       31.22        0.00      0
     10262     57.15          4.98       49.78        0.00      0
     10263     57.16          4.98       49.78        0.00      0
     10264     57.16          3.12       31.22        0.00      0
     10265     57.16          4.98       49.78        0.00      0
     10266     57.17          3.12       31.22        0.00      0
     10267     57.17          3.12       31.22        0.00      0
     10268     57.17          4.98       49.78        0.00      0
     10269     57.18          3.12       31.22        0.00      0
     10270     57.18          3.12       31.22        0.00      0
     10271     57.18          3.12       31.22        0.00      0
     10272     57.19          5.47       54.66        0.00      0
     10273     57.20          4.98       49.78        0.00      0
     10274     57.21          4.98       49.78        0.00      0
     10275     57.21          4.98       49.78        0.00      0
     10276     57.22          4.98       49.78        0.00      0
     10277     57.22          4.98       49.78        0.00      0
     10278     57.22          5.93       59.30        0.00      0
     10279     57.23          3.12       31.22        0.00      0
     10280     57.23          3.12       31.22        0.00      0
     10281     57.24          4.98       49.78        0.00      0
     10282     57.25          4.98       49.78        0.00      0
     10283     57.26          5.47       54.66        0.00      0
     10284     57.26          3.12       31.22        0.00      0
     10285     57.26          3.12       31.22        0.00      0
     10286     57.27          4.98       49.78        0.00      0
     10287     57.27          3.12       31.22        0.00      0
     10288     57.28          5.93       59.30        0.00      0
     10289     57.28          3.12       31.22        0.00      0
     10290     57.28          3.12       31.22        0.00      0
     10291     57.29          3.12       31.22        0.00      0
     10292     57.29          3.12       31.22        0.00      0
     10293     57.30          3.12       31.22        0.00      0
     10294     57.30          3.12       31.22        0.00      0
     10295     57.31          5.47       54.66        0.00      0
     10296     57.31          3.12       31.22        0.00      0
     10297     57.32          3.12       31.22        0.00      0
     10298     57.33          3.12       31.22        0.00      0
     10299     57.33          3.12       31.22        0.00      0
     10300     57.34          4.98       49.78        0.00      0
     10301     57.34          3.12       31.22        0.00      0
     10302     57.35          4.98       49.78        0.00      0
     10303     57.35          3.12       31.22        0.00      0
     10304     57.35          4.98       49.78        0.00      0
     10305     57.36          3.12       31.22        0.00      0
     10306     57.36          3.12       31.22        0.00      0
     10307     57.37          4.98       49.78        0.00      0
     10308     57.37          3.12       31.22        0.00      0
     10309     57.38          3.12       31.22        0.00      0
     10310     57.39          5.93       59.30        0.00      0
     10311     57.40          4.98       49.78        0.00      0
     10312     57.40          3.12       31.22        0.00      0
     10313     57.41          3.12       31.22        0.00      0
     10314     57.41          3.12       31.22        0.00      0
     10315     57.42          3.12       31.22        0.00      0
     10316     57.43          4.98       49.78        0.00      0
     10317     57.43          3.12       31.22        0.00      0
     10318     57.43          3.12       31.22        0.00      0
     10319     57.44          3.12       31.22        0.00      0
     10320     57.44          3.12       31.22        0.00      0
     10321     57.45          5.93       59.30        0.00      0
     10322     57.45          3.12       31.22        0.00      0
     10323     57.46          5.47       54.66        0.00      0
     10324     57.46          3.12       31.22        0.00      0
     10325     57.47          3.12       31.22        0.00      0
     10326     57.47          3.12       31.22        0.00      0
     10327     57.48          3.12       31.22        0.00      0
     10328     57.49          3.12       31.22        0.00      0
     10329     57.49          3.12       31.22        0.00      0
     10330     57.50          3.12       31.22        0.00      0
     10331     57.50          3.12       31.22        0.00      0
     10332     57.51          3.12       31.22        0.00      0
     10333     57.51          4.98       49.78        0.00      0
     10334     57.51          3.12       31.22        0.00      0
     10335     57.52          4.98       49.78        0.00      0
     10336     57.52          3.12       31.22        0.00      0
     10337     57.53          3.12       31.22        0.00      0
     10338     57.53          5.93       59.30        0.00      0
     10339     57.54          4.98       49.78        0.00      0
     10340     57.54          3.12       31.22        0.00      0
     10341     57.55          5.47       54.66        0.00      0
     10342     57.55          3.12       31.22        0.00      0
     10343     57.55          3.12       31.22        0.00      0
     10344     57.56          5.93       59.30        0.00      0
     10345     57.56          3.12       31.22        0.00      0
     10346     57.57          5.93       59.30        0.00      0
     10347     57.57          3.12       31.22        0.00      0
     10348     57.58          3.12       31.22        0.00      0
     10349     57.58          3.12       31.22        0.00      0
     10350     57.59          3.12       31.22        0.00      0
     10351     57.59          3.12       31.22        0.00      0
     10352     57.60          4.98       49.78        0.00      0
     10353     57.60          3.12       31.22        0.00      0
     10354     57.60          3.12       31.22        0.00      0
     10355     57.61          3.12       31.22        0.00      0
     10356     57.62          4.98       49.78        0.00      0
     10357     57.62          3.12       31.22        0.00      0
     10358     57.63          3.12       31.22        0.00      0
     10359     57.63          4.98       49.78        0.00      0
     10360     57.64          3.12       31.22        0.00      0
     10361     57.64          3.12       31.22        0.00      0
     10362     57.65          5.93       59.30        0.00      0
     10363     57.66          4.98       49.78        0.00      0
     10364     57.67          3.12       31.22        0.00      0
     10365     57.67          4.98       49.78        0.00      0
     10366     57.68          3.12       31.22        0.00      0
     10367     57.69          3.12       31.22        0.00      0
     10368     57.69          4.98       49.78        0.00      0
     10369     57.70          4.98       49.78        0.00      0
     10370     57.71          4.98       49.78        0.00      0
     10371     57.71          3.12       31.22        0.00      0
     10372     57.72          4.98       49.78        0.00      0
     10373     57.73          3.12       31.22        0.00      0
     10374     57.74          3.12       31.22        0.00      0
     10375     57.74          4.98       49.78        0.00      0
     10376     57.75          3.12       31.22        0.00      0
     10377     57.76          4.98       49.78        0.00      0
     10378     57.76          6.15       50.03        1.15      0
     10379     57.76          3.12       31.22        0.00      0
     10380     57.77          4.98       49.78        0.00      0
     10381     57.78          3.12       31.22        0.00      0
     10382     57.79          3.12       31.22        0.00      0
     10383     57.79          5.47       54.66        0.00      0
     10384     57.80          4.98       49.78        0.00      0
     10385     57.80          3.12       31.22        0.00      0
     10386     57.80          4.98       49.78        0.00      0
     10387     57.81          4.98       49.78        0.00      0
     10388     57.82          3.12       31.22        0.00      0
     10389     57.82          4.98       49.78        0.00      0
     10390     57.82          4.98       49.78        0.00      0
     10391     57.83          4.98       49.78        0.00      0
     10392     57.84          3.12       31.22        0.00      0
     10393     57.84          3.12       31.22        0.00      0
     10394     57.85          3.12       31.22        0.00      0
     10395     57.85          4.98       49.78        0.00      0
     10396     57.86          3.12       31.22        0.00      0
     10397     57.86          3.12       31.22        0.00      0
     10398     57.87          3.12       31.22        0.00      0
     10399     57.87          5.93       59.30        0.00      0
     10400     57.88          4.98       49.78        0.00      0
     10401     57.88          3.12       31.22        0.00      0
     10402     57.88          4.98       49.78        0.00      0
     10403     57.89          3.12       31.22        0.00      0
     10404     57.90          5.93       59.30        0.00      0
     10405     57.90          3.12       31.22        0.00      0
     10406     57.90          3.12       31.22        0.00      0
     10407     57.91          3.12       31.22        0.00      0
     10408     57.92          4.98       49.78        0.00      0
     10409     57.92          4.98       49.78        0.00      0
     10410     57.93          3.12       31.22        0.00      0
     10411     57.94          3.12       31.22        0.00      0
     10412     57.95          3.12       31.22        0.00      0
     10413     57.96          3.12       31.22        0.00      0
     10414     57.97          4.98       49.78        0.00      0
     10415     57.97          4.98       49.78        0.00      0
     10416     57.98          4.98       49.78        0.00      0
     10417     57.99          3.12       31.22        0.00      0
     10418     58.00          4.98       49.78        0.00      0
     10419     58.01          3.12       31.22        0.00      0
     10420     58.01          3.12       31.22        0.00      0
     10421     58.02          3.12       31.22        0.00      0
     10422     58.02          4.98       49.78        0.00      0
     10423     58.03          5.93       59.30        0.00      0
     10424     58.04          5.93       59.30        0.00      0
     10425     58.04          4.98       49.78        0.00      0
     10426     58.05          4.98       49.78        0.00      0
     10427     58.05         17.15       60.03       11.15      0
     10428     58.06          5.93       59.30        0.00      0
     10429     58.06          3.12       31.22        0.00      0
     10430     58.07          3.12       31.22        0.00      0
     10431     58.07          3.12       31.22        0.00      0
     10432     58.08          3.12       31.22        0.00      0
     10433     58.08          5.93       59.30        0.00      0
     10434     58.09          5.93       59.30        0.00      0
     10435     58.10          4.98       49.78        0.00      0
     10436     58.11          3.12       31.22        0.00      0
     10437     58.11          4.98       49.78        0.00      0
     10438     58.12          5.93       59.30        0.00      0
     10439     58.13          3.12       31.22        0.00      0
     10440     58.14          3.12       31.22        0.00      0
     10441     58.14          3.12       31.22        0.00      0
     10442     58.14          4.98       49.78        0.00      0
     10443     58.15          4.98       49.78        0.00      0
     10444     58.15          3.12       31.22        0.00      0
     10445     58.16          3.12       31.22        0.00      0
     10446     58.17          3.12       31.22        0.00      0
     10447     58.17          3.12       31.22        0.00      0
     10448     58.18          4.98       49.78        0.00      0
     10449     58.18          3.12       31.22        0.00      0
     10450     58.19          3.12       31.22        0.00      0
     10451     58.20          3.12       31.22        0.00      0
     10452     58.21          3.12       31.22        0.00      0
     10453     58.22          4.98       49.78        0.00      0
     10454     58.22          3.12       31.22        0.00      0
     10455     58.23          4.98       49.78        0.00      0
     10456     58.24          4.98       49.78        0.00      0
     10457     58.24          3.12       31.22        0.00      0
     10458     58.25          3.12       31.22        0.00      0
     10459     58.25          3.12       31.22        0.00      0
     10460     58.26          3.12       31.22        0.00      0
     10461     58.28          3.12       31.22        0.00      0
     10462     58.28          3.12       31.22        0.00      0
     10463     58.30          3.12       31.22        0.00      0
     10464     58.30          4.98       49.78        0.00      0
     10465     58.31          3.12       31.22        0.00      0
     10466     58.32          4.98       49.78        0.00      0
     10467     58.32          4.98       49.78        0.00      0
     10468     58.33          3.12       31.22        0.00      0
     10469     58.33          3.12       31.22        0.00      0
     10470     58.33          3.12       31.22        0.00      0
     10471     58.34          4.98       49.78        0.00      0
     10472     58.34          4.98       49.78        0.00      0
     10473     58.34          3.12       31.22        0.00      0
     10474     58.35          4.98       49.78        0.00      0
     10475     58.35          4.98       49.78        0.00      0
     10476     58.36          3.12       31.22        0.00      0
     10477     58.36          3.12       31.22        0.00      0
     10478     58.36          4.98       49.78        0.00      0
     10479     58.37          3.12       31.22        0.00      0
     10480     58.37          4.98       49.78        0.00      0
     10481     58.37          4.98       49.78        0.00      0
     10482     58.38          3.12       31.22        0.00      0
     10483     58.38          4.98       49.78        0.00      0
     10484     58.38          4.98       49.78        0.00      0
     10485     58.39          4.98       49.78        0.00      0
     10486     58.39          4.98       49.78        0.00      0
     10487     58.40          3.12       31.22        0.00      0
     10488     58.41          5.93       59.30        0.00      0
     10489     58.41          4.98       49.78        0.00      0
     10490     58.41          3.12       31.22        0.00      0
     10491     58.42          3.12       31.22        0.00      0
     10492     58.42          3.12       31.22        0.00      0
     10493     58.43          3.12       31.22        0.00      0
     10494     58.44          4.98       49.78        0.00      0
     10495     58.44          3.12       31.22        0.00      0
     10496     58.44          3.12       31.22        0.00      0
     10497     58.45          4.98       49.78        0.00      0
     10498     58.45          4.98       49.78        0.00      0
     10499     58.46          3.12       31.22        0.00      0
     10500     58.47          5.93       59.30        0.00      0
     10501     58.48          3.12       31.22        0.00      0
     10502     58.48          4.98       49.78        0.00      0
     10503     58.49          4.98       49.78        0.00      0
     10504     58.49          4.98       49.78        0.00      0
     10505     58.49          4.98       49.78        0.00      0
     10506     58.50          5.93       59.30        0.00      0
     10507     58.51          3.12       31.22        0.00      0
     10508     58.52          3.12       31.22        0.00      0
     10509     58.52          4.98       49.78        0.00      0
     10510     58.53          5.93       59.30        0.00      0
     10511     58.53          3.12       31.22        0.00      0
     10512     58.54          3.12       31.22        0.00      0
     10513     58.55          4.98       49.78        0.00      0
     10514     58.55          4.98       49.78        0.00      0
     10515     58.56          5.93       59.30        0.00      0
     10516     58.56          4.98       49.78        0.00      0
     10517     58.57          3.12       31.22        0.00      0
     10518     58.57          3.12       31.22        0.00      0
     10519     58.58          3.12       31.22        0.00      0
     10520     58.59          4.98       49.78        0.00      0
     10521     58.59          3.12       31.22        0.00      0
     10522     58.60          3.12       31.22        0.00      0
     10523     58.61          3.12       31.22        0.00      0
     10524     58.61          6.56       54.66        1.10      0
     10525     58.62          9.18       56.82        3.50      0
     10526     58.63          3.12       31.22        0.00      0
     10527     58.63          3.12       31.22        0.00      0
     10528     58.64          3.12       31.22        0.00      0
     10529     58.64          4.98       49.78        0.00      0
     10530     58.65          4.98       49.78        0.00      0
     10531     58.66          4.98       49.78        0.00      0
     10532     58.67          3.12       31.22        0.00      0
     10533     58.68          4.98       49.78        0.00      0
     10534     58.68          4.98       49.78        0.00      0
     10535     58.69          4.98       49.78        0.00      0
     10536     58.70          3.12       31.22        0.00      0
     10537     58.71          3.12       31.22        0.00      0
     10538     58.71          3.12       31.22        0.00      0
     10539     58.72          4.98       49.78        0.00      0
     10540     58.72          3.12       31.22        0.00      0
     10541     58.73          4.98       49.78        0.00      0
     10542     58.74          4.98       49.78        0.00      0
     10543     58.74          3.12       31.22        0.00      0
     10544     58.75          4.98       49.78        0.00      0
     10545     58.75          3.12       31.22        0.00      0
     10546     58.76          4.98       49.78        0.00      0
     10547     58.76          4.98       49.78        0.00      0
     10548     58.77          3.12       31.22        0.00      0
     10549     58.77          5.93       59.30        0.00      0
     10550     58.78          3.12       31.22        0.00      0
     10551     58.79          3.12       31.22        0.00      0
     10552     58.79          3.12       31.22        0.00      0
     10553     58.80          3.12       31.22        0.00      0
     10554     58.81          4.98       49.78        0.00      0
     10555     58.81          4.98       49.78        0.00      0
     10556     58.81          5.93       59.30        0.00      0
     10557     58.82          4.98       49.78        0.00      0
     10558     58.83          3.12       31.22        0.00      0
     10559     58.83          3.12       31.22        0.00      0
     10560     58.84          3.12       31.22        0.00      0
     10561     58.85          3.12       31.22        0.00      0
     10562     58.85          3.12       31.22        0.00      0
     10563     58.86          3.12       31.22        0.00      0
     10564     58.86          3.12       31.22        0.00      0
     10565     58.87          3.12       31.22        0.00      0
     10566     58.87          4.98       49.78        0.00      0
     10567     58.88          4.98       49.78        0.00      0
     10568     58.89          3.12       31.22        0.00      0
     10569     58.90          3.12       31.22        0.00      0
     10570     58.91          3.12       31.22        0.00      0
     10571     58.91          4.98       49.78        0.00      0
     10572     58.92          4.98       49.78        0.00      0
     10573     58.92          4.98       49.78        0.00      0
     10574     58.93          3.12       31.22        0.00      0
     10575     58.94          3.12       31.22        0.00      0
     10576     58.95          4.98       49.78        0.00      0
     10577     58.95          3.12       31.22        0.00      0
     10578     58.96          3.12       31.22        0.00      0
     10579     58.97          5.93       59.30        0.00      0
     10580     58.98          4.98       49.78        0.00      0
     10581     58.99          3.12       31.22        0.00      0
     10582     59.00          3.12       31.22        0.00      0
     10583     59.00          4.98       49.78        0.00      0
     10584     59.01          5.93       59.30        0.00      0
     10585     59.02          3.12       31.22        0.00      0
     10586     59.03          3.12       31.22        0.00      0
     10587     59.04          3.12       31.22        0.00      0
     10588     59.05          4.98       49.78        0.00      0
     10589     59.05          4.98       49.78        0.00      0
     10590     59.06          4.98       49.78        0.00      0
     10591     59.06          3.12       31.22        0.00      0
     10592     59.07          3.12       31.22        0.00      0
     10593     59.08          3.12       31.22        0.00      0
     10594     59.08          3.12       31.22        0.00      0
     10595     59.09          3.12       31.22        0.00      0
     10596     59.09          3.12       31.22        0.00      0
     10597     59.10          3.12       31.22        0.00      0
     10598     59.10          3.12       31.22        0.00      0
     10599     59.11          4.98       49.78        0.00      0
     10600     59.11          3.12       31.22        0.00      0
     10601     59.12          4.98       49.78        0.00      0
     10602     59.13          4.98       49.78        0.00      0
     10603     59.13          4.98       49.78        0.00      0
     10604     59.14          3.12       31.22        0.00      0
     10605     59.14          4.98       49.78        0.00      0
     10606     59.14          4.98       49.78        0.00      0
     10607     59.15          3.12       31.22        0.00      0
     10608     59.16          4.98       49.78        0.00      0
     10609     59.16          3.12       31.22        0.00      0
     10610     59.17          5.93       59.30        0.00      0
     10611     59.18          3.12       31.22        0.00      0
     10612     59.18          4.98       49.78        0.00      0
     10613     59.19          3.12       31.22        0.00      0
     10614     59.20          3.12       31.22        0.00      0
     10615     59.20          3.12       31.22        0.00      0
     10616     59.21          3.12       31.22        0.00      0
     10617     59.22          3.12       31.22        0.00      0
     10618     59.23          3.12       31.22        0.00      0
     10619     59.24          4.98       49.78        0.00      0
     10620     59.25          3.12       31.22        0.00      0
     10621     59.26          5.93       59.30        0.00      0
     10622     59.26          4.98       49.78        0.00      0
     10623     59.27          4.98       49.78        0.00      0
     10624     59.28          3.12       31.22        0.00      0
     10625     59.29          3.12       31.22        0.00      0
     10626     59.29          4.98       49.78        0.00      0
     10627     59.30          3.12       31.22        0.00      0
     10628     59.31          3.12       31.22        0.00      0
     10629     59.31          5.93       59.30        0.00      0
     10630     59.31          5.93       59.30        0.00      0
     10631     59.32          3.12       31.22        0.00      0
     10632     59.33          3.12       31.22        0.00      0
     10633     59.33          4.98       49.78        0.00      0
     10634     59.33          3.12       31.22        0.00      0
     10635     59.34          4.98       49.78        0.00      0
     10636     59.34          4.98       49.78        0.00      0
     10637     59.35          3.12       31.22        0.00      0
     10638     59.36          5.93       59.30        0.00      0
     10639     59.36          3.12       31.22        0.00      0
     10640     59.37          4.98       49.78        0.00      0
     10641     59.37          4.98       49.78        0.00      0
     10642     59.37          3.12       31.22        0.00      0
     10643     59.38          3.12       31.22        0.00      0
     10644     59.38          4.98       49.78        0.00      0
     10645     59.39          3.12       31.22        0.00      0
     10646     59.39          4.98       49.78        0.00      0
     10647     59.39          3.12       31.22        0.00      0
     10648     59.40          3.12       31.22        0.00      0
     10649     59.41          4.98       49.78        0.00      0
     10650     59.41          4.98       49.78        0.00      0
     10651     59.42          3.12       31.22        0.00      0
     10652     59.43          3.12       31.22        0.00      0
     10653     59.43          5.93       59.30        0.00      0
     10654     59.44          3.12       31.22        0.00      0
     10655     59.45          3.12       31.22        0.00      0
     10656     59.45          3.12       31.22        0.00      0
     10657     59.47          4.98       49.78        0.00      0
     10658     59.47          5.93       59.30        0.00      0
     10659     59.48          5.93       59.30        0.00      0
     10660     59.48          4.98       49.78        0.00      0
     10661     59.49          3.12       31.22        0.00      0
     10662     59.50          4.98       49.78        0.00      0
     10663     59.50          3.12       31.22        0.00      0
     10664     59.50          4.98       49.78        0.00      0
     10665     59.51          4.98       49.78        0.00      0
     10666     59.52          3.12       31.22        0.00      0
     10667     59.52          4.98       49.78        0.00      0
     10668     59.53          5.68       56.82        0.00      0
     10669     59.54          5.68       56.82        0.00      0
     10670     59.54          3.12       31.22        0.00      0
     10671     59.55          4.98       49.78        0.00      0
     10672     59.56          4.98       49.78        0.00      0
     10673     59.57          3.12       31.22        0.00      0
     10674     59.57          3.12       31.22        0.00      0
     10675     59.58          3.12       31.22        0.00      0
     10676     59.59          3.12       31.22        0.00      0
     10677     59.59          4.98       49.78        0.00      0
     10678     59.60          4.98       49.78        0.00      0
     10679     59.60          3.12       31.22        0.00      0
     10680     59.61          4.98       49.78        0.00      0
     10681     59.61          3.12       31.22        0.00      0
     10682     59.62          4.98       49.78        0.00      0
     10683     59.63          3.12       31.22        0.00      0
     10684     59.64          3.12       31.22        0.00      0
     10685     59.64          4.98       49.78        0.00      0
     10686     59.65          5.93       59.30        0.00      0
     10687     59.66          4.98       49.78        0.00      0
     10688     59.66          4.98       49.78        0.00      0
     10689     59.66          3.12       31.22        0.00      0
     10690     59.68          4.98       49.78        0.00      0
     10691     59.68          4.98       49.78        0.00      0
     10692     59.69          5.93       59.30        0.00      0
     10693     59.70          3.12       31.22        0.00      0
     10694     59.70          4.98       49.78        0.00      0
     10695     59.70          3.12       31.22        0.00      0
     10696     59.71          3.12       31.22        0.00      0
     10697     59.71          4.98       49.78        0.00      0
     10698     59.72          3.12       31.22        0.00      0
     10699     59.72          3.12       31.22        0.00      0
     10700     59.73          4.98       49.78        0.00      0
     10701     59.73          5.93       59.30        0.00      0
     10702     59.74          3.12       31.22        0.00      0
     10703     59.75          3.12       31.22        0.00      0
     10704     59.75          4.98       49.78        0.00      0
     10705     59.76          5.93       59.30        0.00      0
     10706     59.76          3.12       31.22        0.00      0
     10707     59.77          3.12       31.22        0.00      0
     10708     59.77          4.98       49.78        0.00      0
     10709     59.77          5.47       54.66        0.00      0
     10710     59.78          3.12       31.22        0.00      0
     10711     59.79          5.93       59.30        0.00      0
     10712     59.80          3.12       31.22        0.00      0
     10713     59.80          3.12       31.22        0.00      0
     10714     59.80          4.98       49.78        0.00      0
     10715     59.81          3.12       31.22        0.00      0
     10716     59.82          3.12       31.22        0.00      0
     10717     59.82          4.98       49.78        0.00      0
     10718     59.83          3.12       31.22        0.00      0
     10719     59.83          4.98       49.78        0.00      0
     10720     59.83          4.98       49.78        0.00      0
     10721     59.84          3.12       31.22        0.00      0
     10722     59.85          4.98       49.78        0.00      0
     10723     59.85          3.12       31.22        0.00      0
     10724     59.86          3.12       31.22        0.00      0
     10725     59.86          4.98       49.78        0.00      0
     10726     59.87          5.93       59.30        0.00      0
     10727     59.87          3.12       31.22        0.00      0
     10728     59.88          3.12       31.22        0.00      0
     10729     59.88          3.12       31.22        0.00      0
     10730     59.88          3.12       31.22        0.00      0
     10731     59.89          4.98       49.78        0.00      0
     10732     59.89          5.93       59.30        0.00      0
     10733     59.90          3.12       31.22        0.00      0
     10734     59.90          3.12       31.22        0.00      0
     10735     59.91          3.12       31.22        0.00      0
     10736     59.91          4.98       49.78        0.00      0
     10737     59.92          3.12       31.22        0.00      0
     10738     59.92          4.98       49.78        0.00      0
     10739     59.92          4.98       49.78        0.00      0
     10740     59.93          3.12       31.22        0.00      0
     10741     59.93          4.98       49.78        0.00      0
     10742     59.93          4.98       49.78        0.00      0
     10743     59.94          3.12       31.22        0.00      0
     10744     59.94          3.12       31.22        0.00      0
     10745     59.95          4.98       49.78        0.00      0
     10746     59.95          4.98       49.78        0.00      0
     10747     59.96          3.12       31.22        0.00      0
     10748     59.96          4.98       49.78        0.00      0
     10749     59.97          3.12       31.22        0.00      0
     10750     59.97          4.98       49.78        0.00      0
     10751     59.98          3.12       31.22        0.00      0
     10752     59.98          3.12       31.22        0.00      0
     10753     59.99          4.98       49.78        0.00      0
     10754     59.99          3.12       31.22        0.00      0
  ------------------------------------------------------------
