========================================================================
  ConstructiveHeuristic — unknown
========================================================================
  alpha=0.7  time_limit=60s  seed=None  min_sep=10.0
  weights: makespan=1.0  delay=0.0  movements=0.0

  Instance: 10 aircraft  5 positions  3 blocking arcs
  Blocking arcs: P3→P4  P3→P5  P4→P5

────────────────────────────────────────────────────────────────────────
  Best construction detail  (iter 1  obj=55.6100)
────────────────────────────────────────────────────────────────────────
Blocking arcs: P3→P4  P3→P5  P4→P5

Aircraft initial ranking (target_finish ASC, total_duration ASC):
  Rank   ID       earliest     target    duration
  ----------------------------------------------
  [ 0]  R8          13.02      21.99        7.74
  [ 1]  R10         18.84      29.89        9.26
  [ 2]  R3           0.00      35.63       16.05
  [ 3]  R1           0.00      51.06       21.52
  [ 4]  R2           0.00      53.35       25.44
  [ 5]  R4           5.62      55.07       20.17
  [ 6]  R5           6.51      60.01       20.40
  [ 7]  R6           8.77      62.89       20.80
  [ 8]  R7          12.91      63.99       21.55
  [ 9]  R9          13.44      70.59       27.15

========================================================================
  STEP 1/10
========================================================================

  Pair evaluation  (50 pairs):
    Rank   ID      Pos     t_start   t_finish    delay      gap   blocking      score    weight     P(%)   cum(%)
    ---------------------------------------------------------------------------------------------------------
    [ 0]  R3      P1         0.00      16.05     0.00     0.00       none      16.05    1.0000   70.00%   70.00%
    [ 1]  R3      P2         0.00      16.05     0.00     0.00       none      16.05    0.3000   21.00%   91.00%
    [ 2]  R3      P3         0.00      16.05     0.00     0.00       none      16.05    0.0900    6.30%   97.30%
    [ 3]  R3      P4         0.00      16.05     0.00     0.00       none      16.05    0.0270    1.89%   99.19%
    [ 4]  R3      P5         0.00      16.05     0.00     0.00       none      16.05    0.0081    0.57%   99.76%
    [ 5]  R8      P1        13.02      20.76     0.00     0.00       none      20.76    0.0024    0.17%   99.93%
    [ 6]  R8      P2        13.02      20.76     0.00     0.00       none      20.76    0.0007    0.05%   99.98%
    [ 7]  R8      P3        13.02      20.76     0.00     0.00       none      20.76    0.0002    0.02%   99.99%
    [ 8]  R8      P4        13.02      20.76     0.00     0.00       none      20.76    0.0001    0.00%  100.00%
    [ 9]  R8      P5        13.02      20.76     0.00     0.00       none      20.76    0.0000    0.00%  100.00%
    [10]  R1      P1         0.00      21.52     0.00     0.00       none      21.52    0.0000    0.00%  100.00%
    [11]  R1      P2         0.00      21.52     0.00     0.00       none      21.52    0.0000    0.00%  100.00%
    [12]  R1      P3         0.00      21.52     0.00     0.00       none      21.52    0.0000    0.00%  100.00%
    [13]  R1      P4         0.00      21.52     0.00     0.00       none      21.52    0.0000    0.00%  100.00%
    [14]  R1      P5         0.00      21.52     0.00     0.00       none      21.52    0.0000    0.00%  100.00%
    [15]  R2      P1         0.00      25.44     0.00     0.00       none      25.44    0.0000    0.00%  100.00%
    [16]  R2      P2         0.00      25.44     0.00     0.00       none      25.44    0.0000    0.00%  100.00%
    [17]  R2      P3         0.00      25.44     0.00     0.00       none      25.44    0.0000    0.00%  100.00%
    [18]  R2      P4         0.00      25.44     0.00     0.00       none      25.44    0.0000    0.00%  100.00%
    [19]  R2      P5         0.00      25.44     0.00     0.00       none      25.44    0.0000    0.00%  100.00%
    [20]  R4      P1         5.62      25.79     0.00     0.00       none      25.79    0.0000    0.00%  100.00%
    [21]  R4      P2         5.62      25.79     0.00     0.00       none      25.79    0.0000    0.00%  100.00%
    [22]  R4      P3         5.62      25.79     0.00     0.00       none      25.79    0.0000    0.00%  100.00%
    [23]  R4      P4         5.62      25.79     0.00     0.00       none      25.79    0.0000    0.00%  100.00%
    [24]  R4      P5         5.62      25.79     0.00     0.00       none      25.79    0.0000    0.00%  100.00%
    [25]  R5      P1         6.51      26.91     0.00     0.00       none      26.91    0.0000    0.00%  100.00%
    [26]  R5      P2         6.51      26.91     0.00     0.00       none      26.91    0.0000    0.00%  100.00%
    [27]  R5      P3         6.51      26.91     0.00     0.00       none      26.91    0.0000    0.00%  100.00%
    [28]  R5      P4         6.51      26.91     0.00     0.00       none      26.91    0.0000    0.00%  100.00%
    [29]  R5      P5         6.51      26.91     0.00     0.00       none      26.91    0.0000    0.00%  100.00%
    [30]  R10     P1        18.84      28.10     0.00     0.00       none      28.10    0.0000    0.00%  100.00%
    [31]  R10     P2        18.84      28.10     0.00     0.00       none      28.10    0.0000    0.00%  100.00%
    [32]  R10     P3        18.84      28.10     0.00     0.00       none      28.10    0.0000    0.00%  100.00%
    [33]  R10     P4        18.84      28.10     0.00     0.00       none      28.10    0.0000    0.00%  100.00%
    [34]  R10     P5        18.84      28.10     0.00     0.00       none      28.10    0.0000    0.00%  100.00%
    [35]  R6      P1         8.77      29.57     0.00     0.00       none      29.57    0.0000    0.00%  100.00%
    [36]  R6      P2         8.77      29.57     0.00     0.00       none      29.57    0.0000    0.00%  100.00%
    [37]  R6      P3         8.77      29.57     0.00     0.00       none      29.57    0.0000    0.00%  100.00%
    [38]  R6      P4         8.77      29.57     0.00     0.00       none      29.57    0.0000    0.00%  100.00%
    [39]  R6      P5         8.77      29.57     0.00     0.00       none      29.57    0.0000    0.00%  100.00%
    [40]  R7      P1        12.91      34.46     0.00     0.00       none      34.46    0.0000    0.00%  100.00%
    [41]  R7      P2        12.91      34.46     0.00     0.00       none      34.46    0.0000    0.00%  100.00%
    [42]  R7      P3        12.91      34.46     0.00     0.00       none      34.46    0.0000    0.00%  100.00%
    [43]  R7      P4        12.91      34.46     0.00     0.00       none      34.46    0.0000    0.00%  100.00%
    [44]  R7      P5        12.91      34.46     0.00     0.00       none      34.46    0.0000    0.00%  100.00%
    [45]  R9      P1        13.44      40.59     0.00     0.00       none      40.59    0.0000    0.00%  100.00%
    [46]  R9      P2        13.44      40.59     0.00     0.00       none      40.59    0.0000    0.00%  100.00%
    [47]  R9      P3        13.44      40.59     0.00     0.00       none      40.59    0.0000    0.00%  100.00%
    [48]  R9      P4        13.44      40.59     0.00     0.00       none      40.59    0.0000    0.00%  100.00%
    [49]  R9      P5        13.44      40.59     0.00     0.00       none      40.59    0.0000    0.00%  100.00%
    draw=0.3729  →  (R3, P1) (rank 0) selected

  Assignment: R3 → P1  [0.00 → 16.05]  delay=0.00
    J3-1       [0.00 → 8.95]
    J3-2       [8.95 → 16.05]

  Assigned so far:
    ID      Pos       start    finish    delay
    ----------------------------------------
    R3      P1         0.00     16.05     0.00

========================================================================
  STEP 2/10
========================================================================

  Pair evaluation  (45 pairs):
    Rank   ID      Pos     t_start   t_finish    delay      gap   blocking      score    weight     P(%)   cum(%)
    ---------------------------------------------------------------------------------------------------------
    [ 0]  R8      P2        13.02      20.76     0.00     0.00       none      20.76    1.0000   70.00%   70.00%
    [ 1]  R8      P3        13.02      20.76     0.00     0.00       none      20.76    0.3000   21.00%   91.00%
    [ 2]  R8      P4        13.02      20.76     0.00     0.00       none      20.76    0.0900    6.30%   97.30%
    [ 3]  R8      P5        13.02      20.76     0.00     0.00       none      20.76    0.0270    1.89%   99.19%
    [ 4]  R1      P2         0.00      21.52     0.00     0.00       none      21.52    0.0081    0.57%   99.76%
    [ 5]  R1      P3         0.00      21.52     0.00     0.00       none      21.52    0.0024    0.17%   99.93%
    [ 6]  R1      P4         0.00      21.52     0.00     0.00       none      21.52    0.0007    0.05%   99.98%
    [ 7]  R1      P5         0.00      21.52     0.00     0.00       none      21.52    0.0002    0.02%   99.99%
    [ 8]  R2      P2         0.00      25.44     0.00     0.00       none      25.44    0.0001    0.00%  100.00%
    [ 9]  R2      P3         0.00      25.44     0.00     0.00       none      25.44    0.0000    0.00%  100.00%
    [10]  R2      P4         0.00      25.44     0.00     0.00       none      25.44    0.0000    0.00%  100.00%
    [11]  R2      P5         0.00      25.44     0.00     0.00       none      25.44    0.0000    0.00%  100.00%
    [12]  R4      P2         5.62      25.79     0.00     0.00       none      25.79    0.0000    0.00%  100.00%
    [13]  R4      P3         5.62      25.79     0.00     0.00       none      25.79    0.0000    0.00%  100.00%
    [14]  R4      P4         5.62      25.79     0.00     0.00       none      25.79    0.0000    0.00%  100.00%
    [15]  R4      P5         5.62      25.79     0.00     0.00       none      25.79    0.0000    0.00%  100.00%
    [16]  R5      P2         6.51      26.91     0.00     0.00       none      26.91    0.0000    0.00%  100.00%
    [17]  R5      P3         6.51      26.91     0.00     0.00       none      26.91    0.0000    0.00%  100.00%
    [18]  R5      P4         6.51      26.91     0.00     0.00       none      26.91    0.0000    0.00%  100.00%
    [19]  R5      P5         6.51      26.91     0.00     0.00       none      26.91    0.0000    0.00%  100.00%
    [20]  R10     P2        18.84      28.10     0.00     0.00       none      28.10    0.0000    0.00%  100.00%
    [21]  R10     P3        18.84      28.10     0.00     0.00       none      28.10    0.0000    0.00%  100.00%
    [22]  R10     P4        18.84      28.10     0.00     0.00       none      28.10    0.0000    0.00%  100.00%
    [23]  R10     P5        18.84      28.10     0.00     0.00       none      28.10    0.0000    0.00%  100.00%
    [24]  R6      P2         8.77      29.57     0.00     0.00       none      29.57    0.0000    0.00%  100.00%
    [25]  R6      P3         8.77      29.57     0.00     0.00       none      29.57    0.0000    0.00%  100.00%
    [26]  R6      P4         8.77      29.57     0.00     0.00       none      29.57    0.0000    0.00%  100.00%
    [27]  R6      P5         8.77      29.57     0.00     0.00       none      29.57    0.0000    0.00%  100.00%
    [28]  R7      P2        12.91      34.46     0.00     0.00       none      34.46    0.0000    0.00%  100.00%
    [29]  R7      P3        12.91      34.46     0.00     0.00       none      34.46    0.0000    0.00%  100.00%
    [30]  R7      P4        12.91      34.46     0.00     0.00       none      34.46    0.0000    0.00%  100.00%
    [31]  R7      P5        12.91      34.46     0.00     0.00       none      34.46    0.0000    0.00%  100.00%
    [32]  R9      P2        13.44      40.59     0.00     0.00       none      40.59    0.0000    0.00%  100.00%
    [33]  R9      P3        13.44      40.59     0.00     0.00       none      40.59    0.0000    0.00%  100.00%
    [34]  R9      P4        13.44      40.59     0.00     0.00       none      40.59    0.0000    0.00%  100.00%
    [35]  R9      P5        13.44      40.59     0.00     0.00       none      40.59    0.0000    0.00%  100.00%
    [36]  R8      P1        26.05      33.79    11.80    10.00       none      43.79    0.0000    0.00%  100.00%
    [37]  R10     P1        26.05      35.31     5.42    10.00       none      45.31    0.0000    0.00%  100.00%
    [38]  R4      P1        26.05      46.22     0.00    10.00       none      56.22    0.0000    0.00%  100.00%
    [39]  R5      P1        26.05      46.45     0.00    10.00       none      56.45    0.0000    0.00%  100.00%
    [40]  R6      P1        26.05      46.85     0.00    10.00       none      56.85    0.0000    0.00%  100.00%
    [41]  R1      P1        26.05      47.57     0.00    10.00       none      57.57    0.0000    0.00%  100.00%
    [42]  R7      P1        26.05      47.60     0.00    10.00       none      57.60    0.0000    0.00%  100.00%
    [43]  R2      P1        26.05      51.49     0.00    10.00       none      61.49    0.0000    0.00%  100.00%
    [44]  R9      P1        26.05      53.20     0.00    10.00       none      63.20    0.0000    0.00%  100.00%
    draw=0.7388  →  (R8, P2) (rank 0) selected

  Assignment: R8 → P2  [13.02 → 20.76]  delay=0.00
    J8-1       [13.02 → 20.75]

  Assigned so far:
    ID      Pos       start    finish    delay
    ----------------------------------------
    R3      P1         0.00     16.05     0.00
    R8      P2        13.02     20.75     0.00

========================================================================
  STEP 3/10
========================================================================

  Pair evaluation  (40 pairs):
    Rank   ID      Pos     t_start   t_finish    delay      gap   blocking      score    weight     P(%)   cum(%)
    ---------------------------------------------------------------------------------------------------------
    [ 0]  R1      P3         0.00      21.52     0.00     0.00       none      21.52    1.0000   70.00%   70.00%
    [ 1]  R1      P4         0.00      21.52     0.00     0.00       none      21.52    0.3000   21.00%   91.00%
    [ 2]  R1      P5         0.00      21.52     0.00     0.00       none      21.52    0.0900    6.30%   97.30%
    [ 3]  R2      P3         0.00      25.44     0.00     0.00       none      25.44    0.0270    1.89%   99.19%
    [ 4]  R2      P4         0.00      25.44     0.00     0.00       none      25.44    0.0081    0.57%   99.76%
    [ 5]  R2      P5         0.00      25.44     0.00     0.00       none      25.44    0.0024    0.17%   99.93%
    [ 6]  R4      P3         5.62      25.79     0.00     0.00       none      25.79    0.0007    0.05%   99.98%
    [ 7]  R4      P4         5.62      25.79     0.00     0.00       none      25.79    0.0002    0.02%   99.99%
    [ 8]  R4      P5         5.62      25.79     0.00     0.00       none      25.79    0.0001    0.00%  100.00%
    [ 9]  R5      P3         6.51      26.91     0.00     0.00       none      26.91    0.0000    0.00%  100.00%
    [10]  R5      P4         6.51      26.91     0.00     0.00       none      26.91    0.0000    0.00%  100.00%
    [11]  R5      P5         6.51      26.91     0.00     0.00       none      26.91    0.0000    0.00%  100.00%
    [12]  R10     P3        18.84      28.10     0.00     0.00       none      28.10    0.0000    0.00%  100.00%
    [13]  R10     P4        18.84      28.10     0.00     0.00       none      28.10    0.0000    0.00%  100.00%
    [14]  R10     P5        18.84      28.10     0.00     0.00       none      28.10    0.0000    0.00%  100.00%
    [15]  R6      P3         8.77      29.57     0.00     0.00       none      29.57    0.0000    0.00%  100.00%
    [16]  R6      P4         8.77      29.57     0.00     0.00       none      29.57    0.0000    0.00%  100.00%
    [17]  R6      P5         8.77      29.57     0.00     0.00       none      29.57    0.0000    0.00%  100.00%
    [18]  R7      P3        12.91      34.46     0.00     0.00       none      34.46    0.0000    0.00%  100.00%
    [19]  R7      P4        12.91      34.46     0.00     0.00       none      34.46    0.0000    0.00%  100.00%
    [20]  R7      P5        12.91      34.46     0.00     0.00       none      34.46    0.0000    0.00%  100.00%
    [21]  R9      P3        13.44      40.59     0.00     0.00       none      40.59    0.0000    0.00%  100.00%
    [22]  R9      P4        13.44      40.59     0.00     0.00       none      40.59    0.0000    0.00%  100.00%
    [23]  R9      P5        13.44      40.59     0.00     0.00       none      40.59    0.0000    0.00%  100.00%
    [24]  R10     P1        26.05      35.31     5.42    10.00       none      45.31    0.0000    0.00%  100.00%
    [25]  R10     P2        30.76      40.02    10.13    10.00       none      50.02    0.0000    0.00%  100.00%
    [26]  R4      P1        26.05      46.22     0.00    10.00       none      56.22    0.0000    0.00%  100.00%
    [27]  R5      P1        26.05      46.45     0.00    10.00       none      56.45    0.0000    0.00%  100.00%
    [28]  R6      P1        26.05      46.85     0.00    10.00       none      56.85    0.0000    0.00%  100.00%
    [29]  R1      P1        26.05      47.57     0.00    10.00       none      57.57    0.0000    0.00%  100.00%
    [30]  R7      P1        26.05      47.60     0.00    10.00       none      57.60    0.0000    0.00%  100.00%
    [31]  R4      P2        30.76      50.93     0.00    10.00       none      60.93    0.0000    0.00%  100.00%
    [32]  R5      P2        30.76      51.16     0.00    10.00       none      61.16    0.0000    0.00%  100.00%
    [33]  R2      P1        26.05      51.49     0.00    10.00       none      61.49    0.0000    0.00%  100.00%
    [34]  R6      P2        30.76      51.56     0.00    10.00       none      61.56    0.0000    0.00%  100.00%
    [35]  R1      P2        30.76      52.28     1.21    10.00       none      62.28    0.0000    0.00%  100.00%
    [36]  R7      P2        30.76      52.31     0.00    10.00       none      62.31    0.0000    0.00%  100.00%
    [37]  R9      P1        26.05      53.20     0.00    10.00       none      63.20    0.0000    0.00%  100.00%
    [38]  R2      P2        30.76      56.20     2.84    10.00       none      66.19    0.0000    0.00%  100.00%
    [39]  R9      P2        30.76      57.91     0.00    10.00       none      67.91    0.0000    0.00%  100.00%
    draw=0.0435  →  (R1, P3) (rank 0) selected

  Assignment: R1 → P3  [0.00 → 21.52]  delay=0.00
    J1-1       [0.00 → 6.55]
    J1-2       [6.55 → 12.99]
    J1-3       [12.99 → 21.52]

  Assigned so far:
    ID      Pos       start    finish    delay
    ----------------------------------------
    R3      P1         0.00     16.05     0.00
    R8      P2        13.02     20.75     0.00
    R1      P3         0.00     21.52     0.00

========================================================================
  STEP 4/10
========================================================================

  Pair evaluation  (35 pairs):
    Rank   ID      Pos     t_start   t_finish    delay      gap   blocking      score    weight     P(%)   cum(%)
    ---------------------------------------------------------------------------------------------------------
    [ 0]  R2      P4         0.00      25.44     0.00     0.00       none      25.44    1.0000   70.00%   70.00%
    [ 1]  R2      P5         0.00      25.44     0.00     0.00       none      25.44    0.3000   21.00%   91.00%
    [ 2]  R4      P4         5.62      25.79     0.00     0.00      2 mov      25.79    0.0900    6.30%   97.30%
    [ 3]  R4      P5         5.62      25.79     0.00     0.00      2 mov      25.79    0.0270    1.89%   99.19%
    [ 4]  R5      P4         6.51      26.91     0.00     0.00      2 mov      26.91    0.0081    0.57%   99.76%
    [ 5]  R5      P5         6.51      26.91     0.00     0.00      2 mov      26.91    0.0024    0.17%   99.93%
    [ 6]  R10     P4        18.84      28.10     0.00     0.00      2 mov      28.10    0.0007    0.05%   99.98%
    [ 7]  R10     P5        18.84      28.10     0.00     0.00      2 mov      28.10    0.0002    0.02%   99.99%
    [ 8]  R6      P4         8.77      29.57     0.00     0.00      2 mov      29.57    0.0001    0.00%  100.00%
    [ 9]  R6      P5         8.77      29.57     0.00     0.00      2 mov      29.57    0.0000    0.00%  100.00%
    [10]  R7      P4        12.91      34.46     0.00     0.00      2 mov      34.46    0.0000    0.00%  100.00%
    [11]  R7      P5        12.91      34.46     0.00     0.00      2 mov      34.46    0.0000    0.00%  100.00%
    [12]  R9      P4        13.44      40.59     0.00     0.00      2 mov      40.59    0.0000    0.00%  100.00%
    [13]  R9      P5        13.44      40.59     0.00     0.00      2 mov      40.59    0.0000    0.00%  100.00%
    [14]  R10     P1        26.05      35.31     5.42    10.00       none      45.31    0.0000    0.00%  100.00%
    [15]  R10     P2        30.76      40.02    10.13    10.00       none      50.02    0.0000    0.00%  100.00%
    [16]  R10     P3        31.52      40.78    10.89    10.00       none      50.78    0.0000    0.00%  100.00%
    [17]  R4      P1        26.05      46.22     0.00    10.00       none      56.22    0.0000    0.00%  100.00%
    [18]  R5      P1        26.05      46.45     0.00    10.00       none      56.45    0.0000    0.00%  100.00%
    [19]  R6      P1        26.05      46.85     0.00    10.00       none      56.85    0.0000    0.00%  100.00%
    [20]  R7      P1        26.05      47.60     0.00    10.00       none      57.60    0.0000    0.00%  100.00%
    [21]  R4      P2        30.76      50.93     0.00    10.00       none      60.93    0.0000    0.00%  100.00%
    [22]  R5      P2        30.76      51.16     0.00    10.00       none      61.16    0.0000    0.00%  100.00%
    [23]  R2      P1        26.05      51.49     0.00    10.00       none      61.49    0.0000    0.00%  100.00%
    [24]  R6      P2        30.76      51.56     0.00    10.00       none      61.56    0.0000    0.00%  100.00%
    [25]  R4      P3        31.52      51.69     0.00    10.00       none      61.69    0.0000    0.00%  100.00%
    [26]  R5      P3        31.52      51.92     0.00    10.00       none      61.92    0.0000    0.00%  100.00%
    [27]  R7      P2        30.76      52.31     0.00    10.00       none      62.31    0.0000    0.00%  100.00%
    [28]  R6      P3        31.52      52.32     0.00    10.00       none      62.32    0.0000    0.00%  100.00%
    [29]  R7      P3        31.52      53.07     0.00    10.00       none      63.07    0.0000    0.00%  100.00%
    [30]  R9      P1        26.05      53.20     0.00    10.00       none      63.20    0.0000    0.00%  100.00%
    [31]  R2      P2        30.76      56.20     2.84    10.00       none      66.19    0.0000    0.00%  100.00%
    [32]  R2      P3        31.52      56.96     3.61    10.00       none      66.96    0.0000    0.00%  100.00%
    [33]  R9      P2        30.76      57.91     0.00    10.00       none      67.91    0.0000    0.00%  100.00%
    [34]  R9      P3        31.52      58.67     0.00    10.00       none      68.67    0.0000    0.00%  100.00%
    draw=0.9117  →  (R2, P4) (rank 0) selected

  Assignment: R2 → P4  [0.00 → 25.44]  delay=0.00
    J2-1       [0.00 → 7.50]
    J2-2       [7.50 → 15.75]
    J2-3       [15.75 → 25.44]

  Assigned so far:
    ID      Pos       start    finish    delay
    ----------------------------------------
    R3      P1         0.00     16.05     0.00
    R8      P2        13.02     20.75     0.00
    R1      P3         0.00     21.52     0.00
    R2      P4         0.00     25.44     0.00

========================================================================
  STEP 5/10
========================================================================

  Pair evaluation  (30 pairs):
    Rank   ID      Pos     t_start   t_finish    delay      gap   blocking      score    weight     P(%)   cum(%)
    ---------------------------------------------------------------------------------------------------------
    [ 0]  R4      P5         5.62      25.79     0.00     0.00      4 mov      25.79    1.0000   70.00%   70.00%
    [ 1]  R5      P5         6.51      26.91     0.00     0.00      4 mov      26.91    0.3000   21.00%   91.00%
    [ 2]  R10     P5        18.84      28.10     0.00     0.00      4 mov      28.10    0.0900    6.30%   97.30%
    [ 3]  R6      P5         8.77      29.57     0.00     0.00      4 mov      29.57    0.0270    1.89%   99.19%
    [ 4]  R7      P5        12.91      34.46     0.00     0.00      4 mov      34.46    0.0081    0.57%   99.76%
    [ 5]  R9      P5        13.44      40.59     0.00     0.00      4 mov      40.59    0.0024    0.17%   99.93%
    [ 6]  R10     P1        26.05      35.31     5.42    10.00       none      45.31    0.0007    0.05%   99.98%
    [ 7]  R10     P2        30.76      40.02    10.13    10.00       none      50.02    0.0002    0.02%   99.99%
    [ 8]  R10     P3        31.52      40.78    10.89    10.00       none      50.78    0.0001    0.00%  100.00%
    [ 9]  R10     P4        35.44      44.70    14.81    10.00       none      54.70    0.0000    0.00%  100.00%
    [10]  R4      P1        26.05      46.22     0.00    10.00       none      56.22    0.0000    0.00%  100.00%
    [11]  R5      P1        26.05      46.45     0.00    10.00       none      56.45    0.0000    0.00%  100.00%
    [12]  R6      P1        26.05      46.85     0.00    10.00       none      56.85    0.0000    0.00%  100.00%
    [13]  R7      P1        26.05      47.60     0.00    10.00       none      57.60    0.0000    0.00%  100.00%
    [14]  R4      P2        30.76      50.93     0.00    10.00       none      60.93    0.0000    0.00%  100.00%
    [15]  R5      P2        30.76      51.16     0.00    10.00       none      61.16    0.0000    0.00%  100.00%
    [16]  R6      P2        30.76      51.56     0.00    10.00       none      61.56    0.0000    0.00%  100.00%
    [17]  R4      P3        31.52      51.69     0.00    10.00       none      61.69    0.0000    0.00%  100.00%
    [18]  R5      P3        31.52      51.92     0.00    10.00       none      61.92    0.0000    0.00%  100.00%
    [19]  R7      P2        30.76      52.31     0.00    10.00       none      62.31    0.0000    0.00%  100.00%
    [20]  R6      P3        31.52      52.32     0.00    10.00       none      62.32    0.0000    0.00%  100.00%
    [21]  R7      P3        31.52      53.07     0.00    10.00       none      63.07    0.0000    0.00%  100.00%
    [22]  R9      P1        26.05      53.20     0.00    10.00       none      63.20    0.0000    0.00%  100.00%
    [23]  R4      P4        35.44      55.61     0.54    10.00       none      65.61    0.0000    0.00%  100.00%
    [24]  R5      P4        35.44      55.84     0.00    10.00       none      65.84    0.0000    0.00%  100.00%
    [25]  R6      P4        35.44      56.24     0.00    10.00       none      66.24    0.0000    0.00%  100.00%
    [26]  R7      P4        35.44      56.99     0.00    10.00       none      66.99    0.0000    0.00%  100.00%
    [27]  R9      P2        30.76      57.91     0.00    10.00       none      67.91    0.0000    0.00%  100.00%
    [28]  R9      P3        31.52      58.67     0.00    10.00       none      68.67    0.0000    0.00%  100.00%
    [29]  R9      P4        35.44      62.59     0.00    10.00       none      72.59    0.0000    0.00%  100.00%
    draw=0.6402  →  (R4, P5) (rank 0) selected
  start-time compare  R4 → P5:  t_imm=5.62 cost=25.79 (4 new movs)  vs  t_nob=25.44 cost=45.61

  Assignment: R4 → P5  [5.62 → 25.79]  delay=0.00
    J4-1       [5.62 → 12.11]
    J4-2       [12.11 → 18.48]
    J4-3       [18.48 → 25.79]

  Assigned so far:
    ID      Pos       start    finish    delay
    ----------------------------------------
    R3      P1         0.00     16.05     0.00
    R8      P2        13.02     20.75     0.00
    R1      P3         0.00     21.52     0.00
    R2      P4         0.00     25.44     0.00
    R4      P5         5.62     25.79     0.00

========================================================================
  STEP 6/10
========================================================================

  Pair evaluation  (25 pairs):
    Rank   ID      Pos     t_start   t_finish    delay      gap   blocking      score    weight     P(%)   cum(%)
    ---------------------------------------------------------------------------------------------------------
    [ 0]  R10     P1        26.05      35.31     5.42    10.00      4 mov      45.31    1.0000   70.00%   70.00%
    [ 1]  R10     P2        30.76      40.02    10.13    10.00      4 mov      50.02    0.3000   21.00%   91.00%
    [ 2]  R10     P3        31.52      40.78    10.89    10.00      4 mov      50.78    0.0900    6.30%   97.30%
    [ 3]  R10     P4        35.44      44.70    14.81    10.00      4 mov      54.70    0.0270    1.89%   99.19%
    [ 4]  R10     P5        35.79      45.05    15.16    10.00      4 mov      55.05    0.0081    0.57%   99.76%
    [ 5]  R5      P1        26.05      46.45     0.00    10.00      4 mov      56.45    0.0024    0.17%   99.93%
    [ 6]  R6      P1        26.05      46.85     0.00    10.00      4 mov      56.85    0.0007    0.05%   99.98%
    [ 7]  R7      P1        26.05      47.60     0.00    10.00      4 mov      57.60    0.0002    0.02%   99.99%
    [ 8]  R5      P2        30.76      51.16     0.00    10.00      4 mov      61.16    0.0001    0.00%  100.00%
    [ 9]  R6      P2        30.76      51.56     0.00    10.00      4 mov      61.56    0.0000    0.00%  100.00%
    [10]  R5      P3        31.52      51.92     0.00    10.00      4 mov      61.92    0.0000    0.00%  100.00%
    [11]  R7      P2        30.76      52.31     0.00    10.00      4 mov      62.31    0.0000    0.00%  100.00%
    [12]  R6      P3        31.52      52.32     0.00    10.00      4 mov      62.32    0.0000    0.00%  100.00%
    [13]  R7      P3        31.52      53.07     0.00    10.00      4 mov      63.07    0.0000    0.00%  100.00%
    [14]  R9      P1        26.05      53.20     0.00    10.00      4 mov      63.20    0.0000    0.00%  100.00%
    [15]  R5      P4        35.44      55.84     0.00    10.00      4 mov      65.84    0.0000    0.00%  100.00%
    [16]  R5      P5        35.79      56.19     0.00    10.00      4 mov      66.19    0.0000    0.00%  100.00%
    [17]  R6      P4        35.44      56.24     0.00    10.00      4 mov      66.24    0.0000    0.00%  100.00%
    [18]  R6      P5        35.79      56.59     0.00    10.00      4 mov      66.59    0.0000    0.00%  100.00%
    [19]  R7      P4        35.44      56.99     0.00    10.00      4 mov      66.99    0.0000    0.00%  100.00%
    [20]  R7      P5        35.79      57.34     0.00    10.00      4 mov      67.34    0.0000    0.00%  100.00%
    [21]  R9      P2        30.76      57.91     0.00    10.00      4 mov      67.91    0.0000    0.00%  100.00%
    [22]  R9      P3        31.52      58.67     0.00    10.00      4 mov      68.67    0.0000    0.00%  100.00%
    [23]  R9      P4        35.44      62.59     0.00    10.00      4 mov      72.59    0.0000    0.00%  100.00%
    [24]  R9      P5        35.79      62.94     0.00    10.00      4 mov      72.94    0.0000    0.00%  100.00%
    draw=0.4219  →  (R10, P1) (rank 0) selected

  Assignment: R10 → P1  [26.05 → 35.31]  delay=5.42
    J10-1      [26.05 → 35.31]

  Assigned so far:
    ID      Pos       start    finish    delay
    ----------------------------------------
    R3      P1         0.00     16.05     0.00
    R8      P2        13.02     20.75     0.00
    R1      P3         0.00     21.52     0.00
    R2      P4         0.00     25.44     0.00
    R4      P5         5.62     25.79     0.00
    R10     P1        26.05     35.31     5.42

========================================================================
  STEP 7/10
========================================================================

  Pair evaluation  (20 pairs):
    Rank   ID      Pos     t_start   t_finish    delay      gap   blocking      score    weight     P(%)   cum(%)
    ---------------------------------------------------------------------------------------------------------
    [ 0]  R5      P2        30.76      51.16     0.00    10.00      4 mov      61.16    1.0000   70.00%   70.00%
    [ 1]  R6      P2        30.76      51.56     0.00    10.00      4 mov      61.56    0.3000   21.00%   91.00%
    [ 2]  R5      P3        31.52      51.92     0.00    10.00      4 mov      61.92    0.0900    6.30%   97.30%
    [ 3]  R7      P2        30.76      52.31     0.00    10.00      4 mov      62.31    0.0270    1.89%   99.19%
    [ 4]  R6      P3        31.52      52.32     0.00    10.00      4 mov      62.32    0.0081    0.57%   99.76%
    [ 5]  R7      P3        31.52      53.07     0.00    10.00      4 mov      63.07    0.0024    0.17%   99.93%
    [ 6]  R5      P4        35.44      55.84     0.00    10.00      4 mov      65.84    0.0007    0.05%   99.98%
    [ 7]  R5      P5        35.79      56.19     0.00    10.00      4 mov      66.19    0.0002    0.02%   99.99%
    [ 8]  R6      P4        35.44      56.24     0.00    10.00      4 mov      66.24    0.0001    0.00%  100.00%
    [ 9]  R6      P5        35.79      56.59     0.00    10.00      4 mov      66.59    0.0000    0.00%  100.00%
    [10]  R7      P4        35.44      56.99     0.00    10.00      4 mov      66.99    0.0000    0.00%  100.00%
    [11]  R7      P5        35.79      57.34     0.00    10.00      4 mov      67.34    0.0000    0.00%  100.00%
    [12]  R9      P2        30.76      57.91     0.00    10.00      4 mov      67.91    0.0000    0.00%  100.00%
    [13]  R9      P3        31.52      58.67     0.00    10.00      4 mov      68.67    0.0000    0.00%  100.00%
    [14]  R9      P4        35.44      62.59     0.00    10.00      4 mov      72.59    0.0000    0.00%  100.00%
    [15]  R9      P5        35.79      62.94     0.00    10.00      4 mov      72.94    0.0000    0.00%  100.00%
    [16]  R5      P1        45.31      65.71     5.70    10.00      4 mov      75.71    0.0000    0.00%  100.00%
    [17]  R6      P1        45.31      66.11     3.22    10.00      4 mov      76.11    0.0000    0.00%  100.00%
    [18]  R7      P1        45.31      66.86     2.87    10.00      4 mov      76.86    0.0000    0.00%  100.00%
    [19]  R9      P1        45.31      72.46     1.87    10.00      4 mov      82.46    0.0000    0.00%  100.00%
    draw=0.6439  →  (R5, P2) (rank 0) selected

  Assignment: R5 → P2  [30.76 → 51.16]  delay=0.00
    J5-1       [30.75 → 36.81]
    J5-2       [36.81 → 42.55]
    J5-3       [42.55 → 51.16]

  Assigned so far:
    ID      Pos       start    finish    delay
    ----------------------------------------
    R3      P1         0.00     16.05     0.00
    R8      P2        13.02     20.75     0.00
    R1      P3         0.00     21.52     0.00
    R2      P4         0.00     25.44     0.00
    R4      P5         5.62     25.79     0.00
    R10     P1        26.05     35.31     5.42
    R5      P2        30.75     51.16     0.00

========================================================================
  STEP 8/10
========================================================================

  Pair evaluation  (15 pairs):
    Rank   ID      Pos     t_start   t_finish    delay      gap   blocking      score    weight     P(%)   cum(%)
    ---------------------------------------------------------------------------------------------------------
    [ 0]  R6      P3        31.52      52.32     0.00    10.00      4 mov      62.32    1.0000   70.00%   70.00%
    [ 1]  R7      P3        31.52      53.07     0.00    10.00      4 mov      63.07    0.3000   21.00%   91.00%
    [ 2]  R6      P4        35.44      56.24     0.00    10.00      4 mov      66.24    0.0900    6.30%   97.30%
    [ 3]  R6      P5        35.79      56.59     0.00    10.00      4 mov      66.59    0.0270    1.89%   99.19%
    [ 4]  R7      P4        35.44      56.99     0.00    10.00      4 mov      66.99    0.0081    0.57%   99.76%
    [ 5]  R7      P5        35.79      57.34     0.00    10.00      4 mov      67.34    0.0024    0.17%   99.93%
    [ 6]  R9      P3        31.52      58.67     0.00    10.00      4 mov      68.67    0.0007    0.05%   99.98%
    [ 7]  R9      P4        35.44      62.59     0.00    10.00      4 mov      72.59    0.0002    0.02%   99.99%
    [ 8]  R9      P5        35.79      62.94     0.00    10.00      4 mov      72.94    0.0001    0.00%  100.00%
    [ 9]  R6      P1        45.31      66.11     3.22    10.00      4 mov      76.11    0.0000    0.00%  100.00%
    [10]  R7      P1        45.31      66.86     2.87    10.00      4 mov      76.86    0.0000    0.00%  100.00%
    [11]  R9      P1        45.31      72.46     1.87    10.00      4 mov      82.46    0.0000    0.00%  100.00%
    [12]  R6      P2        61.16      81.95    19.06    10.00      4 mov      91.95    0.0000    0.00%  100.00%
    [13]  R7      P2        61.16      82.70    18.71    10.00      4 mov      92.70    0.0000    0.00%  100.00%
    [14]  R9      P2        61.16      88.31    17.72    10.00      4 mov      98.31    0.0000    0.00%  100.00%
    draw=0.1549  →  (R6, P3) (rank 0) selected

  Assignment: R6 → P3  [31.52 → 52.32]  delay=0.00
    J6-1       [31.52 → 35.82]
    J6-2       [35.82 → 43.47]
    J6-3       [43.47 → 52.32]

  Assigned so far:
    ID      Pos       start    finish    delay
    ----------------------------------------
    R3      P1         0.00     16.05     0.00
    R8      P2        13.02     20.75     0.00
    R1      P3         0.00     21.52     0.00
    R2      P4         0.00     25.44     0.00
    R4      P5         5.62     25.79     0.00
    R10     P1        26.05     35.31     5.42
    R5      P2        30.75     51.16     0.00
    R6      P3        31.52     52.32     0.00

========================================================================
  STEP 9/10
========================================================================

  Pair evaluation  (10 pairs):
    Rank   ID      Pos     t_start   t_finish    delay      gap   blocking      score    weight     P(%)   cum(%)
    ---------------------------------------------------------------------------------------------------------
    [ 0]  R7      P4        35.44      56.99     0.00    10.00      6 mov      66.99    1.0000   70.00%   70.00%
    [ 1]  R7      P5        35.79      57.34     0.00    10.00      6 mov      67.34    0.3000   21.00%   91.00%
    [ 2]  R9      P4        35.44      62.59     0.00    10.00      6 mov      72.59    0.0900    6.30%   97.30%
    [ 3]  R9      P5        35.79      62.94     0.00    10.00      6 mov      72.94    0.0270    1.89%   99.19%
    [ 4]  R7      P1        45.31      66.86     2.87    10.00      4 mov      76.86    0.0081    0.57%   99.76%
    [ 5]  R9      P1        45.31      72.46     1.87    10.00      4 mov      82.46    0.0024    0.17%   99.93%
    [ 6]  R7      P2        61.16      82.70    18.71    10.00      4 mov      92.70    0.0007    0.05%   99.98%
    [ 7]  R7      P3        62.32      83.87    19.88    10.00      4 mov      93.87    0.0002    0.02%   99.99%
    [ 8]  R9      P2        61.16      88.31    17.72    10.00      4 mov      98.31    0.0001    0.00%  100.00%
    [ 9]  R9      P3        62.32      89.47    18.88    10.00      4 mov      99.47    0.0000    0.00%  100.00%
    draw=1.2975  →  (R7, P5) (rank 1) selected
  start-time compare  R7 → P5:  t_imm=35.79 cost=57.34 (2 new movs)  vs  t_nob=52.32 cost=73.87

  Assignment: R7 → P5  [35.79 → 57.34]  delay=0.00
    J7-1       [35.79 → 41.56]
    J7-2       [41.56 → 48.04]
    J7-3       [48.04 → 57.34]

  Assigned so far:
    ID      Pos       start    finish    delay
    ----------------------------------------
    R3      P1         0.00     16.05     0.00
    R8      P2        13.02     20.75     0.00
    R1      P3         0.00     21.52     0.00
    R2      P4         0.00     25.44     0.00
    R4      P5         5.62     25.79     0.00
    R10     P1        26.05     35.31     5.42
    R5      P2        30.75     51.16     0.00
    R6      P3        31.52     52.32     0.00
    R7      P5        35.79     57.34     0.00

========================================================================
  STEP 10/10
========================================================================

  Pair evaluation  (5 pairs):
    Rank   ID      Pos     t_start   t_finish    delay      gap   blocking      score    weight     P(%)   cum(%)
    ---------------------------------------------------------------------------------------------------------
    [ 0]  R9      P4        35.44      62.59     0.00    10.00     12 mov      72.59    1.0000   70.17%   70.17%
    [ 1]  R9      P1        45.31      72.46     1.87    10.00      6 mov      82.46    0.3000   21.05%   91.22%
    [ 2]  R9      P2        61.16      88.31    17.72    10.00      6 mov      98.31    0.0900    6.32%   97.54%
    [ 3]  R9      P3        62.32      89.47    18.88    10.00      6 mov      99.47    0.0270    1.89%   99.43%
    [ 4]  R9      P5        67.34      94.49    23.90    10.00      6 mov     104.49    0.0081    0.57%  100.00%
    draw=0.2177  →  (R9, P4) (rank 0) selected
  start-time compare  R9 → P4:  t_imm=35.44 cost=62.59 (6 new movs)  vs  t_nob=57.34 cost=84.49

  Assignment: R9 → P4  [35.44 → 62.59]  delay=0.00
    J9-1       [35.44 → 42.59]
    J9-2       [42.59 → 52.62]
    J9-3       [52.62 → 62.59]

  Assigned so far:
    ID      Pos       start    finish    delay
    ----------------------------------------
    R3      P1         0.00     16.05     0.00
    R8      P2        13.02     20.75     0.00
    R1      P3         0.00     21.52     0.00
    R2      P4         0.00     25.44     0.00
    R4      P5         5.62     25.79     0.00
    R10     P1        26.05     35.31     5.42
    R5      P2        30.75     51.16     0.00
    R6      P3        31.52     52.32     0.00
    R7      P5        35.79     57.34     0.00
    R9      P4        35.44     62.59     0.00

========================================================================
  Iteration result:  makespan=62.59  movements=12  delay=5.42
========================================================================

========================================================================
  Local search start  obj=62.59
========================================================================
  LS 2-opt swap: R3 P1<->P4 R2  obj 62.59 -> 57.34
  LS 2-opt swap: R8 P2<->P5 R4  obj 57.34 -> 56.19
  LS 2-opt swap: R2 P1<->P2 R4  obj 56.19 -> 55.84
  LS 2-opt swap: R2 P2<->P1 R10  obj 55.84 -> 55.61
  Local search end    obj=55.61

────────────────────────────────────────────────────────────────────────
  Iteration history
────────────────────────────────────────────────────────────────────────
      Iter   Time(s)           Obj    Makespan       Delay    Mov
  ------------------------------------------------------------
         1      0.00         55.61       55.61       47.03     18  *
         2      0.06         55.61       55.61       42.14      8
         3      0.12         55.61       55.61       42.14     12
         4      0.16         55.61       55.61       49.69     14
         5      0.20         55.61       55.61       47.03     12
         6      0.23         55.61       55.61       42.14      8
         7      0.29         55.61       55.61       47.03     16
         8      0.32         55.61       55.61       42.14     12
         9      0.36         55.61       55.61       47.03     18
        10      0.41         55.61       55.61       47.03     14
        11      0.46         55.61       55.61       42.14     16
        12      0.50         55.61       55.61       47.03     14
        13      0.54         55.61       55.61       47.03     12
        14      0.59         55.61       55.61       47.03      8
        15      0.64         55.61       55.61       47.03     12
        16      0.70         55.61       55.61       42.14     12
        17      0.75         55.61       55.61       47.03      8
        18      0.79         55.61       55.61       47.03     14
        19      0.84         55.61       55.61       47.03     14
        20      0.89         55.61       55.61       42.14     10
        21      0.92         55.61       55.61       47.03     10
        22      0.96         55.61       55.61       42.14     10
        23      1.00         55.61       55.61       47.03     12
        24      1.04         55.61       55.61       47.03     10
        25      1.08         55.61       55.61       47.03     16
        26      1.15         55.61       55.61       47.03     16
        27      1.21         55.61       55.61       47.03     12
        28      1.27         55.61       55.61       42.14     14
        29      1.34         56.24       56.24       34.96     10
        30      1.39         55.61       55.61       47.03     18
        31      1.45         55.61       55.61       42.14      8
        32      1.49         55.61       55.61       47.03     14
        33      1.54         55.61       55.61       47.03     12
        34      1.59         55.61       55.61       47.03     12
        35      1.63         55.61       55.61       47.03     14
        36      1.67         55.61       55.61       47.03     16
        37      1.74         55.61       55.61       47.03      8
        38      1.79         55.61       55.61       47.03     10
        39      1.85         55.61       55.61       47.03     16
        40      1.91         55.61       55.61       42.14     14
        41      1.97         55.61       55.61       47.03     18
        42      2.02         55.61       55.61       42.14     12
        43      2.07         55.61       55.61       47.03     18
        44      2.13         55.61       55.61       47.03     14
        45      2.19         55.61       55.61       47.03     18
        46      2.24         55.61       55.61       42.14     12
        47      2.28         55.61       55.61       47.03     14
        48      2.35         55.61       55.61       47.03     10
        49      2.38         55.61       55.61       47.03     10
        50      2.45         55.61       55.61       42.14      8
        51      2.50         55.61       55.61       42.14     10
        52      2.54         55.61       55.61       47.03     18
        53      2.59         55.61       55.61       47.03     18
        54      2.64         55.61       55.61       47.03      8
        55      2.69         55.61       55.61       47.03     12
        56      2.73         55.61       55.61       42.14     12
        57      2.78         55.61       55.61       42.14      8
        58      2.81         55.61       55.61       42.14     18
        59      2.85         55.61       55.61       47.03     14
        60      2.90         55.61       55.61       47.03      8
        61      2.95         55.61       55.61       47.03     10
        62      3.01         56.24       56.24       34.96     12
        63      3.05         55.61       55.61       47.03     14
        64      3.08         55.61       55.61       47.03     18
        65      3.14         56.24       56.24       34.96     10
        66      3.18         55.61       55.61       47.03     18
        67      3.23         55.61       55.61       47.03      6
        68      3.26         55.61       55.61       42.14     12
        69      3.29         55.61       55.61       47.03     16
        70      3.35         55.61       55.61       47.03     20
        71      3.42         55.61       55.61       47.03     18
        72      3.47         55.61       55.61       42.14     10
        73      3.51         55.61       55.61       47.03     16
        74      3.57         55.61       55.61       47.03     18
        75      3.61         55.61       55.61       42.14      8
        76      3.64         55.61       55.61       47.03     12
        77      3.69         55.61       55.61       47.03      8
        78      3.74         55.61       55.61       47.03     16
        79      3.81         55.61       55.61       47.03     14
        80      3.86         55.61       55.61       47.03      6
        81      3.88         55.61       55.61       49.69     20
        82      3.91         55.61       55.61       49.69     16
        83      3.95         55.61       55.61       42.14     16
        84      4.00         55.61       55.61       42.14      6
        85      4.03         55.61       55.61       47.03     16
        86      4.09         55.61       55.61       42.14     12
        87      4.15         56.24       56.24       34.96     14
        88      4.18         55.61       55.61       47.03     12
        89      4.22         55.61       55.61       47.03     14
        90      4.27         55.61       55.61       47.03     10
        91      4.34         55.61       55.61       42.14     18
        92      4.38         55.61       55.61       47.03     10
        93      4.43         55.61       55.61       47.03     12
        94      4.49         55.61       55.61       47.03     18
        95      4.54         55.61       55.61       47.03     18
        96      4.59         55.61       55.61       42.14     12
        97      4.64         55.61       55.61       47.03     10
        98      4.68         56.24       56.24       34.96     14
        99      4.71         55.61       55.61       42.14     12
       100      4.75         55.61       55.61       47.03     18
       101      4.80         55.61       55.61       47.03     10
       102      4.85         56.24       56.24       34.96      8
       103      4.89         56.24       56.24       34.96     10
       104      4.92         56.24       56.24       34.96      6
       105      4.96         55.61       55.61       47.03     16
       106      5.03         55.61       55.61       42.14     18
       107      5.09         55.61       55.61       47.03      8
       108      5.14         55.61       55.61       42.14     16
       109      5.20         55.61       55.61       42.14     12
       110      5.25         55.61       55.61       47.03     14
       111      5.29         55.61       55.61       47.03     12
       112      5.34         56.24       56.24       34.96     14
       113      5.38         55.61       55.61       47.03     20
       114      5.43         55.61       55.61       42.14     10
       115      5.48         55.61       55.61       47.03     16
       116      5.52         55.61       55.61       47.03     14
       117      5.57         55.61       55.61       42.14     10
       118      5.60         55.61       55.61       47.03     18
       119      5.65         55.61       55.61       47.03     10
       120      5.68         55.61       55.61       47.03     14
       121      5.72         56.24       56.24       34.96     12
       122      5.76         55.61       55.61       42.14     16
       123      5.80         55.61       55.61       42.14     16
       124      5.83         55.61       55.61       47.03     12
       125      5.89         55.61       55.61       47.03     18
       126      5.94         55.61       55.61       47.03     14
       127      5.98         55.61       55.61       47.03     14
       128      6.03         55.61       55.61       47.03     12
       129      6.07         55.61       55.61       47.03     20
       130      6.12         55.61       55.61       42.14     10
       131      6.17         55.61       55.61       47.03     14
       132      6.21         55.61       55.61       42.14      8
       133      6.25         55.61       55.61       42.14     10
       134      6.28         55.61       55.61       47.03     12
       135      6.34         55.61       55.61       49.69     12
       136      6.37         55.61       55.61       47.03     18
       137      6.42         55.61       55.61       42.14     12
       138      6.45         55.61       55.61       47.03     18
       139      6.50         55.61       55.61       42.14     12
       140      6.55         55.61       55.61       47.03     18
       141      6.61         55.61       55.61       47.03     10
       142      6.66         55.61       55.61       42.14     16
       143      6.70         55.61       55.61       47.03     18
       144      6.73         55.61       55.61       47.03     20
       145      6.79         55.61       55.61       47.03     12
       146      6.84         55.61       55.61       47.03      8
       147      6.90         55.61       55.61       47.03     16
       148      6.95         55.61       55.61       49.69     18
       149      6.99         55.61       55.61       47.03     10
       150      7.05         55.61       55.61       47.03     14
       151      7.09         55.61       55.61       47.03     18
       152      7.14         55.61       55.61       47.03     18
       153      7.18         55.61       55.61       47.03     18
       154      7.23         55.61       55.61       47.03     12
       155      7.28         55.61       55.61       47.03     12
       156      7.33         55.61       55.61       47.03     18
       157      7.39         55.61       55.61       42.14     12
       158      7.43         55.61       55.61       47.03     14
       159      7.48         55.61       55.61       47.03     14
       160      7.52         56.24       56.24       34.96     14
       161      7.57         55.61       55.61       47.03     14
       162      7.60         55.61       55.61       47.03     10
       163      7.63         55.61       55.61       47.03     14
       164      7.67         55.61       55.61       47.03      8
       165      7.72         55.61       55.61       47.03     14
       166      7.77         55.61       55.61       47.03     16
       167      7.83         55.61       55.61       42.14     16
       168      7.89         55.61       55.61       47.03     16
       169      7.95         55.61       55.61       42.14     12
       170      7.99         55.61       55.61       47.03     14
       171      8.05         55.61       55.61       47.03     10
       172      8.10         55.61       55.61       42.14     18
       173      8.17         55.61       55.61       42.14     12
       174      8.22         55.61       55.61       47.03     18
       175      8.27         56.24       56.24       34.96     12
       176      8.33         55.61       55.61       47.03     14
       177      8.38         55.61       55.61       42.14      8
       178      8.43         55.61       55.61       47.03      8
       179      8.48         55.61       55.61       47.03     16
       180      8.54         56.24       56.24       34.96     14
       181      8.59         55.61       55.61       49.69      8
       182      8.62         55.61       55.61       42.14      8
       183      8.65         55.61       55.61       42.14     14
       184      8.69         55.61       55.61       47.03     14
       185      8.74         55.61       55.61       47.03     16
       186      8.79         55.61       55.61       42.14     16
       187      8.86         55.61       55.61       47.03     10
       188      8.90         55.61       55.61       42.14      8
       189      8.96         56.24       56.24       34.96     14
       190      9.01         55.61       55.61       47.03     10
       191      9.06         55.61       55.61       47.03     18
       192      9.11         55.61       55.61       42.14     10
       193      9.16         55.61       55.61       42.14      8
       194      9.20         55.61       55.61       47.03     20
       195      9.27         55.61       55.61       47.03      8
       196      9.32         55.61       55.61       47.03     12
       197      9.37         55.61       55.61       42.14      6
       198      9.40         55.61       55.61       42.14      6
       199      9.42         55.61       55.61       49.69     18
       200      9.46         55.61       55.61       47.03     12
       201      9.52         55.61       55.61       47.03     20
       202      9.58         56.24       56.24       34.96     10
       203      9.62         55.61       55.61       42.14      8
       204      9.66         55.61       55.61       47.03     16
       205      9.69         55.61       55.61       47.03     16
       206      9.74         55.61       55.61       42.14     12
       207      9.79         55.61       55.61       47.03     14
       208      9.82         55.61       55.61       47.03     14
       209      9.87         56.24       56.24       34.96      8
       210      9.91         55.61       55.61       42.14     16
       211      9.97         55.61       55.61       47.03     14
       212     10.02         55.61       55.61       47.03     18
       213     10.07         55.61       55.61       47.03     20
       214     10.12         55.61       55.61       42.14     16
       215     10.15         55.61       55.61       47.03     18
       216     10.21         55.61       55.61       47.03     16
       217     10.25         55.61       55.61       42.14     10
       218     10.30         55.61       55.61       47.03     10
       219     10.34         55.61       55.61       47.03     12
       220     10.39         55.61       55.61       47.03     12
       221     10.45         55.61       55.61       47.03     18
       222     10.49         55.61       55.61       47.03     14
       223     10.55         55.61       55.61       47.03     18
       224     10.59         55.61       55.61       42.14     16
       225     10.63         55.61       55.61       47.03     10
       226     10.68         55.61       55.61       47.03     14
       227     10.73         55.61       55.61       47.03     10
       228     10.78         55.61       55.61       49.69     10
       229     10.81         56.24       56.24       34.96     14
       230     10.85         55.61       55.61       47.03     20
       231     10.92         55.61       55.61       47.03     12
       232     10.97         55.61       55.61       47.03     16
       233     11.02         55.61       55.61       47.03     10
       234     11.05         55.61       55.61       47.03      8
       235     11.10         55.61       55.61       42.14     10
       236     11.16         55.61       55.61       47.03     12
       237     11.21         55.61       55.61       42.14     16
       238     11.25         55.61       55.61       47.03     12
       239     11.29         55.61       55.61       42.14     16
       240     11.33         55.61       55.61       42.14     16
       241     11.38         55.61       55.61       47.03     18
       242     11.43         56.24       56.24       34.96     12
       243     11.47         55.61       55.61       47.03     10
       244     11.51         55.61       55.61       47.03     10
       245     11.56         55.61       55.61       47.03      8
       246     11.60         55.61       55.61       47.03     18
       247     11.65         55.61       55.61       42.14     14
       248     11.70         55.61       55.61       47.03      6
       249     11.72         55.61       55.61       47.03     10
       250     11.78         55.61       55.61       42.14     16
       251     11.83         55.61       55.61       47.03     20
       252     11.87         55.61       55.61       42.14      8
       253     11.90         55.61       55.61       47.03     18
       254     11.95         55.61       55.61       47.03      8
       255     12.00         55.61       55.61       47.03     12
       256     12.05         55.61       55.61       47.03     10
       257     12.10         55.61       55.61       47.03     18
       258     12.16         55.61       55.61       47.03     12
       259     12.21         55.61       55.61       47.03     12
       260     12.24         55.61       55.61       47.03     20
       261     12.30         55.61       55.61       42.14      8
       262     12.34         55.61       55.61       42.14     12
       263     12.39         55.61       55.61       47.03     12
       264     12.46         55.61       55.61       47.03      6
       265     12.49         55.61       55.61       47.03     16
       266     12.55         55.61       55.61       47.03     18
       267     12.60         55.61       55.61       47.03     20
       268     12.67         55.61       55.61       47.03     18
       269     12.72         55.61       55.61       47.03     10
       270     12.77         55.61       55.61       47.03     18
       271     12.82         55.61       55.61       47.03     14
       272     12.89         55.61       55.61       47.03      8
       273     12.94         55.61       55.61       47.03     18
       274     13.01         55.61       55.61       42.14     10
       275     13.05         55.61       55.61       42.14     10
       276     13.10         55.61       55.61       47.03     18
       277     13.15         55.61       55.61       47.03     10
       278     13.21         55.61       55.61       42.14     12
       279     13.25         55.61       55.61       47.03     14
       280     13.30         55.61       55.61       47.03     10
       281     13.33         55.61       55.61       42.14     12
       282     13.37         56.24       56.24       34.96     12
       283     13.40         55.61       55.61       47.03     10
       284     13.44         55.61       55.61       47.03      8
       285     13.49         56.24       56.24       34.96      8
       286     13.52         55.61       55.61       47.03     12
       287     13.57         55.61       55.61       47.03     10
       288     13.60         55.61       55.61       42.14     18
       289     13.65         55.61       55.61       47.03     12
       290     13.69         55.61       55.61       47.03     18
       291     13.73         55.61       55.61       47.03     18
       292     13.76         55.61       55.61       47.03     20
       293     13.83         55.61       55.61       47.03     14
       294     13.86         56.24       56.24       34.96     12
       295     13.90         55.61       55.61       47.03     12
       296     13.95         55.61       55.61       47.03     12
       297     14.00         55.61       55.61       42.14     14
       298     14.04         55.61       55.61       47.03     12
       299     14.10         55.61       55.61       47.03     16
       300     14.14         55.61       55.61       47.03     18
       301     14.19         55.61       55.61       47.03     10
       302     14.26         55.61       55.61       42.14      8
       303     14.30         55.61       55.61       47.03     20
       304     14.34         55.61       55.61       42.14     10
       305     14.38         55.61       55.61       42.14     12
       306     14.43         56.24       56.24       34.96     10
       307     14.47         55.61       55.61       42.14      6
       308     14.52         55.61       55.61       42.14     12
       309     14.56         55.61       55.61       47.03     12
       310     14.61         55.61       55.61       47.03     10
       311     14.66         55.61       55.61       47.03     20
       312     14.69         55.61       55.61       47.03     10
       313     14.74         56.24       56.24       34.96      6
       314     14.77         55.61       55.61       47.03     10
       315     14.81         55.61       55.61       47.03     14
       316     14.87         55.61       55.61       47.03      8
       317     14.92         55.61       55.61       47.03     12
       318     14.98         55.61       55.61       47.03     12
       319     15.03         55.61       55.61       42.14     12
       320     15.07         55.61       55.61       47.03     18
       321     15.12         55.61       55.61       47.03     12
       322     15.15         55.61       55.61       47.03     12
       323     15.18         55.61       55.61       47.03     12
       324     15.23         55.61       55.61       47.03     10
       325     15.27         55.61       55.61       47.03     12
       326     15.32         55.61       55.61       47.03     12
       327     15.36         55.61       55.61       42.14     12
       328     15.40         55.61       55.61       47.03     10
       329     15.45         55.61       55.61       47.03     12
       330     15.49         55.61       55.61       42.14      6
       331     15.53         55.61       55.61       47.03     14
       332     15.57         55.61       55.61       47.03     16
       333     15.61         55.61       55.61       47.03     14
       334     15.65         55.61       55.61       47.03     16
       335     15.71         55.61       55.61       47.03     12
       336     15.75         55.61       55.61       42.14     12
       337     15.78         55.61       55.61       47.03     14
       338     15.83         55.61       55.61       47.03     14
       339     15.88         55.61       55.61       42.14     16
       340     15.93         55.61       55.61       47.03     18
       341     15.98         55.61       55.61       49.69     14
       342     16.02         55.61       55.61       42.14     12
       343     16.04         55.61       55.61       47.03      8
       344     16.09         55.61       55.61       47.03     14
       345     16.13         55.61       55.61       47.03      6
       346     16.16         55.61       55.61       47.03     18
       347     16.20         55.61       55.61       47.03     20
       348     16.25         55.61       55.61       47.03     20
       349     16.31         55.61       55.61       47.03     14
       350     16.36         55.61       55.61       42.14      8
       351     16.38         55.61       55.61       47.03     10
       352     16.42         56.24       56.24       34.96     14
       353     16.46         55.61       55.61       42.14     10
       354     16.50         55.61       55.61       42.14      8
       355     16.54         55.61       55.61       47.03     18
       356     16.60         56.24       56.24       34.96     10
       357     16.64         55.61       55.61       42.14     18
       358     16.69         55.61       55.61       42.14     12
       359     16.73         55.61       55.61       47.03     16
       360     16.78         55.61       55.61       47.03     14
       361     16.81         55.61       55.61       47.03     18
       362     16.87         55.61       55.61       42.14     12
       363     16.90         55.61       55.61       47.03     12
       364     16.94         55.61       55.61       47.03     12
       365     16.99         55.61       55.61       42.14     18
       366     17.03         55.61       55.61       42.14     10
       367     17.05         55.61       55.61       49.69     20
       368     17.09         55.61       55.61       42.14     12
       369     17.12         55.61       55.61       47.03     12
       370     17.17         56.24       56.24       34.96     12
       371     17.20         55.61       55.61       42.14     10
       372     17.24         55.61       55.61       42.14     12
       373     17.29         55.61       55.61       42.14     16
       374     17.34         56.24       56.24       34.96     14
       375     17.38         55.61       55.61       47.03     20
       376     17.43         55.61       55.61       42.14     12
       377     17.47         55.61       55.61       47.03     16
       378     17.52         55.61       55.61       47.03     16
       379     17.57         55.61       55.61       47.03     14
       380     17.59         55.61       55.61       47.03     14
       381     17.64         55.61       55.61       47.03     12
       382     17.69         55.61       55.61       47.03     10
       383     17.74         56.24       56.24       34.96     12
       384     17.77         55.61       55.61       47.03     16
       385     17.79         55.61       55.61       47.03     12
       386     17.86         55.61       55.61       47.03     10
       387     17.88         55.61       55.61       47.03     14
       388     17.93         55.61       55.61       42.14      6
       389     17.96         55.61       55.61       47.03     14
       390     18.01         55.61       55.61       47.03     18
       391     18.04         55.61       55.61       47.03     14
       392     18.08         55.61       55.61       47.03     14
       393     18.12         55.61       55.61       42.14     14
       394     18.16         55.61       55.61       47.03     16
       395     18.21         55.61       55.61       47.03     12
       396     18.26         55.61       55.61       42.14     12
       397     18.29         55.61       55.61       47.03     18
       398     18.34         55.61       55.61       47.03     10
       399     18.38         55.61       55.61       42.14      8
       400     18.42         55.61       55.61       42.14     12
       401     18.45         55.61       55.61       47.03     16
       402     18.51         55.61       55.61       42.14     12
       403     18.54         55.61       55.61       47.03     12
       404     18.59         55.61       55.61       42.14     14
       405     18.63         55.61       55.61       42.14     12
       406     18.67         55.61       55.61       47.03      8
       407     18.71         55.61       55.61       47.03     16
       408     18.77         55.61       55.61       47.03     16
       409     18.81         55.61       55.61       42.14      6
       410     18.85         55.61       55.61       47.03      8
       411     18.91         55.61       55.61       47.03     12
       412     18.97         55.61       55.61       47.03     10
       413     19.01         55.61       55.61       47.03     12
       414     19.06         55.61       55.61       47.03     18
       415     19.12         55.61       55.61       42.14      8
       416     19.17         55.61       55.61       42.14     12
       417     19.21         55.61       55.61       47.03     18
       418     19.26         56.24       56.24       34.96     10
       419     19.30         55.61       55.61       42.14     16
       420     19.34         55.61       55.61       42.14     14
       421     19.38         55.61       55.61       47.03     18
       422     19.43         55.61       55.61       47.03     14
       423     19.46         55.61       55.61       47.03     12
       424     19.50         55.61       55.61       47.03     20
       425     19.54         55.61       55.61       47.03     18
       426     19.57         55.61       55.61       47.03     14
       427     19.63         55.61       55.61       49.69      8
       428     19.65         55.61       55.61       42.14     10
       429     19.68         55.61       55.61       47.03     18
       430     19.72         55.61       55.61       47.03     14
       431     19.76         55.61       55.61       47.03     18
       432     19.82         55.61       55.61       47.03     16
       433     19.86         55.61       55.61       47.03     16
       434     19.91         55.61       55.61       47.03     20
       435     19.97         56.24       56.24       34.96     10
       436     20.01         55.61       55.61       47.03     20
       437     20.07         56.24       56.24       34.96      8
       438     20.10         55.61       55.61       42.14     16
       439     20.14         55.61       55.61       42.14     18
       440     20.18         55.61       55.61       47.03     12
       441     20.23         55.61       55.61       47.03     16
       442     20.27         55.61       55.61       42.14     10
       443     20.31         55.61       55.61       49.69     16
       444     20.35         55.61       55.61       42.14     12
       445     20.39         55.61       55.61       42.14     18
       446     20.44         55.61       55.61       42.14      8
       447     20.48         55.61       55.61       47.03     14
       448     20.52         56.24       56.24       34.96     14
       449     20.56         55.61       55.61       47.03     10
       450     20.58         55.61       55.61       42.14     12
       451     20.62         55.61       55.61       42.14     10
       452     20.67         55.61       55.61       47.03     20
       453     20.72         55.61       55.61       47.03     18
       454     20.75         55.61       55.61       42.14     14
       455     20.79         55.61       55.61       42.14     12
       456     20.84         55.61       55.61       47.03     18
       457     20.89         56.24       56.24       34.96     14
       458     20.92         55.61       55.61       47.03     12
       459     20.96         55.61       55.61       47.03     18
       460     21.01         55.61       55.61       47.03     12
       461     21.07         55.61       55.61       47.03     10
       462     21.10         55.61       55.61       47.03     20
       463     21.17         55.61       55.61       47.03     14
       464     21.21         55.61       55.61       47.03     18
       465     21.26         55.61       55.61       47.03     12
       466     21.30         55.61       55.61       47.03      8
       467     21.35         55.61       55.61       47.03     12
       468     21.40         55.61       55.61       47.03      8
       469     21.45         55.61       55.61       47.03     18
       470     21.50         55.61       55.61       42.14     18
       471     21.54         55.61       55.61       47.03     16
       472     21.60         55.61       55.61       47.03     12
       473     21.66         55.61       55.61       42.14     12
       474     21.69         55.61       55.61       47.03     18
       475     21.75         55.61       55.61       47.03     14
       476     21.78         55.61       55.61       42.14      8
       477     21.83         55.61       55.61       42.14     16
       478     21.88         55.61       55.61       47.03     10
       479     21.90         55.61       55.61       42.14     12
       480     21.94         55.61       55.61       42.14      8
       481     21.98         55.61       55.61       47.03     16
       482     22.02         55.61       55.61       42.14     12
       483     22.07         55.61       55.61       47.03     16
       484     22.12         55.61       55.61       42.14     10
       485     22.17         55.61       55.61       47.03     12
       486     22.21         55.61       55.61       47.03     18
       487     22.27         55.61       55.61       42.14     18
       488     22.32         55.61       55.61       42.14     16
       489     22.36         55.61       55.61       47.03     14
       490     22.40         55.61       55.61       47.03      6
       491     22.45         55.61       55.61       47.03     14
       492     22.47         55.61       55.61       42.14     16
       493     22.50         55.61       55.61       42.14     16
       494     22.54         55.61       55.61       42.14      8
       495     22.58         55.61       55.61       42.14      8
       496     22.62         55.61       55.61       47.03     12
       497     22.67         55.61       55.61       47.03     14
       498     22.71         55.61       55.61       42.14     14
       499     22.75         55.61       55.61       42.14     12
       500     22.80         55.61       55.61       42.14     10
       501     22.84         55.61       55.61       47.03     18
       502     22.89         55.61       55.61       42.14     18
       503     22.92         55.61       55.61       47.03     18
       504     22.96         55.61       55.61       47.03     14
       505     23.00         56.24       56.24       34.96      8
       506     23.04         55.61       55.61       47.03     12
       507     23.10         55.61       55.61       42.14     10
       508     23.15         55.61       55.61       47.03     12
       509     23.19         55.61       55.61       47.03     18
       510     23.25         55.61       55.61       47.03     18
       511     23.32         55.61       55.61       49.69     12
       512     23.35         55.61       55.61       42.14     12
       513     23.38         55.61       55.61       47.03     14
       514     23.42         55.61       55.61       42.14     10
       515     23.46         55.61       55.61       47.03     18
       516     23.51         55.61       55.61       42.14     12
       517     23.55         55.61       55.61       47.03     10
       518     23.60         55.61       55.61       47.03     16
       519     23.65         55.61       55.61       47.03     14
       520     23.67         55.61       55.61       47.03      8
       521     23.71         55.61       55.61       47.03     14
       522     23.76         55.61       55.61       47.03     14
       523     23.80         55.61       55.61       47.03     18
       524     23.84         55.61       55.61       47.03     12
       525     23.89         55.61       55.61       47.03     14
       526     23.94         55.61       55.61       47.03     14
       527     23.99         56.24       56.24       34.96     14
       528     24.03         55.61       55.61       42.14     16
       529     24.07         55.61       55.61       47.03     18
       530     24.13         55.61       55.61       47.03     14
       531     24.18         56.24       56.24       34.96      4
       532     24.21         55.61       55.61       47.03     18
       533     24.26         55.61       55.61       47.03     20
       534     24.32         55.61       55.61       47.03     12
       535     24.36         55.61       55.61       47.03     18
       536     24.41         56.24       56.24       34.96      8
       537     24.45         55.61       55.61       47.03     12
       538     24.50         55.61       55.61       42.14      8
       539     24.53         55.61       55.61       47.03     20
       540     24.58         55.61       55.61       47.03     14
       541     24.63         55.61       55.61       47.03     10
       542     24.67         55.61       55.61       47.03     18
       543     24.71         55.61       55.61       47.03     14
       544     24.75         55.61       55.61       47.03      8
       545     24.80         55.61       55.61       47.03     18
       546     24.84         55.61       55.61       47.03     12
       547     24.89         55.61       55.61       47.03     12
       548     24.93         55.61       55.61       47.03      8
       549     24.95         55.61       55.61       42.14      8
       550     25.00         55.61       55.61       47.03     12
       551     25.03         55.61       55.61       47.03      8
       552     25.06         55.61       55.61       47.03      8
       553     25.10         55.61       55.61       47.03      8
       554     25.14         55.61       55.61       47.03     18
       555     25.19         55.61       55.61       42.14     12
       556     25.23         55.61       55.61       47.03     14
       557     25.27         55.61       55.61       42.14     12
       558     25.30         55.61       55.61       47.03     14
       559     25.35         55.61       55.61       47.03      8
       560     25.41         55.61       55.61       47.03     20
       561     25.47         55.61       55.61       47.03     16
       562     25.51         55.61       55.61       47.03     10
       563     25.54         55.61       55.61       42.14     16
       564     25.59         55.61       55.61       47.03     18
       565     25.62         55.61       55.61       47.03     12
       566     25.67         56.24       56.24       34.96     14
       567     25.71         55.61       55.61       47.03     14
       568     25.77         55.61       55.61       42.14     12
       569     25.80         55.61       55.61       47.03     20
       570     25.84         55.61       55.61       47.03     14
       571     25.88         55.61       55.61       47.03     14
       572     25.92         55.61       55.61       49.69     10
       573     25.95         55.61       55.61       47.03     14
       574     26.00         55.61       55.61       42.14     10
       575     26.03         55.61       55.61       47.03     14
       576     26.07         55.61       55.61       47.03     12
       577     26.11         55.61       55.61       47.03     14
       578     26.16         55.61       55.61       47.03     14
       579     26.20         55.61       55.61       42.14      8
       580     26.24         55.61       55.61       47.03     16
       581     26.30         55.61       55.61       42.14     10
       582     26.32         55.61       55.61       47.03      8
       583     26.37         55.61       55.61       42.14     16
       584     26.41         55.61       55.61       47.03     14
       585     26.46         56.24       56.24       34.96     14
       586     26.50         55.61       55.61       47.03     16
       587     26.56         55.61       55.61       47.03     20
       588     26.62         55.61       55.61       47.03     14
       589     26.67         55.61       55.61       47.03     18
       590     26.72         55.61       55.61       42.14     12
       591     26.77         55.61       55.61       47.03     14
       592     26.81         55.61       55.61       47.03     10
       593     26.85         55.61       55.61       42.14     12
       594     26.89         55.61       55.61       47.03     16
       595     26.95         55.61       55.61       47.03      8
       596     26.99         55.61       55.61       47.03     18
       597     27.05         55.61       55.61       47.03     14
       598     27.09         55.61       55.61       47.03     18
       599     27.13         55.61       55.61       47.03     12
       600     27.19         55.61       55.61       47.03     16
       601     27.23         55.61       55.61       42.14      8
       602     27.27         55.61       55.61       47.03     16
       603     27.32         55.61       55.61       47.03     10
       604     27.38         55.61       55.61       47.03     12
       605     27.42         55.61       55.61       42.14     18
       606     27.45         55.61       55.61       47.03     12
       607     27.50         55.61       55.61       47.03     14
       608     27.54         55.61       55.61       47.03     14
       609     27.58         55.61       55.61       47.03     14
       610     27.63         55.61       55.61       47.03      8
       611     27.67         55.61       55.61       47.03     14
       612     27.71         55.61       55.61       47.03     18
       613     27.77         55.61       55.61       42.14     18
       614     27.81         55.61       55.61       47.03     20
       615     27.85         55.61       55.61       42.14     18
       616     27.90         55.61       55.61       47.03     18
       617     27.94         55.61       55.61       47.03     12
       618     27.98         56.24       56.24       34.96      8
       619     28.02         55.61       55.61       47.03     18
       620     28.05         55.61       55.61       47.03     12
       621     28.10         55.61       55.61       47.03     20
       622     28.16         55.61       55.61       42.14     10
       623     28.20         55.61       55.61       42.14      8
       624     28.25         55.61       55.61       47.03     18
       625     28.31         55.61       55.61       47.03     12
       626     28.35         55.61       55.61       47.03     10
       627     28.40         55.61       55.61       47.03     12
       628     28.45         55.61       55.61       47.03     12
       629     28.50         55.61       55.61       47.03     12
       630     28.55         55.61       55.61       47.03     14
       631     28.59         55.61       55.61       47.03     14
       632     28.63         56.24       56.24       34.96     10
       633     28.67         55.61       55.61       42.14      8
       634     28.69         55.61       55.61       47.03     14
       635     28.72         55.61       55.61       42.14     16
       636     28.77         55.61       55.61       42.14     20
       637     28.81         55.61       55.61       47.03     12
       638     28.86         55.61       55.61       47.03     14
       639     28.90         55.61       55.61       47.03     14
       640     28.96         55.61       55.61       42.14     12
       641     29.00         55.61       55.61       47.03     16
       642     29.05         55.61       55.61       42.14     10
       643     29.08         55.61       55.61       47.03     10
       644     29.13         55.61       55.61       47.03     20
       645     29.18         55.61       55.61       47.03     14
       646     29.24         55.61       55.61       47.03     12
       647     29.28         55.61       55.61       47.03     18
       648     29.32         56.24       56.24       34.96     12
       649     29.34         55.61       55.61       47.03     12
       650     29.38         55.61       55.61       47.03      8
       651     29.43         55.61       55.61       42.14      8
       652     29.46         55.61       55.61       42.14      8
       653     29.49         55.61       55.61       42.14     16
       654     29.53         55.61       55.61       47.03     12
       655     29.58         55.61       55.61       47.03     14
       656     29.64         55.61       55.61       47.03     12
       657     29.69         55.61       55.61       47.03      8
       658     29.72         55.61       55.61       47.03     18
       659     29.75         56.24       56.24       34.96      4
       660     29.77         55.61       55.61       47.03     18
       661     29.83         55.61       55.61       47.03     20
       662     29.87         55.61       55.61       47.03     12
       663     29.91         55.61       55.61       42.14      8
       664     29.95         55.61       55.61       47.03     14
       665     30.01         55.61       55.61       47.03      8
       666     30.05         55.61       55.61       47.03     20
       667     30.10         56.24       56.24       34.96     14
       668     30.14         55.61       55.61       47.03     12
       669     30.20         55.61       55.61       42.14     12
       670     30.24         55.61       55.61       47.03     16
       671     30.28         55.61       55.61       42.14     14
       672     30.33         55.61       55.61       47.03     20
       673     30.38         55.61       55.61       42.14     16
       674     30.41         55.61       55.61       47.03     12
       675     30.46         55.61       55.61       42.14     12
       676     30.49         55.61       55.61       47.03     16
       677     30.55         55.61       55.61       42.14     12
       678     30.58         55.61       55.61       42.14     10
       679     30.60         55.61       55.61       47.03     10
       680     30.64         55.61       55.61       47.03     16
       681     30.68         55.61       55.61       47.03     18
       682     30.73         55.61       55.61       42.14     18
       683     30.75         55.61       55.61       42.14     16
       684     30.79         55.61       55.61       42.14     16
       685     30.83         55.61       55.61       47.03     18
       686     30.89         55.61       55.61       47.03     16
       687     30.94         55.61       55.61       47.03     20
       688     30.99         55.61       55.61       42.14     14
       689     31.02         55.61       55.61       47.03     10
       690     31.07         55.61       55.61       47.03     16
       691     31.12         55.61       55.61       47.03     10
       692     31.16         56.24       56.24       34.96     10
       693     31.19         55.61       55.61       47.03     14
       694     31.23         56.24       56.24       34.96     12
       695     31.27         55.61       55.61       47.03     16
       696     31.33         56.24       56.24       34.96     12
       697     31.36         55.61       55.61       42.14      8
       698     31.40         55.61       55.61       47.03     12
       699     31.44         55.61       55.61       42.14     16
       700     31.46         55.61       55.61       42.14     16
       701     31.51         55.61       55.61       42.14      6
       702     31.55         55.61       55.61       47.03     20
       703     31.60         55.61       55.61       42.14      6
       704     31.64         55.61       55.61       47.03     14
       705     31.68         55.61       55.61       42.14     16
       706     31.72         55.61       55.61       47.03     12
       707     31.77         55.61       55.61       47.03     12
       708     31.82         55.61       55.61       47.03     16
       709     31.87         55.61       55.61       47.03     14
       710     31.91         55.61       55.61       42.14     12
       711     31.95         55.61       55.61       47.03     20
       712     32.00         55.61       55.61       42.14      8
       713     32.04         55.61       55.61       47.03     10
       714     32.08         55.61       55.61       42.14      8
       715     32.11         55.61       55.61       47.03     18
       716     32.17         55.61       55.61       42.14     18
       717     32.20         55.61       55.61       47.03     10
       718     32.23         55.61       55.61       47.03      8
       719     32.28         55.61       55.61       47.03      8
       720     32.34         55.61       55.61       47.03     18
       721     32.39         55.61       55.61       47.03     20
       722     32.44         55.61       55.61       47.03     18
       723     32.50         55.61       55.61       42.14     12
       724     32.53         55.61       55.61       49.69     12
       725     32.56         55.61       55.61       47.03     16
       726     32.60         55.61       55.61       47.03     14
       727     32.64         55.61       55.61       49.69     12
       728     32.68         55.61       55.61       47.03     18
       729     32.74         55.61       55.61       47.03     18
       730     32.77         55.61       55.61       42.14     12
       731     32.81         55.61       55.61       47.03     20
       732     32.86         55.61       55.61       42.14     10
       733     32.90         55.61       55.61       42.14     12
       734     32.95         55.61       55.61       42.14     12
       735     33.00         55.61       55.61       42.14     12
       736     33.05         55.61       55.61       47.03     16
       737     33.10         55.61       55.61       42.14      8
       738     33.13         55.61       55.61       47.03     10
       739     33.17         55.61       55.61       42.14      8
       740     33.20         55.61       55.61       42.14      6
       741     33.24         55.61       55.61       47.03     18
       742     33.28         55.61       55.61       42.14     18
       743     33.30         55.61       55.61       47.03     16
       744     33.35         55.61       55.61       47.03     12
       745     33.40         55.61       55.61       47.03     16
       746     33.46         55.61       55.61       47.03      6
       747     33.48         55.61       55.61       42.14     16
       748     33.54         55.61       55.61       42.14     16
       749     33.58         55.61       55.61       47.03     12
       750     33.63         55.61       55.61       47.03     20
       751     33.68         55.61       55.61       42.14     16
       752     33.73         55.61       55.61       42.14     12
       753     33.77         55.61       55.61       47.03     12
       754     33.81         55.61       55.61       47.03     12
       755     33.86         55.61       55.61       47.03     20
       756     33.90         55.61       55.61       42.14     10
       757     33.94         56.24       56.24       34.96      8
       758     33.97         56.24       56.24       34.96     10
       759     34.01         55.61       55.61       42.14     16
       760     34.05         55.61       55.61       47.03     14
       761     34.09         55.61       55.61       47.03     14
       762     34.12         55.61       55.61       47.03     20
       763     34.16         55.61       55.61       42.14     12
       764     34.20         55.61       55.61       47.03     10
       765     34.23         55.61       55.61       47.03     14
       766     34.28         55.61       55.61       49.69     12
       767     34.31         55.61       55.61       47.03     12
       768     34.36         55.61       55.61       47.03     20
       769     34.40         55.61       55.61       47.03     18
       770     34.45         55.61       55.61       47.03     18
       771     34.51         55.61       55.61       47.03     18
       772     34.55         55.61       55.61       47.03     18
       773     34.60         55.61       55.61       47.03     18
       774     34.63         55.61       55.61       47.03     16
       775     34.67         55.61       55.61       47.03     14
       776     34.72         55.61       55.61       47.03     18
       777     34.77         55.61       55.61       42.14      8
       778     34.81         55.61       55.61       47.03     12
       779     34.86         55.61       55.61       47.03     14
       780     34.89         56.24       56.24       34.96     10
       781     34.94         55.61       55.61       47.03     10
       782     34.96         55.61       55.61       47.03     12
       783     34.99         55.61       55.61       47.03     18
       784     35.04         56.24       56.24       34.96     14
       785     35.07         55.61       55.61       47.03     14
       786     35.11         55.61       55.61       47.03     16
       787     35.16         55.61       55.61       47.03     14
       788     35.20         55.61       55.61       47.03     18
       789     35.24         55.61       55.61       42.14     12
       790     35.28         55.61       55.61       47.03     20
       791     35.34         55.61       55.61       47.03     10
       792     35.38         55.61       55.61       47.03     14
       793     35.41         55.61       55.61       42.14      6
       794     35.45         55.61       55.61       47.03     10
       795     35.50         55.61       55.61       47.03     20
       796     35.56         55.61       55.61       47.03      8
       797     35.61         55.61       55.61       42.14     12
       798     35.65         55.61       55.61       42.14      8
       799     35.67         55.61       55.61       47.03     10
       800     35.73         55.61       55.61       47.03     12
       801     35.79         55.61       55.61       47.03     10
       802     35.84         55.61       55.61       47.03     20
       803     35.90         55.61       55.61       42.14     10
       804     35.93         55.61       55.61       42.14      8
       805     35.97         56.24       56.24       34.96     10
       806     36.01         55.61       55.61       47.03     18
       807     36.04         55.61       55.61       42.14     12
       808     36.10         55.61       55.61       47.03     10
       809     36.13         55.61       55.61       47.03     14
       810     36.18         55.61       55.61       47.03     16
       811     36.23         55.61       55.61       42.14     20
       812     36.27         55.61       55.61       47.03     14
       813     36.31         55.61       55.61       42.14     14
       814     36.35         55.61       55.61       42.14      8
       815     36.39         56.24       56.24       34.96      8
       816     36.42         55.61       55.61       47.03     12
       817     36.47         55.61       55.61       47.03     16
       818     36.50         55.61       55.61       47.03     14
       819     36.54         56.24       56.24       34.96     14
       820     36.57         55.61       55.61       47.03     18
       821     36.63         55.61       55.61       42.14     12
       822     36.67         55.61       55.61       47.03     14
       823     36.72         55.61       55.61       42.14     18
       824     36.77         55.61       55.61       47.03     12
       825     36.80         55.61       55.61       42.14      6
       826     36.85         55.61       55.61       47.03      8
       827     36.89         55.61       55.61       47.03     12
       828     36.94         55.61       55.61       42.14     14
       829     36.98         55.61       55.61       42.14     12
       830     37.02         55.61       55.61       47.03     18
       831     37.06         55.61       55.61       42.14     18
       832     37.09         55.61       55.61       47.03     20
       833     37.15         55.61       55.61       47.03     18
       834     37.18         55.61       55.61       47.03     10
       835     37.23         55.61       55.61       47.03     18
       836     37.27         55.61       55.61       47.03     14
       837     37.35         55.61       55.61       47.03     18
       838     37.42         55.61       55.61       42.14     12
       839     37.47         55.61       55.61       42.14      8
       840     37.52         55.61       55.61       47.03     14
       841     37.58         55.61       55.61       47.03      8
       842     37.62         55.61       55.61       42.14      8
       843     37.66         55.61       55.61       47.03     10
       844     37.70         55.61       55.61       47.03     10
       845     37.76         55.61       55.61       42.14     14
       846     37.78         55.61       55.61       47.03     10
       847     37.82         55.61       55.61       47.03     12
       848     37.86         55.61       55.61       47.03     10
       849     37.90         55.61       55.61       47.03     10
       850     37.94         55.61       55.61       42.14     12
       851     37.99         55.61       55.61       42.14     12
       852     38.01         55.61       55.61       47.03     14
       853     38.04         55.61       55.61       42.14      6
       854     38.09         55.61       55.61       42.14     16
       855     38.12         55.61       55.61       47.03     10
       856     38.16         55.61       55.61       42.14     12
       857     38.20         55.61       55.61       47.03     10
       858     38.25         55.61       55.61       47.03     12
       859     38.29         55.61       55.61       42.14     12
       860     38.34         55.61       55.61       47.03      8
       861     38.39         55.61       55.61       49.69      8
       862     38.42         55.61       55.61       47.03     10
       863     38.47         55.61       55.61       47.03     12
       864     38.52         55.61       55.61       42.14      8
       865     38.55         55.61       55.61       42.14      8
       866     38.60         55.61       55.61       42.14     10
       867     38.64         55.61       55.61       47.03     16
       868     38.67         55.61       55.61       47.03      8
       869     38.70         55.61       55.61       42.14      8
       870     38.72         55.61       55.61       47.03     14
       871     38.77         55.61       55.61       42.14      8
       872     38.81         55.61       55.61       47.03     18
       873     38.85         55.61       55.61       42.14     10
       874     38.89         55.61       55.61       42.14     12
       875     38.92         55.61       55.61       47.03     12
       876     38.97         55.61       55.61       47.03     12
       877     39.03         55.61       55.61       47.03     10
       878     39.07         55.61       55.61       47.03     12
       879     39.12         55.61       55.61       49.69     12
       880     39.15         55.61       55.61       42.14     12
       881     39.19         55.61       55.61       42.14     10
       882     39.25         55.61       55.61       47.03     12
       883     39.28         55.61       55.61       47.03     18
       884     39.32         55.61       55.61       47.03     20
       885     39.38         55.61       55.61       42.14     16
       886     39.43         55.61       55.61       47.03     18
       887     39.47         55.61       55.61       42.14     12
       888     39.51         55.61       55.61       47.03     10
       889     39.55         55.61       55.61       42.14      6
       890     39.61         55.61       55.61       47.03     14
       891     39.65         55.61       55.61       42.14     10
       892     39.67         55.61       55.61       47.03     14
       893     39.71         55.61       55.61       47.03     12
       894     39.76         55.61       55.61       47.03     14
       895     39.81         55.61       55.61       47.03     12
       896     39.85         55.61       55.61       47.03     10
       897     39.89         55.61       55.61       47.03     16
       898     39.93         55.61       55.61       42.14     12
       899     39.97         55.61       55.61       47.03     18
       900     40.02         55.61       55.61       47.03     12
       901     40.06         55.61       55.61       47.03     14
       902     40.11         55.61       55.61       42.14     16
       903     40.15         55.61       55.61       47.03     16
       904     40.21         55.61       55.61       47.03     16
       905     40.26         55.61       55.61       47.03     10
       906     40.28         55.61       55.61       47.03     16
       907     40.31         55.61       55.61       47.03      8
       908     40.36         55.61       55.61       47.03     12
       909     40.42         55.61       55.61       47.03     12
       910     40.47         55.61       55.61       49.69     18
       911     40.51         55.61       55.61       47.03     16
       912     40.55         55.61       55.61       47.03     10
       913     40.58         55.61       55.61       47.03     20
       914     40.63         55.61       55.61       47.03     12
       915     40.67         55.61       55.61       42.14     12
       916     40.72         55.61       55.61       47.03     20
       917     40.76         55.61       55.61       47.03     16
       918     40.81         55.61       55.61       42.14     10
       919     40.86         55.61       55.61       47.03     10
       920     40.90         55.61       55.61       47.03     14
       921     40.96         56.24       56.24       34.96     14
       922     41.00         55.61       55.61       42.14     10
       923     41.02         55.61       55.61       47.03     12
       924     41.07         55.61       55.61       42.14     12
       925     41.11         55.61       55.61       47.03     12
       926     41.15         55.61       55.61       47.03     12
       927     41.19         55.61       55.61       47.03     20
       928     41.24         55.61       55.61       47.03     12
       929     41.29         55.61       55.61       47.03      8
       930     41.34         55.61       55.61       47.03     18
       931     41.39         55.61       55.61       42.14     20
       932     41.45         55.61       55.61       47.03     20
       933     41.50         55.61       55.61       47.03     14
       934     41.54         55.61       55.61       42.14     12
       935     41.58         55.61       55.61       47.03      8
       936     41.62         55.61       55.61       47.03     18
       937     41.65         55.61       55.61       47.03     18
       938     41.68         55.61       55.61       47.03     14
       939     41.73         55.61       55.61       42.14      8
       940     41.76         55.61       55.61       49.69     14
       941     41.80         55.61       55.61       47.03     10
       942     41.84         55.61       55.61       47.03     16
       943     41.90         55.61       55.61       47.03      8
       944     41.96         55.61       55.61       47.03     10
       945     42.01         55.61       55.61       47.03     10
       946     42.06         55.61       55.61       47.03      8
       947     42.11         55.61       55.61       42.14      6
       948     42.15         55.61       55.61       42.14     16
       949     42.20         56.24       56.24       34.96     12
       950     42.23         55.61       55.61       49.69     10
       951     42.25         55.61       55.61       47.03     18
       952     42.30         55.61       55.61       47.03     16
       953     42.37         55.61       55.61       47.03     12
       954     42.44         55.61       55.61       49.69     16
       955     42.48         55.61       55.61       47.03     18
       956     42.53         55.61       55.61       42.14      8
       957     42.58         55.61       55.61       47.03     10
       958     42.63         55.61       55.61       47.03     18
       959     42.67         55.61       55.61       47.03     14
       960     42.71         55.61       55.61       47.03     16
       961     42.75         55.61       55.61       47.03     12
       962     42.81         55.61       55.61       42.14     12
       963     42.86         55.61       55.61       47.03     18
       964     42.90         55.61       55.61       47.03     18
       965     42.96         55.61       55.61       47.03     20
       966     43.00         55.61       55.61       42.14     16
       967     43.05         56.24       56.24       34.96     12
       968     43.09         55.61       55.61       47.03     12
       969     43.14         55.61       55.61       42.14     16
       970     43.18         55.61       55.61       47.03      8
       971     43.24         55.61       55.61       47.03     18
       972     43.29         55.61       55.61       47.03      8
       973     43.35         55.61       55.61       47.03     18
       974     43.41         55.61       55.61       47.03     12
       975     43.46         55.61       55.61       47.03     14
       976     43.59         55.61       55.61       47.03      8
       977     43.65         55.61       55.61       47.03     18
       978     43.69         55.61       55.61       42.14     10
       979     43.74         55.61       55.61       47.03     16
       980     43.79         55.61       55.61       47.03     10
       981     43.83         55.61       55.61       42.14      8
       982     43.87         55.61       55.61       42.14     16
       983     43.92         55.61       55.61       47.03     18
       984     43.98         55.61       55.61       47.03     18
       985     44.02         55.61       55.61       47.03     16
       986     44.08         56.24       56.24       34.96      8
       987     44.11         55.61       55.61       42.14     12
       988     44.14         55.61       55.61       47.03     14
       989     44.18         55.61       55.61       42.14     18
       990     44.21         55.61       55.61       47.03     16
       991     44.27         55.61       55.61       47.03     14
       992     44.31         55.61       55.61       47.03     10
       993     44.35         55.61       55.61       42.14     12
       994     44.38         56.24       56.24       34.96      8
       995     44.42         55.61       55.61       47.03     20
       996     44.46         55.61       55.61       47.03     10
       997     44.50         55.61       55.61       47.03     10
       998     44.54         55.61       55.61       47.03      8
       999     44.59         55.61       55.61       42.14      8
      1000     44.62         55.61       55.61       47.03     16
      1001     44.67         55.61       55.61       47.03      8
      1002     44.71         55.61       55.61       42.14     18
      1003     44.77         55.61       55.61       42.14     12
      1004     44.83         55.61       55.61       47.03     14
      1005     44.87         55.61       55.61       47.03     16
      1006     44.93         55.61       55.61       42.14      8
      1007     44.98         55.61       55.61       47.03     12
      1008     45.04         55.61       55.61       42.14     12
      1009     45.07         55.61       55.61       47.03     16
      1010     45.12         55.61       55.61       47.03     12
      1011     45.17         55.61       55.61       42.14     12
      1012     45.20         55.61       55.61       47.03     18
      1013     45.24         55.61       55.61       42.14     14
      1014     45.28         55.61       55.61       47.03     12
      1015     45.32         55.61       55.61       47.03     14
      1016     45.37         55.61       55.61       47.03     14
      1017     45.42         55.61       55.61       47.03     18
      1018     45.49         55.61       55.61       47.03     14
      1019     45.52         55.61       55.61       42.14     16
      1020     45.58         55.61       55.61       42.14     14
      1021     45.63         55.61       55.61       42.14     12
      1022     45.67         55.61       55.61       42.14     16
      1023     45.71         55.61       55.61       47.03     20
      1024     45.76         55.61       55.61       49.69     12
      1025     45.81         55.61       55.61       47.03      8
      1026     45.85         55.61       55.61       47.03      8
      1027     45.90         55.61       55.61       42.14     12
      1028     45.94         55.61       55.61       47.03     16
      1029     46.00         56.24       56.24       34.96     12
      1030     46.03         55.61       55.61       47.03      8
      1031     46.07         55.61       55.61       47.03     18
      1032     46.11         55.61       55.61       47.03     20
      1033     46.16         55.61       55.61       49.69     12
      1034     46.19         55.61       55.61       47.03     14
      1035     46.24         55.61       55.61       47.03      8
      1036     46.27         55.61       55.61       47.03     12
      1037     46.33         55.61       55.61       42.14     12
      1038     46.37         55.61       55.61       47.03     14
      1039     46.40         55.61       55.61       47.03     18
      1040     46.42         56.24       56.24       34.96      8
      1041     46.46         55.61       55.61       47.03     14
      1042     46.52         55.61       55.61       42.14     12
      1043     46.56         55.61       55.61       47.03     18
      1044     46.60         55.61       55.61       47.03     12
      1045     46.65         55.61       55.61       47.03     18
      1046     46.70         55.61       55.61       47.03     18
      1047     46.75         55.61       55.61       42.14     10
      1048     46.79         56.24       56.24       34.96     14
      1049     46.82         55.61       55.61       47.03     10
      1050     46.87         55.61       55.61       47.03     18
      1051     46.91         55.61       55.61       47.03      8
      1052     46.96         55.61       55.61       42.14     10
      1053     47.00         55.61       55.61       47.03      8
      1054     47.04         55.61       55.61       42.14     18
      1055     47.08         55.61       55.61       42.14     12
      1056     47.13         55.61       55.61       42.14     12
      1057     47.17         55.61       55.61       49.69     10
      1058     47.20         55.61       55.61       47.03     16
      1059     47.26         55.61       55.61       47.03     18
      1060     47.31         55.61       55.61       47.03     10
      1061     47.35         55.61       55.61       42.14     16
      1062     47.40         55.61       55.61       47.03     14
      1063     47.44         55.61       55.61       42.14     12
      1064     47.49         55.61       55.61       42.14      8
      1065     47.53         55.61       55.61       49.69     12
      1066     47.55         56.24       56.24       34.96     12
      1067     47.57         55.61       55.61       47.03     14
      1068     47.62         56.24       56.24       34.96     14
      1069     47.65         55.61       55.61       47.03      8
      1070     47.70         55.61       55.61       47.03     18
      1071     47.75         55.61       55.61       47.03     14
      1072     47.79         55.61       55.61       47.03     18
      1073     47.82         55.61       55.61       42.14     16
      1074     47.86         55.61       55.61       47.03     16
      1075     47.90         55.61       55.61       47.03     18
      1076     47.96         55.61       55.61       47.03     18
      1077     48.01         55.61       55.61       47.03     14
      1078     48.05         55.61       55.61       42.14     12
      1079     48.08         55.61       55.61       42.14     18
      1080     48.13         55.61       55.61       47.03     12
      1081     48.17         55.61       55.61       47.03     16
      1082     48.20         55.61       55.61       47.03     10
      1083     48.24         55.61       55.61       42.14      8
      1084     48.26         55.61       55.61       42.14     12
      1085     48.30         55.61       55.61       42.14     16
      1086     48.34         55.61       55.61       47.03     14
      1087     48.39         55.61       55.61       47.03     12
      1088     48.43         55.61       55.61       42.14     16
      1089     48.48         55.61       55.61       49.69     14
      1090     48.52         55.61       55.61       47.03     16
      1091     48.55         55.61       55.61       47.03     16
      1092     48.58         55.61       55.61       49.69     10
      1093     48.62         55.61       55.61       47.03     14
      1094     48.66         55.61       55.61       42.14     18
      1095     48.69         55.61       55.61       42.14     12
      1096     48.73         55.61       55.61       47.03     14
      1097     48.77         55.61       55.61       47.03      8
      1098     48.82         55.61       55.61       47.03      8
      1099     48.87         55.61       55.61       42.14     14
      1100     48.92         55.61       55.61       47.03     18
      1101     48.96         55.61       55.61       42.14     16
      1102     49.01         55.61       55.61       47.03     14
      1103     49.05         56.24       56.24       34.96     14
      1104     49.09         55.61       55.61       42.14     14
      1105     49.14         55.61       55.61       47.03     16
      1106     49.19         55.61       55.61       47.03     18
      1107     49.22         55.61       55.61       47.03     14
      1108     49.27         55.61       55.61       47.03     12
      1109     49.31         55.61       55.61       47.03     18
      1110     49.35         55.61       55.61       47.03     14
      1111     49.39         55.61       55.61       47.03     14
      1112     49.44         55.61       55.61       42.14     10
      1113     49.46         55.61       55.61       42.14     18
      1114     49.51         55.61       55.61       49.69     16
      1115     49.53         55.61       55.61       47.03      8
      1116     49.58         55.61       55.61       47.03     18
      1117     49.62         55.61       55.61       47.03     16
      1118     49.67         55.61       55.61       42.14     10
      1119     49.73         55.61       55.61       47.03     18
      1120     49.77         55.61       55.61       47.03     16
      1121     49.83         55.61       55.61       47.03     14
      1122     49.87         55.61       55.61       47.03     18
      1123     49.91         55.61       55.61       42.14     10
      1124     49.93         55.61       55.61       47.03     10
      1125     49.97         55.61       55.61       47.03     10
      1126     50.00         55.61       55.61       47.03     16
      1127     50.05         55.61       55.61       47.03     18
      1128     50.10         55.61       55.61       42.14     12
      1129     50.13         55.61       55.61       47.03     10
      1130     50.17         55.61       55.61       42.14     12
      1131     50.21         55.61       55.61       42.14     12
      1132     50.25         55.61       55.61       47.03     12
      1133     50.29         55.61       55.61       47.03     16
      1134     50.33         55.61       55.61       47.03     14
      1135     50.37         55.61       55.61       47.03     18
      1136     50.42         55.61       55.61       42.14     12
      1137     50.45         55.61       55.61       47.03     14
      1138     50.50         55.61       55.61       47.03     14
      1139     50.54         55.61       55.61       47.03     20
      1140     50.58         55.61       55.61       42.14     16
      1141     50.61         55.61       55.61       47.03     18
      1142     50.65         55.61       55.61       42.14      8
      1143     50.67         55.61       55.61       47.03     18
      1144     50.71         55.61       55.61       47.03     10
      1145     50.75         55.61       55.61       47.03     14
      1146     50.81         55.61       55.61       47.03     18
      1147     50.86         55.61       55.61       47.03      8
      1148     50.88         55.61       55.61       42.14     18
      1149     50.93         55.61       55.61       47.03     18
      1150     50.96         55.61       55.61       42.14      8
      1151     50.98         55.61       55.61       42.14     12
      1152     51.03         55.61       55.61       47.03      8
      1153     51.06         55.61       55.61       42.14     12
      1154     51.09         55.61       55.61       47.03     16
      1155     51.14         55.61       55.61       47.03     14
      1156     51.19         55.61       55.61       47.03     10
      1157     51.25         55.61       55.61       42.14      8
      1158     51.28         55.61       55.61       47.03     10
      1159     51.33         55.61       55.61       47.03     14
      1160     51.37         55.61       55.61       42.14      8
      1161     51.40         55.61       55.61       47.03     16
      1162     51.44         55.61       55.61       42.14     12
      1163     51.47         55.61       55.61       42.14      8
      1164     51.49         55.61       55.61       47.03     18
      1165     51.53         55.61       55.61       42.14     12
      1166     51.57         55.61       55.61       42.14      8
      1167     51.60         55.61       55.61       42.14     12
      1168     51.63         55.61       55.61       42.14     12
      1169     51.67         55.61       55.61       47.03     14
      1170     51.70         55.61       55.61       42.14     18
      1171     51.75         55.61       55.61       42.14     10
      1172     51.79         55.61       55.61       47.03     14
      1173     51.83         55.61       55.61       47.03     14
      1174     51.88         55.61       55.61       42.14     12
      1175     51.92         55.61       55.61       47.03     14
      1176     51.96         55.61       55.61       42.14      8
      1177     52.01         55.61       55.61       47.03     10
      1178     52.05         55.61       55.61       47.03     16
      1179     52.11         55.61       55.61       47.03     16
      1180     52.14         55.61       55.61       47.03     16
      1181     52.18         55.61       55.61       47.03     14
      1182     52.22         55.61       55.61       47.03     14
      1183     52.27         55.61       55.61       47.03      8
      1184     52.32         55.61       55.61       47.03     16
      1185     52.37         55.61       55.61       47.03     14
      1186     52.41         55.61       55.61       47.03     10
      1187     52.46         55.61       55.61       42.14     16
      1188     52.51         55.61       55.61       42.14     12
      1189     52.55         55.61       55.61       47.03     18
      1190     52.60         55.61       55.61       47.03     18
      1191     52.65         55.61       55.61       47.03     14
      1192     52.70         55.61       55.61       47.03     18
      1193     52.75         55.61       55.61       49.69     14
      1194     52.78         55.61       55.61       47.03     14
      1195     52.82         55.61       55.61       47.03     10
      1196     52.87         55.61       55.61       47.03     18
      1197     52.91         55.61       55.61       47.03     10
      1198     52.94         55.61       55.61       42.14     16
      1199     52.98         55.61       55.61       42.14     16
      1200     53.02         55.61       55.61       47.03     18
      1201     53.06         55.61       55.61       47.03     14
      1202     53.10         55.61       55.61       42.14     16
      1203     53.14         55.61       55.61       42.14     10
      1204     53.18         55.61       55.61       42.14      8
      1205     53.23         55.61       55.61       47.03     14
      1206     53.27         56.24       56.24       34.96     10
      1207     53.31         55.61       55.61       47.03     14
      1208     53.35         56.24       56.24       34.96     12
      1209     53.37         55.61       55.61       47.03     12
      1210     53.43         55.61       55.61       47.03     10
      1211     53.48         55.61       55.61       47.03     12
      1212     53.53         55.61       55.61       47.03     14
      1213     53.58         55.61       55.61       47.03     14
      1214     53.61         55.61       55.61       47.03     14
      1215     53.65         55.61       55.61       47.03     18
      1216     53.69         55.61       55.61       47.03     14
      1217     53.74         55.61       55.61       49.69     16
      1218     53.79         55.61       55.61       47.03     14
      1219     53.83         55.61       55.61       42.14     14
      1220     53.87         55.61       55.61       42.14     12
      1221     53.91         55.61       55.61       47.03     14
      1222     53.95         55.61       55.61       47.03     10
      1223     54.00         55.61       55.61       47.03     10
      1224     54.04         55.61       55.61       47.03     14
      1225     54.09         55.61       55.61       47.03     12
      1226     54.13         55.61       55.61       47.03     16
      1227     54.19         55.61       55.61       49.69     16
      1228     54.23         55.61       55.61       47.03     20
      1229     54.27         55.61       55.61       47.03     16
      1230     54.32         55.61       55.61       47.03     12
      1231     54.37         55.61       55.61       42.14     10
      1232     54.41         55.61       55.61       47.03     10
      1233     54.46         55.61       55.61       42.14     14
      1234     54.49         55.61       55.61       42.14     12
      1235     54.52         55.61       55.61       47.03     12
      1236     54.57         55.61       55.61       42.14     16
      1237     54.61         55.61       55.61       42.14     10
      1238     54.64         55.61       55.61       47.03      6
      1239     54.68         55.61       55.61       47.03     14
      1240     54.72         55.61       55.61       42.14     16
      1241     54.75         55.61       55.61       47.03     10
      1242     54.80         55.61       55.61       47.03      8
      1243     54.85         56.24       56.24       34.96     14
      1244     54.88         55.61       55.61       47.03      8
      1245     54.92         55.61       55.61       42.14     18
      1246     54.97         55.61       55.61       47.03     16
      1247     55.03         55.61       55.61       42.14     12
      1248     55.07         55.61       55.61       47.03     18
      1249     55.10         55.61       55.61       47.03     12
      1250     55.14         55.61       55.61       47.03     18
      1251     55.17         55.61       55.61       47.03     10
      1252     55.22         55.61       55.61       47.03      8
      1253     55.27         55.61       55.61       47.03     20
      1254     55.33         55.61       55.61       42.14      8
      1255     55.36         55.61       55.61       47.03      8
      1256     55.41         55.61       55.61       47.03     12
      1257     55.45         55.61       55.61       47.03     20
      1258     55.50         55.61       55.61       47.03     16
      1259     55.56         55.61       55.61       47.03      8
      1260     55.62         55.61       55.61       47.03     20
      1261     55.66         55.61       55.61       42.14     12
      1262     55.70         55.61       55.61       47.03     10
      1263     55.75         55.61       55.61       47.03     10
      1264     55.79         55.61       55.61       47.03     10
      1265     55.84         55.61       55.61       47.03     10
      1266     55.89         55.61       55.61       47.03     12
      1267     55.92         55.61       55.61       47.03     14
      1268     55.96         55.61       55.61       42.14     16
      1269     56.01         55.61       55.61       47.03     20
      1270     56.05         55.61       55.61       42.14     12
      1271     56.09         55.61       55.61       47.03     14
      1272     56.14         55.61       55.61       47.03     14
      1273     56.18         55.61       55.61       42.14      8
      1274     56.21         55.61       55.61       47.03     14
      1275     56.27         55.61       55.61       42.14     10
      1276     56.30         55.61       55.61       47.03     14
      1277     56.33         55.61       55.61       42.14      8
      1278     56.35         55.61       55.61       42.14     10
      1279     56.39         56.24       56.24       34.96     12
      1280     56.43         55.61       55.61       42.14     12
      1281     56.48         56.24       56.24       34.96      8
      1282     56.52         55.61       55.61       47.03     14
      1283     56.55         55.61       55.61       47.03      8
      1284     56.59         55.61       55.61       47.03     12
      1285     56.63         55.61       55.61       47.03     16
      1286     56.69         55.61       55.61       49.69     16
      1287     56.73         55.61       55.61       42.14     10
      1288     56.78         55.61       55.61       47.03     16
      1289     56.84         55.61       55.61       49.69      8
      1290     56.88         55.61       55.61       42.14      6
      1291     56.92         55.61       55.61       47.03     20
      1292     56.97         56.24       56.24       34.96     14
      1293     57.02         55.61       55.61       47.03      8
      1294     57.06         56.24       56.24       34.96     12
      1295     57.10         55.61       55.61       47.03     12
      1296     57.14         55.61       55.61       47.03     18
      1297     57.17         56.24       56.24       34.96     12
      1298     57.20         55.61       55.61       42.14     12
      1299     57.24         55.61       55.61       47.03     14
      1300     57.27         55.61       55.61       47.03     12
      1301     57.30         55.61       55.61       47.03     12
      1302     57.34         55.61       55.61       42.14     10
      1303     57.38         55.61       55.61       47.03     14
      1304     57.42         55.61       55.61       49.69     12
      1305     57.45         55.61       55.61       42.14     16
      1306     57.50         56.24       56.24       34.96      8
      1307     57.53         55.61       55.61       47.03      8
      1308     57.57         55.61       55.61       47.03     12
      1309     57.64         55.61       55.61       47.03     18
      1310     57.69         55.61       55.61       47.03     12
      1311     57.74         55.61       55.61       42.14      6
      1312     57.78         55.61       55.61       42.14     10
      1313     57.82         55.61       55.61       42.14     18
      1314     57.88         55.61       55.61       47.03     10
      1315     57.92         55.61       55.61       47.03     10
      1316     57.96         55.61       55.61       47.03     10
      1317     57.99         56.24       56.24       34.96      8
      1318     58.01         55.61       55.61       47.03     20
      1319     58.07         55.61       55.61       47.03     10
      1320     58.12         55.61       55.61       47.03     14
      1321     58.15         55.61       55.61       47.03      8
      1322     58.19         55.61       55.61       47.03     16
      1323     58.24         55.61       55.61       49.69     12
      1324     58.27         55.61       55.61       47.03     18
      1325     58.33         55.61       55.61       42.14     16
      1326     58.38         55.61       55.61       47.03     14
      1327     58.42         55.61       55.61       47.03     14
      1328     58.46         55.61       55.61       47.03     16
      1329     58.51         55.61       55.61       47.03     16
      1330     58.54         55.61       55.61       47.03     12
      1331     58.59         55.61       55.61       47.03     18
      1332     58.62         55.61       55.61       47.03     14
      1333     58.67         55.61       55.61       47.03     10
      1334     58.72         55.61       55.61       47.03     12
      1335     58.77         55.61       55.61       47.03     16
      1336     58.82         55.61       55.61       47.03      8
      1337     58.86         55.61       55.61       42.14     12
      1338     58.89         55.61       55.61       42.14     12
      1339     58.91         55.61       55.61       47.03     18
      1340     58.96         55.61       55.61       47.03     18
      1341     59.01         55.61       55.61       47.03     12
      1342     59.07         55.61       55.61       47.03     16
      1343     59.12         55.61       55.61       47.03     20
      1344     59.17         55.61       55.61       47.03     14
      1345     59.21         55.61       55.61       42.14     12
      1346     59.25         56.24       56.24       34.96     14
      1347     59.29         55.61       55.61       47.03     12
      1348     59.32         56.24       56.24       34.96     14
      1349     59.35         55.61       55.61       42.14     14
      1350     59.40         55.61       55.61       47.03     14
      1351     59.44         55.61       55.61       47.03     18
      1352     59.49         55.61       55.61       47.03     16
      1353     59.54         55.61       55.61       47.03      8
      1354     59.58         55.61       55.61       49.69     10
      1355     59.60         55.61       55.61       42.14      8
      1356     59.64         55.61       55.61       47.03     18
      1357     59.67         55.61       55.61       47.03     12
      1358     59.71         55.61       55.61       42.14     12
      1359     59.75         55.61       55.61       47.03     14
      1360     59.80         55.61       55.61       47.03     16
      1361     59.85         55.61       55.61       42.14     10
      1362     59.88         55.61       55.61       47.03     18
      1363     59.92         55.61       55.61       47.03     12
      1364     59.95         55.61       55.61       47.03     10
      1365     59.99         55.61       55.61       42.14     16
  ------------------------------------------------------------
