========================================================================
  ConstructiveHeuristic — unknown
========================================================================
  alpha=0.6  time_limit=60s  seed=None  min_sep=10.0
  weights: makespan=1.0  delay=0.0  movements=0.0

  Instance: 10 aircraft  5 positions  3 blocking arcs
  Blocking arcs: P3→P4  P3→P5  P4→P5

────────────────────────────────────────────────────────────────────────
  Best construction detail  (iter 1  obj=55.6100)
────────────────────────────────────────────────────────────────────────
Blocking arcs: P3→P4  P3→P5  P4→P5

Aircraft initial ranking (target_finish ASC, total_duration ASC):
  Rank   ID       earliest     target    duration
  ----------------------------------------------
  [ 0]  R8          13.02      21.99        7.74
  [ 1]  R10         18.84      29.89        9.26
  [ 2]  R3           0.00      35.63       16.05
  [ 3]  R1           0.00      51.06       21.52
  [ 4]  R2           0.00      53.35       25.44
  [ 5]  R4           5.62      55.07       20.17
  [ 6]  R5           6.51      60.01       20.40
  [ 7]  R6           8.77      62.89       20.80
  [ 8]  R7          12.91      63.99       21.55
  [ 9]  R9          13.44      70.59       27.15

========================================================================
  STEP 1/10
========================================================================

  Pair evaluation  (50 pairs):
    Rank   ID      Pos     t_start   t_finish    delay      gap   blocking      score    weight     P(%)   cum(%)
    ---------------------------------------------------------------------------------------------------------
    [ 0]  R3      P1         0.00      16.05     0.00     0.00       none      16.05    1.0000   60.00%   60.00%
    [ 1]  R3      P2         0.00      16.05     0.00     0.00       none      16.05    0.4000   24.00%   84.00%
    [ 2]  R3      P3         0.00      16.05     0.00     0.00       none      16.05    0.1600    9.60%   93.60%
    [ 3]  R3      P4         0.00      16.05     0.00     0.00       none      16.05    0.0640    3.84%   97.44%
    [ 4]  R3      P5         0.00      16.05     0.00     0.00       none      16.05    0.0256    1.54%   98.98%
    [ 5]  R8      P1        13.02      20.76     0.00     0.00       none      20.76    0.0102    0.61%   99.59%
    [ 6]  R8      P2        13.02      20.76     0.00     0.00       none      20.76    0.0041    0.25%   99.84%
    [ 7]  R8      P3        13.02      20.76     0.00     0.00       none      20.76    0.0016    0.10%   99.93%
    [ 8]  R8      P4        13.02      20.76     0.00     0.00       none      20.76    0.0007    0.04%   99.97%
    [ 9]  R8      P5        13.02      20.76     0.00     0.00       none      20.76    0.0003    0.02%   99.99%
    [10]  R1      P1         0.00      21.52     0.00     0.00       none      21.52    0.0001    0.01%  100.00%
    [11]  R1      P2         0.00      21.52     0.00     0.00       none      21.52    0.0000    0.00%  100.00%
    [12]  R1      P3         0.00      21.52     0.00     0.00       none      21.52    0.0000    0.00%  100.00%
    [13]  R1      P4         0.00      21.52     0.00     0.00       none      21.52    0.0000    0.00%  100.00%
    [14]  R1      P5         0.00      21.52     0.00     0.00       none      21.52    0.0000    0.00%  100.00%
    [15]  R2      P1         0.00      25.44     0.00     0.00       none      25.44    0.0000    0.00%  100.00%
    [16]  R2      P2         0.00      25.44     0.00     0.00       none      25.44    0.0000    0.00%  100.00%
    [17]  R2      P3         0.00      25.44     0.00     0.00       none      25.44    0.0000    0.00%  100.00%
    [18]  R2      P4         0.00      25.44     0.00     0.00       none      25.44    0.0000    0.00%  100.00%
    [19]  R2      P5         0.00      25.44     0.00     0.00       none      25.44    0.0000    0.00%  100.00%
    [20]  R4      P1         5.62      25.79     0.00     0.00       none      25.79    0.0000    0.00%  100.00%
    [21]  R4      P2         5.62      25.79     0.00     0.00       none      25.79    0.0000    0.00%  100.00%
    [22]  R4      P3         5.62      25.79     0.00     0.00       none      25.79    0.0000    0.00%  100.00%
    [23]  R4      P4         5.62      25.79     0.00     0.00       none      25.79    0.0000    0.00%  100.00%
    [24]  R4      P5         5.62      25.79     0.00     0.00       none      25.79    0.0000    0.00%  100.00%
    [25]  R5      P1         6.51      26.91     0.00     0.00       none      26.91    0.0000    0.00%  100.00%
    [26]  R5      P2         6.51      26.91     0.00     0.00       none      26.91    0.0000    0.00%  100.00%
    [27]  R5      P3         6.51      26.91     0.00     0.00       none      26.91    0.0000    0.00%  100.00%
    [28]  R5      P4         6.51      26.91     0.00     0.00       none      26.91    0.0000    0.00%  100.00%
    [29]  R5      P5         6.51      26.91     0.00     0.00       none      26.91    0.0000    0.00%  100.00%
    [30]  R10     P1        18.84      28.10     0.00     0.00       none      28.10    0.0000    0.00%  100.00%
    [31]  R10     P2        18.84      28.10     0.00     0.00       none      28.10    0.0000    0.00%  100.00%
    [32]  R10     P3        18.84      28.10     0.00     0.00       none      28.10    0.0000    0.00%  100.00%
    [33]  R10     P4        18.84      28.10     0.00     0.00       none      28.10    0.0000    0.00%  100.00%
    [34]  R10     P5        18.84      28.10     0.00     0.00       none      28.10    0.0000    0.00%  100.00%
    [35]  R6      P1         8.77      29.57     0.00     0.00       none      29.57    0.0000    0.00%  100.00%
    [36]  R6      P2         8.77      29.57     0.00     0.00       none      29.57    0.0000    0.00%  100.00%
    [37]  R6      P3         8.77      29.57     0.00     0.00       none      29.57    0.0000    0.00%  100.00%
    [38]  R6      P4         8.77      29.57     0.00     0.00       none      29.57    0.0000    0.00%  100.00%
    [39]  R6      P5         8.77      29.57     0.00     0.00       none      29.57    0.0000    0.00%  100.00%
    [40]  R7      P1        12.91      34.46     0.00     0.00       none      34.46    0.0000    0.00%  100.00%
    [41]  R7      P2        12.91      34.46     0.00     0.00       none      34.46    0.0000    0.00%  100.00%
    [42]  R7      P3        12.91      34.46     0.00     0.00       none      34.46    0.0000    0.00%  100.00%
    [43]  R7      P4        12.91      34.46     0.00     0.00       none      34.46    0.0000    0.00%  100.00%
    [44]  R7      P5        12.91      34.46     0.00     0.00       none      34.46    0.0000    0.00%  100.00%
    [45]  R9      P1        13.44      40.59     0.00     0.00       none      40.59    0.0000    0.00%  100.00%
    [46]  R9      P2        13.44      40.59     0.00     0.00       none      40.59    0.0000    0.00%  100.00%
    [47]  R9      P3        13.44      40.59     0.00     0.00       none      40.59    0.0000    0.00%  100.00%
    [48]  R9      P4        13.44      40.59     0.00     0.00       none      40.59    0.0000    0.00%  100.00%
    [49]  R9      P5        13.44      40.59     0.00     0.00       none      40.59    0.0000    0.00%  100.00%
    draw=0.4946  →  (R3, P1) (rank 0) selected

  Assignment: R3 → P1  [0.00 → 16.05]  delay=0.00
    J3-1       [0.00 → 8.95]
    J3-2       [8.95 → 16.05]

  Assigned so far:
    ID      Pos       start    finish    delay
    ----------------------------------------
    R3      P1         0.00     16.05     0.00

========================================================================
  STEP 2/10
========================================================================

  Pair evaluation  (45 pairs):
    Rank   ID      Pos     t_start   t_finish    delay      gap   blocking      score    weight     P(%)   cum(%)
    ---------------------------------------------------------------------------------------------------------
    [ 0]  R8      P2        13.02      20.76     0.00     0.00       none      20.76    1.0000   60.00%   60.00%
    [ 1]  R8      P3        13.02      20.76     0.00     0.00       none      20.76    0.4000   24.00%   84.00%
    [ 2]  R8      P4        13.02      20.76     0.00     0.00       none      20.76    0.1600    9.60%   93.60%
    [ 3]  R8      P5        13.02      20.76     0.00     0.00       none      20.76    0.0640    3.84%   97.44%
    [ 4]  R1      P2         0.00      21.52     0.00     0.00       none      21.52    0.0256    1.54%   98.98%
    [ 5]  R1      P3         0.00      21.52     0.00     0.00       none      21.52    0.0102    0.61%   99.59%
    [ 6]  R1      P4         0.00      21.52     0.00     0.00       none      21.52    0.0041    0.25%   99.84%
    [ 7]  R1      P5         0.00      21.52     0.00     0.00       none      21.52    0.0016    0.10%   99.93%
    [ 8]  R2      P2         0.00      25.44     0.00     0.00       none      25.44    0.0007    0.04%   99.97%
    [ 9]  R2      P3         0.00      25.44     0.00     0.00       none      25.44    0.0003    0.02%   99.99%
    [10]  R2      P4         0.00      25.44     0.00     0.00       none      25.44    0.0001    0.01%  100.00%
    [11]  R2      P5         0.00      25.44     0.00     0.00       none      25.44    0.0000    0.00%  100.00%
    [12]  R4      P2         5.62      25.79     0.00     0.00       none      25.79    0.0000    0.00%  100.00%
    [13]  R4      P3         5.62      25.79     0.00     0.00       none      25.79    0.0000    0.00%  100.00%
    [14]  R4      P4         5.62      25.79     0.00     0.00       none      25.79    0.0000    0.00%  100.00%
    [15]  R4      P5         5.62      25.79     0.00     0.00       none      25.79    0.0000    0.00%  100.00%
    [16]  R5      P2         6.51      26.91     0.00     0.00       none      26.91    0.0000    0.00%  100.00%
    [17]  R5      P3         6.51      26.91     0.00     0.00       none      26.91    0.0000    0.00%  100.00%
    [18]  R5      P4         6.51      26.91     0.00     0.00       none      26.91    0.0000    0.00%  100.00%
    [19]  R5      P5         6.51      26.91     0.00     0.00       none      26.91    0.0000    0.00%  100.00%
    [20]  R10     P2        18.84      28.10     0.00     0.00       none      28.10    0.0000    0.00%  100.00%
    [21]  R10     P3        18.84      28.10     0.00     0.00       none      28.10    0.0000    0.00%  100.00%
    [22]  R10     P4        18.84      28.10     0.00     0.00       none      28.10    0.0000    0.00%  100.00%
    [23]  R10     P5        18.84      28.10     0.00     0.00       none      28.10    0.0000    0.00%  100.00%
    [24]  R6      P2         8.77      29.57     0.00     0.00       none      29.57    0.0000    0.00%  100.00%
    [25]  R6      P3         8.77      29.57     0.00     0.00       none      29.57    0.0000    0.00%  100.00%
    [26]  R6      P4         8.77      29.57     0.00     0.00       none      29.57    0.0000    0.00%  100.00%
    [27]  R6      P5         8.77      29.57     0.00     0.00       none      29.57    0.0000    0.00%  100.00%
    [28]  R7      P2        12.91      34.46     0.00     0.00       none      34.46    0.0000    0.00%  100.00%
    [29]  R7      P3        12.91      34.46     0.00     0.00       none      34.46    0.0000    0.00%  100.00%
    [30]  R7      P4        12.91      34.46     0.00     0.00       none      34.46    0.0000    0.00%  100.00%
    [31]  R7      P5        12.91      34.46     0.00     0.00       none      34.46    0.0000    0.00%  100.00%
    [32]  R9      P2        13.44      40.59     0.00     0.00       none      40.59    0.0000    0.00%  100.00%
    [33]  R9      P3        13.44      40.59     0.00     0.00       none      40.59    0.0000    0.00%  100.00%
    [34]  R9      P4        13.44      40.59     0.00     0.00       none      40.59    0.0000    0.00%  100.00%
    [35]  R9      P5        13.44      40.59     0.00     0.00       none      40.59    0.0000    0.00%  100.00%
    [36]  R8      P1        26.05      33.79    11.80    10.00       none      43.79    0.0000    0.00%  100.00%
    [37]  R10     P1        26.05      35.31     5.42    10.00       none      45.31    0.0000    0.00%  100.00%
    [38]  R4      P1        26.05      46.22     0.00    10.00       none      56.22    0.0000    0.00%  100.00%
    [39]  R5      P1        26.05      46.45     0.00    10.00       none      56.45    0.0000    0.00%  100.00%
    [40]  R6      P1        26.05      46.85     0.00    10.00       none      56.85    0.0000    0.00%  100.00%
    [41]  R1      P1        26.05      47.57     0.00    10.00       none      57.57    0.0000    0.00%  100.00%
    [42]  R7      P1        26.05      47.60     0.00    10.00       none      57.60    0.0000    0.00%  100.00%
    [43]  R2      P1        26.05      51.49     0.00    10.00       none      61.49    0.0000    0.00%  100.00%
    [44]  R9      P1        26.05      53.20     0.00    10.00       none      63.20    0.0000    0.00%  100.00%
    draw=0.3956  →  (R8, P2) (rank 0) selected

  Assignment: R8 → P2  [13.02 → 20.76]  delay=0.00
    J8-1       [13.02 → 20.75]

  Assigned so far:
    ID      Pos       start    finish    delay
    ----------------------------------------
    R3      P1         0.00     16.05     0.00
    R8      P2        13.02     20.75     0.00

========================================================================
  STEP 3/10
========================================================================

  Pair evaluation  (40 pairs):
    Rank   ID      Pos     t_start   t_finish    delay      gap   blocking      score    weight     P(%)   cum(%)
    ---------------------------------------------------------------------------------------------------------
    [ 0]  R1      P3         0.00      21.52     0.00     0.00       none      21.52    1.0000   60.00%   60.00%
    [ 1]  R1      P4         0.00      21.52     0.00     0.00       none      21.52    0.4000   24.00%   84.00%
    [ 2]  R1      P5         0.00      21.52     0.00     0.00       none      21.52    0.1600    9.60%   93.60%
    [ 3]  R2      P3         0.00      25.44     0.00     0.00       none      25.44    0.0640    3.84%   97.44%
    [ 4]  R2      P4         0.00      25.44     0.00     0.00       none      25.44    0.0256    1.54%   98.98%
    [ 5]  R2      P5         0.00      25.44     0.00     0.00       none      25.44    0.0102    0.61%   99.59%
    [ 6]  R4      P3         5.62      25.79     0.00     0.00       none      25.79    0.0041    0.25%   99.84%
    [ 7]  R4      P4         5.62      25.79     0.00     0.00       none      25.79    0.0016    0.10%   99.93%
    [ 8]  R4      P5         5.62      25.79     0.00     0.00       none      25.79    0.0007    0.04%   99.97%
    [ 9]  R5      P3         6.51      26.91     0.00     0.00       none      26.91    0.0003    0.02%   99.99%
    [10]  R5      P4         6.51      26.91     0.00     0.00       none      26.91    0.0001    0.01%  100.00%
    [11]  R5      P5         6.51      26.91     0.00     0.00       none      26.91    0.0000    0.00%  100.00%
    [12]  R10     P3        18.84      28.10     0.00     0.00       none      28.10    0.0000    0.00%  100.00%
    [13]  R10     P4        18.84      28.10     0.00     0.00       none      28.10    0.0000    0.00%  100.00%
    [14]  R10     P5        18.84      28.10     0.00     0.00       none      28.10    0.0000    0.00%  100.00%
    [15]  R6      P3         8.77      29.57     0.00     0.00       none      29.57    0.0000    0.00%  100.00%
    [16]  R6      P4         8.77      29.57     0.00     0.00       none      29.57    0.0000    0.00%  100.00%
    [17]  R6      P5         8.77      29.57     0.00     0.00       none      29.57    0.0000    0.00%  100.00%
    [18]  R7      P3        12.91      34.46     0.00     0.00       none      34.46    0.0000    0.00%  100.00%
    [19]  R7      P4        12.91      34.46     0.00     0.00       none      34.46    0.0000    0.00%  100.00%
    [20]  R7      P5        12.91      34.46     0.00     0.00       none      34.46    0.0000    0.00%  100.00%
    [21]  R9      P3        13.44      40.59     0.00     0.00       none      40.59    0.0000    0.00%  100.00%
    [22]  R9      P4        13.44      40.59     0.00     0.00       none      40.59    0.0000    0.00%  100.00%
    [23]  R9      P5        13.44      40.59     0.00     0.00       none      40.59    0.0000    0.00%  100.00%
    [24]  R10     P1        26.05      35.31     5.42    10.00       none      45.31    0.0000    0.00%  100.00%
    [25]  R10     P2        30.76      40.02    10.13    10.00       none      50.02    0.0000    0.00%  100.00%
    [26]  R4      P1        26.05      46.22     0.00    10.00       none      56.22    0.0000    0.00%  100.00%
    [27]  R5      P1        26.05      46.45     0.00    10.00       none      56.45    0.0000    0.00%  100.00%
    [28]  R6      P1        26.05      46.85     0.00    10.00       none      56.85    0.0000    0.00%  100.00%
    [29]  R1      P1        26.05      47.57     0.00    10.00       none      57.57    0.0000    0.00%  100.00%
    [30]  R7      P1        26.05      47.60     0.00    10.00       none      57.60    0.0000    0.00%  100.00%
    [31]  R4      P2        30.76      50.93     0.00    10.00       none      60.93    0.0000    0.00%  100.00%
    [32]  R5      P2        30.76      51.16     0.00    10.00       none      61.16    0.0000    0.00%  100.00%
    [33]  R2      P1        26.05      51.49     0.00    10.00       none      61.49    0.0000    0.00%  100.00%
    [34]  R6      P2        30.76      51.56     0.00    10.00       none      61.56    0.0000    0.00%  100.00%
    [35]  R1      P2        30.76      52.28     1.21    10.00       none      62.28    0.0000    0.00%  100.00%
    [36]  R7      P2        30.76      52.31     0.00    10.00       none      62.31    0.0000    0.00%  100.00%
    [37]  R9      P1        26.05      53.20     0.00    10.00       none      63.20    0.0000    0.00%  100.00%
    [38]  R2      P2        30.76      56.20     2.84    10.00       none      66.19    0.0000    0.00%  100.00%
    [39]  R9      P2        30.76      57.91     0.00    10.00       none      67.91    0.0000    0.00%  100.00%
    draw=1.4515  →  (R1, P5) (rank 2) selected

  Assignment: R1 → P5  [0.00 → 21.52]  delay=0.00
    J1-1       [0.00 → 6.55]
    J1-2       [6.55 → 12.99]
    J1-3       [12.99 → 21.52]

  Assigned so far:
    ID      Pos       start    finish    delay
    ----------------------------------------
    R3      P1         0.00     16.05     0.00
    R8      P2        13.02     20.75     0.00
    R1      P5         0.00     21.52     0.00

========================================================================
  STEP 4/10
========================================================================

  Pair evaluation  (35 pairs):
    Rank   ID      Pos     t_start   t_finish    delay      gap   blocking      score    weight     P(%)   cum(%)
    ---------------------------------------------------------------------------------------------------------
    [ 0]  R2      P3         0.00      25.44     0.00     0.00      2 mov      25.44    1.0000   60.00%   60.00%
    [ 1]  R2      P4         0.00      25.44     0.00     0.00      2 mov      25.44    0.4000   24.00%   84.00%
    [ 2]  R4      P3         5.62      25.79     0.00     0.00      2 mov      25.79    0.1600    9.60%   93.60%
    [ 3]  R4      P4         5.62      25.79     0.00     0.00      2 mov      25.79    0.0640    3.84%   97.44%
    [ 4]  R5      P3         6.51      26.91     0.00     0.00      2 mov      26.91    0.0256    1.54%   98.98%
    [ 5]  R5      P4         6.51      26.91     0.00     0.00      2 mov      26.91    0.0102    0.61%   99.59%
    [ 6]  R10     P3        18.84      28.10     0.00     0.00      2 mov      28.10    0.0041    0.25%   99.84%
    [ 7]  R10     P4        18.84      28.10     0.00     0.00      2 mov      28.10    0.0016    0.10%   99.93%
    [ 8]  R6      P3         8.77      29.57     0.00     0.00      2 mov      29.57    0.0007    0.04%   99.97%
    [ 9]  R6      P4         8.77      29.57     0.00     0.00      2 mov      29.57    0.0003    0.02%   99.99%
    [10]  R7      P3        12.91      34.46     0.00     0.00      2 mov      34.46    0.0001    0.01%  100.00%
    [11]  R7      P4        12.91      34.46     0.00     0.00      2 mov      34.46    0.0000    0.00%  100.00%
    [12]  R9      P3        13.44      40.59     0.00     0.00      2 mov      40.59    0.0000    0.00%  100.00%
    [13]  R9      P4        13.44      40.59     0.00     0.00      2 mov      40.59    0.0000    0.00%  100.00%
    [14]  R10     P1        26.05      35.31     5.42    10.00       none      45.31    0.0000    0.00%  100.00%
    [15]  R10     P2        30.76      40.02    10.13    10.00       none      50.02    0.0000    0.00%  100.00%
    [16]  R10     P5        31.52      40.78    10.89    10.00       none      50.78    0.0000    0.00%  100.00%
    [17]  R4      P1        26.05      46.22     0.00    10.00       none      56.22    0.0000    0.00%  100.00%
    [18]  R5      P1        26.05      46.45     0.00    10.00       none      56.45    0.0000    0.00%  100.00%
    [19]  R6      P1        26.05      46.85     0.00    10.00       none      56.85    0.0000    0.00%  100.00%
    [20]  R7      P1        26.05      47.60     0.00    10.00       none      57.60    0.0000    0.00%  100.00%
    [21]  R4      P2        30.76      50.93     0.00    10.00       none      60.93    0.0000    0.00%  100.00%
    [22]  R5      P2        30.76      51.16     0.00    10.00       none      61.16    0.0000    0.00%  100.00%
    [23]  R2      P1        26.05      51.49     0.00    10.00       none      61.49    0.0000    0.00%  100.00%
    [24]  R6      P2        30.76      51.56     0.00    10.00       none      61.56    0.0000    0.00%  100.00%
    [25]  R4      P5        31.52      51.69     0.00    10.00       none      61.69    0.0000    0.00%  100.00%
    [26]  R5      P5        31.52      51.92     0.00    10.00       none      61.92    0.0000    0.00%  100.00%
    [27]  R7      P2        30.76      52.31     0.00    10.00       none      62.31    0.0000    0.00%  100.00%
    [28]  R6      P5        31.52      52.32     0.00    10.00       none      62.32    0.0000    0.00%  100.00%
    [29]  R7      P5        31.52      53.07     0.00    10.00       none      63.07    0.0000    0.00%  100.00%
    [30]  R9      P1        26.05      53.20     0.00    10.00       none      63.20    0.0000    0.00%  100.00%
    [31]  R2      P2        30.76      56.20     2.84    10.00       none      66.19    0.0000    0.00%  100.00%
    [32]  R2      P5        31.52      56.96     3.61    10.00       none      66.96    0.0000    0.00%  100.00%
    [33]  R9      P2        30.76      57.91     0.00    10.00       none      67.91    0.0000    0.00%  100.00%
    [34]  R9      P5        31.52      58.67     0.00    10.00       none      68.67    0.0000    0.00%  100.00%
    draw=1.1846  →  (R2, P4) (rank 1) selected
  start-time compare  R2 → P4:  t_imm=0.00 cost=25.44 (2 new movs)  vs  t_nob=21.52 cost=46.96

  Assignment: R2 → P4  [0.00 → 25.44]  delay=0.00
    J2-1       [0.00 → 7.50]
    J2-2       [7.50 → 15.75]
    J2-3       [15.75 → 25.44]

  Assigned so far:
    ID      Pos       start    finish    delay
    ----------------------------------------
    R3      P1         0.00     16.05     0.00
    R8      P2        13.02     20.75     0.00
    R1      P5         0.00     21.52     0.00
    R2      P4         0.00     25.44     0.00

========================================================================
  STEP 5/10
========================================================================

  Pair evaluation  (30 pairs):
    Rank   ID      Pos     t_start   t_finish    delay      gap   blocking      score    weight     P(%)   cum(%)
    ---------------------------------------------------------------------------------------------------------
    [ 0]  R4      P3         5.62      25.79     0.00     0.00      6 mov      25.79    1.0000   60.00%   60.00%
    [ 1]  R5      P3         6.51      26.91     0.00     0.00      6 mov      26.91    0.4000   24.00%   84.00%
    [ 2]  R10     P3        18.84      28.10     0.00     0.00      6 mov      28.10    0.1600    9.60%   93.60%
    [ 3]  R6      P3         8.77      29.57     0.00     0.00      6 mov      29.57    0.0640    3.84%   97.44%
    [ 4]  R7      P3        12.91      34.46     0.00     0.00      6 mov      34.46    0.0256    1.54%   98.98%
    [ 5]  R9      P3        13.44      40.59     0.00     0.00      6 mov      40.59    0.0102    0.61%   99.59%
    [ 6]  R10     P1        26.05      35.31     5.42    10.00      2 mov      45.31    0.0041    0.25%   99.84%
    [ 7]  R10     P2        30.76      40.02    10.13    10.00      2 mov      50.02    0.0016    0.10%   99.93%
    [ 8]  R10     P5        31.52      40.78    10.89    10.00      2 mov      50.78    0.0007    0.04%   99.97%
    [ 9]  R10     P4        35.44      44.70    14.81    10.00      2 mov      54.70    0.0003    0.02%   99.99%
    [10]  R4      P1        26.05      46.22     0.00    10.00      2 mov      56.22    0.0001    0.01%  100.00%
    [11]  R5      P1        26.05      46.45     0.00    10.00      2 mov      56.45    0.0000    0.00%  100.00%
    [12]  R6      P1        26.05      46.85     0.00    10.00      2 mov      56.85    0.0000    0.00%  100.00%
    [13]  R7      P1        26.05      47.60     0.00    10.00      2 mov      57.60    0.0000    0.00%  100.00%
    [14]  R4      P2        30.76      50.93     0.00    10.00      2 mov      60.93    0.0000    0.00%  100.00%
    [15]  R5      P2        30.76      51.16     0.00    10.00      2 mov      61.16    0.0000    0.00%  100.00%
    [16]  R6      P2        30.76      51.56     0.00    10.00      2 mov      61.56    0.0000    0.00%  100.00%
    [17]  R4      P5        31.52      51.69     0.00    10.00      2 mov      61.69    0.0000    0.00%  100.00%
    [18]  R5      P5        31.52      51.92     0.00    10.00      2 mov      61.92    0.0000    0.00%  100.00%
    [19]  R7      P2        30.76      52.31     0.00    10.00      2 mov      62.31    0.0000    0.00%  100.00%
    [20]  R6      P5        31.52      52.32     0.00    10.00      2 mov      62.32    0.0000    0.00%  100.00%
    [21]  R7      P5        31.52      53.07     0.00    10.00      2 mov      63.07    0.0000    0.00%  100.00%
    [22]  R9      P1        26.05      53.20     0.00    10.00      2 mov      63.20    0.0000    0.00%  100.00%
    [23]  R4      P4        35.44      55.61     0.54    10.00      2 mov      65.61    0.0000    0.00%  100.00%
    [24]  R5      P4        35.44      55.84     0.00    10.00      2 mov      65.84    0.0000    0.00%  100.00%
    [25]  R6      P4        35.44      56.24     0.00    10.00      2 mov      66.24    0.0000    0.00%  100.00%
    [26]  R7      P4        35.44      56.99     0.00    10.00      2 mov      66.99    0.0000    0.00%  100.00%
    [27]  R9      P2        30.76      57.91     0.00    10.00      2 mov      67.91    0.0000    0.00%  100.00%
    [28]  R9      P5        31.52      58.67     0.00    10.00      2 mov      68.67    0.0000    0.00%  100.00%
    [29]  R9      P4        35.44      62.59     0.00    10.00      2 mov      72.59    0.0000    0.00%  100.00%
    draw=0.8060  →  (R4, P3) (rank 0) selected
  start-time compare  R4 → P3:  t_imm=5.62 cost=25.79 (4 new movs)  vs  t_nob=25.44 cost=45.61

  Assignment: R4 → P3  [5.62 → 25.79]  delay=0.00
    J4-1       [5.62 → 12.11]
    J4-2       [12.11 → 18.48]
    J4-3       [18.48 → 25.79]

  Assigned so far:
    ID      Pos       start    finish    delay
    ----------------------------------------
    R3      P1         0.00     16.05     0.00
    R8      P2        13.02     20.75     0.00
    R1      P5         0.00     21.52     0.00
    R2      P4         0.00     25.44     0.00
    R4      P3         5.62     25.79     0.00

========================================================================
  STEP 6/10
========================================================================

  Pair evaluation  (25 pairs):
    Rank   ID      Pos     t_start   t_finish    delay      gap   blocking      score    weight     P(%)   cum(%)
    ---------------------------------------------------------------------------------------------------------
    [ 0]  R10     P1        26.05      35.31     5.42    10.00      6 mov      45.31    1.0000   60.00%   60.00%
    [ 1]  R10     P2        30.76      40.02    10.13    10.00      6 mov      50.02    0.4000   24.00%   84.00%
    [ 2]  R10     P5        31.52      40.78    10.89    10.00      6 mov      50.78    0.1600    9.60%   93.60%
    [ 3]  R10     P4        35.44      44.70    14.81    10.00      6 mov      54.70    0.0640    3.84%   97.44%
    [ 4]  R10     P3        35.79      45.05    15.16    10.00      6 mov      55.05    0.0256    1.54%   98.98%
    [ 5]  R5      P1        26.05      46.45     0.00    10.00      6 mov      56.45    0.0102    0.61%   99.59%
    [ 6]  R6      P1        26.05      46.85     0.00    10.00      6 mov      56.85    0.0041    0.25%   99.84%
    [ 7]  R7      P1        26.05      47.60     0.00    10.00      6 mov      57.60    0.0016    0.10%   99.93%
    [ 8]  R5      P2        30.76      51.16     0.00    10.00      6 mov      61.16    0.0007    0.04%   99.97%
    [ 9]  R6      P2        30.76      51.56     0.00    10.00      6 mov      61.56    0.0003    0.02%   99.99%
    [10]  R5      P5        31.52      51.92     0.00    10.00      6 mov      61.92    0.0001    0.01%  100.00%
    [11]  R7      P2        30.76      52.31     0.00    10.00      6 mov      62.31    0.0000    0.00%  100.00%
    [12]  R6      P5        31.52      52.32     0.00    10.00      6 mov      62.32    0.0000    0.00%  100.00%
    [13]  R7      P5        31.52      53.07     0.00    10.00      6 mov      63.07    0.0000    0.00%  100.00%
    [14]  R9      P1        26.05      53.20     0.00    10.00      6 mov      63.20    0.0000    0.00%  100.00%
    [15]  R5      P4        35.44      55.84     0.00    10.00      6 mov      65.84    0.0000    0.00%  100.00%
    [16]  R5      P3        35.79      56.19     0.00    10.00      6 mov      66.19    0.0000    0.00%  100.00%
    [17]  R6      P4        35.44      56.24     0.00    10.00      6 mov      66.24    0.0000    0.00%  100.00%
    [18]  R6      P3        35.79      56.59     0.00    10.00      6 mov      66.59    0.0000    0.00%  100.00%
    [19]  R7      P4        35.44      56.99     0.00    10.00      6 mov      66.99    0.0000    0.00%  100.00%
    [20]  R7      P3        35.79      57.34     0.00    10.00      6 mov      67.34    0.0000    0.00%  100.00%
    [21]  R9      P2        30.76      57.91     0.00    10.00      6 mov      67.91    0.0000    0.00%  100.00%
    [22]  R9      P5        31.52      58.67     0.00    10.00      6 mov      68.67    0.0000    0.00%  100.00%
    [23]  R9      P4        35.44      62.59     0.00    10.00      6 mov      72.59    0.0000    0.00%  100.00%
    [24]  R9      P3        35.79      62.94     0.00    10.00      6 mov      72.94    0.0000    0.00%  100.00%
    draw=0.1069  →  (R10, P1) (rank 0) selected

  Assignment: R10 → P1  [26.05 → 35.31]  delay=5.42
    J10-1      [26.05 → 35.31]

  Assigned so far:
    ID      Pos       start    finish    delay
    ----------------------------------------
    R3      P1         0.00     16.05     0.00
    R8      P2        13.02     20.75     0.00
    R1      P5         0.00     21.52     0.00
    R2      P4         0.00     25.44     0.00
    R4      P3         5.62     25.79     0.00
    R10     P1        26.05     35.31     5.42

========================================================================
  STEP 7/10
========================================================================

  Pair evaluation  (20 pairs):
    Rank   ID      Pos     t_start   t_finish    delay      gap   blocking      score    weight     P(%)   cum(%)
    ---------------------------------------------------------------------------------------------------------
    [ 0]  R5      P2        30.76      51.16     0.00    10.00      6 mov      61.16    1.0000   60.00%   60.00%
    [ 1]  R6      P2        30.76      51.56     0.00    10.00      6 mov      61.56    0.4000   24.00%   84.00%
    [ 2]  R5      P5        31.52      51.92     0.00    10.00      6 mov      61.92    0.1600    9.60%   93.60%
    [ 3]  R7      P2        30.76      52.31     0.00    10.00      6 mov      62.31    0.0640    3.84%   97.44%
    [ 4]  R6      P5        31.52      52.32     0.00    10.00      6 mov      62.32    0.0256    1.54%   98.98%
    [ 5]  R7      P5        31.52      53.07     0.00    10.00      6 mov      63.07    0.0102    0.61%   99.59%
    [ 6]  R5      P4        35.44      55.84     0.00    10.00      6 mov      65.84    0.0041    0.25%   99.84%
    [ 7]  R5      P3        35.79      56.19     0.00    10.00      6 mov      66.19    0.0016    0.10%   99.93%
    [ 8]  R6      P4        35.44      56.24     0.00    10.00      6 mov      66.24    0.0007    0.04%   99.97%
    [ 9]  R6      P3        35.79      56.59     0.00    10.00      6 mov      66.59    0.0003    0.02%   99.99%
    [10]  R7      P4        35.44      56.99     0.00    10.00      6 mov      66.99    0.0001    0.01%  100.00%
    [11]  R7      P3        35.79      57.34     0.00    10.00      6 mov      67.34    0.0000    0.00%  100.00%
    [12]  R9      P2        30.76      57.91     0.00    10.00      6 mov      67.91    0.0000    0.00%  100.00%
    [13]  R9      P5        31.52      58.67     0.00    10.00      6 mov      68.67    0.0000    0.00%  100.00%
    [14]  R9      P4        35.44      62.59     0.00    10.00      6 mov      72.59    0.0000    0.00%  100.00%
    [15]  R9      P3        35.79      62.94     0.00    10.00      6 mov      72.94    0.0000    0.00%  100.00%
    [16]  R5      P1        45.31      65.71     5.70    10.00      6 mov      75.71    0.0000    0.00%  100.00%
    [17]  R6      P1        45.31      66.11     3.22    10.00      6 mov      76.11    0.0000    0.00%  100.00%
    [18]  R7      P1        45.31      66.86     2.87    10.00      6 mov      76.86    0.0000    0.00%  100.00%
    [19]  R9      P1        45.31      72.46     1.87    10.00      6 mov      82.46    0.0000    0.00%  100.00%
    draw=1.4839  →  (R5, P5) (rank 2) selected

  Assignment: R5 → P5  [31.52 → 51.92]  delay=0.00
    J5-1       [31.52 → 37.58]
    J5-2       [37.58 → 43.31]
    J5-3       [43.31 → 51.92]

  Assigned so far:
    ID      Pos       start    finish    delay
    ----------------------------------------
    R3      P1         0.00     16.05     0.00
    R8      P2        13.02     20.75     0.00
    R1      P5         0.00     21.52     0.00
    R2      P4         0.00     25.44     0.00
    R4      P3         5.62     25.79     0.00
    R10     P1        26.05     35.31     5.42
    R5      P5        31.52     51.92     0.00

========================================================================
  STEP 8/10
========================================================================

  Pair evaluation  (15 pairs):
    Rank   ID      Pos     t_start   t_finish    delay      gap   blocking      score    weight     P(%)   cum(%)
    ---------------------------------------------------------------------------------------------------------
    [ 0]  R6      P2        30.76      51.56     0.00    10.00      6 mov      61.56    1.0000   60.00%   60.00%
    [ 1]  R7      P2        30.76      52.31     0.00    10.00      6 mov      62.31    0.4000   24.00%   84.00%
    [ 2]  R6      P4        35.44      56.24     0.00    10.00      8 mov      66.24    0.1600    9.60%   93.60%
    [ 3]  R6      P3        35.79      56.59     0.00    10.00      8 mov      66.59    0.0640    3.84%   97.44%
    [ 4]  R7      P4        35.44      56.99     0.00    10.00      8 mov      66.99    0.0256    1.54%   98.98%
    [ 5]  R7      P3        35.79      57.34     0.00    10.00      8 mov      67.34    0.0102    0.61%   99.59%
    [ 6]  R9      P2        30.76      57.91     0.00    10.00      6 mov      67.91    0.0041    0.25%   99.84%
    [ 7]  R9      P4        35.44      62.59     0.00    10.00      8 mov      72.59    0.0016    0.10%   99.93%
    [ 8]  R9      P3        35.79      62.94     0.00    10.00      8 mov      72.94    0.0007    0.04%   99.97%
    [ 9]  R6      P1        45.31      66.11     3.22    10.00      6 mov      76.11    0.0003    0.02%   99.99%
    [10]  R7      P1        45.31      66.86     2.87    10.00      6 mov      76.86    0.0001    0.01%  100.00%
    [11]  R9      P1        45.31      72.46     1.87    10.00      6 mov      82.46    0.0000    0.00%  100.00%
    [12]  R6      P5        61.92      82.72    19.83    10.00      6 mov      92.72    0.0000    0.00%  100.00%
    [13]  R7      P5        61.92      83.47    19.48    10.00      6 mov      93.47    0.0000    0.00%  100.00%
    [14]  R9      P5        61.92      89.07    18.48    10.00      6 mov      99.07    0.0000    0.00%  100.00%
    draw=0.4416  →  (R6, P2) (rank 0) selected

  Assignment: R6 → P2  [30.76 → 51.55]  delay=0.00
    J6-1       [30.75 → 35.05]
    J6-2       [35.05 → 42.70]
    J6-3       [42.70 → 51.55]

  Assigned so far:
    ID      Pos       start    finish    delay
    ----------------------------------------
    R3      P1         0.00     16.05     0.00
    R8      P2        13.02     20.75     0.00
    R1      P5         0.00     21.52     0.00
    R2      P4         0.00     25.44     0.00
    R4      P3         5.62     25.79     0.00
    R10     P1        26.05     35.31     5.42
    R5      P5        31.52     51.92     0.00
    R6      P2        30.75     51.55     0.00

========================================================================
  STEP 9/10
========================================================================

  Pair evaluation  (10 pairs):
    Rank   ID      Pos     t_start   t_finish    delay      gap   blocking      score    weight     P(%)   cum(%)
    ---------------------------------------------------------------------------------------------------------
    [ 0]  R7      P4        35.44      56.99     0.00    10.00      8 mov      66.99    1.0000   60.01%   60.01%
    [ 1]  R7      P3        35.79      57.34     0.00    10.00      8 mov      67.34    0.4000   24.00%   84.01%
    [ 2]  R9      P4        35.44      62.59     0.00    10.00      8 mov      72.59    0.1600    9.60%   93.61%
    [ 3]  R9      P3        35.79      62.94     0.00    10.00      8 mov      72.94    0.0640    3.84%   97.45%
    [ 4]  R7      P1        45.31      66.86     2.87    10.00      6 mov      76.86    0.0256    1.54%   98.99%
    [ 5]  R9      P1        45.31      72.46     1.87    10.00      6 mov      82.46    0.0102    0.61%   99.60%
    [ 6]  R7      P2        61.55      83.11    19.11    10.00      6 mov      93.11    0.0041    0.25%   99.85%
    [ 7]  R7      P5        61.92      83.47    19.48    10.00      6 mov      93.47    0.0016    0.10%   99.94%
    [ 8]  R9      P2        61.55      88.70    18.12    10.00      6 mov      98.70    0.0007    0.04%   99.98%
    [ 9]  R9      P5        61.92      89.07    18.48    10.00      6 mov      99.07    0.0003    0.02%  100.00%
    draw=0.1794  →  (R7, P4) (rank 0) selected
  start-time compare  R7 → P4:  t_imm=35.44 cost=56.99 (2 new movs)  vs  t_nob=51.92 cost=73.47

  Assignment: R7 → P4  [35.44 → 56.99]  delay=0.00
    J7-1       [35.44 → 41.21]
    J7-2       [41.21 → 47.69]
    J7-3       [47.69 → 56.99]

  Assigned so far:
    ID      Pos       start    finish    delay
    ----------------------------------------
    R3      P1         0.00     16.05     0.00
    R8      P2        13.02     20.75     0.00
    R1      P5         0.00     21.52     0.00
    R2      P4         0.00     25.44     0.00
    R4      P3         5.62     25.79     0.00
    R10     P1        26.05     35.31     5.42
    R5      P5        31.52     51.92     0.00
    R6      P2        30.75     51.55     0.00
    R7      P4        35.44     56.99     0.00

========================================================================
  STEP 10/10
========================================================================

  Pair evaluation  (5 pairs):
    Rank   ID      Pos     t_start   t_finish    delay      gap   blocking      score    weight     P(%)   cum(%)
    ---------------------------------------------------------------------------------------------------------
    [ 0]  R9      P3        35.79      62.94     0.00    10.00     12 mov      72.94    1.0000   60.62%   60.62%
    [ 1]  R9      P1        45.31      72.46     1.87    10.00      8 mov      82.46    0.4000   24.25%   84.87%
    [ 2]  R9      P2        61.55      88.70    18.12    10.00      8 mov      98.70    0.1600    9.70%   94.57%
    [ 3]  R9      P5        61.92      89.07    18.48    10.00      8 mov      99.07    0.0640    3.88%   98.45%
    [ 4]  R9      P4        66.99      94.14    23.55    10.00      8 mov     104.14    0.0256    1.55%  100.00%
    draw=1.0049  →  (R9, P1) (rank 1) selected

  Assignment: R9 → P1  [45.31 → 72.46]  delay=1.87
    J9-1       [45.31 → 52.46]
    J9-2       [52.46 → 62.49]
    J9-3       [62.49 → 72.46]

  Assigned so far:
    ID      Pos       start    finish    delay
    ----------------------------------------
    R3      P1         0.00     16.05     0.00
    R8      P2        13.02     20.75     0.00
    R1      P5         0.00     21.52     0.00
    R2      P4         0.00     25.44     0.00
    R4      P3         5.62     25.79     0.00
    R10     P1        26.05     35.31     5.42
    R5      P5        31.52     51.92     0.00
    R6      P2        30.75     51.55     0.00
    R7      P4        35.44     56.99     0.00
    R9      P1        45.31     72.46     1.87

========================================================================
  Iteration result:  makespan=72.46  movements=8  delay=7.30
========================================================================

========================================================================
  Local search start  obj=72.46
========================================================================
  LS move: R3  P1 → P2  obj 72.46 → 64.59
  LS move: R3  P2 → P3  obj 64.59 → 59.85
  LS 2-opt swap: R3 P3<->P1 R10  obj 59.85 -> 56.99
  LS 2-opt swap: R8 P2<->P4 R2  obj 56.99 -> 56.24
  LS 2-opt swap: R1 P5<->P2 R2  obj 56.24 -> 55.84
  LS 2-opt swap: R2 P5<->P3 R10  obj 55.84 -> 55.61
  Local search end    obj=55.61

────────────────────────────────────────────────────────────────────────
  Iteration history
────────────────────────────────────────────────────────────────────────
      Iter   Time(s)           Obj    Makespan       Delay    Mov
  ------------------------------------------------------------
         1      0.00         55.61       55.61       47.03     16  *
         2      0.06         55.61       55.61       47.03     16
         3      0.12         55.61       55.61       47.03     20
         4      0.18         55.61       55.61       42.14     10
         5      0.21         55.61       55.61       42.14     10
         6      0.25         55.61       55.61       42.14     16
         7      0.29         55.61       55.61       42.14      8
         8      0.32         55.61       55.61       47.03     16
         9      0.37         55.61       55.61       47.03     12
        10      0.41         55.61       55.61       47.03     10
        11      0.45         56.24       56.24       34.96     14
        12      0.49         55.61       55.61       47.03     20
        13      0.52         55.61       55.61       42.14     16
        14      0.56         55.61       55.61       47.03     12
        15      0.61         55.61       55.61       42.14     12
        16      0.66         55.61       55.61       47.03      6
        17      0.70         56.24       56.24       34.96     14
        18      0.74         55.61       55.61       42.14     12
        19      0.77         55.61       55.61       47.03     18
        20      0.82         55.61       55.61       42.14      6
        21      0.85         55.61       55.61       47.03     12
        22      0.88         55.61       55.61       47.03     18
        23      0.93         55.61       55.61       42.14      6
        24      0.96         55.61       55.61       47.03     16
        25      1.01         55.61       55.61       47.03     16
        26      1.05         55.61       55.61       42.14      8
        27      1.10         55.61       55.61       47.03     12
        28      1.16         55.61       55.61       42.14     16
        29      1.19         55.61       55.61       47.03      8
        30      1.25         55.61       55.61       47.03     10
        31      1.31         55.61       55.61       47.03     16
        32      1.37         55.61       55.61       47.03     18
        33      1.43         55.61       55.61       47.03     10
        34      1.46         55.61       55.61       47.03     18
        35      1.50         55.61       55.61       49.69     12
        36      1.52         55.61       55.61       47.03      8
        37      1.56         55.61       55.61       47.03     18
        38      1.59         55.61       55.61       47.03     12
        39      1.64         55.61       55.61       47.03     14
        40      1.70         55.61       55.61       49.69      6
        41      1.73         56.24       56.24       34.96     10
        42      1.78         55.61       55.61       42.14      8
        43      1.81         55.61       55.61       47.03     12
        44      1.86         55.61       55.61       47.03     14
        45      1.92         55.61       55.61       47.03     18
        46      1.96         55.61       55.61       42.14     10
        47      2.00         55.61       55.61       47.03     20
        48      2.06         55.61       55.61       47.03     12
        49      2.12         55.61       55.61       42.14      8
        50      2.16         55.61       55.61       47.03     10
        51      2.21         55.61       55.61       47.03     18
        52      2.27         55.61       55.61       42.14     12
        53      2.30         55.61       55.61       47.03     12
        54      2.35         55.61       55.61       47.03     12
        55      2.39         55.61       55.61       47.03      8
        56      2.46         55.61       55.61       47.03     14
        57      2.50         55.61       55.61       42.14      8
        58      2.54         55.61       55.61       49.69     14
        59      2.56         55.61       55.61       42.14     16
        60      2.60         55.61       55.61       47.03     18
        61      2.65         55.61       55.61       47.03      8
        62      2.70         55.61       55.61       47.03     16
        63      2.75         55.61       55.61       47.03     16
        64      2.80         55.61       55.61       47.03      8
        65      2.84         55.61       55.61       49.69     10
        66      2.87         55.61       55.61       47.03     16
        67      2.95         56.24       56.24       34.96      8
        68      2.99         55.61       55.61       47.03     18
        69      3.03         55.61       55.61       47.03     14
        70      3.07         55.61       55.61       42.14      8
        71      3.10         55.61       55.61       42.14     16
        72      3.15         55.61       55.61       47.03     20
        73      3.19         55.61       55.61       47.03     18
        74      3.25         55.61       55.61       42.14      8
        75      3.30         55.61       55.61       47.03      8
        76      3.34         55.61       55.61       47.03     18
        77      3.39         55.61       55.61       47.03     14
        78      3.43         55.61       55.61       42.14     14
        79      3.46         55.61       55.61       47.03     18
        80      3.51         55.61       55.61       42.14     14
        81      3.55         55.61       55.61       47.03     18
        82      3.59         55.61       55.61       47.03      8
        83      3.64         55.61       55.61       42.14     12
        84      3.68         55.61       55.61       42.14     14
        85      3.72         55.61       55.61       42.14      6
        86      3.76         55.61       55.61       47.03     14
        87      3.82         55.61       55.61       47.03     14
        88      3.87         55.61       55.61       47.03     18
        89      3.92         55.61       55.61       47.03     18
        90      3.97         55.61       55.61       47.03     14
        91      4.03         55.61       55.61       47.03     16
        92      4.08         55.61       55.61       47.03     18
        93      4.11         55.61       55.61       42.14     18
        94      4.15         56.24       56.24       34.96     14
        95      4.18         55.61       55.61       47.03     10
        96      4.22         55.61       55.61       42.14     12
        97      4.27         55.61       55.61       47.03     18
        98      4.33         55.61       55.61       47.03     14
        99      4.38         55.61       55.61       47.03     12
       100      4.44         55.61       55.61       49.69     10
       101      4.47         55.61       55.61       42.14      8
       102      4.52         55.61       55.61       47.03      8
       103      4.55         55.61       55.61       47.03     10
       104      4.61         55.61       55.61       42.14     12
       105      4.64         55.61       55.61       47.03     14
       106      4.69         55.61       55.61       42.14     10
       107      4.74         56.24       56.24       34.96     12
       108      4.78         56.24       56.24       34.96     10
       109      4.80         55.61       55.61       47.03     18
       110      4.84         55.61       55.61       47.03     16
       111      4.89         55.61       55.61       47.03     18
       112      4.94         55.61       55.61       42.14     20
       113      4.98         55.61       55.61       47.03     16
       114      5.02         55.61       55.61       47.03     18
       115      5.07         56.24       56.24       34.96      8
       116      5.11         55.61       55.61       47.03     12
       117      5.14         55.61       55.61       47.03      8
       118      5.17         55.61       55.61       42.14     14
       119      5.23         55.61       55.61       49.69     10
       120      5.26         56.24       56.24       34.96      8
       121      5.28         55.61       55.61       47.03     18
       122      5.33         55.61       55.61       47.03     10
       123      5.38         55.61       55.61       42.14      8
       124      5.42         55.61       55.61       42.14     16
       125      5.47         55.61       55.61       49.69     14
       126      5.49         55.61       55.61       47.03     14
       127      5.53         55.61       55.61       47.03     18
       128      5.58         55.61       55.61       42.14     10
       129      5.61         55.61       55.61       47.03     10
       130      5.66         55.61       55.61       42.14     12
       131      5.69         55.61       55.61       47.03     14
       132      5.72         55.61       55.61       47.03     20
       133      5.77         55.61       55.61       47.03     18
       134      5.82         56.24       56.24       34.96      8
       135      5.86         55.61       55.61       47.03     18
       136      5.90         55.61       55.61       47.03     16
       137      5.94         55.61       55.61       47.03     12
       138      6.00         56.24       56.24       34.96     14
       139      6.03         55.61       55.61       42.14     16
       140      6.07         55.61       55.61       42.14     16
       141      6.12         55.61       55.61       42.14     16
       142      6.17         55.61       55.61       47.03      8
       143      6.20         55.61       55.61       42.14      6
       144      6.23         55.61       55.61       47.03     18
       145      6.27         55.61       55.61       42.14     16
       146      6.29         55.61       55.61       47.03      8
       147      6.33         55.61       55.61       42.14     10
       148      6.37         56.24       56.24       34.96     10
       149      6.40         55.61       55.61       47.03     18
       150      6.45         55.61       55.61       47.03     16
       151      6.49         55.61       55.61       47.03     20
       152      6.56         55.61       55.61       47.03     20
       153      6.60         55.61       55.61       42.14     10
       154      6.63         55.61       55.61       47.03     10
       155      6.66         55.61       55.61       47.03     18
       156      6.69         55.61       55.61       47.03     10
       157      6.74         55.61       55.61       42.14     12
       158      6.76         55.61       55.61       47.03      8
       159      6.79         55.61       55.61       42.14     12
       160      6.82         55.61       55.61       47.03      8
       161      6.87         55.61       55.61       47.03     12
       162      6.93         55.61       55.61       47.03     18
       163      6.96         55.61       55.61       47.03     10
       164      7.00         55.61       55.61       49.69     16
       165      7.04         55.61       55.61       47.03      8
       166      7.08         55.61       55.61       47.03     20
       167      7.14         55.61       55.61       42.14     10
       168      7.18         55.61       55.61       47.03      8
       169      7.21         55.61       55.61       47.03     12
       170      7.26         55.61       55.61       47.03      6
       171      7.30         55.61       55.61       42.14      8
       172      7.34         55.61       55.61       47.03     20
       173      7.37         55.61       55.61       42.14     10
       174      7.42         55.61       55.61       42.14     18
       175      7.46         55.61       55.61       47.03      8
       176      7.53         55.61       55.61       47.03     10
       177      7.56         55.61       55.61       49.69     16
       178      7.59         55.61       55.61       47.03     14
       179      7.64         55.61       55.61       47.03     14
       180      7.70         55.61       55.61       47.03     12
       181      7.75         55.61       55.61       42.14     16
       182      7.78         55.61       55.61       47.03      8
       183      7.82         55.61       55.61       47.03      8
       184      7.86         55.61       55.61       47.03     14
       185      7.90         55.61       55.61       47.03     16
       186      7.95         55.61       55.61       47.03     18
       187      7.99         55.61       55.61       47.03      8
       188      8.05         55.61       55.61       47.03      8
       189      8.10         55.61       55.61       47.03     16
       190      8.15         55.61       55.61       42.14     14
       191      8.21         55.61       55.61       47.03     12
       192      8.25         55.61       55.61       49.69     16
       193      8.29         55.61       55.61       47.03     18
       194      8.33         55.61       55.61       47.03     16
       195      8.38         56.24       56.24       34.96      6
       196      8.42         55.61       55.61       42.14     12
       197      8.47         55.61       55.61       47.03     14
       198      8.53         55.61       55.61       42.14     10
       199      8.57         55.61       55.61       42.14      8
       200      8.61         55.61       55.61       42.14     18
       201      8.65         55.61       55.61       47.03     18
       202      8.71         55.61       55.61       42.14     12
       203      8.75         55.61       55.61       49.69     10
       204      8.78         55.61       55.61       47.03     16
       205      8.83         55.61       55.61       47.03     10
       206      8.89         55.61       55.61       47.03      8
       207      8.94         55.61       55.61       42.14     10
       208      8.99         55.61       55.61       49.69     14
       209      9.03         55.61       55.61       47.03     10
       210      9.08         55.61       55.61       49.69     18
       211      9.11         55.61       55.61       47.03     12
       212      9.14         55.61       55.61       42.14     18
       213      9.19         55.61       55.61       47.03     10
       214      9.24         55.61       55.61       47.03     18
       215      9.31         55.61       55.61       42.14     16
       216      9.35         55.61       55.61       47.03     14
       217      9.40         55.61       55.61       42.14     12
       218      9.44         55.61       55.61       49.69     18
       219      9.47         55.61       55.61       47.03     16
       220      9.54         55.61       55.61       42.14     16
       221      9.60         55.61       55.61       47.03     14
       222      9.66         55.61       55.61       42.14      8
       223      9.70         55.61       55.61       47.03      8
       224      9.76         55.61       55.61       47.03     10
       225      9.82         55.61       55.61       49.69      8
       226      9.86         55.61       55.61       42.14     14
       227      9.88         55.61       55.61       47.03      8
       228      9.93         55.61       55.61       42.14     12
       229      9.97         55.61       55.61       47.03      8
       230     10.02         55.61       55.61       47.03     10
       231     10.06         55.61       55.61       42.14     12
       232     10.12         56.24       56.24       34.96     14
       233     10.14         55.61       55.61       47.03     18
       234     10.20         55.61       55.61       47.03     10
       235     10.24         55.61       55.61       47.03     10
       236     10.29         55.61       55.61       47.03     18
       237     10.34         55.61       55.61       47.03      8
       238     10.39         55.61       55.61       47.03     12
       239     10.43         55.61       55.61       49.69     12
       240     10.46         55.61       55.61       47.03     16
       241     10.52         55.61       55.61       47.03     14
       242     10.55         55.61       55.61       47.03     18
       243     10.59         55.61       55.61       47.03      8
       244     10.62         55.61       55.61       42.14     16
       245     10.67         55.61       55.61       42.14     14
       246     10.71         55.61       55.61       42.14     20
       247     10.74         55.61       55.61       47.03     14
       248     10.80         55.61       55.61       47.03     14
       249     10.85         55.61       55.61       47.03     12
       250     10.89         55.61       55.61       47.03     14
       251     10.94         55.61       55.61       47.03     18
       252     10.99         55.61       55.61       47.03     14
       253     11.03         55.61       55.61       49.69     10
       254     11.05         55.61       55.61       47.03     16
       255     11.09         55.61       55.61       42.14     10
       256     11.14         55.61       55.61       42.14     12
       257     11.17         55.61       55.61       47.03     16
       258     11.20         55.61       55.61       47.03      6
       259     11.25         55.61       55.61       47.03      8
       260     11.30         55.61       55.61       47.03     12
       261     11.36         55.61       55.61       42.14     20
       262     11.40         55.61       55.61       47.03     12
       263     11.44         55.61       55.61       47.03     10
       264     11.48         55.61       55.61       47.03     10
       265     11.51         55.61       55.61       47.03     14
       266     11.56         55.61       55.61       42.14     14
       267     11.59         55.61       55.61       42.14     16
       268     11.65         55.61       55.61       42.14     10
       269     11.67         55.61       55.61       47.03     10
       270     11.71         55.61       55.61       47.03     10
       271     11.76         55.61       55.61       42.14      8
       272     11.80         55.61       55.61       42.14     12
       273     11.85         55.61       55.61       47.03     10
       274     11.90         56.24       56.24       34.96     12
       275     11.93         55.61       55.61       42.14     12
       276     11.97         55.61       55.61       47.03     18
       277     12.01         55.61       55.61       47.03     10
       278     12.06         55.61       55.61       42.14     16
       279     12.10         55.61       55.61       47.03     18
       280     12.13         55.61       55.61       49.69      8
       281     12.17         55.61       55.61       47.03     14
       282     12.20         55.61       55.61       47.03     12
       283     12.24         55.61       55.61       47.03     16
       284     12.29         55.61       55.61       47.03      8
       285     12.34         55.61       55.61       47.03     18
       286     12.37         55.61       55.61       42.14      6
       287     12.42         55.61       55.61       47.03     14
       288     12.48         55.61       55.61       47.03     14
       289     12.52         55.61       55.61       47.03     16
       290     12.59         55.61       55.61       47.03     12
       291     12.64         56.24       56.24       34.96     14
       292     12.68         55.61       55.61       42.14     12
       293     12.71         55.61       55.61       47.03     14
       294     12.77         55.61       55.61       47.03     14
       295     12.81         55.61       55.61       42.14      8
       296     12.85         55.61       55.61       47.03     10
       297     12.88         55.61       55.61       42.14     14
       298     12.91         55.61       55.61       42.14     18
       299     12.95         55.61       55.61       47.03     12
       300     13.00         55.61       55.61       47.03     14
       301     13.05         55.61       55.61       42.14     16
       302     13.11         55.61       55.61       42.14     18
       303     13.16         55.61       55.61       42.14     14
       304     13.19         55.61       55.61       42.14     12
       305     13.24         55.61       55.61       49.69     12
       306     13.27         56.24       56.24       34.96     14
       307     13.30         55.61       55.61       47.03     18
       308     13.36         55.61       55.61       47.03     14
       309     13.40         55.61       55.61       42.14     20
       310     13.46         55.61       55.61       47.03      8
       311     13.51         55.61       55.61       47.03     18
       312     13.56         55.61       55.61       42.14     16
       313     13.59         55.61       55.61       42.14     10
       314     13.64         55.61       55.61       47.03     18
       315     13.68         56.24       56.24       34.96     12
       316     13.72         55.61       55.61       42.14     12
       317     13.76         55.61       55.61       47.03      8
       318     13.80         55.61       55.61       49.69     16
       319     13.83         56.24       56.24       34.96      8
       320     13.86         55.61       55.61       47.03     16
       321     13.91         56.24       56.24       34.96     12
       322     13.94         55.61       55.61       42.14     10
       323     13.98         56.24       56.24       34.96      8
       324     14.00         55.61       55.61       47.03     18
       325     14.04         55.61       55.61       47.03     14
       326     14.10         55.61       55.61       47.03     12
       327     14.15         55.61       55.61       42.14     16
       328     14.17         55.61       55.61       47.03     14
       329     14.22         55.61       55.61       47.03     14
       330     14.26         55.61       55.61       42.14     10
       331     14.31         55.61       55.61       47.03     16
       332     14.35         55.61       55.61       47.03     20
       333     14.40         55.61       55.61       47.03     16
       334     14.45         56.24       56.24       34.96     12
       335     14.48         55.61       55.61       49.69     16
       336     14.52         55.61       55.61       47.03     14
       337     14.58         55.61       55.61       47.03     16
       338     14.64         55.61       55.61       47.03     18
       339     14.70         55.61       55.61       42.14     12
       340     14.73         55.61       55.61       47.03      8
       341     14.79         55.61       55.61       47.03     14
       342     14.84         55.61       55.61       42.14     18
       343     14.88         55.61       55.61       42.14     16
       344     14.93         55.61       55.61       47.03     14
       345     14.99         55.61       55.61       42.14     10
       346     15.03         55.61       55.61       42.14     16
       347     15.06         55.61       55.61       42.14     16
       348     15.10         55.61       55.61       47.03     10
       349     15.16         55.61       55.61       47.03     18
       350     15.19         55.61       55.61       47.03      8
       351     15.24         55.61       55.61       42.14     12
       352     15.26         55.61       55.61       42.14     12
       353     15.29         55.61       55.61       47.03     10
       354     15.36         55.61       55.61       47.03     14
       355     15.41         55.61       55.61       47.03      6
       356     15.46         55.61       55.61       47.03     18
       357     15.50         55.61       55.61       42.14     20
       358     15.53         55.61       55.61       47.03      8
       359     15.59         55.61       55.61       42.14     10
       360     15.62         55.61       55.61       47.03     16
       361     15.66         55.61       55.61       42.14     16
       362     15.69         56.24       56.24       34.96      8
       363     15.72         55.61       55.61       47.03     20
       364     15.77         55.61       55.61       47.03      8
       365     15.82         55.61       55.61       49.69     10
       366     15.85         55.61       55.61       49.69     10
       367     15.88         55.61       55.61       47.03     16
       368     15.91         55.61       55.61       47.03     18
       369     15.96         55.61       55.61       47.03     18
       370     16.01         56.24       56.24       34.96     10
       371     16.05         55.61       55.61       42.14     18
       372     16.08         55.61       55.61       47.03     18
       373     16.12         55.61       55.61       47.03     10
       374     16.17         55.61       55.61       47.03     12
       375     16.22         55.61       55.61       49.69     16
       376     16.25         55.61       55.61       47.03     16
       377     16.30         55.61       55.61       47.03      8
       378     16.35         55.61       55.61       47.03     20
       379     16.39         55.61       55.61       47.03     18
       380     16.44         55.61       55.61       47.03     14
       381     16.47         56.24       56.24       34.96      8
       382     16.49         55.61       55.61       42.14     10
       383     16.53         55.61       55.61       47.03     12
       384     16.58         56.24       56.24       34.96     14
       385     16.62         55.61       55.61       42.14      6
       386     16.66         55.61       55.61       47.03     14
       387     16.70         55.61       55.61       42.14     18
       388     16.74         55.61       55.61       47.03     16
       389     16.79         55.61       55.61       47.03      8
       390     16.84         55.61       55.61       47.03     14
       391     16.89         55.61       55.61       47.03     10
       392     16.94         55.61       55.61       49.69     12
       393     16.99         55.61       55.61       42.14     12
       394     17.04         55.61       55.61       42.14     20
       395     17.08         55.61       55.61       49.69     16
       396     17.13         55.61       55.61       47.03      8
       397     17.15         55.61       55.61       47.03      8
       398     17.20         55.61       55.61       49.69     16
       399     17.23         55.61       55.61       42.14      8
       400     17.27         55.61       55.61       47.03     12
       401     17.30         55.61       55.61       42.14     14
       402     17.36         55.61       55.61       42.14      8
       403     17.38         55.61       55.61       47.03     16
       404     17.43         55.61       55.61       47.03     16
       405     17.47         55.61       55.61       49.69     16
       406     17.51         55.61       55.61       42.14     12
       407     17.55         55.61       55.61       47.03     12
       408     17.59         55.61       55.61       42.14     16
       409     17.64         55.61       55.61       47.03     14
       410     17.68         55.61       55.61       47.03     14
       411     17.75         55.61       55.61       49.69      6
       412     17.77         55.61       55.61       47.03     12
       413     17.81         56.24       56.24       34.96      8
       414     17.84         55.61       55.61       47.03     14
       415     17.88         55.61       55.61       42.14      8
       416     17.93         55.61       55.61       47.03      8
       417     17.96         55.61       55.61       47.03     14
       418     18.00         55.61       55.61       49.69      8
       419     18.02         55.61       55.61       47.03      8
       420     18.08         55.61       55.61       47.03     12
       421     18.13         55.61       55.61       42.14     10
       422     18.17         55.61       55.61       47.03      8
       423     18.22         55.61       55.61       47.03     16
       424     18.28         55.61       55.61       47.03     14
       425     18.31         55.61       55.61       42.14     18
       426     18.37         55.61       55.61       47.03     16
       427     18.41         55.61       55.61       47.03     10
       428     18.46         55.61       55.61       47.03     12
       429     18.51         55.61       55.61       47.03     12
       430     18.56         55.61       55.61       42.14     12
       431     18.60         55.61       55.61       47.03     18
       432     18.66         56.24       56.24       34.96      6
       433     18.71         55.61       55.61       42.14     16
       434     18.75         55.61       55.61       47.03     12
       435     18.80         55.61       55.61       49.69     12
       436     18.83         56.24       56.24       34.96     12
       437     18.87         56.24       56.24       34.96     14
       438     18.92         55.61       55.61       47.03     18
       439     18.97         55.61       55.61       47.03     20
       440     19.01         55.61       55.61       47.03      8
       441     19.07         56.24       56.24       34.96      8
       442     19.10         55.61       55.61       42.14     12
       443     19.13         55.61       55.61       47.03     14
       444     19.19         55.61       55.61       47.03     16
       445     19.24         55.61       55.61       47.03     10
       446     19.29         55.61       55.61       42.14     14
       447     19.33         55.61       55.61       42.14     12
       448     19.37         55.61       55.61       42.14     16
       449     19.39         55.61       55.61       42.14     12
       450     19.42         55.61       55.61       47.03     18
       451     19.48         55.61       55.61       47.03     12
       452     19.53         55.61       55.61       47.03     16
       453     19.57         55.61       55.61       47.03     20
       454     19.61         55.61       55.61       49.69     12
       455     19.63         55.61       55.61       42.14      8
       456     19.66         55.61       55.61       47.03     14
       457     19.70         55.61       55.61       47.03     12
       458     19.77         55.61       55.61       47.03     18
       459     19.80         55.61       55.61       47.03     16
       460     19.86         55.61       55.61       47.03     18
       461     19.92         55.61       55.61       47.03     10
       462     19.98         55.61       55.61       47.03     10
       463     20.04         55.61       55.61       47.03      8
       464     20.08         55.61       55.61       47.03     18
       465     20.12         55.61       55.61       47.03      8
       466     20.17         55.61       55.61       47.03     12
       467     20.22         55.61       55.61       42.14     14
       468     20.25         55.61       55.61       47.03      8
       469     20.31         55.61       55.61       47.03     18
       470     20.36         55.61       55.61       47.03     10
       471     20.40         55.61       55.61       42.14     18
       472     20.44         55.61       55.61       47.03     10
       473     20.48         55.61       55.61       42.14     14
       474     20.52         55.61       55.61       42.14     12
       475     20.56         55.61       55.61       47.03      8
       476     20.61         55.61       55.61       42.14     10
       477     20.64         56.24       56.24       34.96     14
       478     20.68         56.24       56.24       34.96      8
       479     20.72         56.24       56.24       34.96     12
       480     20.75         55.61       55.61       42.14     18
       481     20.78         55.61       55.61       47.03     16
       482     20.82         55.61       55.61       42.14     14
       483     20.86         55.61       55.61       47.03     14
       484     20.90         55.61       55.61       47.03      8
       485     20.94         55.61       55.61       47.03     14
       486     20.99         56.24       56.24       34.96     12
       487     21.03         55.61       55.61       47.03     14
       488     21.09         55.61       55.61       42.14     12
       489     21.13         55.61       55.61       47.03     16
       490     21.17         55.61       55.61       47.03     16
       491     21.23         55.61       55.61       47.03     14
       492     21.26         55.61       55.61       47.03     18
       493     21.31         55.61       55.61       47.03     14
       494     21.36         55.61       55.61       47.03     18
       495     21.41         55.61       55.61       42.14     10
       496     21.44         55.61       55.61       47.03     16
       497     21.48         55.61       55.61       42.14     10
       498     21.51         55.61       55.61       47.03     10
       499     21.56         55.61       55.61       47.03      8
       500     21.61         55.61       55.61       47.03     12
       501     21.67         56.24       56.24       34.96     12
       502     21.70         55.61       55.61       47.03     18
       503     21.73         55.61       55.61       47.03     16
       504     21.78         55.61       55.61       42.14     12
       505     21.82         55.61       55.61       42.14      8
       506     21.85         55.61       55.61       47.03     10
       507     21.89         55.61       55.61       42.14     10
       508     21.94         55.61       55.61       47.03     10
       509     21.97         55.61       55.61       47.03     12
       510     22.02         55.61       55.61       47.03     14
       511     22.05         55.61       55.61       47.03     18
       512     22.09         55.61       55.61       47.03     14
       513     22.13         55.61       55.61       42.14     16
       514     22.18         55.61       55.61       49.69     12
       515     22.23         55.61       55.61       47.03     10
       516     22.27         55.61       55.61       49.69     16
       517     22.31         55.61       55.61       49.69      6
       518     22.34         55.61       55.61       42.14      8
       519     22.38         55.61       55.61       47.03     10
       520     22.43         55.61       55.61       42.14     12
       521     22.47         55.61       55.61       47.03     12
       522     22.52         55.61       55.61       47.03     12
       523     22.56         56.24       56.24       34.96     16
       524     22.59         55.61       55.61       47.03     18
       525     22.64         55.61       55.61       47.03     10
       526     22.67         55.61       55.61       42.14     12
       527     22.72         55.61       55.61       47.03     16
       528     22.77         56.24       56.24       34.96     14
       529     22.80         55.61       55.61       42.14     16
       530     22.85         55.61       55.61       47.03     12
       531     22.90         55.61       55.61       47.03      8
       532     22.94         55.61       55.61       49.69      8
       533     22.96         55.61       55.61       42.14      8
       534     23.00         55.61       55.61       49.69     12
       535     23.04         55.61       55.61       47.03     20
       536     23.09         55.61       55.61       47.03      8
       537     23.13         55.61       55.61       42.14     12
       538     23.18         55.61       55.61       47.03     10
       539     23.22         55.61       55.61       47.03     16
       540     23.27         55.61       55.61       47.03     14
       541     23.32         55.61       55.61       49.69     16
       542     23.35         56.24       56.24       34.96     14
       543     23.38         55.61       55.61       47.03     18
       544     23.43         55.61       55.61       42.14     16
       545     23.48         55.61       55.61       47.03     18
       546     23.54         55.61       55.61       47.03     10
       547     23.57         55.61       55.61       47.03     12
       548     23.62         55.61       55.61       47.03     12
       549     23.67         55.61       55.61       42.14     16
       550     23.70         55.61       55.61       47.03     16
       551     23.76         55.61       55.61       42.14      8
       552     23.80         56.24       56.24       34.96      8
       553     23.84         55.61       55.61       42.14     10
       554     23.88         55.61       55.61       47.03     16
       555     23.92         55.61       55.61       42.14     14
       556     23.96         55.61       55.61       47.03     14
       557     24.00         55.61       55.61       49.69     18
       558     24.03         55.61       55.61       42.14      6
       559     24.07         56.24       56.24       34.96     12
       560     24.10         55.61       55.61       47.03     18
       561     24.16         55.61       55.61       47.03     14
       562     24.20         55.61       55.61       47.03     20
       563     24.24         55.61       55.61       47.03     18
       564     24.29         55.61       55.61       47.03      8
       565     24.33         55.61       55.61       47.03     12
       566     24.38         55.61       55.61       42.14     12
       567     24.42         55.61       55.61       47.03     20
       568     24.47         55.61       55.61       42.14     18
       569     24.52         55.61       55.61       47.03     18
       570     24.58         55.61       55.61       42.14     16
       571     24.61         55.61       55.61       47.03     10
       572     24.67         55.61       55.61       47.03     16
       573     24.72         55.61       55.61       42.14      8
       574     24.76         55.61       55.61       47.03     12
       575     24.82         56.24       56.24       34.96     14
       576     24.84         55.61       55.61       42.14     10
       577     24.89         55.61       55.61       47.03     18
       578     24.93         55.61       55.61       47.03     12
       579     24.97         55.61       55.61       47.03     16
       580     25.02         55.61       55.61       47.03     20
       581     25.07         55.61       55.61       47.03     16
       582     25.12         55.61       55.61       49.69     16
       583     25.17         55.61       55.61       47.03     14
       584     25.21         55.61       55.61       47.03     18
       585     25.25         55.61       55.61       47.03     16
       586     25.30         56.24       56.24       34.96     12
       587     25.33         55.61       55.61       47.03     10
       588     25.37         55.61       55.61       47.03     12
       589     25.40         55.61       55.61       47.03     14
       590     25.45         55.61       55.61       49.69     16
       591     25.48         55.61       55.61       47.03     16
       592     25.53         55.61       55.61       49.69     12
       593     25.56         55.61       55.61       47.03     16
       594     25.63         55.61       55.61       42.14     18
       595     25.67         55.61       55.61       47.03      8
       596     25.71         56.24       56.24       34.96     12
       597     25.76         55.61       55.61       47.03     20
       598     25.82         55.61       55.61       47.03     18
       599     25.86         55.61       55.61       49.69     16
       600     25.89         55.61       55.61       47.03     20
       601     25.93         56.24       56.24       34.96     14
       602     25.96         55.61       55.61       49.69     12
       603     25.99         55.61       55.61       47.03     20
       604     26.04         55.61       55.61       47.03      8
       605     26.10         55.61       55.61       47.03      8
       606     26.14         55.61       55.61       47.03     10
       607     26.20         55.61       55.61       47.03     18
       608     26.26         55.61       55.61       47.03     12
       609     26.30         55.61       55.61       47.03     10
       610     26.36         56.24       56.24       34.96     14
       611     26.39         56.24       56.24       34.96      8
       612     26.42         55.61       55.61       42.14     10
       613     26.46         55.61       55.61       47.03     14
       614     26.52         55.61       55.61       42.14     12
       615     26.55         55.61       55.61       47.03     10
       616     26.59         55.61       55.61       47.03     20
       617     26.63         55.61       55.61       47.03     12
       618     26.67         55.61       55.61       47.03     18
       619     26.69         55.61       55.61       47.03     14
       620     26.73         56.24       56.24       34.96     16
       621     26.75         55.61       55.61       47.03     10
       622     26.79         55.61       55.61       49.69     14
       623     26.83         55.61       55.61       47.03     14
       624     26.87         55.61       55.61       47.03     14
       625     26.93         55.61       55.61       47.03     16
       626     26.98         56.24       56.24       34.96     14
       627     27.01         56.24       56.24       34.96      8
       628     27.04         55.61       55.61       42.14      8
       629     27.08         56.24       56.24       34.96     10
       630     27.11         55.61       55.61       42.14      6
       631     27.13         55.61       55.61       47.03     12
       632     27.19         55.61       55.61       47.03     20
       633     27.24         55.61       55.61       47.03     16
       634     27.31         55.61       55.61       47.03      8
       635     27.35         56.24       56.24       34.96     12
       636     27.40         55.61       55.61       42.14     16
       637     27.45         55.61       55.61       49.69     14
       638     27.48         55.61       55.61       49.69     10
       639     27.50         55.61       55.61       47.03     14
       640     27.55         55.61       55.61       42.14     10
       641     27.58         55.61       55.61       42.14     16
       642     27.62         55.61       55.61       47.03     10
       643     27.66         55.61       55.61       47.03     12
       644     27.71         55.61       55.61       42.14     14
       645     27.75         55.61       55.61       47.03     18
       646     27.80         55.61       55.61       47.03     12
       647     27.85         55.61       55.61       47.03     10
       648     27.91         55.61       55.61       47.03     12
       649     27.96         55.61       55.61       47.03     10
       650     28.01         55.61       55.61       47.03     16
       651     28.06         55.61       55.61       47.03     10
       652     28.10         56.24       56.24       34.96     12
       653     28.13         55.61       55.61       47.03     16
       654     28.18         55.61       55.61       49.69     10
       655     28.20         55.61       55.61       42.14     18
       656     28.23         55.61       55.61       42.14     16
       657     28.26         55.61       55.61       47.03     10
       658     28.32         55.61       55.61       42.14      8
       659     28.37         55.61       55.61       47.03     20
       660     28.41         55.61       55.61       42.14      8
       661     28.47         55.61       55.61       47.03     12
       662     28.52         55.61       55.61       42.14      8
       663     28.56         55.61       55.61       47.03     10
       664     28.62         55.61       55.61       49.69     16
       665     28.66         55.61       55.61       47.03     18
       666     28.71         55.61       55.61       47.03     14
       667     28.74         55.61       55.61       42.14      6
       668     28.78         55.61       55.61       49.69      6
       669     28.80         55.61       55.61       47.03     12
       670     28.84         55.61       55.61       47.03     14
       671     28.89         55.61       55.61       49.69     14
       672     28.92         55.61       55.61       42.14     16
       673     28.95         56.24       56.24       34.96     12
       674     28.99         55.61       55.61       47.03     18
       675     29.03         55.61       55.61       42.14     12
       676     29.07         55.61       55.61       47.03     12
       677     29.11         55.61       55.61       47.03     20
       678     29.16         55.61       55.61       42.14     16
       679     29.20         55.61       55.61       47.03     10
       680     29.24         55.61       55.61       47.03     10
       681     29.28         55.61       55.61       42.14      8
       682     29.32         55.61       55.61       47.03     10
       683     29.39         55.61       55.61       47.03     14
       684     29.41         55.61       55.61       49.69     10
       685     29.45         56.24       56.24       34.96     10
       686     29.47         55.61       55.61       47.03     12
       687     29.51         55.61       55.61       42.14     18
       688     29.54         55.61       55.61       47.03      8
       689     29.60         55.61       55.61       49.69     14
       690     29.62         55.61       55.61       47.03     18
       691     29.68         55.61       55.61       47.03     10
       692     29.74         55.61       55.61       42.14      8
       693     29.78         55.61       55.61       47.03     16
       694     29.85         55.61       55.61       47.03     20
       695     29.90         55.61       55.61       47.03     14
       696     29.93         55.61       55.61       42.14     18
       697     29.98         55.61       55.61       42.14      8
       698     30.01         55.61       55.61       47.03     12
       699     30.05         55.61       55.61       47.03     12
       700     30.10         55.61       55.61       42.14     16
       701     30.13         55.61       55.61       47.03     20
       702     30.17         55.61       55.61       47.03     18
       703     30.23         55.61       55.61       42.14     12
       704     30.27         55.61       55.61       47.03     16
       705     30.31         55.61       55.61       42.14     10
       706     30.36         55.61       55.61       42.14      8
       707     30.41         55.61       55.61       42.14     14
       708     30.44         55.61       55.61       42.14     16
       709     30.49         55.61       55.61       42.14     10
       710     30.53         55.61       55.61       49.69     16
       711     30.58         55.61       55.61       47.03     18
       712     30.63         55.61       55.61       47.03     18
       713     30.67         55.61       55.61       47.03     14
       714     30.72         55.61       55.61       42.14     12
       715     30.76         55.61       55.61       47.03     16
       716     30.81         56.24       56.24       34.96     12
       717     30.84         55.61       55.61       47.03     18
       718     30.89         55.61       55.61       47.03     18
       719     30.95         55.61       55.61       47.03      8
       720     30.99         55.61       55.61       42.14     16
       721     31.02         55.61       55.61       47.03      8
       722     31.08         55.61       55.61       42.14      8
       723     31.12         55.61       55.61       42.14     16
       724     31.16         55.61       55.61       42.14     14
       725     31.20         55.61       55.61       47.03     20
       726     31.26         55.61       55.61       47.03     16
       727     31.30         55.61       55.61       42.14     18
       728     31.33         55.61       55.61       47.03      8
       729     31.38         55.61       55.61       47.03     12
       730     31.42         55.61       55.61       42.14     16
       731     31.47         55.61       55.61       47.03     16
       732     31.52         56.24       56.24       34.96     14
       733     31.55         55.61       55.61       47.03      8
       734     31.60         55.61       55.61       47.03     18
       735     31.64         55.61       55.61       47.03     12
       736     31.69         55.61       55.61       42.14     12
       737     31.72         55.61       55.61       42.14     16
       738     31.77         55.61       55.61       42.14     10
       739     31.79         56.24       56.24       34.96     14
       740     31.83         55.61       55.61       47.03     18
       741     31.88         55.61       55.61       47.03     16
       742     31.92         55.61       55.61       47.03     12
       743     31.98         55.61       55.61       47.03     16
       744     32.02         55.61       55.61       47.03     14
       745     32.09         55.61       55.61       47.03     16
       746     32.15         55.61       55.61       47.03     10
       747     32.17         55.61       55.61       42.14      6
       748     32.22         55.61       55.61       42.14     10
       749     32.26         55.61       55.61       47.03     16
       750     32.30         55.61       55.61       42.14      8
       751     32.34         55.61       55.61       42.14     12
       752     32.37         56.24       56.24       34.96     12
       753     32.43         55.61       55.61       47.03     10
       754     32.47         55.61       55.61       47.03      8
       755     32.52         55.61       55.61       47.03     14
       756     32.56         55.61       55.61       47.03     20
       757     32.62         55.61       55.61       42.14     10
       758     32.65         55.61       55.61       47.03     18
       759     32.71         55.61       55.61       49.69     12
       760     32.77         55.61       55.61       49.69     12
       761     32.82         55.61       55.61       42.14      8
       762     32.86         55.61       55.61       42.14      8
       763     32.89         55.61       55.61       47.03     14
       764     32.95         55.61       55.61       42.14     18
       765     33.02         55.61       55.61       47.03     10
       766     33.09         55.61       55.61       47.03     16
       767     33.16         55.61       55.61       47.03     14
       768     33.20         55.61       55.61       47.03     16
       769     33.27         55.61       55.61       42.14      8
       770     33.32         55.61       55.61       47.03     18
       771     33.38         55.61       55.61       47.03      8
       772     33.43         55.61       55.61       42.14     14
       773     33.49         56.24       56.24       34.96      8
       774     33.56         55.61       55.61       49.69     10
       775     33.59         55.61       55.61       47.03     10
       776     33.62         55.61       55.61       47.03     12
       777     33.68         55.61       55.61       47.03     14
       778     33.73         55.61       55.61       47.03      8
       779     33.79         55.61       55.61       47.03     14
       780     33.85         56.24       56.24       34.96     10
       781     33.89         55.61       55.61       49.69     16
       782     33.93         55.61       55.61       47.03     10
       783     33.99         55.61       55.61       42.14     14
       784     34.04         55.61       55.61       47.03     20
       785     34.10         55.61       55.61       47.03     14
       786     34.16         55.61       55.61       47.03     18
       787     34.22         55.61       55.61       42.14     16
       788     34.27         56.24       56.24       34.96     12
       789     34.30         55.61       55.61       42.14     16
       790     34.34         55.61       55.61       47.03      8
       791     34.38         56.24       56.24       34.96     10
       792     34.45         55.61       55.61       47.03     12
       793     34.53         55.61       55.61       49.69     16
       794     34.58         55.61       55.61       42.14      8
       795     34.63         55.61       55.61       42.14      8
       796     34.68         55.61       55.61       47.03     12
       797     34.70         55.61       55.61       42.14     16
       798     34.74         55.61       55.61       47.03     12
       799     34.83         55.61       55.61       47.03     18
       800     34.91         55.61       55.61       47.03     12
       801     34.96         55.61       55.61       47.03     18
       802     35.01         55.61       55.61       49.69     20
       803     35.04         55.61       55.61       42.14     18
       804     35.08         55.61       55.61       47.03     14
       805     35.13         55.61       55.61       47.03     14
       806     35.19         55.61       55.61       47.03     16
       807     35.26         56.24       56.24       34.96      8
       808     35.32         55.61       55.61       42.14      6
       809     35.37         55.61       55.61       47.03     16
       810     35.41         55.61       55.61       42.14     16
       811     35.45         55.61       55.61       47.03     18
       812     35.51         55.61       55.61       42.14      8
       813     35.55         56.24       56.24       34.96      8
       814     35.59         55.61       55.61       42.14      8
       815     35.63         55.61       55.61       42.14     12
       816     35.68         55.61       55.61       47.03      8
       817     35.71         55.61       55.61       47.03     10
       818     35.76         55.61       55.61       47.03     12
       819     35.81         55.61       55.61       47.03     20
       820     35.87         55.61       55.61       47.03     14
       821     35.93         55.61       55.61       47.03     16
       822     35.97         55.61       55.61       47.03     12
       823     36.01         55.61       55.61       42.14     16
       824     36.06         55.61       55.61       47.03     18
       825     36.11         55.61       55.61       47.03     16
       826     36.18         55.61       55.61       47.03     16
       827     36.22         55.61       55.61       47.03      8
       828     36.27         55.61       55.61       49.69     16
       829     36.32         55.61       55.61       47.03     16
       830     36.37         55.61       55.61       42.14     14
       831     36.43         55.61       55.61       42.14     12
       832     36.47         55.61       55.61       42.14     16
       833     36.52         55.61       55.61       42.14     10
       834     36.56         56.24       56.24       34.96      8
       835     36.60         55.61       55.61       42.14      8
       836     36.64         55.61       55.61       47.03     16
       837     36.70         55.61       55.61       49.69      8
       838     36.73         55.61       55.61       49.69     14
       839     36.75         55.61       55.61       47.03     14
       840     36.80         55.61       55.61       47.03     12
       841     36.85         55.61       55.61       47.03     12
       842     36.92         55.61       55.61       42.14      8
       843     36.95         55.61       55.61       49.69     12
       844     36.99         55.61       55.61       42.14     16
       845     37.04         55.61       55.61       42.14     14
       846     37.09         55.61       55.61       47.03     18
       847     37.13         55.61       55.61       49.69     12
       848     37.17         56.24       56.24       34.96     14
       849     37.20         55.61       55.61       47.03     10
       850     37.25         55.61       55.61       49.69     16
       851     37.29         55.61       55.61       42.14     12
       852     37.34         55.61       55.61       47.03     14
       853     37.38         55.61       55.61       47.03     14
       854     37.42         55.61       55.61       47.03     12
       855     37.47         55.61       55.61       47.03     16
       856     37.52         56.24       56.24       34.96     10
       857     37.56         55.61       55.61       47.03      8
       858     37.58         55.61       55.61       49.69     16
       859     37.61         55.61       55.61       47.03      8
       860     37.66         55.61       55.61       47.03     10
       861     37.72         55.61       55.61       42.14     18
       862     37.77         55.61       55.61       49.69     10
       863     37.79         55.61       55.61       47.03     18
       864     37.85         55.61       55.61       42.14     10
       865     37.88         55.61       55.61       42.14     14
       866     37.91         55.61       55.61       47.03     14
       867     37.97         55.61       55.61       47.03     14
       868     38.01         55.61       55.61       42.14      8
       869     38.05         55.61       55.61       47.03     18
       870     38.09         55.61       55.61       47.03     16
       871     38.13         55.61       55.61       47.03     14
       872     38.18         55.61       55.61       49.69     16
       873     38.22         55.61       55.61       42.14     16
       874     38.25         55.61       55.61       47.03     20
       875     38.30         55.61       55.61       47.03     16
       876     38.36         56.24       56.24       34.96     12
       877     38.39         55.61       55.61       42.14     10
       878     38.43         55.61       55.61       42.14     16
       879     38.47         55.61       55.61       47.03     10
       880     38.52         55.61       55.61       49.69     18
       881     38.56         55.61       55.61       42.14     12
       882     38.59         55.61       55.61       47.03     14
       883     38.62         55.61       55.61       42.14      8
       884     38.65         55.61       55.61       47.03     18
       885     38.70         55.61       55.61       47.03     18
       886     38.74         55.61       55.61       49.69     16
       887     38.78         55.61       55.61       47.03     14
       888     38.82         56.24       56.24       34.96      8
       889     38.86         55.61       55.61       47.03     12
       890     38.90         55.61       55.61       42.14      6
       891     38.93         55.61       55.61       42.14     16
       892     38.98         55.61       55.61       47.03     10
       893     39.03         55.61       55.61       47.03     12
       894     39.09         55.61       55.61       49.69      8
       895     39.11         55.61       55.61       47.03     12
       896     39.14         55.61       55.61       47.03     12
       897     39.18         55.61       55.61       47.03     14
       898     39.23         55.61       55.61       47.03     14
       899     39.28         55.61       55.61       47.03     20
       900     39.32         55.61       55.61       42.14     16
       901     39.36         55.61       55.61       42.14     12
       902     39.42         55.61       55.61       42.14     16
       903     39.44         55.61       55.61       42.14      8
       904     39.47         55.61       55.61       47.03     12
       905     39.54         55.61       55.61       49.69     12
       906     39.56         55.61       55.61       49.69     16
       907     39.60         55.61       55.61       47.03     14
       908     39.66         55.61       55.61       47.03     12
       909     39.70         55.61       55.61       42.14     14
       910     39.74         55.61       55.61       47.03     18
       911     39.78         55.61       55.61       49.69     12
       912     39.82         55.61       55.61       42.14     10
       913     39.87         55.61       55.61       42.14     16
       914     39.89         55.61       55.61       47.03     10
       915     39.94         55.61       55.61       47.03     16
       916     39.98         55.61       55.61       47.03     16
       917     40.01         55.61       55.61       47.03     18
       918     40.05         55.61       55.61       47.03     18
       919     40.10         55.61       55.61       49.69     16
       920     40.13         56.24       56.24       34.96     12
       921     40.15         55.61       55.61       47.03     14
       922     40.19         55.61       55.61       47.03     10
       923     40.22         55.61       55.61       47.03     18
       924     40.28         55.61       55.61       47.03     18
       925     40.32         55.61       55.61       49.69     16
       926     40.36         55.61       55.61       49.69      8
       927     40.40         55.61       55.61       47.03     10
       928     40.44         55.61       55.61       42.14      8
       929     40.48         55.61       55.61       42.14      8
       930     40.51         55.61       55.61       49.69     16
       931     40.55         55.61       55.61       47.03     20
       932     40.61         55.61       55.61       47.03      8
       933     40.65         55.61       55.61       47.03     18
       934     40.71         56.24       56.24       34.96      8
       935     40.74         55.61       55.61       47.03     18
       936     40.81         55.61       55.61       47.03      8
       937     40.86         56.24       56.24       34.96      4
       938     40.89         55.61       55.61       47.03     16
       939     40.95         55.61       55.61       49.69     10
       940     40.98         56.24       56.24       34.96     12
       941     41.02         55.61       55.61       42.14      6
       942     41.07         55.61       55.61       42.14     12
       943     41.12         56.24       56.24       34.96     10
       944     41.17         55.61       55.61       47.03     18
       945     41.21         55.61       55.61       47.03     20
       946     41.27         55.61       55.61       42.14     12
       947     41.32         55.61       55.61       49.69     18
       948     41.36         55.61       55.61       47.03     20
       949     41.43         55.61       55.61       49.69     10
       950     41.47         55.61       55.61       47.03     16
       951     41.51         55.61       55.61       47.03     12
       952     41.58         55.61       55.61       42.14     12
       953     41.62         55.61       55.61       47.03      6
       954     41.64         55.61       55.61       47.03     14
       955     41.70         55.61       55.61       42.14     10
       956     41.74         56.24       56.24       34.96     12
       957     41.79         55.61       55.61       47.03      8
       958     41.82         55.61       55.61       42.14     12
       959     41.86         55.61       55.61       47.03     12
       960     41.92         55.61       55.61       47.03     12
       961     41.97         55.61       55.61       47.03     16
       962     42.02         55.61       55.61       47.03      6
       963     42.06         55.61       55.61       47.03     18
       964     42.11         55.61       55.61       49.69     14
       965     42.15         55.61       55.61       49.69     10
       966     42.18         55.61       55.61       47.03     14
       967     42.25         55.61       55.61       42.14     16
       968     42.29         55.61       55.61       42.14     18
       969     42.33         56.24       56.24       34.96     12
       970     42.37         55.61       55.61       42.14     12
       971     42.41         55.61       55.61       47.03     16
       972     42.46         55.61       55.61       42.14     16
       973     42.49         55.61       55.61       47.03     18
       974     42.55         55.61       55.61       47.03     10
       975     42.61         55.61       55.61       47.03     18
       976     42.66         55.61       55.61       47.03     18
       977     42.72         55.61       55.61       47.03     14
       978     42.76         55.61       55.61       47.03     18
       979     42.82         55.61       55.61       42.14     16
       980     42.85         55.61       55.61       47.03     20
       981     42.91         55.61       55.61       47.03     12
       982     42.97         55.61       55.61       47.03     14
       983     43.00         55.61       55.61       47.03     10
       984     43.06         55.61       55.61       42.14     14
       985     43.08         55.61       55.61       47.03     20
       986     43.13         55.61       55.61       47.03     16
       987     43.18         55.61       55.61       47.03     20
       988     43.24         55.61       55.61       47.03     12
       989     43.28         55.61       55.61       47.03     20
       990     43.33         55.61       55.61       42.14     16
       991     43.37         55.61       55.61       47.03     18
       992     43.42         55.61       55.61       47.03     20
       993     43.47         55.61       55.61       47.03     12
       994     43.52         55.61       55.61       42.14     16
       995     43.56         55.61       55.61       42.14      6
       996     43.61         55.61       55.61       47.03     12
       997     43.66         55.61       55.61       47.03      8
       998     43.70         55.61       55.61       47.03     10
       999     43.74         56.24       56.24       34.96     12
      1000     43.80         55.61       55.61       47.03     16
      1001     43.86         55.61       55.61       42.14     20
      1002     43.89         56.24       56.24       34.96      8
      1003     43.94         55.61       55.61       49.69     14
      1004     43.97         55.61       55.61       47.03     16
      1005     44.01         55.61       55.61       47.03     12
      1006     44.07         56.24       56.24       34.96     10
      1007     44.11         55.61       55.61       47.03     10
      1008     44.15         56.24       56.24       34.96     12
      1009     44.19         55.61       55.61       42.14     16
      1010     44.24         55.61       55.61       47.03     12
      1011     44.29         55.61       55.61       47.03     10
      1012     44.35         55.61       55.61       47.03     12
      1013     44.40         55.61       55.61       49.69     12
      1014     44.43         55.61       55.61       47.03     16
      1015     44.48         56.24       56.24       34.96      8
      1016     44.50         55.61       55.61       49.69     18
      1017     44.54         55.61       55.61       42.14      8
      1018     44.57         55.61       55.61       47.03     10
      1019     44.64         55.61       55.61       42.14     20
      1020     44.68         55.61       55.61       42.14     12
      1021     44.73         55.61       55.61       47.03     16
      1022     44.78         55.61       55.61       47.03     18
      1023     44.83         55.61       55.61       42.14     10
      1024     44.86         56.24       56.24       34.96     10
      1025     44.91         55.61       55.61       47.03     12
      1026     44.97         55.61       55.61       49.69     16
      1027     44.99         55.61       55.61       42.14     16
      1028     45.03         55.61       55.61       47.03     14
      1029     45.08         55.61       55.61       47.03     14
      1030     45.13         55.61       55.61       47.03     16
      1031     45.19         56.24       56.24       34.96     14
      1032     45.22         55.61       55.61       47.03     10
      1033     45.26         55.61       55.61       47.03     16
      1034     45.32         55.61       55.61       42.14      6
      1035     45.37         55.61       55.61       47.03      8
      1036     45.41         55.61       55.61       47.03     16
      1037     45.45         55.61       55.61       49.69     18
      1038     45.48         55.61       55.61       42.14     12
      1039     45.52         56.24       56.24       34.96      8
      1040     45.55         55.61       55.61       47.03     12
      1041     45.60         55.61       55.61       42.14     18
      1042     45.64         55.61       55.61       47.03     14
      1043     45.69         55.61       55.61       47.03     16
      1044     45.76         55.61       55.61       47.03     12
      1045     45.81         55.61       55.61       47.03     12
      1046     45.86         55.61       55.61       47.03     18
      1047     45.91         55.61       55.61       47.03     16
      1048     45.96         55.61       55.61       47.03     12
      1049     46.02         55.61       55.61       47.03     10
      1050     46.07         55.61       55.61       47.03     20
      1051     46.12         55.61       55.61       47.03     12
      1052     46.17         55.61       55.61       47.03     16
      1053     46.21         55.61       55.61       47.03     14
      1054     46.27         55.61       55.61       42.14     12
      1055     46.31         55.61       55.61       49.69     16
      1056     46.35         55.61       55.61       47.03      8
      1057     46.40         55.61       55.61       47.03     12
      1058     46.45         55.61       55.61       42.14      8
      1059     46.50         55.61       55.61       42.14     10
      1060     46.54         55.61       55.61       49.69     12
      1061     46.58         55.61       55.61       47.03      8
      1062     46.62         55.61       55.61       42.14     16
      1063     46.67         55.61       55.61       47.03     16
      1064     46.71         55.61       55.61       47.03     18
      1065     46.77         55.61       55.61       42.14     18
      1066     46.80         55.61       55.61       42.14     12
      1067     46.82         55.61       55.61       47.03     10
      1068     46.86         55.61       55.61       47.03      8
      1069     46.90         55.61       55.61       47.03      8
      1070     46.95         55.61       55.61       47.03     18
      1071     46.99         55.61       55.61       47.03     18
      1072     47.05         55.61       55.61       47.03     16
      1073     47.11         55.61       55.61       47.03      6
      1074     47.14         55.61       55.61       47.03     12
      1075     47.19         55.61       55.61       47.03     14
      1076     47.23         55.61       55.61       47.03     18
      1077     47.28         55.61       55.61       42.14     16
      1078     47.33         55.61       55.61       47.03     16
      1079     47.37         55.61       55.61       47.03     14
      1080     47.41         55.61       55.61       42.14     10
      1081     47.46         55.61       55.61       42.14      8
      1082     47.50         55.61       55.61       42.14     12
      1083     47.54         55.61       55.61       42.14      8
      1084     47.56         55.61       55.61       47.03     10
      1085     47.61         55.61       55.61       42.14     14
      1086     47.66         55.61       55.61       49.69     14
      1087     47.69         55.61       55.61       47.03     14
      1088     47.74         55.61       55.61       47.03      8
      1089     47.79         56.24       56.24       34.96      6
      1090     47.82         55.61       55.61       47.03     16
      1091     47.88         55.61       55.61       47.03      8
      1092     47.92         55.61       55.61       42.14     16
      1093     47.96         56.24       56.24       34.96     12
      1094     48.00         55.61       55.61       47.03     10
      1095     48.03         55.61       55.61       47.03     14
      1096     48.09         55.61       55.61       42.14     10
      1097     48.13         55.61       55.61       47.03     14
      1098     48.19         55.61       55.61       47.03     16
      1099     48.22         55.61       55.61       47.03     10
      1100     48.28         55.61       55.61       47.03      8
      1101     48.32         55.61       55.61       42.14     12
      1102     48.35         55.61       55.61       42.14     16
      1103     48.39         55.61       55.61       42.14      8
      1104     48.42         55.61       55.61       42.14     10
      1105     48.45         55.61       55.61       47.03     12
      1106     48.50         55.61       55.61       47.03     18
      1107     48.53         55.61       55.61       47.03      8
      1108     48.58         55.61       55.61       42.14      8
      1109     48.62         55.61       55.61       47.03     18
      1110     48.67         55.61       55.61       47.03     16
      1111     48.71         55.61       55.61       47.03     16
      1112     48.76         55.61       55.61       49.69     18
      1113     48.80         55.61       55.61       42.14     10
      1114     48.84         55.61       55.61       42.14      8
      1115     48.89         56.24       56.24       34.96     12
      1116     48.92         55.61       55.61       42.14     12
      1117     48.96         55.61       55.61       47.03     14
      1118     49.00         55.61       55.61       42.14     14
      1119     49.04         55.61       55.61       47.03     12
      1120     49.08         55.61       55.61       47.03     14
      1121     49.12         55.61       55.61       47.03     12
      1122     49.17         55.61       55.61       42.14     12
      1123     49.21         55.61       55.61       47.03     20
      1124     49.27         55.61       55.61       47.03     20
      1125     49.32         56.24       56.24       34.96     10
      1126     49.35         55.61       55.61       47.03     16
      1127     49.40         55.61       55.61       47.03     14
      1128     49.46         56.24       56.24       34.96     12
      1129     49.49         56.24       56.24       34.96      8
      1130     49.52         56.24       56.24       34.96     14
      1131     49.55         55.61       55.61       47.03     18
      1132     49.60         55.61       55.61       47.03     12
      1133     49.65         56.24       56.24       34.96     12
      1134     49.68         55.61       55.61       49.69      8
      1135     49.71         55.61       55.61       47.03     18
      1136     49.77         55.61       55.61       42.14     10
      1137     49.80         55.61       55.61       49.69     16
      1138     49.84         55.61       55.61       42.14     10
      1139     49.88         55.61       55.61       47.03     14
      1140     49.90         55.61       55.61       47.03     14
      1141     49.95         55.61       55.61       47.03      6
      1142     49.98         55.61       55.61       49.69     12
      1143     50.00         55.61       55.61       42.14      8
      1144     50.04         55.61       55.61       47.03     12
      1145     50.09         55.61       55.61       42.14     16
      1146     50.13         55.61       55.61       47.03     14
      1147     50.18         55.61       55.61       47.03     18
      1148     50.24         55.61       55.61       42.14     12
      1149     50.28         55.61       55.61       42.14     16
      1150     50.31         56.24       56.24       34.96     10
      1151     50.35         55.61       55.61       47.03      8
      1152     50.40         55.61       55.61       42.14      6
      1153     50.43         55.61       55.61       47.03     12
      1154     50.48         55.61       55.61       47.03     12
      1155     50.53         56.24       56.24       34.96      8
      1156     50.57         55.61       55.61       42.14      6
      1157     50.61         55.61       55.61       49.69      8
      1158     50.65         55.61       55.61       47.03     18
      1159     50.70         56.24       56.24       34.96     14
      1160     50.72         55.61       55.61       47.03     12
      1161     50.77         55.61       55.61       47.03      8
      1162     50.82         55.61       55.61       47.03     16
      1163     50.88         55.61       55.61       47.03     14
      1164     50.91         55.61       55.61       47.03     10
      1165     50.96         55.61       55.61       47.03      8
      1166     51.01         55.61       55.61       47.03     14
      1167     51.06         55.61       55.61       42.14     14
      1168     51.12         56.24       56.24       34.96     12
      1169     51.16         55.61       55.61       47.03     20
      1170     51.22         55.61       55.61       47.03     10
      1171     51.26         55.61       55.61       47.03     16
      1172     51.30         55.61       55.61       47.03     12
      1173     51.34         55.61       55.61       42.14     10
      1174     51.39         55.61       55.61       47.03     14
      1175     51.45         55.61       55.61       49.69     16
      1176     51.49         55.61       55.61       49.69      8
      1177     51.52         55.61       55.61       49.69     12
      1178     51.55         55.61       55.61       47.03     20
      1179     51.59         55.61       55.61       42.14      8
      1180     51.64         55.61       55.61       47.03     10
      1181     51.69         55.61       55.61       47.03      8
      1182     51.74         55.61       55.61       47.03     16
      1183     51.77         55.61       55.61       47.03     12
      1184     51.83         55.61       55.61       47.03     18
      1185     51.87         56.24       56.24       34.96     12
      1186     51.89         55.61       55.61       47.03     20
      1187     51.94         55.61       55.61       42.14     12
      1188     51.98         55.61       55.61       47.03     14
      1189     52.01         55.61       55.61       47.03     18
      1190     52.05         55.61       55.61       47.03     18
      1191     52.09         55.61       55.61       42.14     16
      1192     52.14         55.61       55.61       47.03     16
      1193     52.18         56.24       56.24       34.96     12
      1194     52.20         55.61       55.61       47.03     10
      1195     52.24         55.61       55.61       47.03     12
      1196     52.29         55.61       55.61       47.03     12
      1197     52.37         55.61       55.61       42.14     12
      1198     52.45         56.24       56.24       34.96     14
      1199     52.53         55.61       55.61       47.03     10
      1200     52.59         55.61       55.61       47.03     14
      1201     52.64         55.61       55.61       49.69      8
      1202     52.67         55.61       55.61       42.14     18
      1203     52.72         55.61       55.61       47.03     16
      1204     52.78         55.61       55.61       47.03     14
      1205     52.83         55.61       55.61       42.14     10
      1206     52.87         55.61       55.61       47.03     10
      1207     52.91         55.61       55.61       42.14     16
      1208     52.95         55.61       55.61       47.03     10
      1209     53.01         55.61       55.61       47.03     18
      1210     53.06         56.24       56.24       34.96     10
      1211     53.10         55.61       55.61       47.03     18
      1212     53.16         55.61       55.61       47.03     14
      1213     53.20         55.61       55.61       47.03     10
      1214     53.26         55.61       55.61       42.14     12
      1215     53.30         56.24       56.24       34.96     12
      1216     53.34         55.61       55.61       47.03     16
      1217     53.38         55.61       55.61       42.14     12
      1218     53.40         55.61       55.61       47.03     10
      1219     53.47         55.61       55.61       42.14     14
      1220     53.51         55.61       55.61       49.69     16
      1221     53.54         55.61       55.61       42.14     14
      1222     53.57         55.61       55.61       42.14      8
      1223     53.62         56.24       56.24       34.96     12
      1224     53.65         55.61       55.61       42.14     16
      1225     53.68         55.61       55.61       47.03     12
      1226     53.73         55.61       55.61       47.03     12
      1227     53.78         55.61       55.61       42.14     12
      1228     53.82         55.61       55.61       47.03     12
      1229     53.85         55.61       55.61       49.69     12
      1230     53.88         55.61       55.61       47.03     16
      1231     53.93         55.61       55.61       42.14     12
      1232     53.97         55.61       55.61       47.03     10
      1233     54.01         55.61       55.61       47.03     20
      1234     54.05         55.61       55.61       47.03     18
      1235     54.10         56.24       56.24       34.96     12
      1236     54.14         55.61       55.61       47.03     12
      1237     54.19         55.61       55.61       47.03     16
      1238     54.24         55.61       55.61       47.03     18
      1239     54.28         55.61       55.61       47.03     12
      1240     54.31         55.61       55.61       47.03     10
      1241     54.36         55.61       55.61       42.14     12
      1242     54.40         55.61       55.61       42.14      8
      1243     54.45         55.61       55.61       47.03     16
      1244     54.51         55.61       55.61       47.03     10
      1245     54.54         55.61       55.61       47.03     12
      1246     54.59         55.61       55.61       47.03     18
      1247     54.63         55.61       55.61       47.03     12
      1248     54.69         55.61       55.61       42.14     12
      1249     54.72         55.61       55.61       42.14     12
      1250     54.76         56.24       56.24       34.96      8
      1251     54.78         55.61       55.61       47.03     18
      1252     54.82         55.61       55.61       49.69     14
      1253     54.85         55.61       55.61       47.03     16
      1254     54.89         55.61       55.61       47.03     12
      1255     54.93         55.61       55.61       47.03      6
      1256     54.98         55.61       55.61       47.03      8
      1257     55.03         55.61       55.61       47.03     16
      1258     55.07         55.61       55.61       47.03      8
      1259     55.12         55.61       55.61       47.03     14
      1260     55.17         55.61       55.61       47.03      8
      1261     55.22         55.61       55.61       42.14     16
      1262     55.27         55.61       55.61       47.03     16
      1263     55.31         55.61       55.61       47.03     18
      1264     55.35         55.61       55.61       47.03     12
      1265     55.41         55.61       55.61       47.03      8
      1266     55.44         55.61       55.61       42.14     10
      1267     55.47         55.61       55.61       42.14     16
      1268     55.50         55.61       55.61       42.14     12
      1269     55.55         55.61       55.61       47.03     18
      1270     55.60         55.61       55.61       47.03     20
      1271     55.65         55.61       55.61       42.14      8
      1272     55.67         55.61       55.61       42.14     12
      1273     55.71         55.61       55.61       47.03     12
      1274     55.76         56.24       56.24       34.96      8
      1275     55.81         55.61       55.61       47.03     16
      1276     55.86         55.61       55.61       47.03     10
      1277     55.91         55.61       55.61       42.14     10
      1278     55.96         56.24       56.24       34.96     12
      1279     55.99         55.61       55.61       42.14     16
      1280     56.02         55.61       55.61       42.14     16
      1281     56.05         55.61       55.61       47.03     14
      1282     56.09         55.61       55.61       42.14     12
      1283     56.12         55.61       55.61       42.14      8
      1284     56.15         55.61       55.61       42.14     12
      1285     56.18         55.61       55.61       42.14     20
      1286     56.24         55.61       55.61       47.03     16
      1287     56.28         56.24       56.24       34.96     10
      1288     56.31         55.61       55.61       47.03     14
      1289     56.35         56.24       56.24       34.96     12
      1290     56.38         55.61       55.61       42.14     16
      1291     56.42         55.61       55.61       47.03     18
      1292     56.47         55.61       55.61       42.14     18
      1293     56.51         55.61       55.61       47.03     14
      1294     56.56         55.61       55.61       47.03     20
      1295     56.60         55.61       55.61       47.03     10
      1296     56.65         55.61       55.61       47.03     14
      1297     56.68         55.61       55.61       42.14     10
      1298     56.72         55.61       55.61       47.03     10
      1299     56.78         55.61       55.61       47.03     18
      1300     56.84         55.61       55.61       47.03     20
      1301     56.90         55.61       55.61       42.14     14
      1302     56.95         56.24       56.24       34.96     10
      1303     56.99         55.61       55.61       49.69     10
      1304     57.01         55.61       55.61       47.03     10
      1305     57.07         55.61       55.61       47.03     16
      1306     57.13         55.61       55.61       47.03     18
      1307     57.17         55.61       55.61       47.03     14
      1308     57.22         55.61       55.61       47.03     14
      1309     57.27         55.61       55.61       49.69     12
      1310     57.29         55.61       55.61       49.69      8
      1311     57.34         56.24       56.24       34.96     10
      1312     57.38         55.61       55.61       47.03     18
      1313     57.43         55.61       55.61       42.14     12
      1314     57.48         55.61       55.61       49.69     14
      1315     57.52         55.61       55.61       47.03     12
      1316     57.58         55.61       55.61       47.03     12
      1317     57.64         55.61       55.61       47.03     14
      1318     57.69         55.61       55.61       47.03      8
      1319     57.74         55.61       55.61       47.03     16
      1320     57.80         55.61       55.61       47.03     18
      1321     57.84         55.61       55.61       49.69      6
      1322     57.88         55.61       55.61       47.03     14
      1323     57.92         55.61       55.61       42.14     10
      1324     57.95         55.61       55.61       47.03     12
      1325     57.98         55.61       55.61       42.14     14
      1326     58.02         55.61       55.61       42.14     18
      1327     58.07         55.61       55.61       47.03     16
      1328     58.13         55.61       55.61       47.03      8
      1329     58.17         55.61       55.61       47.03     20
      1330     58.23         55.61       55.61       47.03     14
      1331     58.27         55.61       55.61       47.03     18
      1332     58.30         56.24       56.24       34.96      8
      1333     58.34         55.61       55.61       47.03     18
      1334     58.40         56.24       56.24       34.96     14
      1335     58.43         55.61       55.61       47.03      8
      1336     58.48         55.61       55.61       42.14     10
      1337     58.50         55.61       55.61       47.03     14
      1338     58.55         55.61       55.61       42.14     10
      1339     58.59         55.61       55.61       49.69     18
      1340     58.63         55.61       55.61       42.14      8
      1341     58.66         55.61       55.61       47.03      8
      1342     58.69         55.61       55.61       47.03     10
      1343     58.74         55.61       55.61       47.03      8
      1344     58.76         55.61       55.61       49.69     12
      1345     58.80         55.61       55.61       42.14     10
      1346     58.84         55.61       55.61       49.69     10
      1347     58.88         55.61       55.61       47.03     16
      1348     58.93         55.61       55.61       42.14     12
      1349     58.97         55.61       55.61       47.03     14
      1350     59.01         55.61       55.61       47.03     12
      1351     59.05         55.61       55.61       42.14     14
      1352     59.08         55.61       55.61       42.14     18
      1353     59.13         56.24       56.24       34.96      8
      1354     59.17         55.61       55.61       47.03      8
      1355     59.21         55.61       55.61       47.03     16
      1356     59.25         55.61       55.61       42.14     12
      1357     59.29         55.61       55.61       42.14     16
      1358     59.33         55.61       55.61       49.69     18
      1359     59.37         56.24       56.24       34.96      8
      1360     59.41         55.61       55.61       42.14     14
      1361     59.44         55.61       55.61       47.03     18
      1362     59.49         55.61       55.61       47.03     12
      1363     59.54         55.61       55.61       47.03      8
      1364     59.58         55.61       55.61       42.14     12
      1365     59.64         56.24       56.24       34.96     14
      1366     59.67         55.61       55.61       42.14      8
      1367     59.70         55.61       55.61       47.03     10
      1368     59.74         55.61       55.61       47.03     14
      1369     59.79         55.61       55.61       47.03     14
      1370     59.82         55.61       55.61       47.03      8
      1371     59.87         55.61       55.61       47.03     12
      1372     59.93         55.61       55.61       42.14     10
      1373     59.96         55.61       55.61       47.03     20
  ------------------------------------------------------------
