========================================================================
  ConstructiveHeuristic — unknown
========================================================================
  alpha=0.7  time_limit=60s  seed=None  min_sep=10.0
  weights: makespan=10.0  delay=100.0  movements=1.0

  Instance: 20 aircraft  5 positions  3 blocking arcs
  Blocking arcs: P3→P4  P3→P5  P4→P5

────────────────────────────────────────────────────────────────────────
  Best construction detail  (iter 365  obj=17867.6000)
────────────────────────────────────────────────────────────────────────
Blocking arcs: P3→P4  P3→P5  P4→P5

Aircraft initial ranking (target_finish ASC, total_duration ASC):
  Rank   ID       earliest     target    duration
  ----------------------------------------------
  [ 0]  R12          8.13      26.68        5.78
  [ 1]  R16         13.56      33.59        6.63
  [ 2]  R18         21.73      36.67        8.07
  [ 3]  R19         24.49      40.61        9.19
  [ 4]  R20         23.48      41.03        9.78
  [ 5]  R1           0.00      44.30       18.30
  [ 6]  R2           0.00      45.31       15.20
  [ 7]  R6           1.33      48.84       17.28
  [ 8]  R4           0.00      50.96       16.65
  [ 9]  R7           1.21      51.55       13.93
  [10]  R9           5.74      52.76       12.59
  [11]  R8           3.72      55.02       15.47
  [12]  R13         12.70      58.93       21.38
  [13]  R10          6.71      60.59       11.87
  [14]  R15         14.34      60.60       13.77
  [15]  R14         11.68      65.28       21.00
  [16]  R5           0.00      66.94       21.24
  [17]  R3           0.00      69.01       24.82
  [18]  R11         11.01      72.99       29.10
  [19]  R17         18.00      75.72       22.10

========================================================================
  STEP 1/20
========================================================================

  Pair evaluation  (100 pairs):
    Rank   ID      Pos     t_start   t_finish    delay   blocking      score    weight     P(%)   cum(%)
    ------------------------------------------------------------------------------------------------
    [ 0]  R12     P1         8.13      13.91     0.00       none     139.15    1.0000   70.00%   70.00%
    [ 1]  R12     P2         8.13      13.91     0.00       none     139.15    0.3000   21.00%   91.00%
    [ 2]  R12     P3         8.13      13.91     0.00       none     139.15    0.0900    6.30%   97.30%
    [ 3]  R12     P4         8.13      13.91     0.00       none     139.15    0.0270    1.89%   99.19%
    [ 4]  R12     P5         8.13      13.91     0.00       none     139.15    0.0081    0.57%   99.76%
    [ 5]  R7      P1         1.21      15.14     0.00       none     151.39    0.0024    0.17%   99.93%
    [ 6]  R7      P2         1.21      15.14     0.00       none     151.39    0.0007    0.05%   99.98%
    [ 7]  R7      P3         1.21      15.14     0.00       none     151.39    0.0002    0.02%   99.99%
    [ 8]  R7      P4         1.21      15.14     0.00       none     151.39    0.0001    0.00%  100.00%
    [ 9]  R7      P5         1.21      15.14     0.00       none     151.39    0.0000    0.00%  100.00%
    [10]  R2      P1         0.00      15.20     0.00       none     152.00    0.0000    0.00%  100.00%
    [11]  R2      P2         0.00      15.20     0.00       none     152.00    0.0000    0.00%  100.00%
    [12]  R2      P3         0.00      15.20     0.00       none     152.00    0.0000    0.00%  100.00%
    [13]  R2      P4         0.00      15.20     0.00       none     152.00    0.0000    0.00%  100.00%
    [14]  R2      P5         0.00      15.20     0.00       none     152.00    0.0000    0.00%  100.00%
    [15]  R4      P1         0.00      16.65     0.00       none     166.50    0.0000    0.00%  100.00%
    [16]  R4      P2         0.00      16.65     0.00       none     166.50    0.0000    0.00%  100.00%
    [17]  R4      P3         0.00      16.65     0.00       none     166.50    0.0000    0.00%  100.00%
    [18]  R4      P4         0.00      16.65     0.00       none     166.50    0.0000    0.00%  100.00%
    [19]  R4      P5         0.00      16.65     0.00       none     166.50    0.0000    0.00%  100.00%
    [20]  R1      P1         0.00      18.30     0.00       none     183.00    0.0000    0.00%  100.00%
    [21]  R1      P2         0.00      18.30     0.00       none     183.00    0.0000    0.00%  100.00%
    [22]  R1      P3         0.00      18.30     0.00       none     183.00    0.0000    0.00%  100.00%
    [23]  R1      P4         0.00      18.30     0.00       none     183.00    0.0000    0.00%  100.00%
    [24]  R1      P5         0.00      18.30     0.00       none     183.00    0.0000    0.00%  100.00%
    [25]  R9      P1         5.74      18.33     0.00       none     183.34    0.0000    0.00%  100.00%
    [26]  R9      P2         5.74      18.33     0.00       none     183.34    0.0000    0.00%  100.00%
    [27]  R9      P3         5.74      18.33     0.00       none     183.34    0.0000    0.00%  100.00%
    [28]  R9      P4         5.74      18.33     0.00       none     183.34    0.0000    0.00%  100.00%
    [29]  R9      P5         5.74      18.33     0.00       none     183.34    0.0000    0.00%  100.00%
    [30]  R10     P1         6.71      18.58     0.00       none     185.81    0.0000    0.00%  100.00%
    [31]  R10     P2         6.71      18.58     0.00       none     185.81    0.0000    0.00%  100.00%
    [32]  R10     P3         6.71      18.58     0.00       none     185.81    0.0000    0.00%  100.00%
    [33]  R10     P4         6.71      18.58     0.00       none     185.81    0.0000    0.00%  100.00%
    [34]  R10     P5         6.71      18.58     0.00       none     185.81    0.0000    0.00%  100.00%
    [35]  R6      P1         1.33      18.61     0.00       none     186.06    0.0000    0.00%  100.00%
    [36]  R6      P2         1.33      18.61     0.00       none     186.06    0.0000    0.00%  100.00%
    [37]  R6      P3         1.33      18.61     0.00       none     186.06    0.0000    0.00%  100.00%
    [38]  R6      P4         1.33      18.61     0.00       none     186.06    0.0000    0.00%  100.00%
    [39]  R6      P5         1.33      18.61     0.00       none     186.06    0.0000    0.00%  100.00%
    [40]  R8      P1         3.72      19.19     0.00       none     191.89    0.0000    0.00%  100.00%
    [41]  R8      P2         3.72      19.19     0.00       none     191.89    0.0000    0.00%  100.00%
    [42]  R8      P3         3.72      19.19     0.00       none     191.89    0.0000    0.00%  100.00%
    [43]  R8      P4         3.72      19.19     0.00       none     191.89    0.0000    0.00%  100.00%
    [44]  R8      P5         3.72      19.19     0.00       none     191.89    0.0000    0.00%  100.00%
    [45]  R16     P1        13.56      20.19     0.00       none     201.93    0.0000    0.00%  100.00%
    [46]  R16     P2        13.56      20.19     0.00       none     201.93    0.0000    0.00%  100.00%
    [47]  R16     P3        13.56      20.19     0.00       none     201.93    0.0000    0.00%  100.00%
    [48]  R16     P4        13.56      20.19     0.00       none     201.93    0.0000    0.00%  100.00%
    [49]  R16     P5        13.56      20.19     0.00       none     201.93    0.0000    0.00%  100.00%
    [50]  R5      P1         0.00      21.24     0.00       none     212.40    0.0000    0.00%  100.00%
    [51]  R5      P2         0.00      21.24     0.00       none     212.40    0.0000    0.00%  100.00%
    [52]  R5      P3         0.00      21.24     0.00       none     212.40    0.0000    0.00%  100.00%
    [53]  R5      P4         0.00      21.24     0.00       none     212.40    0.0000    0.00%  100.00%
    [54]  R5      P5         0.00      21.24     0.00       none     212.40    0.0000    0.00%  100.00%
    [55]  R3      P1         0.00      24.82     0.00       none     248.20    0.0000    0.00%  100.00%
    [56]  R3      P2         0.00      24.82     0.00       none     248.20    0.0000    0.00%  100.00%
    [57]  R3      P3         0.00      24.82     0.00       none     248.20    0.0000    0.00%  100.00%
    [58]  R3      P4         0.00      24.82     0.00       none     248.20    0.0000    0.00%  100.00%
    [59]  R3      P5         0.00      24.82     0.00       none     248.20    0.0000    0.00%  100.00%
    [60]  R15     P1        14.34      28.11     0.00       none     281.07    0.0000    0.00%  100.00%
    [61]  R15     P2        14.34      28.11     0.00       none     281.07    0.0000    0.00%  100.00%
    [62]  R15     P3        14.34      28.11     0.00       none     281.07    0.0000    0.00%  100.00%
    [63]  R15     P4        14.34      28.11     0.00       none     281.07    0.0000    0.00%  100.00%
    [64]  R15     P5        14.34      28.11     0.00       none     281.07    0.0000    0.00%  100.00%
    [65]  R18     P1        21.73      29.80     0.00       none     298.04    0.0000    0.00%  100.00%
    [66]  R18     P2        21.73      29.80     0.00       none     298.04    0.0000    0.00%  100.00%
    [67]  R18     P3        21.73      29.80     0.00       none     298.04    0.0000    0.00%  100.00%
    [68]  R18     P4        21.73      29.80     0.00       none     298.04    0.0000    0.00%  100.00%
    [69]  R18     P5        21.73      29.80     0.00       none     298.04    0.0000    0.00%  100.00%
    [70]  R14     P1        11.68      32.68     0.00       none     326.82    0.0000    0.00%  100.00%
    [71]  R14     P2        11.68      32.68     0.00       none     326.82    0.0000    0.00%  100.00%
    [72]  R14     P3        11.68      32.68     0.00       none     326.82    0.0000    0.00%  100.00%
    [73]  R14     P4        11.68      32.68     0.00       none     326.82    0.0000    0.00%  100.00%
    [74]  R14     P5        11.68      32.68     0.00       none     326.82    0.0000    0.00%  100.00%
    [75]  R20     P1        23.48      33.26     0.00       none     332.63    0.0000    0.00%  100.00%
    [76]  R20     P2        23.48      33.26     0.00       none     332.63    0.0000    0.00%  100.00%
    [77]  R20     P3        23.48      33.26     0.00       none     332.63    0.0000    0.00%  100.00%
    [78]  R20     P4        23.48      33.26     0.00       none     332.63    0.0000    0.00%  100.00%
    [79]  R20     P5        23.48      33.26     0.00       none     332.63    0.0000    0.00%  100.00%
    [80]  R19     P1        24.49      33.68     0.00       none     336.83    0.0000    0.00%  100.00%
    [81]  R19     P2        24.49      33.68     0.00       none     336.83    0.0000    0.00%  100.00%
    [82]  R19     P3        24.49      33.68     0.00       none     336.83    0.0000    0.00%  100.00%
    [83]  R19     P4        24.49      33.68     0.00       none     336.83    0.0000    0.00%  100.00%
    [84]  R19     P5        24.49      33.68     0.00       none     336.83    0.0000    0.00%  100.00%
    [85]  R13     P1        12.70      34.08     0.00       none     340.81    0.0000    0.00%  100.00%
    [86]  R13     P2        12.70      34.08     0.00       none     340.81    0.0000    0.00%  100.00%
    [87]  R13     P3        12.70      34.08     0.00       none     340.81    0.0000    0.00%  100.00%
    [88]  R13     P4        12.70      34.08     0.00       none     340.81    0.0000    0.00%  100.00%
    [89]  R13     P5        12.70      34.08     0.00       none     340.81    0.0000    0.00%  100.00%
    [90]  R17     P1        18.00      40.11     0.00       none     401.05    0.0000    0.00%  100.00%
    [91]  R17     P2        18.00      40.11     0.00       none     401.05    0.0000    0.00%  100.00%
    [92]  R17     P3        18.00      40.11     0.00       none     401.05    0.0000    0.00%  100.00%
    [93]  R17     P4        18.00      40.11     0.00       none     401.05    0.0000    0.00%  100.00%
    [94]  R17     P5        18.00      40.11     0.00       none     401.05    0.0000    0.00%  100.00%
    [95]  R11     P1        11.01      40.11     0.00       none     401.06    0.0000    0.00%  100.00%
    [96]  R11     P2        11.01      40.11     0.00       none     401.06    0.0000    0.00%  100.00%
    [97]  R11     P3        11.01      40.11     0.00       none     401.06    0.0000    0.00%  100.00%
    [98]  R11     P4        11.01      40.11     0.00       none     401.06    0.0000    0.00%  100.00%
    [99]  R11     P5        11.01      40.11     0.00       none     401.06    0.0000    0.00%  100.00%
    draw=0.2917  →  (R12, P1) (rank 0) selected

  Assignment: R12 → P1  [8.13 → 13.91]  delay=0.00
    J12-1      [8.13 → 13.91]

  Assigned so far:
    ID      Pos       start    finish    delay
    ----------------------------------------
    R12     P1         8.13     13.91     0.00

========================================================================
  STEP 2/20
========================================================================

  Pair evaluation  (95 pairs):
    Rank   ID      Pos     t_start   t_finish    delay   blocking      score    weight     P(%)   cum(%)
    ------------------------------------------------------------------------------------------------
    [ 0]  R7      P2         1.21      15.14     0.00       none     151.39    1.0000   70.00%   70.00%
    [ 1]  R7      P3         1.21      15.14     0.00       none     151.39    0.3000   21.00%   91.00%
    [ 2]  R7      P4         1.21      15.14     0.00       none     151.39    0.0900    6.30%   97.30%
    [ 3]  R7      P5         1.21      15.14     0.00       none     151.39    0.0270    1.89%   99.19%
    [ 4]  R2      P2         0.00      15.20     0.00       none     152.00    0.0081    0.57%   99.76%
    [ 5]  R2      P3         0.00      15.20     0.00       none     152.00    0.0024    0.17%   99.93%
    [ 6]  R2      P4         0.00      15.20     0.00       none     152.00    0.0007    0.05%   99.98%
    [ 7]  R2      P5         0.00      15.20     0.00       none     152.00    0.0002    0.02%   99.99%
    [ 8]  R4      P2         0.00      16.65     0.00       none     166.50    0.0001    0.00%  100.00%
    [ 9]  R4      P3         0.00      16.65     0.00       none     166.50    0.0000    0.00%  100.00%
    [10]  R4      P4         0.00      16.65     0.00       none     166.50    0.0000    0.00%  100.00%
    [11]  R4      P5         0.00      16.65     0.00       none     166.50    0.0000    0.00%  100.00%
    [12]  R1      P2         0.00      18.30     0.00       none     183.00    0.0000    0.00%  100.00%
    [13]  R1      P3         0.00      18.30     0.00       none     183.00    0.0000    0.00%  100.00%
    [14]  R1      P4         0.00      18.30     0.00       none     183.00    0.0000    0.00%  100.00%
    [15]  R1      P5         0.00      18.30     0.00       none     183.00    0.0000    0.00%  100.00%
    [16]  R9      P2         5.74      18.33     0.00       none     183.34    0.0000    0.00%  100.00%
    [17]  R9      P3         5.74      18.33     0.00       none     183.34    0.0000    0.00%  100.00%
    [18]  R9      P4         5.74      18.33     0.00       none     183.34    0.0000    0.00%  100.00%
    [19]  R9      P5         5.74      18.33     0.00       none     183.34    0.0000    0.00%  100.00%
    [20]  R10     P2         6.71      18.58     0.00       none     185.81    0.0000    0.00%  100.00%
    [21]  R10     P3         6.71      18.58     0.00       none     185.81    0.0000    0.00%  100.00%
    [22]  R10     P4         6.71      18.58     0.00       none     185.81    0.0000    0.00%  100.00%
    [23]  R10     P5         6.71      18.58     0.00       none     185.81    0.0000    0.00%  100.00%
    [24]  R6      P2         1.33      18.61     0.00       none     186.06    0.0000    0.00%  100.00%
    [25]  R6      P3         1.33      18.61     0.00       none     186.06    0.0000    0.00%  100.00%
    [26]  R6      P4         1.33      18.61     0.00       none     186.06    0.0000    0.00%  100.00%
    [27]  R6      P5         1.33      18.61     0.00       none     186.06    0.0000    0.00%  100.00%
    [28]  R8      P2         3.72      19.19     0.00       none     191.89    0.0000    0.00%  100.00%
    [29]  R8      P3         3.72      19.19     0.00       none     191.89    0.0000    0.00%  100.00%
    [30]  R8      P4         3.72      19.19     0.00       none     191.89    0.0000    0.00%  100.00%
    [31]  R8      P5         3.72      19.19     0.00       none     191.89    0.0000    0.00%  100.00%
    [32]  R16     P2        13.56      20.19     0.00       none     201.93    0.0000    0.00%  100.00%
    [33]  R16     P3        13.56      20.19     0.00       none     201.93    0.0000    0.00%  100.00%
    [34]  R16     P4        13.56      20.19     0.00       none     201.93    0.0000    0.00%  100.00%
    [35]  R16     P5        13.56      20.19     0.00       none     201.93    0.0000    0.00%  100.00%
    [36]  R5      P2         0.00      21.24     0.00       none     212.40    0.0000    0.00%  100.00%
    [37]  R5      P3         0.00      21.24     0.00       none     212.40    0.0000    0.00%  100.00%
    [38]  R5      P4         0.00      21.24     0.00       none     212.40    0.0000    0.00%  100.00%
    [39]  R5      P5         0.00      21.24     0.00       none     212.40    0.0000    0.00%  100.00%
    [40]  R3      P2         0.00      24.82     0.00       none     248.20    0.0000    0.00%  100.00%
    [41]  R3      P3         0.00      24.82     0.00       none     248.20    0.0000    0.00%  100.00%
    [42]  R3      P4         0.00      24.82     0.00       none     248.20    0.0000    0.00%  100.00%
    [43]  R3      P5         0.00      24.82     0.00       none     248.20    0.0000    0.00%  100.00%
    [44]  R15     P2        14.34      28.11     0.00       none     281.07    0.0000    0.00%  100.00%
    [45]  R15     P3        14.34      28.11     0.00       none     281.07    0.0000    0.00%  100.00%
    [46]  R15     P4        14.34      28.11     0.00       none     281.07    0.0000    0.00%  100.00%
    [47]  R15     P5        14.34      28.11     0.00       none     281.07    0.0000    0.00%  100.00%
    [48]  R18     P2        21.73      29.80     0.00       none     298.04    0.0000    0.00%  100.00%
    [49]  R18     P3        21.73      29.80     0.00       none     298.04    0.0000    0.00%  100.00%
    [50]  R18     P4        21.73      29.80     0.00       none     298.04    0.0000    0.00%  100.00%
    [51]  R18     P5        21.73      29.80     0.00       none     298.04    0.0000    0.00%  100.00%
    [52]  R16     P1        23.91      30.54     0.00       none     305.45    0.0000    0.00%  100.00%
    [53]  R18     P1        23.91      31.98     0.00       none     319.85    0.0000    0.00%  100.00%
    [54]  R14     P2        11.68      32.68     0.00       none     326.82    0.0000    0.00%  100.00%
    [55]  R14     P3        11.68      32.68     0.00       none     326.82    0.0000    0.00%  100.00%
    [56]  R14     P4        11.68      32.68     0.00       none     326.82    0.0000    0.00%  100.00%
    [57]  R14     P5        11.68      32.68     0.00       none     326.82    0.0000    0.00%  100.00%
    [58]  R20     P2        23.48      33.26     0.00       none     332.63    0.0000    0.00%  100.00%
    [59]  R20     P3        23.48      33.26     0.00       none     332.63    0.0000    0.00%  100.00%
    [60]  R20     P4        23.48      33.26     0.00       none     332.63    0.0000    0.00%  100.00%
    [61]  R20     P5        23.48      33.26     0.00       none     332.63    0.0000    0.00%  100.00%
    [62]  R19     P1        24.49      33.68     0.00       none     336.83    0.0000    0.00%  100.00%
    [63]  R19     P2        24.49      33.68     0.00       none     336.83    0.0000    0.00%  100.00%
    [64]  R19     P3        24.49      33.68     0.00       none     336.83    0.0000    0.00%  100.00%
    [65]  R19     P4        24.49      33.68     0.00       none     336.83    0.0000    0.00%  100.00%
    [66]  R19     P5        24.49      33.68     0.00       none     336.83    0.0000    0.00%  100.00%
    [67]  R20     P1        23.91      33.70     0.00       none     336.95    0.0000    0.00%  100.00%
    [68]  R13     P2        12.70      34.08     0.00       none     340.81    0.0000    0.00%  100.00%
    [69]  R13     P3        12.70      34.08     0.00       none     340.81    0.0000    0.00%  100.00%
    [70]  R13     P4        12.70      34.08     0.00       none     340.81    0.0000    0.00%  100.00%
    [71]  R13     P5        12.70      34.08     0.00       none     340.81    0.0000    0.00%  100.00%
    [72]  R10     P1        23.91      35.78     0.00       none     357.85    0.0000    0.00%  100.00%
    [73]  R9      P1        23.91      36.50     0.00       none     365.05    0.0000    0.00%  100.00%
    [74]  R15     P1        23.91      37.69     0.00       none     376.85    0.0000    0.00%  100.00%
    [75]  R7      P1        23.91      37.84     0.00       none     378.45    0.0000    0.00%  100.00%
    [76]  R2      P1        23.91      39.11     0.00       none     391.15    0.0000    0.00%  100.00%
    [77]  R8      P1        23.91      39.38     0.00       none     393.85    0.0000    0.00%  100.00%
    [78]  R17     P2        18.00      40.11     0.00       none     401.05    0.0000    0.00%  100.00%
    [79]  R17     P3        18.00      40.11     0.00       none     401.05    0.0000    0.00%  100.00%
    [80]  R17     P4        18.00      40.11     0.00       none     401.05    0.0000    0.00%  100.00%
    [81]  R17     P5        18.00      40.11     0.00       none     401.05    0.0000    0.00%  100.00%
    [82]  R11     P2        11.01      40.11     0.00       none     401.06    0.0000    0.00%  100.00%
    [83]  R11     P3        11.01      40.11     0.00       none     401.06    0.0000    0.00%  100.00%
    [84]  R11     P4        11.01      40.11     0.00       none     401.06    0.0000    0.00%  100.00%
    [85]  R11     P5        11.01      40.11     0.00       none     401.06    0.0000    0.00%  100.00%
    [86]  R4      P1        23.91      40.56     0.00       none     405.65    0.0000    0.00%  100.00%
    [87]  R6      P1        23.91      41.20     0.00       none     411.95    0.0000    0.00%  100.00%
    [88]  R1      P1        23.91      42.22     0.00       none     422.15    0.0000    0.00%  100.00%
    [89]  R14     P1        23.91      44.91     0.00       none     449.15    0.0000    0.00%  100.00%
    [90]  R5      P1        23.91      45.16     0.00       none     451.55    0.0000    0.00%  100.00%
    [91]  R13     P1        23.91      45.30     0.00       none     452.95    0.0000    0.00%  100.00%
    [92]  R17     P1        23.91      46.02     0.00       none     460.15    0.0000    0.00%  100.00%
    [93]  R3      P1        23.91      48.73     0.00       none     487.35    0.0000    0.00%  100.00%
    [94]  R11     P1        23.91      53.02     0.00       none     530.15    0.0000    0.00%  100.00%
    draw=0.8900  →  (R7, P2) (rank 0) selected

  Assignment: R7 → P2  [1.21 → 15.14]  delay=0.00
    J7-1       [1.21 → 7.65]
    J7-2       [7.65 → 15.14]

  Assigned so far:
    ID      Pos       start    finish    delay
    ----------------------------------------
    R12     P1         8.13     13.91     0.00
    R7      P2         1.21     15.14     0.00

========================================================================
  STEP 3/20
========================================================================

  Pair evaluation  (90 pairs):
    Rank   ID      Pos     t_start   t_finish    delay   blocking      score    weight     P(%)   cum(%)
    ------------------------------------------------------------------------------------------------
    [ 0]  R2      P3         0.00      15.20     0.00       none     152.00    1.0000   70.00%   70.00%
    [ 1]  R2      P4         0.00      15.20     0.00       none     152.00    0.3000   21.00%   91.00%
    [ 2]  R2      P5         0.00      15.20     0.00       none     152.00    0.0900    6.30%   97.30%
    [ 3]  R4      P3         0.00      16.65     0.00       none     166.50    0.0270    1.89%   99.19%
    [ 4]  R4      P4         0.00      16.65     0.00       none     166.50    0.0081    0.57%   99.76%
    [ 5]  R4      P5         0.00      16.65     0.00       none     166.50    0.0024    0.17%   99.93%
    [ 6]  R1      P3         0.00      18.30     0.00       none     183.00    0.0007    0.05%   99.98%
    [ 7]  R1      P4         0.00      18.30     0.00       none     183.00    0.0002    0.02%   99.99%
    [ 8]  R1      P5         0.00      18.30     0.00       none     183.00    0.0001    0.00%  100.00%
    [ 9]  R9      P3         5.74      18.33     0.00       none     183.34    0.0000    0.00%  100.00%
    [10]  R9      P4         5.74      18.33     0.00       none     183.34    0.0000    0.00%  100.00%
    [11]  R9      P5         5.74      18.33     0.00       none     183.34    0.0000    0.00%  100.00%
    [12]  R10     P3         6.71      18.58     0.00       none     185.81    0.0000    0.00%  100.00%
    [13]  R10     P4         6.71      18.58     0.00       none     185.81    0.0000    0.00%  100.00%
    [14]  R10     P5         6.71      18.58     0.00       none     185.81    0.0000    0.00%  100.00%
    [15]  R6      P3         1.33      18.61     0.00       none     186.06    0.0000    0.00%  100.00%
    [16]  R6      P4         1.33      18.61     0.00       none     186.06    0.0000    0.00%  100.00%
    [17]  R6      P5         1.33      18.61     0.00       none     186.06    0.0000    0.00%  100.00%
    [18]  R8      P3         3.72      19.19     0.00       none     191.89    0.0000    0.00%  100.00%
    [19]  R8      P4         3.72      19.19     0.00       none     191.89    0.0000    0.00%  100.00%
    [20]  R8      P5         3.72      19.19     0.00       none     191.89    0.0000    0.00%  100.00%
    [21]  R16     P3        13.56      20.19     0.00       none     201.93    0.0000    0.00%  100.00%
    [22]  R16     P4        13.56      20.19     0.00       none     201.93    0.0000    0.00%  100.00%
    [23]  R16     P5        13.56      20.19     0.00       none     201.93    0.0000    0.00%  100.00%
    [24]  R5      P3         0.00      21.24     0.00       none     212.40    0.0000    0.00%  100.00%
    [25]  R5      P4         0.00      21.24     0.00       none     212.40    0.0000    0.00%  100.00%
    [26]  R5      P5         0.00      21.24     0.00       none     212.40    0.0000    0.00%  100.00%
    [27]  R3      P3         0.00      24.82     0.00       none     248.20    0.0000    0.00%  100.00%
    [28]  R3      P4         0.00      24.82     0.00       none     248.20    0.0000    0.00%  100.00%
    [29]  R3      P5         0.00      24.82     0.00       none     248.20    0.0000    0.00%  100.00%
    [30]  R15     P3        14.34      28.11     0.00       none     281.07    0.0000    0.00%  100.00%
    [31]  R15     P4        14.34      28.11     0.00       none     281.07    0.0000    0.00%  100.00%
    [32]  R15     P5        14.34      28.11     0.00       none     281.07    0.0000    0.00%  100.00%
    [33]  R18     P3        21.73      29.80     0.00       none     298.04    0.0000    0.00%  100.00%
    [34]  R18     P4        21.73      29.80     0.00       none     298.04    0.0000    0.00%  100.00%
    [35]  R18     P5        21.73      29.80     0.00       none     298.04    0.0000    0.00%  100.00%
    [36]  R16     P1        23.91      30.54     0.00       none     305.45    0.0000    0.00%  100.00%
    [37]  R16     P2        25.14      31.77     0.00       none     317.69    0.0000    0.00%  100.00%
    [38]  R18     P1        23.91      31.98     0.00       none     319.85    0.0000    0.00%  100.00%
    [39]  R14     P3        11.68      32.68     0.00       none     326.82    0.0000    0.00%  100.00%
    [40]  R14     P4        11.68      32.68     0.00       none     326.82    0.0000    0.00%  100.00%
    [41]  R14     P5        11.68      32.68     0.00       none     326.82    0.0000    0.00%  100.00%
    [42]  R18     P2        25.14      33.21     0.00       none     332.09    0.0000    0.00%  100.00%
    [43]  R20     P3        23.48      33.26     0.00       none     332.63    0.0000    0.00%  100.00%
    [44]  R20     P4        23.48      33.26     0.00       none     332.63    0.0000    0.00%  100.00%
    [45]  R20     P5        23.48      33.26     0.00       none     332.63    0.0000    0.00%  100.00%
    [46]  R19     P1        24.49      33.68     0.00       none     336.83    0.0000    0.00%  100.00%
    [47]  R19     P3        24.49      33.68     0.00       none     336.83    0.0000    0.00%  100.00%
    [48]  R19     P4        24.49      33.68     0.00       none     336.83    0.0000    0.00%  100.00%
    [49]  R19     P5        24.49      33.68     0.00       none     336.83    0.0000    0.00%  100.00%
    [50]  R20     P1        23.91      33.70     0.00       none     336.95    0.0000    0.00%  100.00%
    [51]  R13     P3        12.70      34.08     0.00       none     340.81    0.0000    0.00%  100.00%
    [52]  R13     P4        12.70      34.08     0.00       none     340.81    0.0000    0.00%  100.00%
    [53]  R13     P5        12.70      34.08     0.00       none     340.81    0.0000    0.00%  100.00%
    [54]  R19     P2        25.14      34.33     0.00       none     343.29    0.0000    0.00%  100.00%
    [55]  R20     P2        25.14      34.92     0.00       none     349.19    0.0000    0.00%  100.00%
    [56]  R10     P1        23.91      35.78     0.00       none     357.85    0.0000    0.00%  100.00%
    [57]  R9      P1        23.91      36.50     0.00       none     365.05    0.0000    0.00%  100.00%
    [58]  R10     P2        25.14      37.01     0.00       none     370.09    0.0000    0.00%  100.00%
    [59]  R15     P1        23.91      37.69     0.00       none     376.85    0.0000    0.00%  100.00%
    [60]  R9      P2        25.14      37.73     0.00       none     377.29    0.0000    0.00%  100.00%
    [61]  R15     P2        25.14      38.91     0.00       none     389.09    0.0000    0.00%  100.00%
    [62]  R2      P1        23.91      39.11     0.00       none     391.15    0.0000    0.00%  100.00%
    [63]  R8      P1        23.91      39.38     0.00       none     393.85    0.0000    0.00%  100.00%
    [64]  R17     P3        18.00      40.11     0.00       none     401.05    0.0000    0.00%  100.00%
    [65]  R17     P4        18.00      40.11     0.00       none     401.05    0.0000    0.00%  100.00%
    [66]  R17     P5        18.00      40.11     0.00       none     401.05    0.0000    0.00%  100.00%
    [67]  R11     P3        11.01      40.11     0.00       none     401.06    0.0000    0.00%  100.00%
    [68]  R11     P4        11.01      40.11     0.00       none     401.06    0.0000    0.00%  100.00%
    [69]  R11     P5        11.01      40.11     0.00       none     401.06    0.0000    0.00%  100.00%
    [70]  R2      P2        25.14      40.34     0.00       none     403.39    0.0000    0.00%  100.00%
    [71]  R4      P1        23.91      40.56     0.00       none     405.65    0.0000    0.00%  100.00%
    [72]  R8      P2        25.14      40.61     0.00       none     406.09    0.0000    0.00%  100.00%
    [73]  R6      P1        23.91      41.20     0.00       none     411.95    0.0000    0.00%  100.00%
    [74]  R4      P2        25.14      41.79     0.00       none     417.89    0.0000    0.00%  100.00%
    [75]  R1      P1        23.91      42.22     0.00       none     422.15    0.0000    0.00%  100.00%
    [76]  R6      P2        25.14      42.42     0.00       none     424.19    0.0000    0.00%  100.00%
    [77]  R1      P2        25.14      43.44     0.00       none     434.39    0.0000    0.00%  100.00%
    [78]  R14     P1        23.91      44.91     0.00       none     449.15    0.0000    0.00%  100.00%
    [79]  R5      P1        23.91      45.16     0.00       none     451.55    0.0000    0.00%  100.00%
    [80]  R13     P1        23.91      45.30     0.00       none     452.95    0.0000    0.00%  100.00%
    [81]  R17     P1        23.91      46.02     0.00       none     460.15    0.0000    0.00%  100.00%
    [82]  R14     P2        25.14      46.14     0.00       none     461.39    0.0000    0.00%  100.00%
    [83]  R5      P2        25.14      46.38     0.00       none     463.79    0.0000    0.00%  100.00%
    [84]  R13     P2        25.14      46.52     0.00       none     465.19    0.0000    0.00%  100.00%
    [85]  R17     P2        25.14      47.24     0.00       none     472.39    0.0000    0.00%  100.00%
    [86]  R3      P1        23.91      48.73     0.00       none     487.35    0.0000    0.00%  100.00%
    [87]  R3      P2        25.14      49.96     0.00       none     499.59    0.0000    0.00%  100.00%
    [88]  R11     P1        23.91      53.02     0.00       none     530.15    0.0000    0.00%  100.00%
    [89]  R11     P2        25.14      54.24     0.00       none     542.39    0.0000    0.00%  100.00%
    draw=0.0404  →  (R2, P3) (rank 0) selected

  Assignment: R2 → P3  [0.00 → 15.20]  delay=0.00
    J2-1       [0.00 → 5.39]
    J2-2       [5.39 → 15.20]

  Assigned so far:
    ID      Pos       start    finish    delay
    ----------------------------------------
    R12     P1         8.13     13.91     0.00
    R7      P2         1.21     15.14     0.00
    R2      P3         0.00     15.20     0.00

========================================================================
  STEP 4/20
========================================================================

  Pair evaluation  (85 pairs):
    Rank   ID      Pos     t_start   t_finish    delay   blocking      score    weight     P(%)   cum(%)
    ------------------------------------------------------------------------------------------------
    [ 0]  R4      P4         0.00      16.65     0.00       none     166.50    1.0000   70.00%   70.00%
    [ 1]  R4      P5         0.00      16.65     0.00       none     166.50    0.3000   21.00%   91.00%
    [ 2]  R1      P4         0.00      18.30     0.00       none     183.00    0.0900    6.30%   97.30%
    [ 3]  R1      P5         0.00      18.30     0.00       none     183.00    0.0270    1.89%   99.19%
    [ 4]  R9      P4         5.74      18.33     0.00      2 mov     187.34    0.0081    0.57%   99.76%
    [ 5]  R9      P5         5.74      18.33     0.00      2 mov     187.34    0.0024    0.17%   99.93%
    [ 6]  R10     P4         6.71      18.58     0.00      2 mov     189.81    0.0007    0.05%   99.98%
    [ 7]  R10     P5         6.71      18.58     0.00      2 mov     189.81    0.0002    0.02%   99.99%
    [ 8]  R6      P4         1.33      18.61     0.00      2 mov     190.06    0.0001    0.00%  100.00%
    [ 9]  R6      P5         1.33      18.61     0.00      2 mov     190.06    0.0000    0.00%  100.00%
    [10]  R8      P4         3.72      19.19     0.00      2 mov     195.89    0.0000    0.00%  100.00%
    [11]  R8      P5         3.72      19.19     0.00      2 mov     195.89    0.0000    0.00%  100.00%
    [12]  R16     P4        13.56      20.19     0.00      2 mov     205.93    0.0000    0.00%  100.00%
    [13]  R16     P5        13.56      20.19     0.00      2 mov     205.93    0.0000    0.00%  100.00%
    [14]  R5      P4         0.00      21.24     0.00       none     212.40    0.0000    0.00%  100.00%
    [15]  R5      P5         0.00      21.24     0.00       none     212.40    0.0000    0.00%  100.00%
    [16]  R3      P4         0.00      24.82     0.00       none     248.20    0.0000    0.00%  100.00%
    [17]  R3      P5         0.00      24.82     0.00       none     248.20    0.0000    0.00%  100.00%
    [18]  R15     P4        14.34      28.11     0.00      2 mov     285.07    0.0000    0.00%  100.00%
    [19]  R15     P5        14.34      28.11     0.00      2 mov     285.07    0.0000    0.00%  100.00%
    [20]  R18     P4        21.73      29.80     0.00       none     298.04    0.0000    0.00%  100.00%
    [21]  R18     P5        21.73      29.80     0.00       none     298.04    0.0000    0.00%  100.00%
    [22]  R16     P1        23.91      30.54     0.00       none     305.45    0.0000    0.00%  100.00%
    [23]  R16     P2        25.14      31.77     0.00       none     317.69    0.0000    0.00%  100.00%
    [24]  R16     P3        25.20      31.83     0.00       none     318.30    0.0000    0.00%  100.00%
    [25]  R18     P1        23.91      31.98     0.00       none     319.85    0.0000    0.00%  100.00%
    [26]  R14     P4        11.68      32.68     0.00      2 mov     330.82    0.0000    0.00%  100.00%
    [27]  R14     P5        11.68      32.68     0.00      2 mov     330.82    0.0000    0.00%  100.00%
    [28]  R18     P2        25.14      33.21     0.00       none     332.09    0.0000    0.00%  100.00%
    [29]  R20     P4        23.48      33.26     0.00       none     332.63    0.0000    0.00%  100.00%
    [30]  R20     P5        23.48      33.26     0.00       none     332.63    0.0000    0.00%  100.00%
    [31]  R18     P3        25.20      33.27     0.00       none     332.70    0.0000    0.00%  100.00%
    [32]  R19     P1        24.49      33.68     0.00       none     336.83    0.0000    0.00%  100.00%
    [33]  R19     P4        24.49      33.68     0.00       none     336.83    0.0000    0.00%  100.00%
    [34]  R19     P5        24.49      33.68     0.00       none     336.83    0.0000    0.00%  100.00%
    [35]  R20     P1        23.91      33.70     0.00       none     336.95    0.0000    0.00%  100.00%
    [36]  R19     P2        25.14      34.33     0.00       none     343.29    0.0000    0.00%  100.00%
    [37]  R19     P3        25.20      34.39     0.00       none     343.90    0.0000    0.00%  100.00%
    [38]  R13     P4        12.70      34.08     0.00      2 mov     344.81    0.0000    0.00%  100.00%
    [39]  R13     P5        12.70      34.08     0.00      2 mov     344.81    0.0000    0.00%  100.00%
    [40]  R20     P2        25.14      34.92     0.00       none     349.19    0.0000    0.00%  100.00%
    [41]  R20     P3        25.20      34.98     0.00       none     349.80    0.0000    0.00%  100.00%
    [42]  R10     P1        23.91      35.78     0.00       none     357.85    0.0000    0.00%  100.00%
    [43]  R9      P1        23.91      36.50     0.00       none     365.05    0.0000    0.00%  100.00%
    [44]  R10     P2        25.14      37.01     0.00       none     370.09    0.0000    0.00%  100.00%
    [45]  R10     P3        25.20      37.07     0.00       none     370.70    0.0000    0.00%  100.00%
    [46]  R15     P1        23.91      37.69     0.00       none     376.85    0.0000    0.00%  100.00%
    [47]  R9      P2        25.14      37.73     0.00       none     377.29    0.0000    0.00%  100.00%
    [48]  R9      P3        25.20      37.79     0.00       none     377.90    0.0000    0.00%  100.00%
    [49]  R15     P2        25.14      38.91     0.00       none     389.09    0.0000    0.00%  100.00%
    [50]  R15     P3        25.20      38.97     0.00       none     389.70    0.0000    0.00%  100.00%
    [51]  R8      P1        23.91      39.38     0.00       none     393.85    0.0000    0.00%  100.00%
    [52]  R17     P4        18.00      40.11     0.00       none     401.05    0.0000    0.00%  100.00%
    [53]  R17     P5        18.00      40.11     0.00       none     401.05    0.0000    0.00%  100.00%
    [54]  R11     P4        11.01      40.11     0.00      2 mov     405.06    0.0000    0.00%  100.00%
    [55]  R11     P5        11.01      40.11     0.00      2 mov     405.06    0.0000    0.00%  100.00%
    [56]  R4      P1        23.91      40.56     0.00       none     405.65    0.0000    0.00%  100.00%
    [57]  R8      P2        25.14      40.61     0.00       none     406.09    0.0000    0.00%  100.00%
    [58]  R8      P3        25.20      40.67     0.00       none     406.70    0.0000    0.00%  100.00%
    [59]  R6      P1        23.91      41.20     0.00       none     411.95    0.0000    0.00%  100.00%
    [60]  R4      P2        25.14      41.79     0.00       none     417.89    0.0000    0.00%  100.00%
    [61]  R4      P3        25.20      41.85     0.00       none     418.50    0.0000    0.00%  100.00%
    [62]  R1      P1        23.91      42.22     0.00       none     422.15    0.0000    0.00%  100.00%
    [63]  R6      P2        25.14      42.42     0.00       none     424.19    0.0000    0.00%  100.00%
    [64]  R6      P3        25.20      42.48     0.00       none     424.80    0.0000    0.00%  100.00%
    [65]  R1      P2        25.14      43.44     0.00       none     434.39    0.0000    0.00%  100.00%
    [66]  R1      P3        25.20      43.50     0.00       none     435.00    0.0000    0.00%  100.00%
    [67]  R14     P1        23.91      44.91     0.00       none     449.15    0.0000    0.00%  100.00%
    [68]  R5      P1        23.91      45.16     0.00       none     451.55    0.0000    0.00%  100.00%
    [69]  R13     P1        23.91      45.30     0.00       none     452.95    0.0000    0.00%  100.00%
    [70]  R17     P1        23.91      46.02     0.00       none     460.15    0.0000    0.00%  100.00%
    [71]  R14     P2        25.14      46.14     0.00       none     461.39    0.0000    0.00%  100.00%
    [72]  R14     P3        25.20      46.20     0.00       none     462.00    0.0000    0.00%  100.00%
    [73]  R5      P2        25.14      46.38     0.00       none     463.79    0.0000    0.00%  100.00%
    [74]  R5      P3        25.20      46.44     0.00       none     464.40    0.0000    0.00%  100.00%
    [75]  R13     P2        25.14      46.52     0.00       none     465.19    0.0000    0.00%  100.00%
    [76]  R13     P3        25.20      46.58     0.00       none     465.80    0.0000    0.00%  100.00%
    [77]  R17     P2        25.14      47.24     0.00       none     472.39    0.0000    0.00%  100.00%
    [78]  R17     P3        25.20      47.30     0.00       none     473.00    0.0000    0.00%  100.00%
    [79]  R3      P1        23.91      48.73     0.00       none     487.35    0.0000    0.00%  100.00%
    [80]  R3      P2        25.14      49.96     0.00       none     499.59    0.0000    0.00%  100.00%
    [81]  R3      P3        25.20      50.02     0.00       none     500.20    0.0000    0.00%  100.00%
    [82]  R11     P1        23.91      53.02     0.00       none     530.15    0.0000    0.00%  100.00%
    [83]  R11     P2        25.14      54.24     0.00       none     542.39    0.0000    0.00%  100.00%
    [84]  R11     P3        25.20      54.30     0.00       none     543.00    0.0000    0.00%  100.00%
    draw=0.0101  →  (R4, P4) (rank 0) selected

  Assignment: R4 → P4  [0.00 → 16.65]  delay=0.00
    J4-1       [0.00 → 8.59]
    J4-2       [8.59 → 16.65]

  Assigned so far:
    ID      Pos       start    finish    delay
    ----------------------------------------
    R12     P1         8.13     13.91     0.00
    R7      P2         1.21     15.14     0.00
    R2      P3         0.00     15.20     0.00
    R4      P4         0.00     16.65     0.00

========================================================================
  STEP 5/20
========================================================================

  Pair evaluation  (80 pairs):
    Rank   ID      Pos     t_start   t_finish    delay   blocking      score    weight     P(%)   cum(%)
    ------------------------------------------------------------------------------------------------
    [ 0]  R1      P5         0.00      18.30     0.00       none     183.00    1.0000   70.00%   70.00%
    [ 1]  R9      P5         5.74      18.33     0.00      4 mov     191.34    0.3000   21.00%   91.00%
    [ 2]  R10     P5         6.71      18.58     0.00      4 mov     193.81    0.0900    6.30%   97.30%
    [ 3]  R6      P5         1.33      18.61     0.00      4 mov     194.06    0.0270    1.89%   99.19%
    [ 4]  R8      P5         3.72      19.19     0.00      4 mov     199.89    0.0081    0.57%   99.76%
    [ 5]  R16     P5        13.56      20.19     0.00      4 mov     209.93    0.0024    0.17%   99.93%
    [ 6]  R5      P5         0.00      21.24     0.00       none     212.40    0.0007    0.05%   99.98%
    [ 7]  R3      P5         0.00      24.82     0.00       none     248.20    0.0002    0.02%   99.99%
    [ 8]  R15     P5        14.34      28.11     0.00      4 mov     289.07    0.0001    0.00%  100.00%
    [ 9]  R18     P5        21.73      29.80     0.00       none     298.04    0.0000    0.00%  100.00%
    [10]  R16     P1        23.91      30.54     0.00       none     305.45    0.0000    0.00%  100.00%
    [11]  R16     P2        25.14      31.77     0.00       none     317.69    0.0000    0.00%  100.00%
    [12]  R16     P3        25.20      31.83     0.00       none     318.30    0.0000    0.00%  100.00%
    [13]  R18     P1        23.91      31.98     0.00       none     319.85    0.0000    0.00%  100.00%
    [14]  R18     P2        25.14      33.21     0.00       none     332.09    0.0000    0.00%  100.00%
    [15]  R20     P5        23.48      33.26     0.00       none     332.63    0.0000    0.00%  100.00%
    [16]  R18     P3        25.20      33.27     0.00       none     332.70    0.0000    0.00%  100.00%
    [17]  R16     P4        26.65      33.28     0.00       none     332.80    0.0000    0.00%  100.00%
    [18]  R14     P5        11.68      32.68     0.00      4 mov     334.82    0.0000    0.00%  100.00%
    [19]  R19     P1        24.49      33.68     0.00       none     336.83    0.0000    0.00%  100.00%
    [20]  R19     P5        24.49      33.68     0.00       none     336.83    0.0000    0.00%  100.00%
    [21]  R20     P1        23.91      33.70     0.00       none     336.95    0.0000    0.00%  100.00%
    [22]  R19     P2        25.14      34.33     0.00       none     343.29    0.0000    0.00%  100.00%
    [23]  R19     P3        25.20      34.39     0.00       none     343.90    0.0000    0.00%  100.00%
    [24]  R18     P4        26.65      34.72     0.00       none     347.20    0.0000    0.00%  100.00%
    [25]  R13     P5        12.70      34.08     0.00      4 mov     348.81    0.0000    0.00%  100.00%
    [26]  R20     P2        25.14      34.92     0.00       none     349.19    0.0000    0.00%  100.00%
    [27]  R20     P3        25.20      34.98     0.00       none     349.80    0.0000    0.00%  100.00%
    [28]  R10     P1        23.91      35.78     0.00       none     357.85    0.0000    0.00%  100.00%
    [29]  R19     P4        26.65      35.84     0.00       none     358.40    0.0000    0.00%  100.00%
    [30]  R20     P4        26.65      36.43     0.00       none     364.30    0.0000    0.00%  100.00%
    [31]  R9      P1        23.91      36.50     0.00       none     365.05    0.0000    0.00%  100.00%
    [32]  R10     P2        25.14      37.01     0.00       none     370.09    0.0000    0.00%  100.00%
    [33]  R10     P3        25.20      37.07     0.00       none     370.70    0.0000    0.00%  100.00%
    [34]  R15     P1        23.91      37.69     0.00       none     376.85    0.0000    0.00%  100.00%
    [35]  R9      P2        25.14      37.73     0.00       none     377.29    0.0000    0.00%  100.00%
    [36]  R9      P3        25.20      37.79     0.00       none     377.90    0.0000    0.00%  100.00%
    [37]  R10     P4        26.65      38.52     0.00       none     385.20    0.0000    0.00%  100.00%
    [38]  R15     P2        25.14      38.91     0.00       none     389.09    0.0000    0.00%  100.00%
    [39]  R15     P3        25.20      38.97     0.00       none     389.70    0.0000    0.00%  100.00%
    [40]  R9      P4        26.65      39.24     0.00       none     392.40    0.0000    0.00%  100.00%
    [41]  R8      P1        23.91      39.38     0.00       none     393.85    0.0000    0.00%  100.00%
    [42]  R17     P5        18.00      40.11     0.00       none     401.05    0.0000    0.00%  100.00%
    [43]  R15     P4        26.65      40.42     0.00       none     404.20    0.0000    0.00%  100.00%
    [44]  R8      P2        25.14      40.61     0.00       none     406.09    0.0000    0.00%  100.00%
    [45]  R8      P3        25.20      40.67     0.00       none     406.70    0.0000    0.00%  100.00%
    [46]  R11     P5        11.01      40.11     0.00      4 mov     409.06    0.0000    0.00%  100.00%
    [47]  R6      P1        23.91      41.20     0.00       none     411.95    0.0000    0.00%  100.00%
    [48]  R8      P4        26.65      42.12     0.00       none     421.20    0.0000    0.00%  100.00%
    [49]  R1      P1        23.91      42.22     0.00       none     422.15    0.0000    0.00%  100.00%
    [50]  R6      P2        25.14      42.42     0.00       none     424.19    0.0000    0.00%  100.00%
    [51]  R6      P3        25.20      42.48     0.00       none     424.80    0.0000    0.00%  100.00%
    [52]  R1      P2        25.14      43.44     0.00       none     434.39    0.0000    0.00%  100.00%
    [53]  R1      P3        25.20      43.50     0.00       none     435.00    0.0000    0.00%  100.00%
    [54]  R6      P4        26.65      43.93     0.00       none     439.30    0.0000    0.00%  100.00%
    [55]  R14     P1        23.91      44.91     0.00       none     449.15    0.0000    0.00%  100.00%
    [56]  R5      P1        23.91      45.16     0.00       none     451.55    0.0000    0.00%  100.00%
    [57]  R13     P1        23.91      45.30     0.00       none     452.95    0.0000    0.00%  100.00%
    [58]  R17     P1        23.91      46.02     0.00       none     460.15    0.0000    0.00%  100.00%
    [59]  R14     P2        25.14      46.14     0.00       none     461.39    0.0000    0.00%  100.00%
    [60]  R14     P3        25.20      46.20     0.00       none     462.00    0.0000    0.00%  100.00%
    [61]  R5      P2        25.14      46.38     0.00       none     463.79    0.0000    0.00%  100.00%
    [62]  R5      P3        25.20      46.44     0.00       none     464.40    0.0000    0.00%  100.00%
    [63]  R13     P2        25.14      46.52     0.00       none     465.19    0.0000    0.00%  100.00%
    [64]  R13     P3        25.20      46.58     0.00       none     465.80    0.0000    0.00%  100.00%
    [65]  R17     P2        25.14      47.24     0.00       none     472.39    0.0000    0.00%  100.00%
    [66]  R17     P3        25.20      47.30     0.00       none     473.00    0.0000    0.00%  100.00%
    [67]  R14     P4        26.65      47.65     0.00       none     476.50    0.0000    0.00%  100.00%
    [68]  R5      P4        26.65      47.89     0.00       none     478.90    0.0000    0.00%  100.00%
    [69]  R13     P4        26.65      48.03     0.00       none     480.30    0.0000    0.00%  100.00%
    [70]  R3      P1        23.91      48.73     0.00       none     487.35    0.0000    0.00%  100.00%
    [71]  R17     P4        26.65      48.75     0.00       none     487.50    0.0000    0.00%  100.00%
    [72]  R3      P2        25.14      49.96     0.00       none     499.59    0.0000    0.00%  100.00%
    [73]  R3      P3        25.20      50.02     0.00       none     500.20    0.0000    0.00%  100.00%
    [74]  R3      P4        26.65      51.47     0.00       none     514.70    0.0000    0.00%  100.00%
    [75]  R1      P4        26.65      44.95     0.66       none     515.00    0.0000    0.00%  100.00%
    [76]  R11     P1        23.91      53.02     0.00       none     530.15    0.0000    0.00%  100.00%
    [77]  R11     P2        25.14      54.24     0.00       none     542.39    0.0000    0.00%  100.00%
    [78]  R11     P3        25.20      54.30     0.00       none     543.00    0.0000    0.00%  100.00%
    [79]  R11     P4        26.65      55.75     0.00       none     557.50    0.0000    0.00%  100.00%
    draw=0.6466  →  (R1, P5) (rank 0) selected

  Assignment: R1 → P5  [0.00 → 18.30]  delay=0.00
    J1-1       [0.00 → 9.64]
    J1-2       [9.64 → 18.30]

  Assigned so far:
    ID      Pos       start    finish    delay
    ----------------------------------------
    R12     P1         8.13     13.91     0.00
    R7      P2         1.21     15.14     0.00
    R2      P3         0.00     15.20     0.00
    R4      P4         0.00     16.65     0.00
    R1      P5         0.00     18.30     0.00

========================================================================
  STEP 6/20
========================================================================

  Pair evaluation  (75 pairs):
    Rank   ID      Pos     t_start   t_finish    delay   blocking      score    weight     P(%)   cum(%)
    ------------------------------------------------------------------------------------------------
    [ 0]  R16     P1        23.91      30.54     0.00       none     305.45    1.0000   70.00%   70.00%
    [ 1]  R16     P2        25.14      31.77     0.00       none     317.69    0.3000   21.00%   91.00%
    [ 2]  R16     P3        25.20      31.83     0.00       none     318.30    0.0900    6.30%   97.30%
    [ 3]  R18     P1        23.91      31.98     0.00       none     319.85    0.0270    1.89%   99.19%
    [ 4]  R18     P2        25.14      33.21     0.00       none     332.09    0.0081    0.57%   99.76%
    [ 5]  R18     P3        25.20      33.27     0.00       none     332.70    0.0024    0.17%   99.93%
    [ 6]  R16     P4        26.65      33.28     0.00       none     332.80    0.0007    0.05%   99.98%
    [ 7]  R19     P1        24.49      33.68     0.00       none     336.83    0.0002    0.02%   99.99%
    [ 8]  R20     P1        23.91      33.70     0.00       none     336.95    0.0001    0.00%  100.00%
    [ 9]  R19     P2        25.14      34.33     0.00       none     343.29    0.0000    0.00%  100.00%
    [10]  R19     P3        25.20      34.39     0.00       none     343.90    0.0000    0.00%  100.00%
    [11]  R18     P4        26.65      34.72     0.00       none     347.20    0.0000    0.00%  100.00%
    [12]  R20     P2        25.14      34.92     0.00       none     349.19    0.0000    0.00%  100.00%
    [13]  R20     P3        25.20      34.98     0.00       none     349.80    0.0000    0.00%  100.00%
    [14]  R10     P1        23.91      35.78     0.00       none     357.85    0.0000    0.00%  100.00%
    [15]  R19     P4        26.65      35.84     0.00       none     358.40    0.0000    0.00%  100.00%
    [16]  R18     P5        28.30      36.37     0.00       none     363.70    0.0000    0.00%  100.00%
    [17]  R20     P4        26.65      36.43     0.00       none     364.30    0.0000    0.00%  100.00%
    [18]  R9      P1        23.91      36.50     0.00       none     365.05    0.0000    0.00%  100.00%
    [19]  R10     P2        25.14      37.01     0.00       none     370.09    0.0000    0.00%  100.00%
    [20]  R10     P3        25.20      37.07     0.00       none     370.70    0.0000    0.00%  100.00%
    [21]  R19     P5        28.30      37.49     0.00       none     374.90    0.0000    0.00%  100.00%
    [22]  R15     P1        23.91      37.69     0.00       none     376.85    0.0000    0.00%  100.00%
    [23]  R9      P2        25.14      37.73     0.00       none     377.29    0.0000    0.00%  100.00%
    [24]  R9      P3        25.20      37.79     0.00       none     377.90    0.0000    0.00%  100.00%
    [25]  R20     P5        28.30      38.08     0.00       none     380.80    0.0000    0.00%  100.00%
    [26]  R10     P4        26.65      38.52     0.00       none     385.20    0.0000    0.00%  100.00%
    [27]  R15     P2        25.14      38.91     0.00       none     389.09    0.0000    0.00%  100.00%
    [28]  R15     P3        25.20      38.97     0.00       none     389.70    0.0000    0.00%  100.00%
    [29]  R9      P4        26.65      39.24     0.00       none     392.40    0.0000    0.00%  100.00%
    [30]  R8      P1        23.91      39.38     0.00       none     393.85    0.0000    0.00%  100.00%
    [31]  R10     P5        28.30      40.17     0.00       none     401.70    0.0000    0.00%  100.00%
    [32]  R15     P4        26.65      40.42     0.00       none     404.20    0.0000    0.00%  100.00%
    [33]  R8      P2        25.14      40.61     0.00       none     406.09    0.0000    0.00%  100.00%
    [34]  R8      P3        25.20      40.67     0.00       none     406.70    0.0000    0.00%  100.00%
    [35]  R9      P5        28.30      40.89     0.00       none     408.90    0.0000    0.00%  100.00%
    [36]  R6      P1        23.91      41.20     0.00       none     411.95    0.0000    0.00%  100.00%
    [37]  R15     P5        28.30      42.07     0.00       none     420.70    0.0000    0.00%  100.00%
    [38]  R8      P4        26.65      42.12     0.00       none     421.20    0.0000    0.00%  100.00%
    [39]  R6      P2        25.14      42.42     0.00       none     424.19    0.0000    0.00%  100.00%
    [40]  R6      P3        25.20      42.48     0.00       none     424.80    0.0000    0.00%  100.00%
    [41]  R8      P5        28.30      43.77     0.00       none     437.70    0.0000    0.00%  100.00%
    [42]  R6      P4        26.65      43.93     0.00       none     439.30    0.0000    0.00%  100.00%
    [43]  R14     P1        23.91      44.91     0.00       none     449.15    0.0000    0.00%  100.00%
    [44]  R5      P1        23.91      45.16     0.00       none     451.55    0.0000    0.00%  100.00%
    [45]  R13     P1        23.91      45.30     0.00       none     452.95    0.0000    0.00%  100.00%
    [46]  R6      P5        28.30      45.58     0.00       none     455.80    0.0000    0.00%  100.00%
    [47]  R17     P1        23.91      46.02     0.00       none     460.15    0.0000    0.00%  100.00%
    [48]  R14     P2        25.14      46.14     0.00       none     461.39    0.0000    0.00%  100.00%
    [49]  R14     P3        25.20      46.20     0.00       none     462.00    0.0000    0.00%  100.00%
    [50]  R5      P2        25.14      46.38     0.00       none     463.79    0.0000    0.00%  100.00%
    [51]  R5      P3        25.20      46.44     0.00       none     464.40    0.0000    0.00%  100.00%
    [52]  R13     P2        25.14      46.52     0.00       none     465.19    0.0000    0.00%  100.00%
    [53]  R13     P3        25.20      46.58     0.00       none     465.80    0.0000    0.00%  100.00%
    [54]  R17     P2        25.14      47.24     0.00       none     472.39    0.0000    0.00%  100.00%
    [55]  R17     P3        25.20      47.30     0.00       none     473.00    0.0000    0.00%  100.00%
    [56]  R14     P4        26.65      47.65     0.00       none     476.50    0.0000    0.00%  100.00%
    [57]  R5      P4        26.65      47.89     0.00       none     478.90    0.0000    0.00%  100.00%
    [58]  R13     P4        26.65      48.03     0.00       none     480.30    0.0000    0.00%  100.00%
    [59]  R16     P5        28.30      34.93     1.34       none     483.30    0.0000    0.00%  100.00%
    [60]  R3      P1        23.91      48.73     0.00       none     487.35    0.0000    0.00%  100.00%
    [61]  R17     P4        26.65      48.75     0.00       none     487.50    0.0000    0.00%  100.00%
    [62]  R14     P5        28.30      49.30     0.00       none     493.00    0.0000    0.00%  100.00%
    [63]  R5      P5        28.30      49.54     0.00       none     495.40    0.0000    0.00%  100.00%
    [64]  R13     P5        28.30      49.68     0.00       none     496.80    0.0000    0.00%  100.00%
    [65]  R3      P2        25.14      49.96     0.00       none     499.59    0.0000    0.00%  100.00%
    [66]  R3      P3        25.20      50.02     0.00       none     500.20    0.0000    0.00%  100.00%
    [67]  R17     P5        28.30      50.40     0.00       none     504.00    0.0000    0.00%  100.00%
    [68]  R3      P4        26.65      51.47     0.00       none     514.70    0.0000    0.00%  100.00%
    [69]  R11     P1        23.91      53.02     0.00       none     530.15    0.0000    0.00%  100.00%
    [70]  R3      P5        28.30      53.12     0.00       none     531.20    0.0000    0.00%  100.00%
    [71]  R11     P2        25.14      54.24     0.00       none     542.39    0.0000    0.00%  100.00%
    [72]  R11     P3        25.20      54.30     0.00       none     543.00    0.0000    0.00%  100.00%
    [73]  R11     P4        26.65      55.75     0.00       none     557.50    0.0000    0.00%  100.00%
    [74]  R11     P5        28.30      57.40     0.00       none     574.00    0.0000    0.00%  100.00%
    draw=0.9568  →  (R16, P1) (rank 0) selected

  Assignment: R16 → P1  [23.91 → 30.54]  delay=0.00
    J16-1      [23.91 → 30.55]

  Assigned so far:
    ID      Pos       start    finish    delay
    ----------------------------------------
    R12     P1         8.13     13.91     0.00
    R7      P2         1.21     15.14     0.00
    R2      P3         0.00     15.20     0.00
    R4      P4         0.00     16.65     0.00
    R1      P5         0.00     18.30     0.00
    R16     P1        23.91     30.55     0.00

========================================================================
  STEP 7/20
========================================================================

  Pair evaluation  (70 pairs):
    Rank   ID      Pos     t_start   t_finish    delay   blocking      score    weight     P(%)   cum(%)
    ------------------------------------------------------------------------------------------------
    [ 0]  R18     P2        25.14      33.21     0.00       none     332.09    1.0000   70.00%   70.00%
    [ 1]  R18     P3        25.20      33.27     0.00       none     332.70    0.3000   21.00%   91.00%
    [ 2]  R19     P2        25.14      34.33     0.00       none     343.29    0.0900    6.30%   97.30%
    [ 3]  R19     P3        25.20      34.39     0.00       none     343.90    0.0270    1.89%   99.19%
    [ 4]  R18     P4        26.65      34.72     0.00       none     347.20    0.0081    0.57%   99.76%
    [ 5]  R20     P2        25.14      34.92     0.00       none     349.19    0.0024    0.17%   99.93%
    [ 6]  R20     P3        25.20      34.98     0.00       none     349.80    0.0007    0.05%   99.98%
    [ 7]  R19     P4        26.65      35.84     0.00       none     358.40    0.0002    0.02%   99.99%
    [ 8]  R18     P5        28.30      36.37     0.00       none     363.70    0.0001    0.00%  100.00%
    [ 9]  R20     P4        26.65      36.43     0.00       none     364.30    0.0000    0.00%  100.00%
    [10]  R10     P2        25.14      37.01     0.00       none     370.09    0.0000    0.00%  100.00%
    [11]  R10     P3        25.20      37.07     0.00       none     370.70    0.0000    0.00%  100.00%
    [12]  R19     P5        28.30      37.49     0.00       none     374.90    0.0000    0.00%  100.00%
    [13]  R9      P2        25.14      37.73     0.00       none     377.29    0.0000    0.00%  100.00%
    [14]  R9      P3        25.20      37.79     0.00       none     377.90    0.0000    0.00%  100.00%
    [15]  R20     P5        28.30      38.08     0.00       none     380.80    0.0000    0.00%  100.00%
    [16]  R10     P4        26.65      38.52     0.00       none     385.20    0.0000    0.00%  100.00%
    [17]  R15     P2        25.14      38.91     0.00       none     389.09    0.0000    0.00%  100.00%
    [18]  R15     P3        25.20      38.97     0.00       none     389.70    0.0000    0.00%  100.00%
    [19]  R9      P4        26.65      39.24     0.00       none     392.40    0.0000    0.00%  100.00%
    [20]  R10     P5        28.30      40.17     0.00       none     401.70    0.0000    0.00%  100.00%
    [21]  R15     P4        26.65      40.42     0.00       none     404.20    0.0000    0.00%  100.00%
    [22]  R8      P2        25.14      40.61     0.00       none     406.09    0.0000    0.00%  100.00%
    [23]  R8      P3        25.20      40.67     0.00       none     406.70    0.0000    0.00%  100.00%
    [24]  R9      P5        28.30      40.89     0.00       none     408.90    0.0000    0.00%  100.00%
    [25]  R15     P5        28.30      42.07     0.00       none     420.70    0.0000    0.00%  100.00%
    [26]  R8      P4        26.65      42.12     0.00       none     421.20    0.0000    0.00%  100.00%
    [27]  R6      P2        25.14      42.42     0.00       none     424.19    0.0000    0.00%  100.00%
    [28]  R6      P3        25.20      42.48     0.00       none     424.80    0.0000    0.00%  100.00%
    [29]  R8      P5        28.30      43.77     0.00       none     437.70    0.0000    0.00%  100.00%
    [30]  R6      P4        26.65      43.93     0.00       none     439.30    0.0000    0.00%  100.00%
    [31]  R6      P5        28.30      45.58     0.00       none     455.80    0.0000    0.00%  100.00%
    [32]  R14     P2        25.14      46.14     0.00       none     461.39    0.0000    0.00%  100.00%
    [33]  R14     P3        25.20      46.20     0.00       none     462.00    0.0000    0.00%  100.00%
    [34]  R5      P2        25.14      46.38     0.00       none     463.79    0.0000    0.00%  100.00%
    [35]  R5      P3        25.20      46.44     0.00       none     464.40    0.0000    0.00%  100.00%
    [36]  R13     P2        25.14      46.52     0.00       none     465.19    0.0000    0.00%  100.00%
    [37]  R13     P3        25.20      46.58     0.00       none     465.80    0.0000    0.00%  100.00%
    [38]  R17     P2        25.14      47.24     0.00       none     472.39    0.0000    0.00%  100.00%
    [39]  R17     P3        25.20      47.30     0.00       none     473.00    0.0000    0.00%  100.00%
    [40]  R14     P4        26.65      47.65     0.00       none     476.50    0.0000    0.00%  100.00%
    [41]  R5      P4        26.65      47.89     0.00       none     478.90    0.0000    0.00%  100.00%
    [42]  R13     P4        26.65      48.03     0.00       none     480.30    0.0000    0.00%  100.00%
    [43]  R17     P4        26.65      48.75     0.00       none     487.50    0.0000    0.00%  100.00%
    [44]  R14     P5        28.30      49.30     0.00       none     493.00    0.0000    0.00%  100.00%
    [45]  R5      P5        28.30      49.54     0.00       none     495.40    0.0000    0.00%  100.00%
    [46]  R13     P5        28.30      49.68     0.00       none     496.80    0.0000    0.00%  100.00%
    [47]  R3      P2        25.14      49.96     0.00       none     499.59    0.0000    0.00%  100.00%
    [48]  R3      P3        25.20      50.02     0.00       none     500.20    0.0000    0.00%  100.00%
    [49]  R17     P5        28.30      50.40     0.00       none     504.00    0.0000    0.00%  100.00%
    [50]  R3      P4        26.65      51.47     0.00       none     514.70    0.0000    0.00%  100.00%
    [51]  R10     P1        40.55      52.42     0.00       none     524.15    0.0000    0.00%  100.00%
    [52]  R3      P5        28.30      53.12     0.00       none     531.20    0.0000    0.00%  100.00%
    [53]  R11     P2        25.14      54.24     0.00       none     542.39    0.0000    0.00%  100.00%
    [54]  R11     P3        25.20      54.30     0.00       none     543.00    0.0000    0.00%  100.00%
    [55]  R15     P1        40.55      54.31     0.00       none     543.15    0.0000    0.00%  100.00%
    [56]  R11     P4        26.65      55.75     0.00       none     557.50    0.0000    0.00%  100.00%
    [57]  R9      P1        40.55      53.14     0.37       none     568.65    0.0000    0.00%  100.00%
    [58]  R11     P5        28.30      57.40     0.00       none     574.00    0.0000    0.00%  100.00%
    [59]  R14     P1        40.55      61.55     0.00       none     615.45    0.0000    0.00%  100.00%
    [60]  R5      P1        40.55      61.79     0.00       none     617.85    0.0000    0.00%  100.00%
    [61]  R17     P1        40.55      62.65     0.00       none     626.45    0.0000    0.00%  100.00%
    [62]  R3      P1        40.55      65.37     0.00       none     653.65    0.0000    0.00%  100.00%
    [63]  R8      P1        40.55      56.02     1.00       none     660.15    0.0000    0.00%  100.00%
    [64]  R11     P1        40.55      69.65     0.00       none     696.45    0.0000    0.00%  100.00%
    [65]  R13     P1        40.55      61.92     2.99       none     918.45    0.0000    0.00%  100.00%
    [66]  R19     P1        40.55      49.73     9.13       none    1410.25    0.0000    0.00%  100.00%
    [67]  R20     P1        40.55      50.33     9.30       none    1433.15    0.0000    0.00%  100.00%
    [68]  R6      P1        40.55      57.83     8.98       none    1476.55    0.0000    0.00%  100.00%
    [69]  R18     P1        40.55      48.62    11.95       none    1680.85    0.0000    0.00%  100.00%
    draw=0.1879  →  (R18, P2) (rank 0) selected

  Assignment: R18 → P2  [25.14 → 33.21]  delay=0.00
    J18-1      [25.14 → 33.21]

  Assigned so far:
    ID      Pos       start    finish    delay
    ----------------------------------------
    R12     P1         8.13     13.91     0.00
    R7      P2         1.21     15.14     0.00
    R2      P3         0.00     15.20     0.00
    R4      P4         0.00     16.65     0.00
    R1      P5         0.00     18.30     0.00
    R16     P1        23.91     30.55     0.00
    R18     P2        25.14     33.21     0.00

========================================================================
  STEP 8/20
========================================================================

  Pair evaluation  (65 pairs):
    Rank   ID      Pos     t_start   t_finish    delay   blocking      score    weight     P(%)   cum(%)
    ------------------------------------------------------------------------------------------------
    [ 0]  R19     P3        25.20      34.39     0.00       none     343.90    1.0000   70.00%   70.00%
    [ 1]  R20     P3        25.20      34.98     0.00       none     349.80    0.3000   21.00%   91.00%
    [ 2]  R19     P4        26.65      35.84     0.00       none     358.40    0.0900    6.30%   97.30%
    [ 3]  R20     P4        26.65      36.43     0.00       none     364.30    0.0270    1.89%   99.19%
    [ 4]  R10     P3        25.20      37.07     0.00       none     370.70    0.0081    0.57%   99.76%
    [ 5]  R19     P5        28.30      37.49     0.00       none     374.90    0.0024    0.17%   99.93%
    [ 6]  R9      P3        25.20      37.79     0.00       none     377.90    0.0007    0.05%   99.98%
    [ 7]  R20     P5        28.30      38.08     0.00       none     380.80    0.0002    0.02%   99.99%
    [ 8]  R10     P4        26.65      38.52     0.00       none     385.20    0.0001    0.00%  100.00%
    [ 9]  R15     P3        25.20      38.97     0.00       none     389.70    0.0000    0.00%  100.00%
    [10]  R9      P4        26.65      39.24     0.00       none     392.40    0.0000    0.00%  100.00%
    [11]  R10     P5        28.30      40.17     0.00       none     401.70    0.0000    0.00%  100.00%
    [12]  R15     P4        26.65      40.42     0.00       none     404.20    0.0000    0.00%  100.00%
    [13]  R8      P3        25.20      40.67     0.00       none     406.70    0.0000    0.00%  100.00%
    [14]  R9      P5        28.30      40.89     0.00       none     408.90    0.0000    0.00%  100.00%
    [15]  R15     P5        28.30      42.07     0.00       none     420.70    0.0000    0.00%  100.00%
    [16]  R8      P4        26.65      42.12     0.00       none     421.20    0.0000    0.00%  100.00%
    [17]  R6      P3        25.20      42.48     0.00       none     424.80    0.0000    0.00%  100.00%
    [18]  R8      P5        28.30      43.77     0.00       none     437.70    0.0000    0.00%  100.00%
    [19]  R6      P4        26.65      43.93     0.00       none     439.30    0.0000    0.00%  100.00%
    [20]  R6      P5        28.30      45.58     0.00       none     455.80    0.0000    0.00%  100.00%
    [21]  R14     P3        25.20      46.20     0.00       none     462.00    0.0000    0.00%  100.00%
    [22]  R5      P3        25.20      46.44     0.00       none     464.40    0.0000    0.00%  100.00%
    [23]  R13     P3        25.20      46.58     0.00       none     465.80    0.0000    0.00%  100.00%
    [24]  R17     P3        25.20      47.30     0.00       none     473.00    0.0000    0.00%  100.00%
    [25]  R14     P4        26.65      47.65     0.00       none     476.50    0.0000    0.00%  100.00%
    [26]  R5      P4        26.65      47.89     0.00       none     478.90    0.0000    0.00%  100.00%
    [27]  R13     P4        26.65      48.03     0.00       none     480.30    0.0000    0.00%  100.00%
    [28]  R17     P4        26.65      48.75     0.00       none     487.50    0.0000    0.00%  100.00%
    [29]  R14     P5        28.30      49.30     0.00       none     493.00    0.0000    0.00%  100.00%
    [30]  R5      P5        28.30      49.54     0.00       none     495.40    0.0000    0.00%  100.00%
    [31]  R13     P5        28.30      49.68     0.00       none     496.80    0.0000    0.00%  100.00%
    [32]  R3      P3        25.20      50.02     0.00       none     500.20    0.0000    0.00%  100.00%
    [33]  R17     P5        28.30      50.40     0.00       none     504.00    0.0000    0.00%  100.00%
    [34]  R3      P4        26.65      51.47     0.00       none     514.70    0.0000    0.00%  100.00%
    [35]  R10     P1        40.55      52.42     0.00       none     524.15    0.0000    0.00%  100.00%
    [36]  R3      P5        28.30      53.12     0.00       none     531.20    0.0000    0.00%  100.00%
    [37]  R11     P3        25.20      54.30     0.00       none     543.00    0.0000    0.00%  100.00%
    [38]  R15     P1        40.55      54.31     0.00       none     543.15    0.0000    0.00%  100.00%
    [39]  R10     P2        43.21      55.08     0.00       none     550.79    0.0000    0.00%  100.00%
    [40]  R11     P4        26.65      55.75     0.00       none     557.50    0.0000    0.00%  100.00%
    [41]  R9      P1        40.55      53.14     0.37       none     568.65    0.0000    0.00%  100.00%
    [42]  R15     P2        43.21      56.98     0.00       none     569.79    0.0000    0.00%  100.00%
    [43]  R11     P5        28.30      57.40     0.00       none     574.00    0.0000    0.00%  100.00%
    [44]  R14     P1        40.55      61.55     0.00       none     615.45    0.0000    0.00%  100.00%
    [45]  R5      P1        40.55      61.79     0.00       none     617.85    0.0000    0.00%  100.00%
    [46]  R17     P1        40.55      62.65     0.00       none     626.45    0.0000    0.00%  100.00%
    [47]  R14     P2        43.21      64.21     0.00       none     642.09    0.0000    0.00%  100.00%
    [48]  R5      P2        43.21      64.45     0.00       none     644.49    0.0000    0.00%  100.00%
    [49]  R17     P2        43.21      65.31     0.00       none     653.09    0.0000    0.00%  100.00%
    [50]  R3      P1        40.55      65.37     0.00       none     653.65    0.0000    0.00%  100.00%
    [51]  R8      P1        40.55      56.02     1.00       none     660.15    0.0000    0.00%  100.00%
    [52]  R3      P2        43.21      68.03     0.00       none     680.29    0.0000    0.00%  100.00%
    [53]  R11     P1        40.55      69.65     0.00       none     696.45    0.0000    0.00%  100.00%
    [54]  R11     P2        43.21      72.31     0.00       none     723.09    0.0000    0.00%  100.00%
    [55]  R9      P2        43.21      55.80     3.04       none     861.69    0.0000    0.00%  100.00%
    [56]  R13     P1        40.55      61.92     2.99       none     918.45    0.0000    0.00%  100.00%
    [57]  R8      P2        43.21      58.68     3.66       none     953.19    0.0000    0.00%  100.00%
    [58]  R13     P2        43.21      64.59     5.66       none    1211.49    0.0000    0.00%  100.00%
    [59]  R19     P1        40.55      49.73     9.13       none    1410.25    0.0000    0.00%  100.00%
    [60]  R20     P1        40.55      50.33     9.30       none    1433.15    0.0000    0.00%  100.00%
    [61]  R6      P1        40.55      57.83     8.98       none    1476.55    0.0000    0.00%  100.00%
    [62]  R19     P2        43.21      52.40    11.79       none    1703.29    0.0000    0.00%  100.00%
    [63]  R20     P2        43.21      52.99    11.96       none    1726.19    0.0000    0.00%  100.00%
    [64]  R6      P2        43.21      60.49    11.65       none    1769.59    0.0000    0.00%  100.00%
    draw=1.1324  →  (R20, P3) (rank 1) selected

  Assignment: R20 → P3  [25.20 → 34.98]  delay=0.00
    J20-1      [25.20 → 34.98]

  Assigned so far:
    ID      Pos       start    finish    delay
    ----------------------------------------
    R12     P1         8.13     13.91     0.00
    R7      P2         1.21     15.14     0.00
    R2      P3         0.00     15.20     0.00
    R4      P4         0.00     16.65     0.00
    R1      P5         0.00     18.30     0.00
    R16     P1        23.91     30.55     0.00
    R18     P2        25.14     33.21     0.00
    R20     P3        25.20     34.98     0.00

========================================================================
  STEP 9/20
========================================================================

  Pair evaluation  (60 pairs):
    Rank   ID      Pos     t_start   t_finish    delay   blocking      score    weight     P(%)   cum(%)
    ------------------------------------------------------------------------------------------------
    [ 0]  R19     P4        26.65      35.84     0.00      2 mov     362.40    1.0000   70.00%   70.00%
    [ 1]  R19     P5        28.30      37.49     0.00      2 mov     378.90    0.3000   21.00%   91.00%
    [ 2]  R10     P4        26.65      38.52     0.00      2 mov     389.20    0.0900    6.30%   97.30%
    [ 3]  R9      P4        26.65      39.24     0.00      2 mov     396.40    0.0270    1.89%   99.19%
    [ 4]  R10     P5        28.30      40.17     0.00      2 mov     405.70    0.0081    0.57%   99.76%
    [ 5]  R15     P4        26.65      40.42     0.00      2 mov     408.20    0.0024    0.17%   99.93%
    [ 6]  R9      P5        28.30      40.89     0.00      2 mov     412.90    0.0007    0.05%   99.98%
    [ 7]  R15     P5        28.30      42.07     0.00      2 mov     424.70    0.0002    0.02%   99.99%
    [ 8]  R8      P4        26.65      42.12     0.00      2 mov     425.20    0.0001    0.00%  100.00%
    [ 9]  R8      P5        28.30      43.77     0.00      2 mov     441.70    0.0000    0.00%  100.00%
    [10]  R6      P4        26.65      43.93     0.00      2 mov     443.30    0.0000    0.00%  100.00%
    [11]  R6      P5        28.30      45.58     0.00      2 mov     459.80    0.0000    0.00%  100.00%
    [12]  R14     P4        26.65      47.65     0.00      2 mov     480.50    0.0000    0.00%  100.00%
    [13]  R5      P4        26.65      47.89     0.00      2 mov     482.90    0.0000    0.00%  100.00%
    [14]  R13     P4        26.65      48.03     0.00      2 mov     484.30    0.0000    0.00%  100.00%
    [15]  R17     P4        26.65      48.75     0.00      2 mov     491.50    0.0000    0.00%  100.00%
    [16]  R14     P5        28.30      49.30     0.00      2 mov     497.00    0.0000    0.00%  100.00%
    [17]  R5      P5        28.30      49.54     0.00      2 mov     499.40    0.0000    0.00%  100.00%
    [18]  R13     P5        28.30      49.68     0.00      2 mov     500.80    0.0000    0.00%  100.00%
    [19]  R17     P5        28.30      50.40     0.00      2 mov     508.00    0.0000    0.00%  100.00%
    [20]  R3      P4        26.65      51.47     0.00      2 mov     518.70    0.0000    0.00%  100.00%
    [21]  R10     P1        40.55      52.42     0.00       none     524.15    0.0000    0.00%  100.00%
    [22]  R3      P5        28.30      53.12     0.00      2 mov     535.20    0.0000    0.00%  100.00%
    [23]  R15     P1        40.55      54.31     0.00       none     543.15    0.0000    0.00%  100.00%
    [24]  R10     P2        43.21      55.08     0.00       none     550.79    0.0000    0.00%  100.00%
    [25]  R11     P4        26.65      55.75     0.00      2 mov     561.50    0.0000    0.00%  100.00%
    [26]  R10     P3        44.98      56.85     0.00       none     568.50    0.0000    0.00%  100.00%
    [27]  R9      P1        40.55      53.14     0.37       none     568.65    0.0000    0.00%  100.00%
    [28]  R15     P2        43.21      56.98     0.00       none     569.79    0.0000    0.00%  100.00%
    [29]  R11     P5        28.30      57.40     0.00      2 mov     578.00    0.0000    0.00%  100.00%
    [30]  R15     P3        44.98      58.75     0.00       none     587.50    0.0000    0.00%  100.00%
    [31]  R14     P1        40.55      61.55     0.00       none     615.45    0.0000    0.00%  100.00%
    [32]  R5      P1        40.55      61.79     0.00       none     617.85    0.0000    0.00%  100.00%
    [33]  R17     P1        40.55      62.65     0.00       none     626.45    0.0000    0.00%  100.00%
    [34]  R14     P2        43.21      64.21     0.00       none     642.09    0.0000    0.00%  100.00%
    [35]  R5      P2        43.21      64.45     0.00       none     644.49    0.0000    0.00%  100.00%
    [36]  R17     P2        43.21      65.31     0.00       none     653.09    0.0000    0.00%  100.00%
    [37]  R3      P1        40.55      65.37     0.00       none     653.65    0.0000    0.00%  100.00%
    [38]  R8      P1        40.55      56.02     1.00       none     660.15    0.0000    0.00%  100.00%
    [39]  R5      P3        44.98      66.22     0.00       none     662.20    0.0000    0.00%  100.00%
    [40]  R17     P3        44.98      67.08     0.00       none     670.80    0.0000    0.00%  100.00%
    [41]  R3      P2        43.21      68.03     0.00       none     680.29    0.0000    0.00%  100.00%
    [42]  R11     P1        40.55      69.65     0.00       none     696.45    0.0000    0.00%  100.00%
    [43]  R11     P2        43.21      72.31     0.00       none     723.09    0.0000    0.00%  100.00%
    [44]  R14     P3        44.98      65.98     0.70       none     730.20    0.0000    0.00%  100.00%
    [45]  R3      P3        44.98      69.80     0.79       none     776.80    0.0000    0.00%  100.00%
    [46]  R11     P3        44.98      74.08     1.09       none     850.10    0.0000    0.00%  100.00%
    [47]  R9      P2        43.21      55.80     3.04       none     861.69    0.0000    0.00%  100.00%
    [48]  R13     P1        40.55      61.92     2.99       none     918.45    0.0000    0.00%  100.00%
    [49]  R8      P2        43.21      58.68     3.66       none     953.19    0.0000    0.00%  100.00%
    [50]  R9      P3        44.98      57.57     4.81       none    1056.50    0.0000    0.00%  100.00%
    [51]  R8      P3        44.98      60.45     5.43       none    1148.00    0.0000    0.00%  100.00%
    [52]  R13     P2        43.21      64.59     5.66       none    1211.49    0.0000    0.00%  100.00%
    [53]  R13     P3        44.98      66.36     7.43       none    1406.30    0.0000    0.00%  100.00%
    [54]  R19     P1        40.55      49.73     9.13       none    1410.25    0.0000    0.00%  100.00%
    [55]  R6      P1        40.55      57.83     8.98       none    1476.55    0.0000    0.00%  100.00%
    [56]  R19     P2        43.21      52.40    11.79       none    1703.29    0.0000    0.00%  100.00%
    [57]  R6      P2        43.21      60.49    11.65       none    1769.59    0.0000    0.00%  100.00%
    [58]  R19     P3        44.98      54.17    13.56       none    1898.10    0.0000    0.00%  100.00%
    [59]  R6      P3        44.98      62.26    13.42       none    1964.40    0.0000    0.00%  100.00%
    draw=1.2776  →  (R19, P5) (rank 1) selected
  start-time compare  R19 → P5:  t_imm=28.30 cost=378.90 (2 new movs)  vs  t_nob=34.98 cost=798.10

  Assignment: R19 → P5  [28.30 → 37.49]  delay=0.00
    J19-1      [28.30 → 37.49]

  Assigned so far:
    ID      Pos       start    finish    delay
    ----------------------------------------
    R12     P1         8.13     13.91     0.00
    R7      P2         1.21     15.14     0.00
    R2      P3         0.00     15.20     0.00
    R4      P4         0.00     16.65     0.00
    R1      P5         0.00     18.30     0.00
    R16     P1        23.91     30.55     0.00
    R18     P2        25.14     33.21     0.00
    R20     P3        25.20     34.98     0.00
    R19     P5        28.30     37.49     0.00

========================================================================
  STEP 10/20
========================================================================

  Pair evaluation  (55 pairs):
    Rank   ID      Pos     t_start   t_finish    delay   blocking      score    weight     P(%)   cum(%)
    ------------------------------------------------------------------------------------------------
    [ 0]  R10     P4        26.65      38.52     0.00      8 mov     401.20    1.0000   70.00%   70.00%
    [ 1]  R9      P4        26.65      39.24     0.00      8 mov     408.40    0.3000   21.00%   91.00%
    [ 2]  R15     P4        26.65      40.42     0.00      8 mov     420.20    0.0900    6.30%   97.30%
    [ 3]  R8      P4        26.65      42.12     0.00      8 mov     437.20    0.0270    1.89%   99.19%
    [ 4]  R6      P4        26.65      43.93     0.00      8 mov     455.30    0.0081    0.57%   99.76%
    [ 5]  R14     P4        26.65      47.65     0.00      8 mov     492.50    0.0024    0.17%   99.93%
    [ 6]  R5      P4        26.65      47.89     0.00      8 mov     494.90    0.0007    0.05%   99.98%
    [ 7]  R13     P4        26.65      48.03     0.00      8 mov     496.30    0.0002    0.02%   99.99%
    [ 8]  R17     P4        26.65      48.75     0.00      8 mov     503.50    0.0001    0.00%  100.00%
    [ 9]  R10     P1        40.55      52.42     0.00      2 mov     528.15    0.0000    0.00%  100.00%
    [10]  R3      P4        26.65      51.47     0.00      8 mov     530.70    0.0000    0.00%  100.00%
    [11]  R15     P1        40.55      54.31     0.00      2 mov     547.15    0.0000    0.00%  100.00%
    [12]  R10     P2        43.21      55.08     0.00      2 mov     554.79    0.0000    0.00%  100.00%
    [13]  R10     P3        44.98      56.85     0.00      2 mov     572.50    0.0000    0.00%  100.00%
    [14]  R9      P1        40.55      53.14     0.37      2 mov     572.65    0.0000    0.00%  100.00%
    [15]  R11     P4        26.65      55.75     0.00      8 mov     573.50    0.0000    0.00%  100.00%
    [16]  R15     P2        43.21      56.98     0.00      2 mov     573.79    0.0000    0.00%  100.00%
    [17]  R15     P3        44.98      58.75     0.00      2 mov     591.50    0.0000    0.00%  100.00%
    [18]  R10     P5        47.49      59.36     0.00      2 mov     597.60    0.0000    0.00%  100.00%
    [19]  R14     P1        40.55      61.55     0.00      2 mov     619.45    0.0000    0.00%  100.00%
    [20]  R5      P1        40.55      61.79     0.00      2 mov     621.85    0.0000    0.00%  100.00%
    [21]  R17     P1        40.55      62.65     0.00      2 mov     630.45    0.0000    0.00%  100.00%
    [22]  R14     P2        43.21      64.21     0.00      2 mov     646.09    0.0000    0.00%  100.00%
    [23]  R5      P2        43.21      64.45     0.00      2 mov     648.49    0.0000    0.00%  100.00%
    [24]  R17     P2        43.21      65.31     0.00      2 mov     657.09    0.0000    0.00%  100.00%
    [25]  R3      P1        40.55      65.37     0.00      2 mov     657.65    0.0000    0.00%  100.00%
    [26]  R8      P1        40.55      56.02     1.00      2 mov     664.15    0.0000    0.00%  100.00%
    [27]  R5      P3        44.98      66.22     0.00      2 mov     666.20    0.0000    0.00%  100.00%
    [28]  R17     P3        44.98      67.08     0.00      2 mov     674.80    0.0000    0.00%  100.00%
    [29]  R15     P5        47.49      61.26     0.66      2 mov     682.40    0.0000    0.00%  100.00%
    [30]  R3      P2        43.21      68.03     0.00      2 mov     684.29    0.0000    0.00%  100.00%
    [31]  R17     P5        47.49      69.59     0.00      2 mov     699.90    0.0000    0.00%  100.00%
    [32]  R11     P1        40.55      69.65     0.00      2 mov     700.45    0.0000    0.00%  100.00%
    [33]  R11     P2        43.21      72.31     0.00      2 mov     727.09    0.0000    0.00%  100.00%
    [34]  R14     P3        44.98      65.98     0.70      2 mov     734.20    0.0000    0.00%  100.00%
    [35]  R3      P3        44.98      69.80     0.79      2 mov     780.80    0.0000    0.00%  100.00%
    [36]  R11     P3        44.98      74.08     1.09      2 mov     854.10    0.0000    0.00%  100.00%
    [37]  R9      P2        43.21      55.80     3.04      2 mov     865.69    0.0000    0.00%  100.00%
    [38]  R5      P5        47.49      68.73     1.80      2 mov     870.80    0.0000    0.00%  100.00%
    [39]  R13     P1        40.55      61.92     2.99      2 mov     922.45    0.0000    0.00%  100.00%
    [40]  R8      P2        43.21      58.68     3.66      2 mov     957.19    0.0000    0.00%  100.00%
    [41]  R14     P5        47.49      68.49     3.21      2 mov    1010.30    0.0000    0.00%  100.00%
    [42]  R3      P5        47.49      72.31     3.30      2 mov    1056.90    0.0000    0.00%  100.00%
    [43]  R9      P3        44.98      57.57     4.81      2 mov    1060.50    0.0000    0.00%  100.00%
    [44]  R11     P5        47.49      76.59     3.60      2 mov    1130.20    0.0000    0.00%  100.00%
    [45]  R8      P3        44.98      60.45     5.43      2 mov    1152.00    0.0000    0.00%  100.00%
    [46]  R13     P2        43.21      64.59     5.66      2 mov    1215.49    0.0000    0.00%  100.00%
    [47]  R9      P5        47.49      60.08     7.32      2 mov    1336.60    0.0000    0.00%  100.00%
    [48]  R13     P3        44.98      66.36     7.43      2 mov    1410.30    0.0000    0.00%  100.00%
    [49]  R8      P5        47.49      62.96     7.95      2 mov    1428.10    0.0000    0.00%  100.00%
    [50]  R6      P1        40.55      57.83     8.98      2 mov    1480.55    0.0000    0.00%  100.00%
    [51]  R13     P5        47.49      68.87     9.94      2 mov    1686.40    0.0000    0.00%  100.00%
    [52]  R6      P2        43.21      60.49    11.65      2 mov    1773.59    0.0000    0.00%  100.00%
    [53]  R6      P3        44.98      62.26    13.42      2 mov    1968.40    0.0000    0.00%  100.00%
    [54]  R6      P5        47.49      64.77    15.93      2 mov    2244.50    0.0000    0.00%  100.00%
    draw=0.7394  →  (R10, P4) (rank 0) selected
  start-time compare  R10 → P4:  t_imm=26.65 cost=397.20 (6 new movs)  vs  t_nob=37.49 cost=493.60

  Assignment: R10 → P4  [26.65 → 38.52]  delay=0.00
    J10-1      [26.65 → 30.87]
    J10-2      [30.87 → 38.52]

  Assigned so far:
    ID      Pos       start    finish    delay
    ----------------------------------------
    R12     P1         8.13     13.91     0.00
    R7      P2         1.21     15.14     0.00
    R2      P3         0.00     15.20     0.00
    R4      P4         0.00     16.65     0.00
    R1      P5         0.00     18.30     0.00
    R16     P1        23.91     30.55     0.00
    R18     P2        25.14     33.21     0.00
    R20     P3        25.20     34.98     0.00
    R19     P5        28.30     37.49     0.00
    R10     P4        26.65     38.52     0.00

========================================================================
  STEP 11/20
========================================================================

  Pair evaluation  (50 pairs):
    Rank   ID      Pos     t_start   t_finish    delay   blocking      score    weight     P(%)   cum(%)
    ------------------------------------------------------------------------------------------------
    [ 0]  R15     P1        40.55      54.31     0.00      8 mov     559.15    1.0000   70.00%   70.00%
    [ 1]  R9      P1        40.55      53.14     0.37      8 mov     584.65    0.3000   21.00%   91.00%
    [ 2]  R15     P2        43.21      56.98     0.00      8 mov     585.79    0.0900    6.30%   97.30%
    [ 3]  R15     P3        44.98      58.75     0.00      8 mov     603.50    0.0270    1.89%   99.19%
    [ 4]  R14     P1        40.55      61.55     0.00      8 mov     631.45    0.0081    0.57%   99.76%
    [ 5]  R5      P1        40.55      61.79     0.00      8 mov     633.85    0.0024    0.17%   99.93%
    [ 6]  R17     P1        40.55      62.65     0.00      8 mov     642.45    0.0007    0.05%   99.98%
    [ 7]  R14     P2        43.21      64.21     0.00      8 mov     658.09    0.0002    0.02%   99.99%
    [ 8]  R5      P2        43.21      64.45     0.00      8 mov     660.49    0.0001    0.00%  100.00%
    [ 9]  R17     P2        43.21      65.31     0.00      8 mov     669.09    0.0000    0.00%  100.00%
    [10]  R3      P1        40.55      65.37     0.00      8 mov     669.65    0.0000    0.00%  100.00%
    [11]  R8      P1        40.55      56.02     1.00      8 mov     676.15    0.0000    0.00%  100.00%
    [12]  R5      P3        44.98      66.22     0.00      8 mov     678.20    0.0000    0.00%  100.00%
    [13]  R17     P3        44.98      67.08     0.00      8 mov     686.80    0.0000    0.00%  100.00%
    [14]  R15     P5        47.49      61.26     0.66      8 mov     694.40    0.0000    0.00%  100.00%
    [15]  R3      P2        43.21      68.03     0.00      8 mov     696.29    0.0000    0.00%  100.00%
    [16]  R17     P5        47.49      69.59     0.00      8 mov     711.90    0.0000    0.00%  100.00%
    [17]  R11     P1        40.55      69.65     0.00      8 mov     712.45    0.0000    0.00%  100.00%
    [18]  R17     P4        48.52      70.62     0.00      8 mov     722.20    0.0000    0.00%  100.00%
    [19]  R11     P2        43.21      72.31     0.00      8 mov     739.09    0.0000    0.00%  100.00%
    [20]  R14     P3        44.98      65.98     0.70      8 mov     746.20    0.0000    0.00%  100.00%
    [21]  R3      P3        44.98      69.80     0.79      8 mov     792.80    0.0000    0.00%  100.00%
    [22]  R15     P4        48.52      62.29     1.69      8 mov     807.70    0.0000    0.00%  100.00%
    [23]  R11     P3        44.98      74.08     1.09      8 mov     866.10    0.0000    0.00%  100.00%
    [24]  R9      P2        43.21      55.80     3.04      8 mov     877.69    0.0000    0.00%  100.00%
    [25]  R5      P5        47.49      68.73     1.80      8 mov     882.80    0.0000    0.00%  100.00%
    [26]  R13     P1        40.55      61.92     2.99      8 mov     934.45    0.0000    0.00%  100.00%
    [27]  R8      P2        43.21      58.68     3.66      8 mov     969.19    0.0000    0.00%  100.00%
    [28]  R5      P4        48.52      69.76     2.82      8 mov     996.10    0.0000    0.00%  100.00%
    [29]  R14     P5        47.49      68.49     3.21      8 mov    1022.30    0.0000    0.00%  100.00%
    [30]  R3      P5        47.49      72.31     3.30      8 mov    1068.90    0.0000    0.00%  100.00%
    [31]  R9      P3        44.98      57.57     4.81      8 mov    1072.50    0.0000    0.00%  100.00%
    [32]  R14     P4        48.52      69.52     4.24      8 mov    1135.60    0.0000    0.00%  100.00%
    [33]  R11     P5        47.49      76.59     3.60      8 mov    1142.20    0.0000    0.00%  100.00%
    [34]  R8      P3        44.98      60.45     5.43      8 mov    1164.00    0.0000    0.00%  100.00%
    [35]  R3      P4        48.52      73.34     4.33      8 mov    1182.20    0.0000    0.00%  100.00%
    [36]  R13     P2        43.21      64.59     5.66      8 mov    1227.49    0.0000    0.00%  100.00%
    [37]  R11     P4        48.52      77.62     4.63      8 mov    1255.50    0.0000    0.00%  100.00%
    [38]  R9      P5        47.49      60.08     7.32      8 mov    1348.60    0.0000    0.00%  100.00%
    [39]  R13     P3        44.98      66.36     7.43      8 mov    1422.30    0.0000    0.00%  100.00%
    [40]  R8      P5        47.49      62.96     7.95      8 mov    1440.10    0.0000    0.00%  100.00%
    [41]  R9      P4        48.52      61.11     8.35      8 mov    1461.90    0.0000    0.00%  100.00%
    [42]  R6      P1        40.55      57.83     8.98      8 mov    1492.55    0.0000    0.00%  100.00%
    [43]  R8      P4        48.52      63.99     8.97      8 mov    1553.40    0.0000    0.00%  100.00%
    [44]  R13     P5        47.49      68.87     9.94      8 mov    1698.40    0.0000    0.00%  100.00%
    [45]  R6      P2        43.21      60.49    11.65      8 mov    1785.59    0.0000    0.00%  100.00%
    [46]  R13     P4        48.52      69.90    10.97      8 mov    1811.70    0.0000    0.00%  100.00%
    [47]  R6      P3        44.98      62.26    13.42      8 mov    1980.40    0.0000    0.00%  100.00%
    [48]  R6      P5        47.49      64.77    15.93      8 mov    2256.50    0.0000    0.00%  100.00%
    [49]  R6      P4        48.52      65.80    16.96      8 mov    2369.80    0.0000    0.00%  100.00%
    draw=1.1249  →  (R9, P1) (rank 1) selected

  Assignment: R9 → P1  [40.55 → 53.13]  delay=0.37
    J9-1       [40.55 → 50.55]
    J9-2       [50.55 → 53.13]

  Assigned so far:
    ID      Pos       start    finish    delay
    ----------------------------------------
    R12     P1         8.13     13.91     0.00
    R7      P2         1.21     15.14     0.00
    R2      P3         0.00     15.20     0.00
    R4      P4         0.00     16.65     0.00
    R1      P5         0.00     18.30     0.00
    R16     P1        23.91     30.55     0.00
    R18     P2        25.14     33.21     0.00
    R20     P3        25.20     34.98     0.00
    R19     P5        28.30     37.49     0.00
    R10     P4        26.65     38.52     0.00
    R9      P1        40.55     53.13     0.37

========================================================================
  STEP 12/20
========================================================================

  Pair evaluation  (45 pairs):
    Rank   ID      Pos     t_start   t_finish    delay   blocking      score    weight     P(%)   cum(%)
    ------------------------------------------------------------------------------------------------
    [ 0]  R15     P2        43.21      56.98     0.00      8 mov     585.79    1.0000   70.00%   70.00%
    [ 1]  R15     P3        44.98      58.75     0.00      8 mov     603.50    0.3000   21.00%   91.00%
    [ 2]  R14     P2        43.21      64.21     0.00      8 mov     658.09    0.0900    6.30%   97.30%
    [ 3]  R5      P2        43.21      64.45     0.00      8 mov     660.49    0.0270    1.89%   99.19%
    [ 4]  R17     P2        43.21      65.31     0.00      8 mov     669.09    0.0081    0.57%   99.76%
    [ 5]  R5      P3        44.98      66.22     0.00      8 mov     678.20    0.0024    0.17%   99.93%
    [ 6]  R17     P3        44.98      67.08     0.00      8 mov     686.80    0.0007    0.05%   99.98%
    [ 7]  R15     P5        47.49      61.26     0.66      8 mov     694.40    0.0002    0.02%   99.99%
    [ 8]  R3      P2        43.21      68.03     0.00      8 mov     696.29    0.0001    0.00%  100.00%
    [ 9]  R17     P5        47.49      69.59     0.00      8 mov     711.90    0.0000    0.00%  100.00%
    [10]  R17     P4        48.52      70.62     0.00      8 mov     722.20    0.0000    0.00%  100.00%
    [11]  R11     P2        43.21      72.31     0.00      8 mov     739.09    0.0000    0.00%  100.00%
    [12]  R14     P3        44.98      65.98     0.70      8 mov     746.20    0.0000    0.00%  100.00%
    [13]  R3      P3        44.98      69.80     0.79      8 mov     792.80    0.0000    0.00%  100.00%
    [14]  R15     P4        48.52      62.29     1.69      8 mov     807.70    0.0000    0.00%  100.00%
    [15]  R11     P3        44.98      74.08     1.09      8 mov     866.10    0.0000    0.00%  100.00%
    [16]  R5      P5        47.49      68.73     1.80      8 mov     882.80    0.0000    0.00%  100.00%
    [17]  R8      P2        43.21      58.68     3.66      8 mov     969.19    0.0000    0.00%  100.00%
    [18]  R5      P4        48.52      69.76     2.82      8 mov     996.10    0.0000    0.00%  100.00%
    [19]  R14     P5        47.49      68.49     3.21      8 mov    1022.30    0.0000    0.00%  100.00%
    [20]  R3      P5        47.49      72.31     3.30      8 mov    1068.90    0.0000    0.00%  100.00%
    [21]  R14     P4        48.52      69.52     4.24      8 mov    1135.60    0.0000    0.00%  100.00%
    [22]  R11     P5        47.49      76.59     3.60      8 mov    1142.20    0.0000    0.00%  100.00%
    [23]  R8      P3        44.98      60.45     5.43      8 mov    1164.00    0.0000    0.00%  100.00%
    [24]  R3      P4        48.52      73.34     4.33      8 mov    1182.20    0.0000    0.00%  100.00%
    [25]  R13     P2        43.21      64.59     5.66      8 mov    1227.49    0.0000    0.00%  100.00%
    [26]  R11     P4        48.52      77.62     4.63      8 mov    1255.50    0.0000    0.00%  100.00%
    [27]  R13     P3        44.98      66.36     7.43      8 mov    1422.30    0.0000    0.00%  100.00%
    [28]  R8      P5        47.49      62.96     7.95      8 mov    1440.10    0.0000    0.00%  100.00%
    [29]  R8      P4        48.52      63.99     8.97      8 mov    1553.40    0.0000    0.00%  100.00%
    [30]  R13     P5        47.49      68.87     9.94      8 mov    1698.40    0.0000    0.00%  100.00%
    [31]  R6      P2        43.21      60.49    11.65      8 mov    1785.59    0.0000    0.00%  100.00%
    [32]  R13     P4        48.52      69.90    10.97      8 mov    1811.70    0.0000    0.00%  100.00%
    [33]  R17     P1        63.13      85.23     9.52      8 mov    1820.25    0.0000    0.00%  100.00%
    [34]  R6      P3        44.98      62.26    13.42      8 mov    1980.40    0.0000    0.00%  100.00%
    [35]  R6      P5        47.49      64.77    15.93      8 mov    2256.50    0.0000    0.00%  100.00%
    [36]  R6      P4        48.52      65.80    16.96      8 mov    2369.80    0.0000    0.00%  100.00%
    [37]  R15     P1        63.13      76.91    16.30      8 mov    2415.35    0.0000    0.00%  100.00%
    [38]  R5      P1        63.13      84.38    17.44      8 mov    2603.75    0.0000    0.00%  100.00%
    [39]  R14     P1        63.13      84.13    18.86      8 mov    2743.25    0.0000    0.00%  100.00%
    [40]  R3      P1        63.13      87.95    18.94      8 mov    2789.85    0.0000    0.00%  100.00%
    [41]  R11     P1        63.13      92.23    19.25      8 mov    2863.15    0.0000    0.00%  100.00%
    [42]  R8      P1        63.13      78.60    23.59      8 mov    3161.05    0.0000    0.00%  100.00%
    [43]  R13     P1        63.13      84.52    25.58      8 mov    3419.35    0.0000    0.00%  100.00%
    [44]  R6      P1        63.13      80.41    31.57      8 mov    3977.45    0.0000    0.00%  100.00%
    draw=1.2157  →  (R15, P3) (rank 1) selected

  Assignment: R15 → P3  [44.98 → 58.75]  delay=0.00
    J15-1      [44.98 → 53.20]
    J15-2      [53.20 → 58.75]

  Assigned so far:
    ID      Pos       start    finish    delay
    ----------------------------------------
    R12     P1         8.13     13.91     0.00
    R7      P2         1.21     15.14     0.00
    R2      P3         0.00     15.20     0.00
    R4      P4         0.00     16.65     0.00
    R1      P5         0.00     18.30     0.00
    R16     P1        23.91     30.55     0.00
    R18     P2        25.14     33.21     0.00
    R20     P3        25.20     34.98     0.00
    R19     P5        28.30     37.49     0.00
    R10     P4        26.65     38.52     0.00
    R9      P1        40.55     53.13     0.37
    R15     P3        44.98     58.75     0.00

========================================================================
  STEP 13/20
========================================================================

  Pair evaluation  (40 pairs):
    Rank   ID      Pos     t_start   t_finish    delay   blocking      score    weight     P(%)   cum(%)
    ------------------------------------------------------------------------------------------------
    [ 0]  R14     P2        43.21      64.21     0.00      8 mov     658.09    1.0000   70.00%   70.00%
    [ 1]  R5      P2        43.21      64.45     0.00      8 mov     660.49    0.3000   21.00%   91.00%
    [ 2]  R17     P2        43.21      65.31     0.00      8 mov     669.09    0.0900    6.30%   97.30%
    [ 3]  R3      P2        43.21      68.03     0.00      8 mov     696.29    0.0270    1.89%   99.19%
    [ 4]  R17     P5        47.49      69.59     0.00     10 mov     715.90    0.0081    0.57%   99.76%
    [ 5]  R17     P4        48.52      70.62     0.00     10 mov     726.20    0.0024    0.17%   99.93%
    [ 6]  R11     P2        43.21      72.31     0.00      8 mov     739.09    0.0007    0.05%   99.98%
    [ 7]  R5      P5        47.49      68.73     1.80     10 mov     886.80    0.0002    0.02%   99.99%
    [ 8]  R8      P2        43.21      58.68     3.66      8 mov     969.19    0.0001    0.00%  100.00%
    [ 9]  R5      P4        48.52      69.76     2.82     10 mov    1000.10    0.0000    0.00%  100.00%
    [10]  R14     P5        47.49      68.49     3.21     10 mov    1026.30    0.0000    0.00%  100.00%
    [11]  R3      P5        47.49      72.31     3.30     10 mov    1072.90    0.0000    0.00%  100.00%
    [12]  R14     P4        48.52      69.52     4.24     10 mov    1139.60    0.0000    0.00%  100.00%
    [13]  R11     P5        47.49      76.59     3.60     10 mov    1146.20    0.0000    0.00%  100.00%
    [14]  R3      P4        48.52      73.34     4.33     10 mov    1186.20    0.0000    0.00%  100.00%
    [15]  R13     P2        43.21      64.59     5.66      8 mov    1227.49    0.0000    0.00%  100.00%
    [16]  R11     P4        48.52      77.62     4.63     10 mov    1259.50    0.0000    0.00%  100.00%
    [17]  R8      P5        47.49      62.96     7.95     10 mov    1444.10    0.0000    0.00%  100.00%
    [18]  R8      P4        48.52      63.99     8.97     10 mov    1557.40    0.0000    0.00%  100.00%
    [19]  R13     P5        47.49      68.87     9.94     10 mov    1702.40    0.0000    0.00%  100.00%
    [20]  R6      P2        43.21      60.49    11.65      8 mov    1785.59    0.0000    0.00%  100.00%
    [21]  R13     P4        48.52      69.90    10.97     10 mov    1815.70    0.0000    0.00%  100.00%
    [22]  R17     P1        63.13      85.23     9.52      8 mov    1820.25    0.0000    0.00%  100.00%
    [23]  R6      P5        47.49      64.77    15.93     10 mov    2260.50    0.0000    0.00%  100.00%
    [24]  R6      P4        48.52      65.80    16.96     10 mov    2373.80    0.0000    0.00%  100.00%
    [25]  R17     P3        68.75      90.85    15.13      8 mov    2437.90    0.0000    0.00%  100.00%
    [26]  R5      P1        63.13      84.38    17.44      8 mov    2603.75    0.0000    0.00%  100.00%
    [27]  R14     P1        63.13      84.13    18.86      8 mov    2743.25    0.0000    0.00%  100.00%
    [28]  R3      P1        63.13      87.95    18.94      8 mov    2789.85    0.0000    0.00%  100.00%
    [29]  R11     P1        63.13      92.23    19.25      8 mov    2863.15    0.0000    0.00%  100.00%
    [30]  R8      P1        63.13      78.60    23.59      8 mov    3161.05    0.0000    0.00%  100.00%
    [31]  R5      P3        68.75      89.99    23.06      8 mov    3221.40    0.0000    0.00%  100.00%
    [32]  R14     P3        68.75      89.75    24.47      8 mov    3360.90    0.0000    0.00%  100.00%
    [33]  R3      P3        68.75      93.57    24.56      8 mov    3407.50    0.0000    0.00%  100.00%
    [34]  R13     P1        63.13      84.52    25.58      8 mov    3419.35    0.0000    0.00%  100.00%
    [35]  R11     P3        68.75      97.85    24.86      8 mov    3480.80    0.0000    0.00%  100.00%
    [36]  R8      P3        68.75      84.22    29.20      8 mov    3778.70    0.0000    0.00%  100.00%
    [37]  R6      P1        63.13      80.41    31.57      8 mov    3977.45    0.0000    0.00%  100.00%
    [38]  R13     P3        68.75      90.13    31.20      8 mov    4037.00    0.0000    0.00%  100.00%
    [39]  R6      P3        68.75      86.03    37.19      8 mov    4595.10    0.0000    0.00%  100.00%
    draw=0.7203  →  (R14, P2) (rank 0) selected

  Assignment: R14 → P2  [43.21 → 64.21]  delay=0.00
    J14-1      [43.21 → 52.54]
    J14-2      [52.54 → 59.51]
    J14-3      [59.51 → 64.21]

  Assigned so far:
    ID      Pos       start    finish    delay
    ----------------------------------------
    R12     P1         8.13     13.91     0.00
    R7      P2         1.21     15.14     0.00
    R2      P3         0.00     15.20     0.00
    R4      P4         0.00     16.65     0.00
    R1      P5         0.00     18.30     0.00
    R16     P1        23.91     30.55     0.00
    R18     P2        25.14     33.21     0.00
    R20     P3        25.20     34.98     0.00
    R19     P5        28.30     37.49     0.00
    R10     P4        26.65     38.52     0.00
    R9      P1        40.55     53.13     0.37
    R15     P3        44.98     58.75     0.00
    R14     P2        43.21     64.21     0.00

========================================================================
  STEP 14/20
========================================================================

  Pair evaluation  (35 pairs):
    Rank   ID      Pos     t_start   t_finish    delay   blocking      score    weight     P(%)   cum(%)
    ------------------------------------------------------------------------------------------------
    [ 0]  R17     P5        47.49      69.59     0.00     10 mov     715.90    1.0000   70.00%   70.00%
    [ 1]  R17     P4        48.52      70.62     0.00     10 mov     726.20    0.3000   21.00%   91.00%
    [ 2]  R5      P5        47.49      68.73     1.80     10 mov     886.80    0.0900    6.30%   97.30%
    [ 3]  R5      P4        48.52      69.76     2.82     10 mov    1000.10    0.0270    1.89%   99.19%
    [ 4]  R3      P5        47.49      72.31     3.30     10 mov    1072.90    0.0081    0.57%   99.76%
    [ 5]  R11     P5        47.49      76.59     3.60     10 mov    1146.20    0.0024    0.17%   99.93%
    [ 6]  R3      P4        48.52      73.34     4.33     10 mov    1186.20    0.0007    0.05%   99.98%
    [ 7]  R11     P4        48.52      77.62     4.63     10 mov    1259.50    0.0002    0.02%   99.99%
    [ 8]  R8      P5        47.49      62.96     7.95     10 mov    1444.10    0.0001    0.00%  100.00%
    [ 9]  R8      P4        48.52      63.99     8.97     10 mov    1557.40    0.0000    0.00%  100.00%
    [10]  R13     P5        47.49      68.87     9.94     10 mov    1702.40    0.0000    0.00%  100.00%
    [11]  R13     P4        48.52      69.90    10.97     10 mov    1815.70    0.0000    0.00%  100.00%
    [12]  R17     P1        63.13      85.23     9.52      8 mov    1820.25    0.0000    0.00%  100.00%
    [13]  R6      P5        47.49      64.77    15.93     10 mov    2260.50    0.0000    0.00%  100.00%
    [14]  R6      P4        48.52      65.80    16.96     10 mov    2373.80    0.0000    0.00%  100.00%
    [15]  R17     P3        68.75      90.85    15.13      8 mov    2437.90    0.0000    0.00%  100.00%
    [16]  R5      P1        63.13      84.38    17.44      8 mov    2603.75    0.0000    0.00%  100.00%
    [17]  R3      P1        63.13      87.95    18.94      8 mov    2789.85    0.0000    0.00%  100.00%
    [18]  R11     P1        63.13      92.23    19.25      8 mov    2863.15    0.0000    0.00%  100.00%
    [19]  R17     P2        74.21      96.31    20.59      8 mov    3038.39    0.0000    0.00%  100.00%
    [20]  R8      P1        63.13      78.60    23.59      8 mov    3161.05    0.0000    0.00%  100.00%
    [21]  R5      P3        68.75      89.99    23.06      8 mov    3221.40    0.0000    0.00%  100.00%
    [22]  R3      P3        68.75      93.57    24.56      8 mov    3407.50    0.0000    0.00%  100.00%
    [23]  R13     P1        63.13      84.52    25.58      8 mov    3419.35    0.0000    0.00%  100.00%
    [24]  R11     P3        68.75      97.85    24.86      8 mov    3480.80    0.0000    0.00%  100.00%
    [25]  R8      P3        68.75      84.22    29.20      8 mov    3778.70    0.0000    0.00%  100.00%
    [26]  R5      P2        74.21      95.45    28.51      8 mov    3821.89    0.0000    0.00%  100.00%
    [27]  R6      P1        63.13      80.41    31.57      8 mov    3977.45    0.0000    0.00%  100.00%
    [28]  R3      P2        74.21      99.03    30.02      8 mov    4007.99    0.0000    0.00%  100.00%
    [29]  R13     P3        68.75      90.13    31.20      8 mov    4037.00    0.0000    0.00%  100.00%
    [30]  R11     P2        74.21     103.31    30.32      8 mov    4081.29    0.0000    0.00%  100.00%
    [31]  R8      P2        74.21      89.68    34.66      8 mov    4379.19    0.0000    0.00%  100.00%
    [32]  R6      P3        68.75      86.03    37.19      8 mov    4595.10    0.0000    0.00%  100.00%
    [33]  R13     P2        74.21      95.59    36.66      8 mov    4637.49    0.0000    0.00%  100.00%
    [34]  R6      P2        74.21      91.49    42.65      8 mov    5195.59    0.0000    0.00%  100.00%
    draw=1.4227  →  (R3, P5) (rank 4) selected
  start-time compare  R3 → P5:  t_imm=47.49 cost=1056.90 (2 new movs)  vs  t_nob=58.75 cost=2291.50

  Assignment: R3 → P5  [47.49 → 72.31]  delay=3.30
    J3-1       [47.49 → 54.42]
    J3-2       [54.42 → 63.58]
    J3-3       [63.58 → 72.31]

  Assigned so far:
    ID      Pos       start    finish    delay
    ----------------------------------------
    R12     P1         8.13     13.91     0.00
    R7      P2         1.21     15.14     0.00
    R2      P3         0.00     15.20     0.00
    R4      P4         0.00     16.65     0.00
    R1      P5         0.00     18.30     0.00
    R16     P1        23.91     30.55     0.00
    R18     P2        25.14     33.21     0.00
    R20     P3        25.20     34.98     0.00
    R19     P5        28.30     37.49     0.00
    R10     P4        26.65     38.52     0.00
    R9      P1        40.55     53.13     0.37
    R15     P3        44.98     58.75     0.00
    R14     P2        43.21     64.21     0.00
    R3      P5        47.49     72.31     3.30

========================================================================
  STEP 15/20
========================================================================

  Pair evaluation  (30 pairs):
    Rank   ID      Pos     t_start   t_finish    delay   blocking      score    weight     P(%)   cum(%)
    ------------------------------------------------------------------------------------------------
    [ 0]  R17     P4        48.52      70.62     0.00     12 mov     730.20    1.0000   70.00%   70.00%
    [ 1]  R5      P4        48.52      69.76     2.82     12 mov    1004.10    0.3000   21.00%   91.00%
    [ 2]  R11     P4        48.52      77.62     4.63     14 mov    1267.50    0.0900    6.30%   97.30%
    [ 3]  R8      P4        48.52      63.99     8.97     12 mov    1561.40    0.0270    1.89%   99.19%
    [ 4]  R13     P4        48.52      69.90    10.97     12 mov    1819.70    0.0081    0.57%   99.76%
    [ 5]  R17     P1        63.13      85.23     9.52     10 mov    1824.25    0.0024    0.17%   99.93%
    [ 6]  R6      P4        48.52      65.80    16.96     12 mov    2377.80    0.0007    0.05%   99.98%
    [ 7]  R17     P3        68.75      90.85    15.13     12 mov    2445.90    0.0002    0.02%   99.99%
    [ 8]  R5      P1        63.13      84.38    17.44     10 mov    2607.75    0.0001    0.00%  100.00%
    [ 9]  R11     P1        63.13      92.23    19.25     10 mov    2867.15    0.0000    0.00%  100.00%
    [10]  R17     P2        74.21      96.31    20.59     10 mov    3042.39    0.0000    0.00%  100.00%
    [11]  R8      P1        63.13      78.60    23.59     10 mov    3165.05    0.0000    0.00%  100.00%
    [12]  R5      P3        68.75      89.99    23.06     12 mov    3229.40    0.0000    0.00%  100.00%
    [13]  R13     P1        63.13      84.52    25.58     10 mov    3423.35    0.0000    0.00%  100.00%
    [14]  R11     P3        68.75      97.85    24.86     12 mov    3488.80    0.0000    0.00%  100.00%
    [15]  R8      P3        68.75      84.22    29.20     12 mov    3786.70    0.0000    0.00%  100.00%
    [16]  R5      P2        74.21      95.45    28.51     10 mov    3825.89    0.0000    0.00%  100.00%
    [17]  R17     P5        82.31     104.41    28.69     10 mov    3933.50    0.0000    0.00%  100.00%
    [18]  R6      P1        63.13      80.41    31.57     10 mov    3981.45    0.0000    0.00%  100.00%
    [19]  R13     P3        68.75      90.13    31.20     12 mov    4045.00    0.0000    0.00%  100.00%
    [20]  R11     P2        74.21     103.31    30.32     10 mov    4085.29    0.0000    0.00%  100.00%
    [21]  R8      P2        74.21      89.68    34.66     10 mov    4383.19    0.0000    0.00%  100.00%
    [22]  R6      P3        68.75      86.03    37.19     12 mov    4603.10    0.0000    0.00%  100.00%
    [23]  R13     P2        74.21      95.59    36.66     10 mov    4641.49    0.0000    0.00%  100.00%
    [24]  R5      P5        82.31     103.55    36.62     10 mov    4717.00    0.0000    0.00%  100.00%
    [25]  R11     P5        82.31     111.41    38.42     10 mov    4976.40    0.0000    0.00%  100.00%
    [26]  R6      P2        74.21      91.49    42.65     10 mov    5199.59    0.0000    0.00%  100.00%
    [27]  R8      P5        82.31      97.78    42.77     10 mov    5274.30    0.0000    0.00%  100.00%
    [28]  R13     P5        82.31     103.69    44.76     10 mov    5532.60    0.0000    0.00%  100.00%
    [29]  R6      P5        82.31      99.59    50.75     10 mov    6090.70    0.0000    0.00%  100.00%
    draw=1.2359  →  (R5, P4) (rank 1) selected
  start-time compare  R5 → P4:  t_imm=48.52 cost=984.10 (2 new movs)  vs  t_nob=72.31 cost=3597.00

  Assignment: R5 → P4  [48.52 → 69.76]  delay=2.83
    J5-1       [48.52 → 55.05]
    J5-2       [55.05 → 62.72]
    J5-3       [62.72 → 69.76]

  Assigned so far:
    ID      Pos       start    finish    delay
    ----------------------------------------
    R12     P1         8.13     13.91     0.00
    R7      P2         1.21     15.14     0.00
    R2      P3         0.00     15.20     0.00
    R4      P4         0.00     16.65     0.00
    R1      P5         0.00     18.30     0.00
    R16     P1        23.91     30.55     0.00
    R18     P2        25.14     33.21     0.00
    R20     P3        25.20     34.98     0.00
    R19     P5        28.30     37.49     0.00
    R10     P4        26.65     38.52     0.00
    R9      P1        40.55     53.13     0.37
    R15     P3        44.98     58.75     0.00
    R14     P2        43.21     64.21     0.00
    R3      P5        47.49     72.31     3.30
    R5      P4        48.52     69.76     2.83

========================================================================
  STEP 16/20
========================================================================

  Pair evaluation  (25 pairs):
    Rank   ID      Pos     t_start   t_finish    delay   blocking      score    weight     P(%)   cum(%)
    ------------------------------------------------------------------------------------------------
    [ 0]  R17     P1        63.13      85.23     9.52     12 mov    1828.25    1.0000   70.00%   70.00%
    [ 1]  R17     P3        68.75      90.85    15.13     16 mov    2453.90    0.3000   21.00%   91.00%
    [ 2]  R11     P1        63.13      92.23    19.25     12 mov    2871.15    0.0900    6.30%   97.30%
    [ 3]  R17     P2        74.21      96.31    20.59     12 mov    3046.39    0.0270    1.89%   99.19%
    [ 4]  R8      P1        63.13      78.60    23.59     12 mov    3169.05    0.0081    0.57%   99.76%
    [ 5]  R13     P1        63.13      84.52    25.58     12 mov    3427.35    0.0024    0.17%   99.93%
    [ 6]  R11     P3        68.75      97.85    24.86     16 mov    3496.80    0.0007    0.05%   99.98%
    [ 7]  R17     P4        79.76     101.86    26.14     12 mov    3657.00    0.0002    0.02%   99.99%
    [ 8]  R8      P3        68.75      84.22    29.20     16 mov    3794.70    0.0001    0.00%  100.00%
    [ 9]  R17     P5        82.31     104.41    28.69     12 mov    3937.50    0.0000    0.00%  100.00%
    [10]  R6      P1        63.13      80.41    31.57     12 mov    3985.45    0.0000    0.00%  100.00%
    [11]  R13     P3        68.75      90.13    31.20     16 mov    4053.00    0.0000    0.00%  100.00%
    [12]  R11     P2        74.21     103.31    30.32     12 mov    4089.29    0.0000    0.00%  100.00%
    [13]  R8      P2        74.21      89.68    34.66     12 mov    4387.19    0.0000    0.00%  100.00%
    [14]  R6      P3        68.75      86.03    37.19     16 mov    4611.10    0.0000    0.00%  100.00%
    [15]  R13     P2        74.21      95.59    36.66     12 mov    4645.49    0.0000    0.00%  100.00%
    [16]  R11     P4        79.76     108.86    35.87     12 mov    4699.90    0.0000    0.00%  100.00%
    [17]  R11     P5        82.31     111.41    38.42     12 mov    4980.40    0.0000    0.00%  100.00%
    [18]  R8      P4        79.76      95.23    40.22     12 mov    4997.80    0.0000    0.00%  100.00%
    [19]  R6      P2        74.21      91.49    42.65     12 mov    5203.59    0.0000    0.00%  100.00%
    [20]  R13     P4        79.76     101.14    42.21     12 mov    5256.10    0.0000    0.00%  100.00%
    [21]  R8      P5        82.31      97.78    42.77     12 mov    5278.30    0.0000    0.00%  100.00%
    [22]  R13     P5        82.31     103.69    44.76     12 mov    5536.60    0.0000    0.00%  100.00%
    [23]  R6      P4        79.76      97.04    48.20     12 mov    5814.20    0.0000    0.00%  100.00%
    [24]  R6      P5        82.31      99.59    50.75     12 mov    6094.70    0.0000    0.00%  100.00%
    draw=1.0371  →  (R17, P3) (rank 1) selected
  start-time compare  R17 → P3:  t_imm=68.75 cost=2429.90 (4 new movs)  vs  t_nob=72.31 cost=2813.50

  Assignment: R17 → P3  [68.75 → 90.85]  delay=15.13
    J17-1      [68.75 → 74.86]
    J17-2      [74.86 → 82.66]
    J17-3      [82.66 → 90.85]

  Assigned so far:
    ID      Pos       start    finish    delay
    ----------------------------------------
    R12     P1         8.13     13.91     0.00
    R7      P2         1.21     15.14     0.00
    R2      P3         0.00     15.20     0.00
    R4      P4         0.00     16.65     0.00
    R1      P5         0.00     18.30     0.00
    R16     P1        23.91     30.55     0.00
    R18     P2        25.14     33.21     0.00
    R20     P3        25.20     34.98     0.00
    R19     P5        28.30     37.49     0.00
    R10     P4        26.65     38.52     0.00
    R9      P1        40.55     53.13     0.37
    R15     P3        44.98     58.75     0.00
    R14     P2        43.21     64.21     0.00
    R3      P5        47.49     72.31     3.30
    R5      P4        48.52     69.76     2.83
    R17     P3        68.75     90.85    15.13

========================================================================
  STEP 17/20
========================================================================

  Pair evaluation  (20 pairs):
    Rank   ID      Pos     t_start   t_finish    delay   blocking      score    weight     P(%)   cum(%)
    ------------------------------------------------------------------------------------------------
    [ 0]  R11     P1        63.13      92.23    19.25     16 mov    2879.15    1.0000   70.00%   70.00%
    [ 1]  R8      P1        63.13      78.60    23.59     16 mov    3177.05    0.3000   21.00%   91.00%
    [ 2]  R13     P1        63.13      84.52    25.58     16 mov    3435.35    0.0900    6.30%   97.30%
    [ 3]  R6      P1        63.13      80.41    31.57     16 mov    3993.45    0.0270    1.89%   99.19%
    [ 4]  R11     P2        74.21     103.31    30.32     16 mov    4097.29    0.0081    0.57%   99.76%
    [ 5]  R8      P2        74.21      89.68    34.66     16 mov    4395.19    0.0024    0.17%   99.93%
    [ 6]  R13     P2        74.21      95.59    36.66     16 mov    4653.49    0.0007    0.05%   99.98%
    [ 7]  R11     P4        79.76     108.86    35.87     18 mov    4711.90    0.0002    0.02%   99.99%
    [ 8]  R11     P5        82.31     111.41    38.42     18 mov    4992.40    0.0001    0.00%  100.00%
    [ 9]  R8      P4        79.76      95.23    40.22     18 mov    5009.80    0.0000    0.00%  100.00%
    [10]  R6      P2        74.21      91.49    42.65     16 mov    5211.59    0.0000    0.00%  100.00%
    [11]  R13     P4        79.76     101.14    42.21     18 mov    5268.10    0.0000    0.00%  100.00%
    [12]  R8      P5        82.31      97.78    42.77     18 mov    5290.30    0.0000    0.00%  100.00%
    [13]  R13     P5        82.31     103.69    44.76     18 mov    5548.60    0.0000    0.00%  100.00%
    [14]  R6      P4        79.76      97.04    48.20     18 mov    5826.20    0.0000    0.00%  100.00%
    [15]  R6      P5        82.31      99.59    50.75     18 mov    6106.70    0.0000    0.00%  100.00%
    [16]  R11     P3       100.85     129.95    56.96     16 mov    7027.80    0.0000    0.00%  100.00%
    [17]  R8      P3       100.85     116.32    61.30     16 mov    7325.70    0.0000    0.00%  100.00%
    [18]  R13     P3       100.85     122.23    63.30     16 mov    7584.00    0.0000    0.00%  100.00%
    [19]  R6      P3       100.85     118.13    69.29     16 mov    8142.10    0.0000    0.00%  100.00%
    draw=0.0897  →  (R11, P1) (rank 0) selected

  Assignment: R11 → P1  [63.13 → 92.23]  delay=19.25
    J11-1      [63.13 → 71.56]
    J11-2      [71.56 → 80.00]
    J11-3      [80.00 → 92.23]

  Assigned so far:
    ID      Pos       start    finish    delay
    ----------------------------------------
    R12     P1         8.13     13.91     0.00
    R7      P2         1.21     15.14     0.00
    R2      P3         0.00     15.20     0.00
    R4      P4         0.00     16.65     0.00
    R1      P5         0.00     18.30     0.00
    R16     P1        23.91     30.55     0.00
    R18     P2        25.14     33.21     0.00
    R20     P3        25.20     34.98     0.00
    R19     P5        28.30     37.49     0.00
    R10     P4        26.65     38.52     0.00
    R9      P1        40.55     53.13     0.37
    R15     P3        44.98     58.75     0.00
    R14     P2        43.21     64.21     0.00
    R3      P5        47.49     72.31     3.30
    R5      P4        48.52     69.76     2.83
    R17     P3        68.75     90.85    15.13
    R11     P1        63.13     92.23    19.25

========================================================================
  STEP 18/20
========================================================================

  Pair evaluation  (15 pairs):
    Rank   ID      Pos     t_start   t_finish    delay   blocking      score    weight     P(%)   cum(%)
    ------------------------------------------------------------------------------------------------
    [ 0]  R8      P2        74.21      89.68    34.66     16 mov    4395.19    1.0000   70.00%   70.00%
    [ 1]  R13     P2        74.21      95.59    36.66     16 mov    4653.49    0.3000   21.00%   91.00%
    [ 2]  R8      P4        79.76      95.23    40.22     18 mov    5009.80    0.0900    6.30%   97.30%
    [ 3]  R6      P2        74.21      91.49    42.65     16 mov    5211.59    0.0270    1.89%   99.19%
    [ 4]  R13     P4        79.76     101.14    42.21     18 mov    5268.10    0.0081    0.57%   99.76%
    [ 5]  R8      P5        82.31      97.78    42.77     18 mov    5290.30    0.0024    0.17%   99.93%
    [ 6]  R13     P5        82.31     103.69    44.76     18 mov    5548.60    0.0007    0.05%   99.98%
    [ 7]  R6      P4        79.76      97.04    48.20     18 mov    5826.20    0.0002    0.02%   99.99%
    [ 8]  R6      P5        82.31      99.59    50.75     18 mov    6106.70    0.0001    0.00%  100.00%
    [ 9]  R8      P3       100.85     116.32    61.30     16 mov    7325.70    0.0000    0.00%  100.00%
    [10]  R8      P1       102.23     117.70    62.69     16 mov    7478.05    0.0000    0.00%  100.00%
    [11]  R13     P3       100.85     122.23    63.30     16 mov    7584.00    0.0000    0.00%  100.00%
    [12]  R13     P1       102.23     123.61    64.68     16 mov    7736.35    0.0000    0.00%  100.00%
    [13]  R6      P3       100.85     118.13    69.29     16 mov    8142.10    0.0000    0.00%  100.00%
    [14]  R6      P1       102.23     119.52    70.67     16 mov    8294.45    0.0000    0.00%  100.00%
    draw=1.3264  →  (R8, P4) (rank 2) selected
  start-time compare  R8 → P4:  t_imm=79.76 cost=4977.80 (2 new movs)  vs  t_nob=90.85 cost=6193.70

  Assignment: R8 → P4  [79.76 → 95.23]  delay=40.22
    J8-1       [79.76 → 87.78]
    J8-2       [87.78 → 95.23]

  Assigned so far:
    ID      Pos       start    finish    delay
    ----------------------------------------
    R12     P1         8.13     13.91     0.00
    R7      P2         1.21     15.14     0.00
    R2      P3         0.00     15.20     0.00
    R4      P4         0.00     16.65     0.00
    R1      P5         0.00     18.30     0.00
    R16     P1        23.91     30.55     0.00
    R18     P2        25.14     33.21     0.00
    R20     P3        25.20     34.98     0.00
    R19     P5        28.30     37.49     0.00
    R10     P4        26.65     38.52     0.00
    R9      P1        40.55     53.13     0.37
    R15     P3        44.98     58.75     0.00
    R14     P2        43.21     64.21     0.00
    R3      P5        47.49     72.31     3.30
    R5      P4        48.52     69.76     2.83
    R17     P3        68.75     90.85    15.13
    R11     P1        63.13     92.23    19.25
    R8      P4        79.76     95.23    40.22

========================================================================
  STEP 19/20
========================================================================

  Pair evaluation  (10 pairs):
    Rank   ID      Pos     t_start   t_finish    delay   blocking      score    weight     P(%)   cum(%)
    ------------------------------------------------------------------------------------------------
    [ 0]  R13     P2        74.21      95.59    36.66     18 mov    4657.49    1.0000   70.00%   70.00%
    [ 1]  R6      P2        74.21      91.49    42.65     18 mov    5215.59    0.3000   21.00%   91.00%
    [ 2]  R13     P5        82.31     103.69    44.76     22 mov    5556.60    0.0900    6.30%   97.30%
    [ 3]  R6      P5        82.31      99.59    50.75     22 mov    6114.70    0.0270    1.89%   99.19%
    [ 4]  R13     P3       100.85     122.23    63.30     18 mov    7588.00    0.0081    0.57%   99.76%
    [ 5]  R13     P1       102.23     123.61    64.68     18 mov    7740.35    0.0024    0.17%   99.93%
    [ 6]  R13     P4       105.23     126.61    67.68     18 mov    8069.80    0.0007    0.05%   99.98%
    [ 7]  R6      P3       100.85     118.13    69.29     18 mov    8146.10    0.0002    0.02%   99.99%
    [ 8]  R6      P1       102.23     119.52    70.67     18 mov    8298.45    0.0001    0.00%  100.00%
    [ 9]  R6      P4       105.23     122.51    73.67     18 mov    8627.90    0.0000    0.00%  100.00%
    draw=0.1028  →  (R13, P2) (rank 0) selected

  Assignment: R13 → P2  [74.21 → 95.59]  delay=36.66
    J13-1      [74.21 → 86.30]
    J13-2      [86.30 → 95.59]

  Assigned so far:
    ID      Pos       start    finish    delay
    ----------------------------------------
    R12     P1         8.13     13.91     0.00
    R7      P2         1.21     15.14     0.00
    R2      P3         0.00     15.20     0.00
    R4      P4         0.00     16.65     0.00
    R1      P5         0.00     18.30     0.00
    R16     P1        23.91     30.55     0.00
    R18     P2        25.14     33.21     0.00
    R20     P3        25.20     34.98     0.00
    R19     P5        28.30     37.49     0.00
    R10     P4        26.65     38.52     0.00
    R9      P1        40.55     53.13     0.37
    R15     P3        44.98     58.75     0.00
    R14     P2        43.21     64.21     0.00
    R3      P5        47.49     72.31     3.30
    R5      P4        48.52     69.76     2.83
    R17     P3        68.75     90.85    15.13
    R11     P1        63.13     92.23    19.25
    R8      P4        79.76     95.23    40.22
    R13     P2        74.21     95.59    36.66

========================================================================
  STEP 20/20
========================================================================

  Pair evaluation  (5 pairs):
    Rank   ID      Pos     t_start   t_finish    delay   blocking      score    weight     P(%)   cum(%)
    ------------------------------------------------------------------------------------------------
    [ 0]  R6      P5        82.31      99.59    50.75     22 mov    6114.70    1.0000   70.17%   70.17%
    [ 1]  R6      P3       100.85     118.13    69.29     18 mov    8146.10    0.3000   21.05%   91.22%
    [ 2]  R6      P1       102.23     119.52    70.67     18 mov    8298.45    0.0900    6.32%   97.54%
    [ 3]  R6      P4       105.23     122.51    73.67     18 mov    8627.90    0.0270    1.89%   99.43%
    [ 4]  R6      P2       105.59     122.87    74.03     18 mov    8667.39    0.0081    0.57%  100.00%
    draw=0.7574  →  (R6, P5) (rank 0) selected
  start-time compare  R6 → P5:  t_imm=82.31 cost=6078.70 (4 new movs)  vs  t_nob=95.23 cost=7491.90

  Assignment: R6 → P5  [82.31 → 99.59]  delay=50.75
    J6-1       [82.31 → 91.51]
    J6-2       [91.51 → 99.59]

  Assigned so far:
    ID      Pos       start    finish    delay
    ----------------------------------------
    R12     P1         8.13     13.91     0.00
    R7      P2         1.21     15.14     0.00
    R2      P3         0.00     15.20     0.00
    R4      P4         0.00     16.65     0.00
    R1      P5         0.00     18.30     0.00
    R16     P1        23.91     30.55     0.00
    R18     P2        25.14     33.21     0.00
    R20     P3        25.20     34.98     0.00
    R19     P5        28.30     37.49     0.00
    R10     P4        26.65     38.52     0.00
    R9      P1        40.55     53.13     0.37
    R15     P3        44.98     58.75     0.00
    R14     P2        43.21     64.21     0.00
    R3      P5        47.49     72.31     3.30
    R5      P4        48.52     69.76     2.83
    R17     P3        68.75     90.85    15.13
    R11     P1        63.13     92.23    19.25
    R8      P4        79.76     95.23    40.22
    R13     P2        74.21     95.59    36.66
    R6      P5        82.31     99.59    50.75

========================================================================
  Iteration result:  makespan=99.59  movements=22  delay=168.50
========================================================================

========================================================================
  Local search start  obj=17867.60
========================================================================
  Local search end    obj=17867.60

────────────────────────────────────────────────────────────────────────
  Iteration history
────────────────────────────────────────────────────────────────────────
      Iter   Time(s)           Obj    Makespan       Delay    Mov
  ------------------------------------------------------------
         1      0.00      22392.29      116.96      212.03     20  *
         2      0.10      20136.00      102.27      190.93     20  *
         3      0.21      19962.00       99.30      189.43     26  *
         4      0.32      19963.90      101.56      189.28     20
         5      0.48      21271.99      114.08      201.13     18
         6      0.67      21435.40       98.78      204.26     22
         7      0.87      19810.94      103.18      187.51     28  *
         8      1.05      19765.60      102.63      187.19     20  *
         9      1.21      21902.10      118.38      207.04     14
        10      1.36      20238.65      104.19      191.83     14
        11      1.49      23640.50      121.21      224.08     20
        12      1.63      19255.10      105.62      181.77     22  *
        13      1.77      23024.83      102.08      219.82     22
        14      1.91      19327.10      111.37      181.87     26
        15      2.14      21625.64      101.23      205.91     22
        16      2.37      19448.70      109.34      183.31     24
        17      2.54      21560.84      102.30      205.18     20
        18      2.70      18546.70      102.55      174.97     24  *
        19      2.96      21209.80      106.91      201.19     22
        20      3.09      20134.00      102.27      190.93     18
        21      3.22      19736.00      111.50      185.99     22
        22      3.34      19979.39      103.31      189.28     18
        23      3.45      18413.10       99.91      173.90     24  *
        24      3.56      19142.80      102.63      180.93     24
        25      3.67      19956.40      104.28      188.90     24
        26      3.78      20713.79      105.41      196.46     14
        27      3.90      20343.05      102.38      192.99     20
        28      4.01      18314.80      100.46      172.88     22  *
        29      4.12      22894.05      115.31      217.17     24
        30      4.24      20247.70       97.60      192.50     22
        31      4.35      24896.01      116.20      237.08     26
        32      4.47      18239.30      101.56      172.02     22  *
        33      4.57      20282.05      115.23      191.10     20
        34      4.68      21428.60      104.72      203.49     32
        35      4.79      21648.15      113.09      204.97     20
        36      4.93      20611.25      100.64      195.83     22
        37      5.17      22524.25      108.08      214.25     18
        38      5.32      20003.55      114.52      188.40     18
        39      5.57      22255.04      106.58      211.61     28
        40      5.90      20355.40      102.27      193.09     24
        41      6.09      22664.55      102.08      216.22     22
        42      6.24      20478.30      109.00      193.56     32
        43      6.40      20835.20      108.45      197.23     28
        44      6.56      19765.60      102.63      187.19     20
        45      6.70      18392.60      107.27      172.98     22
        46      6.89      22124.05      112.97      209.78     16
        47      7.08      19860.19      103.31      188.01     26
        48      7.27      23026.95      119.81      218.09     20
        49      7.44      20427.30      104.90      193.56     22
        50      7.65      23466.15      120.52      222.41     20
        51      7.85      18913.50      103.09      178.61     22
        52      8.02      21841.79      114.32      206.79     20
        53      8.15      22199.75      124.80      209.36     16
        54      8.26      21561.80      103.24      205.09     20
        55      8.38      21787.49      117.84      205.93     16
        56      8.49      20314.00      103.87      192.53     22
        57      8.61      23464.09      121.29      222.31     20
        58      8.72      20469.60      109.00      193.62     18
        59      8.84      21792.04      105.22      207.08     32
        60      8.96      20170.50      105.32      190.93     24
        61      9.12      22258.84      109.50      211.36     28
        62      9.25      18996.79      104.41      179.29     24
        63      9.37      20769.05      104.19      197.09     18
        64      9.49      20670.60      106.55      195.79     26
        65      9.62      19004.80      107.09      179.14     20
        66      9.78      19956.50      100.62      189.28     22
        67      9.95      19911.80      100.55      188.84     22
        68     10.09      22320.15      115.73      211.45     18
        69     10.21      21495.50      114.14      203.38     16
        70     10.34      23337.40      119.40      221.25     18
        71     10.47      21151.20      122.93      199.08     14
        72     10.61      21328.99      114.08      201.72     16
        73     10.74      20828.20      106.55      197.37     26
        74     10.85      21731.40      103.83      206.65     28
        75     10.97      19631.35      110.69      185.10     14
        76     11.09      22985.99      107.44      218.92     20
        77     11.20      19367.40      102.27      183.23     22
        78     11.32      22047.84      107.60      209.46     26
        79     11.48      20274.50      107.83      191.78     18
        80     11.63      18449.30      102.04      174.09     20
        81     11.78      21621.30      105.59      205.39     26
        82     11.93      21677.20      105.59      205.91     30
        83     12.14      19174.90       99.33      181.64     18
        84     12.49      20200.20      101.14      191.67     22
        85     12.92      20548.90      105.32      194.70     26
        86     13.27      22206.24      107.60      211.02     28
        87     13.45      19738.39      109.73      186.25     16
        88     13.58      21987.35      108.08      208.88     18
        89     13.71      18275.50      100.46      172.51     20
        90     13.88      20374.40      107.91      192.71     24
        91     14.04      18361.50       97.46      173.67     20
        92     14.19      23867.69      119.10      226.57     20
        93     14.40      23509.40      120.85      222.85     16
        94     14.54      22451.99      109.73      213.31     24
        95     14.69      25484.24      109.50      243.67     22
        96     14.83      21389.80      101.64      203.49     24
        97     14.97      19831.30      105.46      187.51     26
        98     15.14      21591.30      115.50      204.16     20
        99     15.28      18615.10       99.17      176.05     18
       100     15.44      18652.09       96.69      176.63     22
       101     15.62      18354.70      108.18      172.51     22
       102     15.78      20314.75      117.70      191.20     18
       103     15.92      18108.60      100.27      170.86     20  *
       104     16.09      20344.65      104.19      192.85     18
       105     16.25      20702.13      118.67      194.87     28
       106     16.40      20746.40      109.57      196.29     22
       107     16.57      21579.04      103.32      205.18     28
       108     16.72      20385.24      103.34      193.28     24
       109     16.86      20140.00      102.27      190.93     24
       110     16.99      20213.10      102.63      191.67     20
       111     17.16      20134.00      102.27      190.93     18
       112     17.35      21999.44      105.22      209.23     24
       113     17.52      20219.15      119.33      190.10     16
       114     17.66      20481.29      105.41      194.07     20
       115     17.81      21916.40      105.92      208.35     22
       116     17.94      19484.59      107.83      183.88     18
       117     18.07      20535.09      105.41      194.65     16
       118     18.27      21389.34      101.59      203.49     24
       119     18.42      23893.30      101.18      228.59     22
       120     18.58      18510.40       99.32      174.97     20
       121     18.73      23716.05      117.44      225.22     20
       122     18.88      23317.69      118.66      221.09     22
       123     19.01      22312.84      106.58      212.19     28
       124     19.16      23498.05      121.72      222.63     18
       125     19.31      20746.70      104.90      196.78     20
       126     19.47      20427.30      104.90      193.56     22
       127     19.61      21018.25      116.98      198.30     18
       128     19.76      19971.20      101.56      189.34     22
       129     19.89      20084.80      117.26      188.94     18
       130     20.07      19669.85      110.94      185.43     18
       131     20.27      21648.54      103.32      205.91     24
       132     20.49      20043.10      109.28      189.28     22
       133     20.68      18410.10       99.41      173.90     26
       134     20.87      21282.25      100.64      202.50     26
       135     21.23      20176.65      106.39      190.95     18
       136     21.45      18396.39      103.31      173.39     24
       137     21.63      20278.36      100.88      192.48     22
       138     21.80      22097.01      104.45      210.28     24
       139     21.97      20138.00      102.27      190.93     22
       140     22.13      18607.10      105.32      175.32     22
       141     22.31      23413.75      116.75      222.24     22
       142     22.49      19945.10      104.28      188.84     18
       143     22.67      21487.30      115.50      203.14     18
       144     22.82      21168.44      100.60      201.40     22
       145     22.98      21908.10      118.38      207.04     20
       146     23.12      21379.60      100.62      203.49     24
       147     23.28      21308.30      104.17      202.43     24
       148     23.42      19919.10      100.55      188.90     24
       149     23.55      26325.31      122.22      250.77     26
       150     23.69      20743.69      103.55      196.92     16
       151     23.82      20608.80      106.55      195.21     22
       152     23.99      21646.54      103.32      205.91     22
       153     24.15      20140.00      102.27      190.93     24
       154     24.31      21784.04      105.22      207.08     24
       155     24.48      20347.00      104.17      192.83     22
       156     24.63      19956.50      100.62      189.28     22
       157     24.75      21686.50      103.83      206.26     22
       158     24.88      20238.80      106.37      191.51     24
       159     25.01      20659.20      110.65      195.33     20
       160     25.13      18459.20      102.72      174.08     24
       161     25.25      21689.95      116.42      205.08     18
       162     25.37      20425.30      104.90      193.56     20
       163     25.50      21155.60      103.37      201.02     20
       164     25.63      19613.59      106.85      185.25     20
       165     25.77      18359.20      100.90      173.32     18
       166     25.92      20049.60      100.18      190.22     26
       167     26.06      21633.19      125.09      203.62     20
       168     26.19      19178.76      100.50      181.50     24
       169     26.32      18005.20      100.27      169.78     24  *
       170     26.45      23391.05      119.81      221.67     26
       171     26.60      22361.84      109.50      212.43     24
       172     26.75      21815.25      121.64      205.79     20
       173     26.88      20364.19      103.55      193.09     20
       174     27.02      20608.80      106.55      195.21     22
       175     27.15      21671.69      109.51      205.59     18
       176     27.30      22117.40      114.38      209.56     18
       177     27.46      18744.00      101.18      177.14     18
       178     27.60      18599.50      103.51      175.46     18
       179     27.74      22399.25      120.69      211.74     18
       180     27.88      21295.10      101.93      202.50     26
       181     28.07      21577.04      103.32      205.18     26
       182     28.28      21747.45      120.52      205.22     20
       183     28.48      20195.60      107.63      190.93     26
       184     28.66      20252.50      106.37      191.67     22
       185     28.87      18402.60      100.97      173.67     26
       186     29.06      20351.40      102.27      193.09     20
       187     29.23      20665.00      100.18      196.39     24
       188     29.39      21746.99      114.08      205.90     16
       189     29.54      18619.10       99.17      176.05     22
       190     29.70      21786.41      103.27      207.26     28
       191     29.90      19734.80       99.55      187.19     20
       192     30.07      21383.80      101.64      203.49     18
       193     30.23      21142.71      107.37      200.45     24
       194     30.44      21784.04      105.22      207.08     24
       195     30.63      20343.00      104.17      192.83     18
       196     30.79      20293.20      102.55      192.50     18
       197     30.94      18378.40       99.91      173.55     24
       198     31.10      20808.80      108.35      197.01     24
       199     31.24      21654.20      116.09      204.75     18
       200     31.43      23984.79      125.25      227.10     22
       201     31.59      20492.00      105.47      194.13     24
       202     31.76      21617.44      100.21      205.91     24
       203     31.94      20177.00      106.37      190.93     20
       204     32.12      20273.90      100.62      192.50     18
       205     32.30      22434.85      102.08      213.96     18
       206     32.56      19995.50      104.72      189.28     20
       207     32.74      21600.10      104.49      205.29     26
       208     32.94      21970.31      104.29      209.01     26
       209     33.13      20138.00      102.27      190.93     22
       210     33.31      20121.90      100.46      190.93     24
       211     33.49      21486.45      114.56      203.23     18
       212     33.65      19089.70      102.05      180.45     24
       213     33.81      22263.24      107.60      211.61     26
       214     33.97      21040.85      102.33      199.92     26
       215     34.13      19999.50      104.72      189.28     24
       216     34.29      19014.40      106.37      179.29     22
       217     34.45      18620.60      101.56      175.83     22
       218     34.66      18524.70       99.55      175.05     24
       219     34.87      20327.95      113.42      191.76     18
       220     35.06      20137.65      102.28      190.95     20
       221     35.22      20217.20      103.65      191.59     22
       222     35.38      20362.19      103.55      193.09     18
       223     35.53      21754.50      102.81      207.02     24
       224     35.67      20918.79      105.41      198.39     26
       225     35.81      21764.74      101.64      207.22     26
       226     35.96      18112.40      100.45      170.86     22
       227     36.13      19902.65      118.61      186.99     18
       228     36.30      20144.00      102.27      190.93     28
       229     36.49      21751.79      116.96      205.62     20
       230     36.68      21797.44      105.22      207.19     26
       231     36.88      20290.40      102.27      192.50     18
       232     37.07      20483.10      104.90      194.14     20
       233     37.36      18503.70       98.45      174.97     22
       234     37.60      20684.30      106.55      195.95     24
       235     37.85      21999.44      105.22      209.23     24
       236     38.06      19812.25      102.08      187.63     28
       237     38.23      20610.80      106.55      195.21     24
       238     38.39      21981.31      103.27      209.27     22
       239     38.55      22242.34      105.51      211.61     26
       240     38.72      22480.60      126.09      211.96     24
       241     38.89      20150.39      103.31      190.93     24
       242     39.03      21067.39      103.31      200.14     20
       243     39.18      21426.90      103.37      203.67     26
       244     39.40      22360.00      106.78      212.72     20
       245     39.65      18558.40      100.45      175.32     22
       246     39.86      21209.10      123.42      199.57     18
       247     40.03      20610.80      106.55      195.21     24
       248     40.24      19954.50      100.62      189.28     20
       249     40.41      22878.70      126.60      215.97     16
       250     40.58      20011.70      100.59      189.88     18
       251     40.74      24488.90      124.44      232.22     22
       252     40.88      19547.60      105.59      184.68     24
       253     41.08      20136.00      102.27      190.93     20
       254     41.23      18941.60      104.73      178.70     24
       255     41.39      21473.99      118.18      202.74     18
       256     41.56      21575.04      103.32      205.18     24
       257     41.72      21792.30      100.90      207.63     20
       258     41.89      23172.89      116.96      219.83     20
       259     42.07      22576.99      115.10      214.00     26
       260     42.25      18164.40      100.27      171.44     18
       261     42.43      22240.71      107.55      211.39     26
       262     42.60      18762.00      102.27      177.13     26
       263     42.74      21629.70      101.64      205.91     22
       264     42.89      23360.33      117.43      221.62     24
       265     43.06      21621.19      115.52      204.48     18
       266     43.23      21599.24      107.60      204.99     24
       267     43.40      20252.80      100.62      192.25     22
       268     43.57      21592.60      102.52      205.39     28
       269     43.70      20481.29      105.41      194.07     20
       270     43.83      19732.80       99.55      187.19     18
       271     43.97      18769.40      102.27      177.25     22
       272     44.09      21335.90      106.37      202.56     16
       273     44.21      23313.59      119.10      221.01     22
       274     44.37      21384.45      109.27      202.78     14
       275     44.50      18411.20      102.79      173.55     28
       276     44.62      20608.00      102.00      195.60     28
       277     44.75      18584.60      103.27      175.32     20
       278     44.88      21632.84      103.32      205.76     24
       279     45.00      20134.00      102.27      190.93     18
       280     45.15      20560.40      104.17      194.99     20
       281     45.32      20134.00      102.27      190.93     18
       282     45.46      17965.60      100.27      169.41     22  *
       283     45.59      18470.90       99.91      174.48     24
       284     45.71      20349.40      102.27      193.09     18
       285     45.84      21568.84      102.30      205.18     28
       286     45.97      21652.20      116.09      204.75     16
       287     46.11      23317.69      118.66      221.09     22
       288     46.24      21394.80      102.99      203.39     26
       289     46.38      21812.20      114.14      206.53     18
       290     46.56      18379.70       99.91      173.61     20
       291     46.69      19156.95      105.89      180.80     18
       292     46.83      22241.85      114.52      210.73     24
       293     46.96      21891.10      118.14      206.92     18
       294     47.11      23139.95      115.31      219.59     28
       295     47.28      21168.44      100.60      201.40     22
       296     47.48      21471.99      118.18      202.74     16
       297     47.70      21183.84      100.60      201.52     26
       298     47.87      20434.04      102.68      193.85     22
       299     48.03      21839.79      114.32      206.79     18
       300     48.17      21337.70      114.14      201.78     18
       301     48.32      18923.90      102.27      178.79     22
       302     48.46      20322.00       98.53      193.09     28
       303     48.61      21795.10      100.35      207.74     18
       304     48.75      20134.00      102.27      190.93     18
       305     48.89      19949.80       98.81      189.40     22
       306     49.02      21778.11      104.29      207.11     24
       307     49.19      20388.69      105.41      193.17     18
       308     49.36      21589.10      104.73      205.18     24
       309     49.53      20898.04      102.30      198.55     20
       310     49.71      21790.34      104.20      207.22     26
       311     49.85      18913.30      107.09      178.18     24
       312     50.01      23396.10      118.97      221.84     22
       313     50.16      18582.60      103.27      175.32     18
       314     50.31      24088.55      118.70      228.79     22
       315     50.46      19960.00      100.97      189.28     22
       316     50.62      21575.04      103.32      205.18     24
       317     50.79      21276.59      112.64      201.30     20
       318     50.94      18564.50      104.73      174.97     20
       319     51.08      20894.34      101.67      198.52     26
       320     51.23      19030.16      103.10      179.73     26
       321     51.40      21691.24       99.50      206.74     22
       322     51.56      21441.70      114.14      202.80     20
       323     51.72      19700.70      102.04      186.60     20
       324     51.89      20329.50      106.18      192.50     18
       325     52.11      21721.24      102.30      206.74     24
       326     52.28      20558.05      104.19      195.00     16
       327     52.60      21575.04      103.32      205.18     24
       328     52.78      21577.04      103.32      205.18     26
       329     52.95      18582.60      103.27      175.32     18
       330     53.12      19900.50      100.46      188.76     20
       331     53.28      18239.10      102.72      171.92     20
       332     53.45      21792.44      103.32      207.33     26
       333     53.62      20141.30      102.27      190.99     20
       334     53.79      19995.50      104.72      189.28     20
       335     53.93      20671.10      106.55      195.86     20
       336     54.07      23973.64      115.82      227.85     30
       337     54.21      22745.63      102.32      217.00     22
       338     54.35      19765.60      102.63      187.19     20
       339     54.49      18543.60       99.17      175.32     20
       340     54.65      19765.60      102.63      187.19     20
       341     54.81      25712.45      115.31      245.35     24
       342     54.97      19732.80       99.55      187.19     18
       343     55.12      18683.30      105.59      176.05     22
       344     55.25      23601.45      121.72      223.68     16
       345     55.39      20030.80      100.62      189.93     32
       346     55.53      21522.59      117.20      203.35     16
       347     55.68      23015.41      109.75      218.92     26
       348     55.84      21311.19      123.36      200.62     16
       349     55.98      22639.10      103.61      215.77     26
       350     56.13      22221.05      120.69      210.00     14
       351     56.28      24044.95      121.72      228.08     20
       352     56.43      20280.30       98.54      192.75     20
       353     56.57      21754.59      116.89      205.70     16
       354     56.71      18980.40      101.86      179.44     18
       355     56.86      20470.10      103.37      194.14     22
       356     57.00      18588.60      103.27      175.32     24
       357     57.15      20138.00      102.27      190.93     22
       358     57.32      21220.45      104.47      201.50     26
       359     57.48      19132.70      106.15      180.45     26
       360     57.66      20384.60      105.59      193.09     20
       361     57.84      23517.49      119.08      223.09     18
       362     57.99      20837.64      103.34      197.80     24
       363     58.15      21324.35      118.80      201.20     16
       364     58.31      21855.24      101.64      208.15     24
       365     58.47      17867.60       99.59      168.50     22  *
       366     58.61      20221.89      103.31      191.67     22
       367     58.74      18407.20      102.79      173.55     24
       368     58.87      20136.00      102.27      190.93     20
       369     59.00      20521.10      105.32      194.46     22
       370     59.16      18073.50      104.37      170.02     28
       371     59.32      20351.40      102.27      193.09     20
       372     59.50      23910.99      109.18      227.95     24
       373     59.65      18751.80      101.56      177.14     22
       374     59.80      18094.60      104.37      170.27     24
       375     59.95      21423.99      105.26      203.49     22
  ------------------------------------------------------------
