========================================================================
  ConstructiveHeuristic — unknown
========================================================================
  alpha=0.6  time_limit=60s  seed=None  min_sep=10.0
  weights: makespan=10.0  delay=100.0  movements=1.0

  Instance: 10 aircraft  5 positions  3 blocking arcs
  Blocking arcs: P3→P4  P3→P5  P4→P5

────────────────────────────────────────────────────────────────────────
  Best construction detail  (iter 673  obj=606.5000)
────────────────────────────────────────────────────────────────────────
Blocking arcs: P3→P4  P3→P5  P4→P5

Aircraft initial ranking (target_finish ASC, total_duration ASC):
  Rank   ID       earliest     target    duration
  ----------------------------------------------
  [ 0]  R8          13.02      21.99        7.74
  [ 1]  R10         18.84      29.89        9.26
  [ 2]  R3           0.00      35.63       16.05
  [ 3]  R1           0.00      51.06       21.52
  [ 4]  R2           0.00      53.35       25.44
  [ 5]  R4           5.62      55.07       20.17
  [ 6]  R5           6.51      60.01       20.40
  [ 7]  R6           8.77      62.89       20.80
  [ 8]  R7          12.91      63.99       21.55
  [ 9]  R9          13.44      70.59       27.15

========================================================================
  STEP 1/10
========================================================================

  Pair evaluation  (50 pairs):
    Rank   ID      Pos     t_start   t_finish    delay      gap   blocking      score    weight     P(%)   cum(%)
    ---------------------------------------------------------------------------------------------------------
    [ 0]  R3      P1         0.00      16.05     0.00     0.00       none     160.50    1.0000   60.00%   60.00%
    [ 1]  R3      P2         0.00      16.05     0.00     0.00       none     160.50    0.4000   24.00%   84.00%
    [ 2]  R3      P3         0.00      16.05     0.00     0.00       none     160.50    0.1600    9.60%   93.60%
    [ 3]  R3      P4         0.00      16.05     0.00     0.00       none     160.50    0.0640    3.84%   97.44%
    [ 4]  R3      P5         0.00      16.05     0.00     0.00       none     160.50    0.0256    1.54%   98.98%
    [ 5]  R8      P1        13.02      20.76     0.00     0.00       none     207.55    0.0102    0.61%   99.59%
    [ 6]  R8      P2        13.02      20.76     0.00     0.00       none     207.55    0.0041    0.25%   99.84%
    [ 7]  R8      P3        13.02      20.76     0.00     0.00       none     207.55    0.0016    0.10%   99.93%
    [ 8]  R8      P4        13.02      20.76     0.00     0.00       none     207.55    0.0007    0.04%   99.97%
    [ 9]  R8      P5        13.02      20.76     0.00     0.00       none     207.55    0.0003    0.02%   99.99%
    [10]  R1      P1         0.00      21.52     0.00     0.00       none     215.20    0.0001    0.01%  100.00%
    [11]  R1      P2         0.00      21.52     0.00     0.00       none     215.20    0.0000    0.00%  100.00%
    [12]  R1      P3         0.00      21.52     0.00     0.00       none     215.20    0.0000    0.00%  100.00%
    [13]  R1      P4         0.00      21.52     0.00     0.00       none     215.20    0.0000    0.00%  100.00%
    [14]  R1      P5         0.00      21.52     0.00     0.00       none     215.20    0.0000    0.00%  100.00%
    [15]  R2      P1         0.00      25.44     0.00     0.00       none     254.40    0.0000    0.00%  100.00%
    [16]  R2      P2         0.00      25.44     0.00     0.00       none     254.40    0.0000    0.00%  100.00%
    [17]  R2      P3         0.00      25.44     0.00     0.00       none     254.40    0.0000    0.00%  100.00%
    [18]  R2      P4         0.00      25.44     0.00     0.00       none     254.40    0.0000    0.00%  100.00%
    [19]  R2      P5         0.00      25.44     0.00     0.00       none     254.40    0.0000    0.00%  100.00%
    [20]  R4      P1         5.62      25.79     0.00     0.00       none     257.87    0.0000    0.00%  100.00%
    [21]  R4      P2         5.62      25.79     0.00     0.00       none     257.87    0.0000    0.00%  100.00%
    [22]  R4      P3         5.62      25.79     0.00     0.00       none     257.87    0.0000    0.00%  100.00%
    [23]  R4      P4         5.62      25.79     0.00     0.00       none     257.87    0.0000    0.00%  100.00%
    [24]  R4      P5         5.62      25.79     0.00     0.00       none     257.87    0.0000    0.00%  100.00%
    [25]  R5      P1         6.51      26.91     0.00     0.00       none     269.12    0.0000    0.00%  100.00%
    [26]  R5      P2         6.51      26.91     0.00     0.00       none     269.12    0.0000    0.00%  100.00%
    [27]  R5      P3         6.51      26.91     0.00     0.00       none     269.12    0.0000    0.00%  100.00%
    [28]  R5      P4         6.51      26.91     0.00     0.00       none     269.12    0.0000    0.00%  100.00%
    [29]  R5      P5         6.51      26.91     0.00     0.00       none     269.12    0.0000    0.00%  100.00%
    [30]  R10     P1        18.84      28.10     0.00     0.00       none     281.00    0.0000    0.00%  100.00%
    [31]  R10     P2        18.84      28.10     0.00     0.00       none     281.00    0.0000    0.00%  100.00%
    [32]  R10     P3        18.84      28.10     0.00     0.00       none     281.00    0.0000    0.00%  100.00%
    [33]  R10     P4        18.84      28.10     0.00     0.00       none     281.00    0.0000    0.00%  100.00%
    [34]  R10     P5        18.84      28.10     0.00     0.00       none     281.00    0.0000    0.00%  100.00%
    [35]  R6      P1         8.77      29.57     0.00     0.00       none     295.67    0.0000    0.00%  100.00%
    [36]  R6      P2         8.77      29.57     0.00     0.00       none     295.67    0.0000    0.00%  100.00%
    [37]  R6      P3         8.77      29.57     0.00     0.00       none     295.67    0.0000    0.00%  100.00%
    [38]  R6      P4         8.77      29.57     0.00     0.00       none     295.67    0.0000    0.00%  100.00%
    [39]  R6      P5         8.77      29.57     0.00     0.00       none     295.67    0.0000    0.00%  100.00%
    [40]  R7      P1        12.91      34.46     0.00     0.00       none     344.58    0.0000    0.00%  100.00%
    [41]  R7      P2        12.91      34.46     0.00     0.00       none     344.58    0.0000    0.00%  100.00%
    [42]  R7      P3        12.91      34.46     0.00     0.00       none     344.58    0.0000    0.00%  100.00%
    [43]  R7      P4        12.91      34.46     0.00     0.00       none     344.58    0.0000    0.00%  100.00%
    [44]  R7      P5        12.91      34.46     0.00     0.00       none     344.58    0.0000    0.00%  100.00%
    [45]  R9      P1        13.44      40.59     0.00     0.00       none     405.91    0.0000    0.00%  100.00%
    [46]  R9      P2        13.44      40.59     0.00     0.00       none     405.91    0.0000    0.00%  100.00%
    [47]  R9      P3        13.44      40.59     0.00     0.00       none     405.91    0.0000    0.00%  100.00%
    [48]  R9      P4        13.44      40.59     0.00     0.00       none     405.91    0.0000    0.00%  100.00%
    [49]  R9      P5        13.44      40.59     0.00     0.00       none     405.91    0.0000    0.00%  100.00%
    draw=0.8254  →  (R3, P1) (rank 0) selected

  Assignment: R3 → P1  [0.00 → 16.05]  delay=0.00
    J3-1       [0.00 → 8.95]
    J3-2       [8.95 → 16.05]

  Assigned so far:
    ID      Pos       start    finish    delay
    ----------------------------------------
    R3      P1         0.00     16.05     0.00

========================================================================
  STEP 2/10
========================================================================

  Pair evaluation  (45 pairs):
    Rank   ID      Pos     t_start   t_finish    delay      gap   blocking      score    weight     P(%)   cum(%)
    ---------------------------------------------------------------------------------------------------------
    [ 0]  R8      P2        13.02      20.76     0.00     0.00       none     207.55    1.0000   60.00%   60.00%
    [ 1]  R8      P3        13.02      20.76     0.00     0.00       none     207.55    0.4000   24.00%   84.00%
    [ 2]  R8      P4        13.02      20.76     0.00     0.00       none     207.55    0.1600    9.60%   93.60%
    [ 3]  R8      P5        13.02      20.76     0.00     0.00       none     207.55    0.0640    3.84%   97.44%
    [ 4]  R1      P2         0.00      21.52     0.00     0.00       none     215.20    0.0256    1.54%   98.98%
    [ 5]  R1      P3         0.00      21.52     0.00     0.00       none     215.20    0.0102    0.61%   99.59%
    [ 6]  R1      P4         0.00      21.52     0.00     0.00       none     215.20    0.0041    0.25%   99.84%
    [ 7]  R1      P5         0.00      21.52     0.00     0.00       none     215.20    0.0016    0.10%   99.93%
    [ 8]  R2      P2         0.00      25.44     0.00     0.00       none     254.40    0.0007    0.04%   99.97%
    [ 9]  R2      P3         0.00      25.44     0.00     0.00       none     254.40    0.0003    0.02%   99.99%
    [10]  R2      P4         0.00      25.44     0.00     0.00       none     254.40    0.0001    0.01%  100.00%
    [11]  R2      P5         0.00      25.44     0.00     0.00       none     254.40    0.0000    0.00%  100.00%
    [12]  R4      P2         5.62      25.79     0.00     0.00       none     257.87    0.0000    0.00%  100.00%
    [13]  R4      P3         5.62      25.79     0.00     0.00       none     257.87    0.0000    0.00%  100.00%
    [14]  R4      P4         5.62      25.79     0.00     0.00       none     257.87    0.0000    0.00%  100.00%
    [15]  R4      P5         5.62      25.79     0.00     0.00       none     257.87    0.0000    0.00%  100.00%
    [16]  R5      P2         6.51      26.91     0.00     0.00       none     269.12    0.0000    0.00%  100.00%
    [17]  R5      P3         6.51      26.91     0.00     0.00       none     269.12    0.0000    0.00%  100.00%
    [18]  R5      P4         6.51      26.91     0.00     0.00       none     269.12    0.0000    0.00%  100.00%
    [19]  R5      P5         6.51      26.91     0.00     0.00       none     269.12    0.0000    0.00%  100.00%
    [20]  R10     P2        18.84      28.10     0.00     0.00       none     281.00    0.0000    0.00%  100.00%
    [21]  R10     P3        18.84      28.10     0.00     0.00       none     281.00    0.0000    0.00%  100.00%
    [22]  R10     P4        18.84      28.10     0.00     0.00       none     281.00    0.0000    0.00%  100.00%
    [23]  R10     P5        18.84      28.10     0.00     0.00       none     281.00    0.0000    0.00%  100.00%
    [24]  R6      P2         8.77      29.57     0.00     0.00       none     295.67    0.0000    0.00%  100.00%
    [25]  R6      P3         8.77      29.57     0.00     0.00       none     295.67    0.0000    0.00%  100.00%
    [26]  R6      P4         8.77      29.57     0.00     0.00       none     295.67    0.0000    0.00%  100.00%
    [27]  R6      P5         8.77      29.57     0.00     0.00       none     295.67    0.0000    0.00%  100.00%
    [28]  R7      P2        12.91      34.46     0.00     0.00       none     344.58    0.0000    0.00%  100.00%
    [29]  R7      P3        12.91      34.46     0.00     0.00       none     344.58    0.0000    0.00%  100.00%
    [30]  R7      P4        12.91      34.46     0.00     0.00       none     344.58    0.0000    0.00%  100.00%
    [31]  R7      P5        12.91      34.46     0.00     0.00       none     344.58    0.0000    0.00%  100.00%
    [32]  R9      P2        13.44      40.59     0.00     0.00       none     405.91    0.0000    0.00%  100.00%
    [33]  R9      P3        13.44      40.59     0.00     0.00       none     405.91    0.0000    0.00%  100.00%
    [34]  R9      P4        13.44      40.59     0.00     0.00       none     405.91    0.0000    0.00%  100.00%
    [35]  R9      P5        13.44      40.59     0.00     0.00       none     405.91    0.0000    0.00%  100.00%
    [36]  R4      P1        26.05      46.22     0.00    10.00       none     562.20    0.0000    0.00%  100.00%
    [37]  R5      P1        26.05      46.45     0.00    10.00       none     564.50    0.0000    0.00%  100.00%
    [38]  R6      P1        26.05      46.85     0.00    10.00       none     568.50    0.0000    0.00%  100.00%
    [39]  R1      P1        26.05      47.57     0.00    10.00       none     575.70    0.0000    0.00%  100.00%
    [40]  R7      P1        26.05      47.60     0.00    10.00       none     576.00    0.0000    0.00%  100.00%
    [41]  R2      P1        26.05      51.49     0.00    10.00       none     614.90    0.0000    0.00%  100.00%
    [42]  R9      P1        26.05      53.20     0.00    10.00       none     632.00    0.0000    0.00%  100.00%
    [43]  R10     P1        26.05      35.31     5.42    10.00       none     995.60    0.0000    0.00%  100.00%
    [44]  R8      P1        26.05      33.79    11.80    10.00       none    1617.50    0.0000    0.00%  100.00%
    draw=0.9428  →  (R8, P2) (rank 0) selected

  Assignment: R8 → P2  [13.02 → 20.76]  delay=0.00
    J8-1       [13.02 → 20.75]

  Assigned so far:
    ID      Pos       start    finish    delay
    ----------------------------------------
    R3      P1         0.00     16.05     0.00
    R8      P2        13.02     20.75     0.00

========================================================================
  STEP 3/10
========================================================================

  Pair evaluation  (40 pairs):
    Rank   ID      Pos     t_start   t_finish    delay      gap   blocking      score    weight     P(%)   cum(%)
    ---------------------------------------------------------------------------------------------------------
    [ 0]  R1      P3         0.00      21.52     0.00     0.00       none     215.20    1.0000   60.00%   60.00%
    [ 1]  R1      P4         0.00      21.52     0.00     0.00       none     215.20    0.4000   24.00%   84.00%
    [ 2]  R1      P5         0.00      21.52     0.00     0.00       none     215.20    0.1600    9.60%   93.60%
    [ 3]  R2      P3         0.00      25.44     0.00     0.00       none     254.40    0.0640    3.84%   97.44%
    [ 4]  R2      P4         0.00      25.44     0.00     0.00       none     254.40    0.0256    1.54%   98.98%
    [ 5]  R2      P5         0.00      25.44     0.00     0.00       none     254.40    0.0102    0.61%   99.59%
    [ 6]  R4      P3         5.62      25.79     0.00     0.00       none     257.87    0.0041    0.25%   99.84%
    [ 7]  R4      P4         5.62      25.79     0.00     0.00       none     257.87    0.0016    0.10%   99.93%
    [ 8]  R4      P5         5.62      25.79     0.00     0.00       none     257.87    0.0007    0.04%   99.97%
    [ 9]  R5      P3         6.51      26.91     0.00     0.00       none     269.12    0.0003    0.02%   99.99%
    [10]  R5      P4         6.51      26.91     0.00     0.00       none     269.12    0.0001    0.01%  100.00%
    [11]  R5      P5         6.51      26.91     0.00     0.00       none     269.12    0.0000    0.00%  100.00%
    [12]  R10     P3        18.84      28.10     0.00     0.00       none     281.00    0.0000    0.00%  100.00%
    [13]  R10     P4        18.84      28.10     0.00     0.00       none     281.00    0.0000    0.00%  100.00%
    [14]  R10     P5        18.84      28.10     0.00     0.00       none     281.00    0.0000    0.00%  100.00%
    [15]  R6      P3         8.77      29.57     0.00     0.00       none     295.67    0.0000    0.00%  100.00%
    [16]  R6      P4         8.77      29.57     0.00     0.00       none     295.67    0.0000    0.00%  100.00%
    [17]  R6      P5         8.77      29.57     0.00     0.00       none     295.67    0.0000    0.00%  100.00%
    [18]  R7      P3        12.91      34.46     0.00     0.00       none     344.58    0.0000    0.00%  100.00%
    [19]  R7      P4        12.91      34.46     0.00     0.00       none     344.58    0.0000    0.00%  100.00%
    [20]  R7      P5        12.91      34.46     0.00     0.00       none     344.58    0.0000    0.00%  100.00%
    [21]  R9      P3        13.44      40.59     0.00     0.00       none     405.91    0.0000    0.00%  100.00%
    [22]  R9      P4        13.44      40.59     0.00     0.00       none     405.91    0.0000    0.00%  100.00%
    [23]  R9      P5        13.44      40.59     0.00     0.00       none     405.91    0.0000    0.00%  100.00%
    [24]  R4      P1        26.05      46.22     0.00    10.00       none     562.20    0.0000    0.00%  100.00%
    [25]  R5      P1        26.05      46.45     0.00    10.00       none     564.50    0.0000    0.00%  100.00%
    [26]  R6      P1        26.05      46.85     0.00    10.00       none     568.50    0.0000    0.00%  100.00%
    [27]  R1      P1        26.05      47.57     0.00    10.00       none     575.70    0.0000    0.00%  100.00%
    [28]  R7      P1        26.05      47.60     0.00    10.00       none     576.00    0.0000    0.00%  100.00%
    [29]  R4      P2        30.76      50.93     0.00    10.00       none     609.25    0.0000    0.00%  100.00%
    [30]  R5      P2        30.76      51.16     0.00    10.00       none     611.55    0.0000    0.00%  100.00%
    [31]  R2      P1        26.05      51.49     0.00    10.00       none     614.90    0.0000    0.00%  100.00%
    [32]  R6      P2        30.76      51.56     0.00    10.00       none     615.55    0.0000    0.00%  100.00%
    [33]  R7      P2        30.76      52.31     0.00    10.00       none     623.05    0.0000    0.00%  100.00%
    [34]  R9      P1        26.05      53.20     0.00    10.00       none     632.00    0.0000    0.00%  100.00%
    [35]  R9      P2        30.76      57.91     0.00    10.00       none     679.05    0.0000    0.00%  100.00%
    [36]  R1      P2        30.76      52.28     1.21    10.00       none     744.05    0.0000    0.00%  100.00%
    [37]  R2      P2        30.76      56.20     2.84    10.00       none     946.35    0.0000    0.00%  100.00%
    [38]  R10     P1        26.05      35.31     5.42    10.00       none     995.60    0.0000    0.00%  100.00%
    [39]  R10     P2        30.76      40.02    10.13    10.00       none    1513.15    0.0000    0.00%  100.00%
    draw=1.0331  →  (R1, P4) (rank 1) selected

  Assignment: R1 → P4  [0.00 → 21.52]  delay=0.00
    J1-1       [0.00 → 6.55]
    J1-2       [6.55 → 12.99]
    J1-3       [12.99 → 21.52]

  Assigned so far:
    ID      Pos       start    finish    delay
    ----------------------------------------
    R3      P1         0.00     16.05     0.00
    R8      P2        13.02     20.75     0.00
    R1      P4         0.00     21.52     0.00

========================================================================
  STEP 4/10
========================================================================

  Pair evaluation  (35 pairs):
    Rank   ID      Pos     t_start   t_finish    delay      gap   blocking      score    weight     P(%)   cum(%)
    ---------------------------------------------------------------------------------------------------------
    [ 0]  R2      P5         0.00      25.44     0.00     0.00       none     254.40    1.0000   60.00%   60.00%
    [ 1]  R2      P3         0.00      25.44     0.00     0.00      2 mov     258.40    0.4000   24.00%   84.00%
    [ 2]  R4      P3         5.62      25.79     0.00     0.00      2 mov     261.87    0.1600    9.60%   93.60%
    [ 3]  R4      P5         5.62      25.79     0.00     0.00      2 mov     261.87    0.0640    3.84%   97.44%
    [ 4]  R5      P3         6.51      26.91     0.00     0.00      2 mov     273.12    0.0256    1.54%   98.98%
    [ 5]  R5      P5         6.51      26.91     0.00     0.00      2 mov     273.12    0.0102    0.61%   99.59%
    [ 6]  R10     P3        18.84      28.10     0.00     0.00      2 mov     285.00    0.0041    0.25%   99.84%
    [ 7]  R10     P5        18.84      28.10     0.00     0.00      2 mov     285.00    0.0016    0.10%   99.93%
    [ 8]  R6      P3         8.77      29.57     0.00     0.00      2 mov     299.67    0.0007    0.04%   99.97%
    [ 9]  R6      P5         8.77      29.57     0.00     0.00      2 mov     299.67    0.0003    0.02%   99.99%
    [10]  R7      P3        12.91      34.46     0.00     0.00      2 mov     348.58    0.0001    0.01%  100.00%
    [11]  R7      P5        12.91      34.46     0.00     0.00      2 mov     348.58    0.0000    0.00%  100.00%
    [12]  R9      P3        13.44      40.59     0.00     0.00      2 mov     409.91    0.0000    0.00%  100.00%
    [13]  R9      P5        13.44      40.59     0.00     0.00      2 mov     409.91    0.0000    0.00%  100.00%
    [14]  R4      P1        26.05      46.22     0.00    10.00       none     562.20    0.0000    0.00%  100.00%
    [15]  R5      P1        26.05      46.45     0.00    10.00       none     564.50    0.0000    0.00%  100.00%
    [16]  R6      P1        26.05      46.85     0.00    10.00       none     568.50    0.0000    0.00%  100.00%
    [17]  R7      P1        26.05      47.60     0.00    10.00       none     576.00    0.0000    0.00%  100.00%
    [18]  R4      P2        30.76      50.93     0.00    10.00       none     609.25    0.0000    0.00%  100.00%
    [19]  R5      P2        30.76      51.16     0.00    10.00       none     611.55    0.0000    0.00%  100.00%
    [20]  R2      P1        26.05      51.49     0.00    10.00       none     614.90    0.0000    0.00%  100.00%
    [21]  R6      P2        30.76      51.56     0.00    10.00       none     615.55    0.0000    0.00%  100.00%
    [22]  R4      P4        31.52      51.69     0.00    10.00       none     616.90    0.0000    0.00%  100.00%
    [23]  R5      P4        31.52      51.92     0.00    10.00       none     619.20    0.0000    0.00%  100.00%
    [24]  R7      P2        30.76      52.31     0.00    10.00       none     623.05    0.0000    0.00%  100.00%
    [25]  R6      P4        31.52      52.32     0.00    10.00       none     623.20    0.0000    0.00%  100.00%
    [26]  R7      P4        31.52      53.07     0.00    10.00       none     630.70    0.0000    0.00%  100.00%
    [27]  R9      P1        26.05      53.20     0.00    10.00       none     632.00    0.0000    0.00%  100.00%
    [28]  R9      P2        30.76      57.91     0.00    10.00       none     679.05    0.0000    0.00%  100.00%
    [29]  R9      P4        31.52      58.67     0.00    10.00       none     686.70    0.0000    0.00%  100.00%
    [30]  R2      P2        30.76      56.20     2.84    10.00       none     946.35    0.0000    0.00%  100.00%
    [31]  R10     P1        26.05      35.31     5.42    10.00       none     995.60    0.0000    0.00%  100.00%
    [32]  R2      P4        31.52      56.96     3.61    10.00       none    1030.50    0.0000    0.00%  100.00%
    [33]  R10     P2        30.76      40.02    10.13    10.00       none    1513.15    0.0000    0.00%  100.00%
    [34]  R10     P4        31.52      40.78    10.89    10.00       none    1597.30    0.0000    0.00%  100.00%
    draw=1.3595  →  (R2, P3) (rank 1) selected
  start-time compare  R2 → P3:  t_imm=0.00 cost=258.40 (2 new movs)  vs  t_nob=21.52 cost=469.60

  Assignment: R2 → P3  [0.00 → 25.44]  delay=0.00
    J2-1       [0.00 → 7.50]
    J2-2       [7.50 → 15.75]
    J2-3       [15.75 → 25.44]

  Assigned so far:
    ID      Pos       start    finish    delay
    ----------------------------------------
    R3      P1         0.00     16.05     0.00
    R8      P2        13.02     20.75     0.00
    R1      P4         0.00     21.52     0.00
    R2      P3         0.00     25.44     0.00

========================================================================
  STEP 5/10
========================================================================

  Pair evaluation  (30 pairs):
    Rank   ID      Pos     t_start   t_finish    delay      gap   blocking      score    weight     P(%)   cum(%)
    ---------------------------------------------------------------------------------------------------------
    [ 0]  R4      P5         5.62      25.79     0.00     0.00      6 mov     269.87    1.0000   60.00%   60.00%
    [ 1]  R5      P5         6.51      26.91     0.00     0.00      6 mov     281.12    0.4000   24.00%   84.00%
    [ 2]  R10     P5        18.84      28.10     0.00     0.00      6 mov     293.00    0.1600    9.60%   93.60%
    [ 3]  R6      P5         8.77      29.57     0.00     0.00      6 mov     307.67    0.0640    3.84%   97.44%
    [ 4]  R7      P5        12.91      34.46     0.00     0.00      6 mov     356.58    0.0256    1.54%   98.98%
    [ 5]  R9      P5        13.44      40.59     0.00     0.00      6 mov     417.91    0.0102    0.61%   99.59%
    [ 6]  R4      P1        26.05      46.22     0.00    10.00      2 mov     566.20    0.0041    0.25%   99.84%
    [ 7]  R5      P1        26.05      46.45     0.00    10.00      2 mov     568.50    0.0016    0.10%   99.93%
    [ 8]  R6      P1        26.05      46.85     0.00    10.00      2 mov     572.50    0.0007    0.04%   99.97%
    [ 9]  R7      P1        26.05      47.60     0.00    10.00      2 mov     580.00    0.0003    0.02%   99.99%
    [10]  R4      P2        30.76      50.93     0.00    10.00      2 mov     613.25    0.0001    0.01%  100.00%
    [11]  R5      P2        30.76      51.16     0.00    10.00      2 mov     615.55    0.0000    0.00%  100.00%
    [12]  R6      P2        30.76      51.56     0.00    10.00      2 mov     619.55    0.0000    0.00%  100.00%
    [13]  R4      P4        31.52      51.69     0.00    10.00      2 mov     620.90    0.0000    0.00%  100.00%
    [14]  R5      P4        31.52      51.92     0.00    10.00      2 mov     623.20    0.0000    0.00%  100.00%
    [15]  R7      P2        30.76      52.31     0.00    10.00      2 mov     627.05    0.0000    0.00%  100.00%
    [16]  R6      P4        31.52      52.32     0.00    10.00      2 mov     627.20    0.0000    0.00%  100.00%
    [17]  R7      P4        31.52      53.07     0.00    10.00      2 mov     634.70    0.0000    0.00%  100.00%
    [18]  R9      P1        26.05      53.20     0.00    10.00      2 mov     636.00    0.0000    0.00%  100.00%
    [19]  R5      P3        35.44      55.84     0.00    10.00      2 mov     662.40    0.0000    0.00%  100.00%
    [20]  R6      P3        35.44      56.24     0.00    10.00      2 mov     666.40    0.0000    0.00%  100.00%
    [21]  R7      P3        35.44      56.99     0.00    10.00      2 mov     673.90    0.0000    0.00%  100.00%
    [22]  R9      P2        30.76      57.91     0.00    10.00      2 mov     683.05    0.0000    0.00%  100.00%
    [23]  R9      P4        31.52      58.67     0.00    10.00      2 mov     690.70    0.0000    0.00%  100.00%
    [24]  R4      P3        35.44      55.61     0.54    10.00      2 mov     714.00    0.0000    0.00%  100.00%
    [25]  R9      P3        35.44      62.59     0.00    10.00      2 mov     729.90    0.0000    0.00%  100.00%
    [26]  R10     P1        26.05      35.31     5.42    10.00      2 mov     999.60    0.0000    0.00%  100.00%
    [27]  R10     P2        30.76      40.02    10.13    10.00      2 mov    1517.15    0.0000    0.00%  100.00%
    [28]  R10     P4        31.52      40.78    10.89    10.00      2 mov    1601.30    0.0000    0.00%  100.00%
    [29]  R10     P3        35.44      44.70    14.81    10.00      2 mov    2032.50    0.0000    0.00%  100.00%
    draw=1.6608  →  (R4, P1) (rank 6) selected

  Assignment: R4 → P1  [26.05 → 46.22]  delay=0.00
    J4-1       [26.05 → 32.54]
    J4-2       [32.54 → 38.91]
    J4-3       [38.91 → 46.22]

  Assigned so far:
    ID      Pos       start    finish    delay
    ----------------------------------------
    R3      P1         0.00     16.05     0.00
    R8      P2        13.02     20.75     0.00
    R1      P4         0.00     21.52     0.00
    R2      P3         0.00     25.44     0.00
    R4      P1        26.05     46.22     0.00

========================================================================
  STEP 6/10
========================================================================

  Pair evaluation  (25 pairs):
    Rank   ID      Pos     t_start   t_finish    delay      gap   blocking      score    weight     P(%)   cum(%)
    ---------------------------------------------------------------------------------------------------------
    [ 0]  R5      P5         6.51      26.91     0.00     0.00      6 mov     281.12    1.0000   60.00%   60.00%
    [ 1]  R10     P5        18.84      28.10     0.00     0.00      6 mov     293.00    0.4000   24.00%   84.00%
    [ 2]  R6      P5         8.77      29.57     0.00     0.00      6 mov     307.67    0.1600    9.60%   93.60%
    [ 3]  R7      P5        12.91      34.46     0.00     0.00      6 mov     356.58    0.0640    3.84%   97.44%
    [ 4]  R9      P5        13.44      40.59     0.00     0.00      6 mov     417.91    0.0256    1.54%   98.98%
    [ 5]  R5      P2        30.76      51.16     0.00    10.00      2 mov     615.55    0.0102    0.61%   99.59%
    [ 6]  R6      P2        30.76      51.56     0.00    10.00      2 mov     619.55    0.0041    0.25%   99.84%
    [ 7]  R5      P4        31.52      51.92     0.00    10.00      2 mov     623.20    0.0016    0.10%   99.93%
    [ 8]  R7      P2        30.76      52.31     0.00    10.00      2 mov     627.05    0.0007    0.04%   99.97%
    [ 9]  R6      P4        31.52      52.32     0.00    10.00      2 mov     627.20    0.0003    0.02%   99.99%
    [10]  R7      P4        31.52      53.07     0.00    10.00      2 mov     634.70    0.0001    0.01%  100.00%
    [11]  R5      P3        35.44      55.84     0.00    10.00      2 mov     662.40    0.0000    0.00%  100.00%
    [12]  R6      P3        35.44      56.24     0.00    10.00      2 mov     666.40    0.0000    0.00%  100.00%
    [13]  R7      P3        35.44      56.99     0.00    10.00      2 mov     673.90    0.0000    0.00%  100.00%
    [14]  R9      P2        30.76      57.91     0.00    10.00      2 mov     683.05    0.0000    0.00%  100.00%
    [15]  R9      P4        31.52      58.67     0.00    10.00      2 mov     690.70    0.0000    0.00%  100.00%
    [16]  R9      P3        35.44      62.59     0.00    10.00      2 mov     729.90    0.0000    0.00%  100.00%
    [17]  R10     P2        30.76      40.02    10.13    10.00      2 mov    1517.15    0.0000    0.00%  100.00%
    [18]  R10     P4        31.52      40.78    10.89    10.00      2 mov    1601.30    0.0000    0.00%  100.00%
    [19]  R10     P3        35.44      44.70    14.81    10.00      2 mov    2032.50    0.0000    0.00%  100.00%
    [20]  R9      P1        56.22      83.37    12.78    10.00      2 mov    2216.00    0.0000    0.00%  100.00%
    [21]  R7      P1        56.22      77.77    13.78    10.00      2 mov    2259.50    0.0000    0.00%  100.00%
    [22]  R6      P1        56.22      77.02    14.13    10.00      2 mov    2287.10    0.0000    0.00%  100.00%
    [23]  R5      P1        56.22      76.62    16.61    10.00      2 mov    2531.00    0.0000    0.00%  100.00%
    [24]  R10     P1        56.22      65.48    35.59    10.00      2 mov    4318.30    0.0000    0.00%  100.00%
    draw=1.3800  →  (R10, P5) (rank 1) selected
  start-time compare  R10 → P5:  t_imm=18.84 cost=289.00 (4 new movs)  vs  t_nob=25.44 cost=828.50

  Assignment: R10 → P5  [18.84 → 28.10]  delay=0.00
    J10-1      [18.84 → 28.10]

  Assigned so far:
    ID      Pos       start    finish    delay
    ----------------------------------------
    R3      P1         0.00     16.05     0.00
    R8      P2        13.02     20.75     0.00
    R1      P4         0.00     21.52     0.00
    R2      P3         0.00     25.44     0.00
    R4      P1        26.05     46.22     0.00
    R10     P5        18.84     28.10     0.00

========================================================================
  STEP 7/10
========================================================================

  Pair evaluation  (20 pairs):
    Rank   ID      Pos     t_start   t_finish    delay      gap   blocking      score    weight     P(%)   cum(%)
    ---------------------------------------------------------------------------------------------------------
    [ 0]  R5      P2        30.76      51.16     0.00    10.00      6 mov     623.55    1.0000   60.00%   60.00%
    [ 1]  R6      P2        30.76      51.56     0.00    10.00      6 mov     627.55    0.4000   24.00%   84.00%
    [ 2]  R5      P4        31.52      51.92     0.00    10.00      6 mov     631.20    0.1600    9.60%   93.60%
    [ 3]  R7      P2        30.76      52.31     0.00    10.00      6 mov     635.05    0.0640    3.84%   97.44%
    [ 4]  R6      P4        31.52      52.32     0.00    10.00      6 mov     635.20    0.0256    1.54%   98.98%
    [ 5]  R7      P4        31.52      53.07     0.00    10.00      6 mov     642.70    0.0102    0.61%   99.59%
    [ 6]  R5      P3        35.44      55.84     0.00    10.00      6 mov     670.40    0.0041    0.25%   99.84%
    [ 7]  R6      P3        35.44      56.24     0.00    10.00      6 mov     674.40    0.0016    0.10%   99.93%
    [ 8]  R7      P3        35.44      56.99     0.00    10.00      6 mov     681.90    0.0007    0.04%   99.97%
    [ 9]  R9      P2        30.76      57.91     0.00    10.00      6 mov     691.05    0.0003    0.02%   99.99%
    [10]  R5      P5        38.10      58.50     0.00    10.00      6 mov     697.00    0.0001    0.01%  100.00%
    [11]  R9      P4        31.52      58.67     0.00    10.00      6 mov     698.70    0.0000    0.00%  100.00%
    [12]  R6      P5        38.10      58.90     0.00    10.00      6 mov     701.00    0.0000    0.00%  100.00%
    [13]  R7      P5        38.10      59.65     0.00    10.00      6 mov     708.50    0.0000    0.00%  100.00%
    [14]  R9      P3        35.44      62.59     0.00    10.00      6 mov     737.90    0.0000    0.00%  100.00%
    [15]  R9      P5        38.10      65.25     0.00    10.00      6 mov     764.50    0.0000    0.00%  100.00%
    [16]  R9      P1        56.22      83.37    12.78    10.00      6 mov    2224.00    0.0000    0.00%  100.00%
    [17]  R7      P1        56.22      77.77    13.78    10.00      6 mov    2267.50    0.0000    0.00%  100.00%
    [18]  R6      P1        56.22      77.02    14.13    10.00      6 mov    2295.10    0.0000    0.00%  100.00%
    [19]  R5      P1        56.22      76.62    16.61    10.00      6 mov    2539.00    0.0000    0.00%  100.00%
    draw=0.9315  →  (R5, P2) (rank 0) selected

  Assignment: R5 → P2  [30.76 → 51.16]  delay=0.00
    J5-1       [30.75 → 36.81]
    J5-2       [36.81 → 42.55]
    J5-3       [42.55 → 51.16]

  Assigned so far:
    ID      Pos       start    finish    delay
    ----------------------------------------
    R3      P1         0.00     16.05     0.00
    R8      P2        13.02     20.75     0.00
    R1      P4         0.00     21.52     0.00
    R2      P3         0.00     25.44     0.00
    R4      P1        26.05     46.22     0.00
    R10     P5        18.84     28.10     0.00
    R5      P2        30.75     51.16     0.00

========================================================================
  STEP 8/10
========================================================================

  Pair evaluation  (15 pairs):
    Rank   ID      Pos     t_start   t_finish    delay      gap   blocking      score    weight     P(%)   cum(%)
    ---------------------------------------------------------------------------------------------------------
    [ 0]  R6      P4        31.52      52.32     0.00    10.00      6 mov     635.20    1.0000   60.00%   60.00%
    [ 1]  R7      P4        31.52      53.07     0.00    10.00      6 mov     642.70    0.4000   24.00%   84.00%
    [ 2]  R6      P3        35.44      56.24     0.00    10.00      6 mov     674.40    0.1600    9.60%   93.60%
    [ 3]  R7      P3        35.44      56.99     0.00    10.00      6 mov     681.90    0.0640    3.84%   97.44%
    [ 4]  R9      P4        31.52      58.67     0.00    10.00      6 mov     698.70    0.0256    1.54%   98.98%
    [ 5]  R6      P5        38.10      58.90     0.00    10.00      6 mov     701.00    0.0102    0.61%   99.59%
    [ 6]  R7      P5        38.10      59.65     0.00    10.00      6 mov     708.50    0.0041    0.25%   99.84%
    [ 7]  R9      P3        35.44      62.59     0.00    10.00      6 mov     737.90    0.0016    0.10%   99.93%
    [ 8]  R9      P5        38.10      65.25     0.00    10.00      6 mov     764.50    0.0007    0.04%   99.97%
    [ 9]  R9      P1        56.22      83.37    12.78    10.00      6 mov    2224.00    0.0003    0.02%   99.99%
    [10]  R7      P1        56.22      77.77    13.78    10.00      6 mov    2267.50    0.0001    0.01%  100.00%
    [11]  R6      P1        56.22      77.02    14.13    10.00      6 mov    2295.10    0.0000    0.00%  100.00%
    [12]  R9      P2        61.16      88.31    17.72    10.00      6 mov    2766.85    0.0000    0.00%  100.00%
    [13]  R7      P2        61.16      82.70    18.71    10.00      6 mov    2810.35    0.0000    0.00%  100.00%
    [14]  R6      P2        61.16      81.95    19.06    10.00      6 mov    2837.95    0.0000    0.00%  100.00%
    draw=1.6299  →  (R9, P4) (rank 4) selected

  Assignment: R9 → P4  [31.52 → 58.67]  delay=0.00
    J9-1       [31.52 → 38.67]
    J9-2       [38.67 → 48.70]
    J9-3       [48.70 → 58.67]

  Assigned so far:
    ID      Pos       start    finish    delay
    ----------------------------------------
    R3      P1         0.00     16.05     0.00
    R8      P2        13.02     20.75     0.00
    R1      P4         0.00     21.52     0.00
    R2      P3         0.00     25.44     0.00
    R4      P1        26.05     46.22     0.00
    R10     P5        18.84     28.10     0.00
    R5      P2        30.75     51.16     0.00
    R9      P4        31.52     58.67     0.00

========================================================================
  STEP 9/10
========================================================================

  Pair evaluation  (10 pairs):
    Rank   ID      Pos     t_start   t_finish    delay      gap   blocking      score    weight     P(%)   cum(%)
    ---------------------------------------------------------------------------------------------------------
    [ 0]  R6      P3        35.44      56.24     0.00    10.00      6 mov     674.40    1.0000   60.01%   60.01%
    [ 1]  R7      P3        35.44      56.99     0.00    10.00      6 mov     681.90    0.4000   24.00%   84.01%
    [ 2]  R6      P5        38.10      58.90     0.00    10.00      8 mov     705.00    0.1600    9.60%   93.61%
    [ 3]  R7      P5        38.10      59.65     0.00    10.00      8 mov     712.50    0.0640    3.84%   97.45%
    [ 4]  R7      P1        56.22      77.77    13.78    10.00      6 mov    2267.50    0.0256    1.54%   98.99%
    [ 5]  R6      P1        56.22      77.02    14.13    10.00      6 mov    2295.10    0.0102    0.61%   99.60%
    [ 6]  R7      P2        61.16      82.70    18.71    10.00      6 mov    2810.35    0.0041    0.25%   99.85%
    [ 7]  R6      P2        61.16      81.95    19.06    10.00      6 mov    2837.95    0.0016    0.10%   99.94%
    [ 8]  R7      P4        68.67      90.22    26.23    10.00      6 mov    3637.00    0.0007    0.04%   99.98%
    [ 9]  R6      P4        68.67      89.47    26.58    10.00      6 mov    3664.60    0.0003    0.02%  100.00%
    draw=0.0072  →  (R6, P3) (rank 0) selected

  Assignment: R6 → P3  [35.44 → 56.24]  delay=0.00
    J6-1       [35.44 → 39.74]
    J6-2       [39.74 → 47.39]
    J6-3       [47.39 → 56.24]

  Assigned so far:
    ID      Pos       start    finish    delay
    ----------------------------------------
    R3      P1         0.00     16.05     0.00
    R8      P2        13.02     20.75     0.00
    R1      P4         0.00     21.52     0.00
    R2      P3         0.00     25.44     0.00
    R4      P1        26.05     46.22     0.00
    R10     P5        18.84     28.10     0.00
    R5      P2        30.75     51.16     0.00
    R9      P4        31.52     58.67     0.00
    R6      P3        35.44     56.24     0.00

========================================================================
  STEP 10/10
========================================================================

  Pair evaluation  (5 pairs):
    Rank   ID      Pos     t_start   t_finish    delay      gap   blocking      score    weight     P(%)   cum(%)
    ---------------------------------------------------------------------------------------------------------
    [ 0]  R7      P5        38.10      59.65     0.00    10.00     10 mov     716.50    1.0000   60.62%   60.62%
    [ 1]  R7      P1        56.22      77.77    13.78    10.00      6 mov    2267.50    0.4000   24.25%   84.87%
    [ 2]  R7      P2        61.16      82.70    18.71    10.00      6 mov    2810.35    0.1600    9.70%   94.57%
    [ 3]  R7      P3        66.24      87.79    23.80    10.00      6 mov    3369.70    0.0640    3.88%   98.45%
    [ 4]  R7      P4        68.67      90.22    26.23    10.00      6 mov    3637.00    0.0256    1.55%  100.00%
    draw=0.1877  →  (R7, P5) (rank 0) selected
  start-time compare  R7 → P5:  t_imm=38.10 cost=604.50 (4 new movs)  vs  t_nob=58.67 cost=2425.00

  Assignment: R7 → P5  [38.10 → 59.65]  delay=0.00
    J7-1       [38.10 → 43.87]
    J7-2       [43.87 → 50.35]
    J7-3       [50.35 → 59.65]

  Assigned so far:
    ID      Pos       start    finish    delay
    ----------------------------------------
    R3      P1         0.00     16.05     0.00
    R8      P2        13.02     20.75     0.00
    R1      P4         0.00     21.52     0.00
    R2      P3         0.00     25.44     0.00
    R4      P1        26.05     46.22     0.00
    R10     P5        18.84     28.10     0.00
    R5      P2        30.75     51.16     0.00
    R9      P4        31.52     58.67     0.00
    R6      P3        35.44     56.24     0.00
    R7      P5        38.10     59.65     0.00

========================================================================
  Iteration result:  makespan=59.65  movements=10  delay=0.00
========================================================================

========================================================================
  Local search start  obj=606.50
========================================================================
  Local search end    obj=606.50

────────────────────────────────────────────────────────────────────────
  Iteration history
────────────────────────────────────────────────────────────────────────
      Iter   Time(s)           Obj    Makespan       Delay    Mov
  ------------------------------------------------------------
         1      0.00       1131.55       57.91        5.42     10  *
         2      0.06       1131.55       57.91        5.42     10
         3      0.12       1129.55       57.91        5.42      8  *
         4      0.16       1131.55       57.91        5.42     10
         5      0.21       1131.55       57.91        5.42     10
         6      0.25       1131.55       57.91        5.42     10
         7      0.28       1131.55       57.91        5.42     10
         8      0.33       1125.55       57.91        5.42      4  *
         9      0.35       1131.55       57.91        5.42     10
        10      0.41       1131.55       57.91        5.42     10
        11      0.45       1131.55       57.91        5.42     10
        12      0.50       1129.55       57.91        5.42      8
        13      0.53       1131.55       57.91        5.42     10
        14      0.58       1131.55       57.91        5.42     10
        15      0.67        662.50       65.25        0.00     10  *
        16      0.69       1127.55       57.91        5.42      6
        17      0.72       1131.55       57.91        5.42     10
        18      0.77       1125.55       57.91        5.42      4
        19      0.81       1131.55       57.91        5.42     10
        20      0.85       1131.55       57.91        5.42     10
        21      0.89       1131.55       57.91        5.42     10
        22      0.93       1129.55       57.91        5.42      8
        23      1.01       1129.55       57.91        5.42      8
        24      1.04       1131.55       57.91        5.42     10
        25      1.08        662.50       65.25        0.00     10
        26      1.10       1131.55       57.91        5.42     10
        27      1.15       1131.55       57.91        5.42     10
        28      1.18       1129.55       57.91        5.42      8
        29      1.24       1131.55       57.91        5.42     10
        30      1.28       1131.55       57.91        5.42     10
        31      1.32       1131.55       57.91        5.42     10
        32      1.36       1129.55       57.91        5.42      8
        33      1.41       1131.55       57.91        5.42     10
        34      1.50       1131.55       57.91        5.42     10
        35      1.55       1131.55       57.91        5.42     10
        36      1.60       1131.55       57.91        5.42     10
        37      1.64       1133.55       57.91        5.42     12
        38      1.68       1131.55       57.91        5.42     10
        39      1.72       1131.55       57.91        5.42     10
        40      1.76       1129.55       57.91        5.42      8
        41      1.84       1127.55       57.91        5.42      6
        42      1.88        664.50       65.25        0.00     12
        43      1.90       1131.55       57.91        5.42     10
        44      1.94       1131.55       57.91        5.42     10
        45      1.99       1131.55       57.91        5.42     10
        46      2.04       1129.55       57.91        5.42      8
        47      2.08       1127.55       57.91        5.42      6
        48      2.11       1127.55       57.91        5.42      6
        49      2.16       1131.55       57.91        5.42     10
        50      2.19       1131.55       57.91        5.42     10
        51      2.23       1131.55       57.91        5.42     10
        52      2.28       1131.55       57.91        5.42     10
        53      2.31       1127.55       57.91        5.42      6
        54      2.38       1131.55       57.91        5.42     10
        55      2.46       1125.55       57.91        5.42      4
        56      2.52       1131.55       57.91        5.42     10
        57      2.57        637.90       62.59        0.00     12  *
        58      2.59        664.50       65.25        0.00     12
        59      2.61        662.50       65.25        0.00     10
        60      2.63       1125.55       57.91        5.42      4
        61      2.69       2635.55       88.08       17.49      6
        62      2.71       1131.55       57.91        5.42     10
        63      2.75       1131.55       57.91        5.42     10
        64      2.82       1131.55       57.91        5.42     10
        65      2.87        662.50       65.25        0.00     10
        66      2.89       1131.55       57.91        5.42     10
        67      2.93       1125.55       57.91        5.42      4
        68      2.98       1129.55       57.91        5.42      8
        69      3.01        635.90       62.59        0.00     10  *
        70      3.03       1129.55       57.91        5.42      8
        71      3.06       1131.55       57.91        5.42     10
        72      3.09       1129.55       57.91        5.42      8
        73      3.15       1125.55       57.91        5.42      4
        74      3.21       2609.10       77.93       18.24      6
        75      3.23       1129.55       57.91        5.42      8
        76      3.27       1133.55       57.91        5.42     12
        77      3.31       1129.55       57.91        5.42      8
        78      3.36       1131.55       57.91        5.42     10
        79      3.40       1129.55       57.91        5.42      8
        80      3.43       1129.55       57.91        5.42      8
        81      3.47       1129.55       57.91        5.42      8
        82      3.51       1129.55       57.91        5.42      8
        83      3.57       1129.55       57.91        5.42      8
        84      3.61        662.50       65.25        0.00     10
        85      3.63       3432.30       81.85       26.08      6
        86      3.65       1129.55       57.91        5.42      8
        87      3.69       1129.55       57.91        5.42      8
        88      3.75       1131.55       57.91        5.42     10
        89      3.80       1129.55       57.91        5.42      8
        90      3.87       1131.55       57.91        5.42     10
        91      3.91       1133.55       57.91        5.42     12
        92      3.95       1131.55       57.91        5.42     10
        93      4.00       1133.55       57.91        5.42     12
        94      4.05       1131.55       57.91        5.42     10
        95      4.09       1129.55       57.91        5.42      8
        96      4.15       1129.55       57.91        5.42      8
        97      4.20       1131.55       57.91        5.42     10
        98      4.23       1129.55       57.91        5.42      8
        99      4.28       1127.55       57.91        5.42      6
       100      4.34       1129.55       57.91        5.42      8
       101      4.39       1131.55       57.91        5.42     10
       102      4.43       1131.55       57.91        5.42     10
       103      4.47       1129.55       57.91        5.42      8
       104      4.50       1127.55       57.91        5.42      6
       105      4.57       1129.55       57.91        5.42      8
       106      4.60        633.90       62.59        0.00      8  *
       107      4.62       1127.55       57.91        5.42      6
       108      4.65       1131.55       57.91        5.42     10
       109      4.68       1131.55       57.91        5.42     10
       110      4.73       1131.55       57.91        5.42     10
       111      4.77       1127.55       57.91        5.42      6
       112      4.81       1129.55       57.91        5.42      8
       113      4.88       1125.55       57.91        5.42      4
       114      4.92        662.50       65.25        0.00     10
       115      4.94       1129.55       57.91        5.42      8
       116      4.97       1131.55       57.91        5.42     10
       117      5.01       1129.55       57.91        5.42      8
       118      5.05       1131.55       57.91        5.42     10
       119      5.09       1129.55       57.91        5.42      8
       120      5.12       1131.55       57.91        5.42     10
       121      5.18       1129.55       57.91        5.42      8
       122      5.21       1129.55       57.91        5.42      8
       123      5.24       1131.55       57.91        5.42     10
       124      5.28       1131.55       57.91        5.42     10
       125      5.32       1131.55       57.91        5.42     10
       126      5.36       1131.55       57.91        5.42     10
       127      5.39       1125.55       57.91        5.42      4
       128      5.42       1133.55       57.91        5.42     12
       129      5.46       1133.55       57.91        5.42     12
       130      5.51       1131.55       57.91        5.42     10
       131      5.55       1131.55       57.91        5.42     10
       132      5.63       1131.55       57.91        5.42     10
       133      5.68       2719.70       88.84       18.25      6
       134      5.69       1131.55       57.91        5.42     10
       135      5.74       1125.55       57.91        5.42      4
       136      5.80       1129.55       57.91        5.42      8
       137      5.83       1129.55       57.91        5.42      8
       138      5.90       1129.55       57.91        5.42      8
       139      5.93       1131.55       57.91        5.42     10
       140      6.01       1131.55       57.91        5.42     10
       141      6.05       1127.55       57.91        5.42      6
       142      6.12       2660.85       88.31       17.72      6
       143      6.14       1131.55       57.91        5.42     10
       144      6.22       1131.55       57.91        5.42     10
       145      6.27       1131.55       57.91        5.42     10
       146      6.31       1129.55       57.91        5.42      8
       147      6.34       1131.55       57.91        5.42     10
       148      6.39       1131.55       57.91        5.42     10
       149      6.44       1131.55       57.91        5.42     10
       150      6.48       1125.55       57.91        5.42      4
       151      6.53       1131.55       57.91        5.42     10
       152      6.58       1131.55       57.91        5.42     10
       153      6.62       1129.55       57.91        5.42      8
       154      6.66        662.50       65.25        0.00     10
       155      6.67       1131.55       57.91        5.42     10
       156      6.71       1129.55       57.91        5.42      8
       157      6.73       1131.55       57.91        5.42     10
       158      6.76       1131.55       57.91        5.42     10
       159      6.80       1131.55       57.91        5.42     10
       160      6.86        662.50       65.25        0.00     10
       161      6.87       1133.55       57.91        5.42     12
       162      6.92       1127.55       57.91        5.42      6
       163      6.95       1131.55       57.91        5.42     10
       164      6.98       1131.55       57.91        5.42     10
       165      7.03       1131.55       57.91        5.42     10
       166      7.07       1129.55       57.91        5.42      8
       167      7.11       1131.55       57.91        5.42     10
       168      7.14       1129.55       57.91        5.42      8
       169      7.20       1131.55       57.91        5.42     10
       170      7.23       1131.55       57.91        5.42     10
       171      7.27       1129.55       57.91        5.42      8
       172      7.30       1131.55       57.91        5.42     10
       173      7.36       1131.55       57.91        5.42     10
       174      7.43       1129.55       57.91        5.42      8
       175      7.48       1129.55       57.91        5.42      8
       176      7.52       1129.55       57.91        5.42      8
       177      7.55       1129.55       57.91        5.42      8
       178      7.59       1131.55       57.91        5.42     10
       179      7.65       1129.55       57.91        5.42      8
       180      7.68        662.50       65.25        0.00     10
       181      7.70       1125.55       57.91        5.42      4
       182      7.78       1131.55       57.91        5.42     10
       183      7.83       1131.55       57.91        5.42     10
       184      7.88       1131.55       57.91        5.42     10
       185      7.92       1133.55       57.91        5.42     12
       186      7.97       1129.55       57.91        5.42      8
       187      8.03        662.50       65.25        0.00     10
       188      8.05       1131.55       57.91        5.42     10
       189      8.10       1131.55       57.91        5.42     10
       190      8.16       1125.55       57.91        5.42      4
       191      8.18       1129.55       57.91        5.42      8
       192      8.20       1131.55       57.91        5.42     10
       193      8.25       1125.55       57.91        5.42      4
       194      8.30       1129.55       57.91        5.42      8
       195      8.34       3505.17       82.20       26.77      6
       196      8.35       1131.55       57.91        5.42     10
       197      8.41       1131.55       57.91        5.42     10
       198      8.45       1131.55       57.91        5.42     10
       199      8.50       1131.55       57.91        5.42     10
       200      8.56       1131.55       57.91        5.42     10
       201      8.60       1125.55       57.91        5.42      4
       202      8.67       1131.55       57.91        5.42     10
       203      8.70       1131.55       57.91        5.42     10
       204      8.75       1131.55       57.91        5.42     10
       205      8.78       1131.55       57.91        5.42     10
       206      8.82       1127.55       57.91        5.42      6
       207      8.87       1129.55       57.91        5.42      8
       208      8.91       1131.55       57.91        5.42     10
       209      8.96       1125.55       57.91        5.42      4
       210      8.99       1125.55       57.91        5.42      4
       211      9.04       1129.55       57.91        5.42      8
       212      9.09       1125.55       57.91        5.42      4
       213      9.14       1129.55       57.91        5.42      8
       214      9.22       1129.55       57.91        5.42      8
       215      9.28       1131.55       57.91        5.42     10
       216      9.34       1133.55       57.91        5.42     12
       217      9.38       1131.55       57.91        5.42     10
       218      9.43       1129.55       57.91        5.42      8
       219      9.46       1131.55       57.91        5.42     10
       220      9.50        664.50       65.25        0.00     12
       221      9.52       1129.55       57.91        5.42      8
       222      9.55       1133.55       57.91        5.42     12
       223      9.59       1131.55       57.91        5.42     10
       224      9.63       1131.55       57.91        5.42     10
       225      9.70       1131.55       57.91        5.42     10
       226      9.74       1129.55       57.91        5.42      8
       227      9.81       1129.55       57.91        5.42      8
       228      9.87       1131.55       57.91        5.42     10
       229      9.93        662.50       65.25        0.00     10
       230      9.95       1131.55       57.91        5.42     10
       231      9.98       1125.55       57.91        5.42      4
       232     10.03       1129.55       57.91        5.42      8
       233     10.08       1127.55       57.91        5.42      6
       234     10.13       1129.55       57.91        5.42      8
       235     10.20       1129.55       57.91        5.42      8
       236     10.27        662.50       65.25        0.00     10
       237     10.28       1125.55       57.91        5.42      4
       238     10.35       1125.55       57.91        5.42      4
       239     10.39       1131.55       57.91        5.42     10
       240     10.43       1131.55       57.91        5.42     10
       241     10.47       1452.10       65.25        7.88     12
       242     10.49       1129.55       57.91        5.42      8
       243     10.56       1452.10       65.25        7.88     12
       244     10.58       1129.55       57.91        5.42      8
       245     10.61       1131.55       57.91        5.42     10
       246     10.65       1131.55       57.91        5.42     10
       247     10.67       1131.55       57.91        5.42     10
       248     10.72       1131.55       57.91        5.42     10
       249     10.75       3507.17       82.20       26.77      8
       250     10.76       1131.55       57.91        5.42     10
       251     10.80        633.90       62.59        0.00      8
       252     10.82       1131.55       57.91        5.42     10
       253     10.85       1129.55       57.91        5.42      8
       254     10.89       1125.55       57.91        5.42      4
       255     10.94       1125.55       57.91        5.42      4
       256     10.98       1125.55       57.91        5.42      4
       257     11.05       1131.55       57.91        5.42     10
       258     11.08        662.50       65.25        0.00     10
       259     11.10       1131.55       57.91        5.42     10
       260     11.14       1131.55       57.91        5.42     10
       261     11.18       1131.55       57.91        5.42     10
       262     11.22       1129.55       57.91        5.42      8
       263     11.25       1131.55       57.91        5.42     10
       264     11.28       2684.20       71.58       19.58     10
       265     11.29       1131.55       57.91        5.42     10
       266     11.33       1127.55       57.91        5.42      6
       267     11.37       1129.55       57.91        5.42      8
       268     11.40       1129.55       57.91        5.42      8
       269     11.45       1125.55       57.91        5.42      4
       270     11.52       1129.55       57.91        5.42      8
       271     11.55       3434.30       81.85       26.08      8
       272     11.57       1125.55       57.91        5.42      4
       273     11.63       1129.55       57.91        5.42      8
       274     11.71       1131.55       57.91        5.42     10
       275     11.73       1131.55       57.91        5.42     10
       276     11.78       1129.55       57.91        5.42      8
       277     11.85       1131.55       57.91        5.42     10
       278     11.88       1125.55       57.91        5.42      4
       279     11.94       1131.55       57.91        5.42     10
       280     11.98       1131.55       57.91        5.42     10
       281     12.02       1131.55       57.91        5.42     10
       282     12.06       1129.55       57.91        5.42      8
       283     12.13       1129.55       57.91        5.42      8
       284     12.16       1133.55       57.91        5.42     12
       285     12.19       1129.55       57.91        5.42      8
       286     12.23       1127.55       57.91        5.42      6
       287     12.28       3436.30       81.85       26.08     10
       288     12.29       1131.55       57.91        5.42     10
       289     12.35       1131.55       57.91        5.42     10
       290     12.39       1131.55       57.91        5.42     10
       291     12.45       1127.55       57.91        5.42      6
       292     12.50       1131.55       57.91        5.42     10
       293     12.55       1129.55       57.91        5.42      8
       294     12.60       1131.55       57.91        5.42     10
       295     12.64       1131.55       57.91        5.42     10
       296     12.71       1131.55       57.91        5.42     10
       297     12.75       1131.55       57.91        5.42     10
       298     12.79       1131.55       57.91        5.42     10
       299     12.86       1125.55       57.91        5.42      4
       300     12.93       1129.55       57.91        5.42      8
       301     12.97        662.50       65.25        0.00     10
       302     12.98       1127.55       57.91        5.42      6
       303     13.02       1131.55       57.91        5.42     10
       304     13.04       1131.55       57.91        5.42     10
       305     13.08       1129.55       57.91        5.42      8
       306     13.10       1129.55       57.91        5.42      8
       307     13.13       1131.55       57.91        5.42     10
       308     13.17       1125.55       57.91        5.42      4
       309     13.24       1131.55       57.91        5.42     10
       310     13.28       1131.55       57.91        5.42     10
       311     13.32       1125.55       57.91        5.42      4
       312     13.38       1125.55       57.91        5.42      4
       313     13.44       1131.55       57.91        5.42     10
       314     13.47       1131.55       57.91        5.42     10
       315     13.51       1129.55       57.91        5.42      8
       316     13.54       1131.55       57.91        5.42     10
       317     13.59       1125.55       57.91        5.42      4
       318     13.65       1127.55       57.91        5.42      6
       319     13.70       1131.55       57.91        5.42     10
       320     13.77       1125.55       57.91        5.42      4
       321     13.82       1131.55       57.91        5.42     10
       322     13.87       1133.55       57.91        5.42     12
       323     13.91       1131.55       57.91        5.42     10
       324     13.95       1131.55       57.91        5.42     10
       325     14.00       1127.55       57.91        5.42      6
       326     14.05       2871.50       90.22       19.63      6
       327     14.06       1131.55       57.91        5.42     10
       328     14.10       1129.55       57.91        5.42      8
       329     14.16       1129.55       57.91        5.42      8
       330     14.21       1129.55       57.91        5.42      8
       331     14.28       1131.55       57.91        5.42     10
       332     14.32       1131.55       57.91        5.42     10
       333     14.36       1131.55       57.91        5.42     10
       334     14.40        662.50       65.25        0.00     10
       335     14.42       1131.55       57.91        5.42     10
       336     14.48        639.90       62.59        0.00     14
       337     14.49       1129.55       57.91        5.42      8
       338     14.52        957.80       62.59        3.20     12
       339     14.53       1127.55       57.91        5.42      6
       340     14.60       1133.55       57.91        5.42     12
       341     14.65       1133.55       57.91        5.42     12
       342     14.70       1131.55       57.91        5.42     10
       343     14.80       1129.55       57.91        5.42      8
       344     14.86       1131.55       57.91        5.42     10
       345     14.91        637.90       62.59        0.00     12
       346     14.93       1129.55       57.91        5.42      8
       347     14.99       1129.55       57.91        5.42      8
       348     15.04       1133.55       57.91        5.42     12
       349     15.09       1133.55       57.91        5.42     12
       350     15.14       1125.55       57.91        5.42      4
       351     15.18       1131.55       57.91        5.42     10
       352     15.24       1131.55       57.91        5.42     10
       353     15.28       1133.55       57.91        5.42     12
       354     15.33       1131.55       57.91        5.42     10
       355     15.37       1131.55       57.91        5.42     10
       356     15.45        637.90       62.59        0.00     12
       357     15.47       1125.55       57.91        5.42      4
       358     15.49       1133.55       57.91        5.42     12
       359     15.53       1129.55       57.91        5.42      8
       360     15.57       1129.55       57.91        5.42      8
       361     15.60       1129.55       57.91        5.42      8
       362     15.64       1125.55       57.91        5.42      4
       363     15.69       1127.55       57.91        5.42      6
       364     15.73       1131.55       57.91        5.42     10
       365     15.76       1127.55       57.91        5.42      6
       366     15.82       1131.55       57.91        5.42     10
       367     15.86       1125.55       57.91        5.42      4
       368     15.90       1125.55       57.91        5.42      4
       369     15.92       1127.55       57.91        5.42      6
       370     15.95       1133.55       57.91        5.42     12
       371     16.00       1131.55       57.91        5.42     10
       372     16.05       1129.55       57.91        5.42      8
       373     16.10       1125.55       57.91        5.42      4
       374     16.15       1131.55       57.91        5.42     10
       375     16.20       1131.55       57.91        5.42     10
       376     16.26       1129.55       57.91        5.42      8
       377     16.30       1131.55       57.91        5.42     10
       378     16.35       1131.55       57.91        5.42     10
       379     16.39       1133.55       57.91        5.42     12
       380     16.42       1129.55       57.91        5.42      8
       381     16.47       1133.55       57.91        5.42     12
       382     16.51       1131.55       57.91        5.42     10
       383     16.57       1131.55       57.91        5.42     10
       384     16.61       1131.55       57.91        5.42     10
       385     16.65       1129.55       57.91        5.42      8
       386     16.71        658.50       65.25        0.00      6
       387     16.72       1127.55       57.91        5.42      6
       388     16.76       1131.55       57.91        5.42     10
       389     16.80       1129.55       57.91        5.42      8
       390     16.86       1125.55       57.91        5.42      4
       391     16.90       1129.55       57.91        5.42      8
       392     16.94       1129.55       57.91        5.42      8
       393     16.97       1131.55       57.91        5.42     10
       394     17.01       1125.55       57.91        5.42      4
       395     17.05       1129.55       57.91        5.42      8
       396     17.08       1131.55       57.91        5.42     10
       397     17.13       1131.55       57.91        5.42     10
       398     17.19        662.50       65.25        0.00     10
       399     17.21       1131.55       57.91        5.42     10
       400     17.27       1127.55       57.91        5.42      6
       401     17.32       1125.55       57.91        5.42      4
       402     17.37       1125.55       57.91        5.42      4
       403     17.41       1131.55       57.91        5.42     10
       404     17.46       1129.55       57.91        5.42      8
       405     17.54       1127.55       57.91        5.42      6
       406     17.57       1129.55       57.91        5.42      8
       407     17.60       1131.55       57.91        5.42     10
       408     17.66       1127.55       57.91        5.42      6
       409     17.72       1129.55       57.91        5.42      8
       410     17.76       1127.55       57.91        5.42      6
       411     17.82       1131.55       57.91        5.42     10
       412     17.86       1131.55       57.91        5.42     10
       413     17.90       1131.55       57.91        5.42     10
       414     17.93       1131.55       57.91        5.42     10
       415     17.98       1131.55       57.91        5.42     10
       416     18.01       1131.55       57.91        5.42     10
       417     18.05       1129.55       57.91        5.42      8
       418     18.11        662.50       65.25        0.00     10
       419     18.13       1127.55       57.91        5.42      6
       420     18.16       1131.55       57.91        5.42     10
       421     18.20       1125.55       57.91        5.42      4
       422     18.23       1127.55       57.91        5.42      6
       423     18.27       1125.55       57.91        5.42      4
       424     18.32       1131.55       57.91        5.42     10
       425     18.37       1131.55       57.91        5.42     10
       426     18.40       1129.55       57.91        5.42      8
       427     18.46       1131.55       57.91        5.42     10
       428     18.51        664.50       65.25        0.00     12
       429     18.53       1131.55       57.91        5.42     10
       430     18.55       1125.55       57.91        5.42      4
       431     18.59       1131.55       57.91        5.42     10
       432     18.64       1131.55       57.91        5.42     10
       433     18.67       1131.55       57.91        5.42     10
       434     18.75       1131.55       57.91        5.42     10
       435     18.79       1129.55       57.91        5.42      8
       436     18.83       1131.55       57.91        5.42     10
       437     18.86       3503.17       82.20       26.77      4
       438     18.88       1129.55       57.91        5.42      8
       439     18.93       1133.55       57.91        5.42     12
       440     18.97       1125.55       57.91        5.42      4
       441     19.00       1131.55       57.91        5.42     10
       442     19.04       1131.55       57.91        5.42     10
       443     19.07       1127.55       57.91        5.42      6
       444     19.12       1131.55       57.91        5.42     10
       445     19.17       1129.55       57.91        5.42      8
       446     19.20       1131.55       57.91        5.42     10
       447     19.23       3432.30       81.85       26.08      6
       448     19.25       1127.55       57.91        5.42      6
       449     19.33       1131.55       57.91        5.42     10
       450     19.36        666.50       65.25        0.00     14
       451     19.37       1129.55       57.91        5.42      8
       452     19.40       1607.70       58.67       10.13      8
       453     19.44       1127.55       57.91        5.42      6
       454     19.49       1131.55       57.91        5.42     10
       455     19.53       1131.55       57.91        5.42     10
       456     19.59       1129.55       57.91        5.42      8
       457     19.62       1131.55       57.91        5.42     10
       458     19.67       2611.10       77.93       18.24      8
       459     19.69       1131.55       57.91        5.42     10
       460     19.74       1131.55       57.91        5.42     10
       461     19.79       1125.55       57.91        5.42      4
       462     19.89       1127.55       57.91        5.42      6
       463     19.93       1131.55       57.91        5.42     10
       464     19.99       1131.55       57.91        5.42     10
       465     20.04       1127.55       57.91        5.42      6
       466     20.09       1125.55       57.91        5.42      4
       467     20.13       1129.55       57.91        5.42      8
       468     20.17       1125.55       57.91        5.42      4
       469     20.24       1129.55       57.91        5.42      8
       470     20.29       1131.55       57.91        5.42     10
       471     20.33       1129.55       57.91        5.42      8
       472     20.37       2161.50       77.77       13.78      6
       473     20.38       1129.55       57.91        5.42      8
       474     20.43       1131.55       57.91        5.42     10
       475     20.46       1131.55       57.91        5.42     10
       476     20.50       1129.55       57.91        5.42      8
       477     20.54       1129.55       57.91        5.42      8
       478     20.62       1131.55       57.91        5.42     10
       479     20.65       1125.55       57.91        5.42      4
       480     20.71       1129.55       57.91        5.42      8
       481     20.74       1133.55       57.91        5.42     12
       482     20.78       1127.55       57.91        5.42      6
       483     20.83       1129.55       57.91        5.42      8
       484     20.87        662.50       65.25        0.00     10
       485     20.89       1129.55       57.91        5.42      8
       486     20.94       1125.55       57.91        5.42      4
       487     21.00       1131.55       57.91        5.42     10
       488     21.03       1131.55       57.91        5.42     10
       489     21.08       1127.55       57.91        5.42      6
       490     21.11       1129.55       57.91        5.42      8
       491     21.18       1127.55       57.91        5.42      6
       492     21.22       1131.55       57.91        5.42     10
       493     21.25       1131.55       57.91        5.42     10
       494     21.30       1129.55       57.91        5.42      8
       495     21.37       1125.55       57.91        5.42      4
       496     21.40       1131.55       57.91        5.42     10
       497     21.43       1131.55       57.91        5.42     10
       498     21.50       1131.55       57.91        5.42     10
       499     21.55       1129.55       57.91        5.42      8
       500     21.59       1133.55       57.91        5.42     12
       501     21.63        633.90       62.59        0.00      8
       502     21.64       1131.55       57.91        5.42     10
       503     21.68       1129.55       57.91        5.42      8
       504     21.73        662.50       65.25        0.00     10
       505     21.75       1131.55       57.91        5.42     10
       506     21.83        662.50       65.25        0.00     10
       507     21.85       1127.55       57.91        5.42      6
       508     21.92       1131.55       57.91        5.42     10
       509     21.97       1127.55       57.91        5.42      6
       510     22.04       1129.55       57.91        5.42      8
       511     22.09       1131.55       57.91        5.42     10
       512     22.19       1125.55       57.91        5.42      4
       513     22.24       1125.55       57.91        5.42      4
       514     22.29       1129.55       57.91        5.42      8
       515     22.39       1131.55       57.91        5.42     10
       516     22.43       1127.55       57.91        5.42      6
       517     22.50       1125.55       57.91        5.42      4
       518     22.59       1131.55       57.91        5.42     10
       519     22.63       1131.55       57.91        5.42     10
       520     22.68       1129.55       57.91        5.42      8
       521     22.74       1127.55       57.91        5.42      6
       522     22.77       1133.55       57.91        5.42     12
       523     22.82       1125.55       57.91        5.42      4
       524     22.94        662.50       65.25        0.00     10
       525     22.96       1131.55       57.91        5.42     10
       526     23.02       1131.55       57.91        5.42     10
       527     23.06       3655.50       81.66       28.31      8
       528     23.09       1129.55       57.91        5.42      8
       529     23.18       1131.55       57.91        5.42     10
       530     23.28       1129.55       57.91        5.42      8
       531     23.34        662.50       65.25        0.00     10
       532     23.37       1125.55       57.91        5.42      4
       533     23.43       1129.55       57.91        5.42      8
       534     23.48       1127.55       57.91        5.42      6
       535     23.55       1131.55       57.91        5.42     10
       536     23.59       1131.55       57.91        5.42     10
       537     23.69       1131.55       57.91        5.42     10
       538     23.74       1129.55       57.91        5.42      8
       539     23.78       1131.55       57.91        5.42     10
       540     23.83       1129.55       57.91        5.42      8
       541     23.91       2611.10       77.93       18.24      8
       542     23.92       1131.55       57.91        5.42     10
       543     23.96       1129.55       57.91        5.42      8
       544     23.99       1131.55       57.91        5.42     10
       545     24.04       1131.55       57.91        5.42     10
       546     24.09       1131.55       57.91        5.42     10
       547     24.13        662.50       65.25        0.00     10
       548     24.14       1129.55       57.91        5.42      8
       549     24.18       1131.55       57.91        5.42     10
       550     24.21       1131.55       57.91        5.42     10
       551     24.25       1127.55       57.91        5.42      6
       552     24.30       1133.55       57.91        5.42     12
       553     24.35       1129.55       57.91        5.42      8
       554     24.39       1131.55       57.91        5.42     10
       555     24.43       1131.55       57.91        5.42     10
       556     24.48       1131.55       57.91        5.42     10
       557     24.51       1127.55       57.91        5.42      6
       558     24.57       1129.55       57.91        5.42      8
       559     24.59       1129.55       57.91        5.42      8
       560     24.66       1127.55       57.91        5.42      6
       561     24.71       1131.55       57.91        5.42     10
       562     24.75       1129.55       57.91        5.42      8
       563     24.79       1133.55       57.91        5.42     12
       564     24.82       1133.55       57.91        5.42     12
       565     24.86       1133.55       57.91        5.42     12
       566     24.93       1131.55       57.91        5.42     10
       567     24.97       1131.55       57.91        5.42     10
       568     25.02       1131.55       57.91        5.42     10
       569     25.06       1131.55       57.91        5.42     10
       570     25.09       1125.55       57.91        5.42      4
       571     25.12       1131.55       57.91        5.42     10
       572     25.16       1131.55       57.91        5.42     10
       573     25.20       1131.55       57.91        5.42     10
       574     25.26       1129.55       57.91        5.42      8
       575     25.30       1131.55       57.91        5.42     10
       576     25.32       1127.55       57.91        5.42      6
       577     25.35       1129.55       57.91        5.42      8
       578     25.39       1131.55       57.91        5.42     10
       579     25.43       1129.55       57.91        5.42      8
       580     25.47       1131.55       57.91        5.42     10
       581     25.51       1129.55       57.91        5.42      8
       582     25.53       1131.55       57.91        5.42     10
       583     25.60       1129.55       57.91        5.42      8
       584     25.63        662.50       65.25        0.00     10
       585     25.65       1131.55       57.91        5.42     10
       586     25.71        662.50       65.25        0.00     10
       587     25.73       1131.55       57.91        5.42     10
       588     25.76       1129.55       57.91        5.42      8
       589     25.80       1131.55       57.91        5.42     10
       590     25.85       1125.55       57.91        5.42      4
       591     25.89       1131.55       57.91        5.42     10
       592     25.92       1129.55       57.91        5.42      8
       593     25.96       1131.55       57.91        5.42     10
       594     26.01       1131.55       57.91        5.42     10
       595     26.05       1129.55       57.91        5.42      8
       596     26.10       3430.30       81.85       26.08      4
       597     26.12       1129.55       57.91        5.42      8
       598     26.14       1131.55       57.91        5.42     10
       599     26.21       1131.55       57.91        5.42     10
       600     26.27       3436.30       81.85       26.08     10
       601     26.28       1129.55       57.91        5.42      8
       602     26.33        662.50       65.25        0.00     10
       603     26.34       1131.55       57.91        5.42     10
       604     26.38       1131.55       57.91        5.42     10
       605     26.45        635.90       62.59        0.00     10
       606     26.47       1127.55       57.91        5.42      6
       607     26.51       1129.55       57.91        5.42      8
       608     26.56       1131.55       57.91        5.42     10
       609     26.60       1127.55       57.91        5.42      6
       610     26.64       1131.55       57.91        5.42     10
       611     26.67       1131.55       57.91        5.42     10
       612     26.71       1131.55       57.91        5.42     10
       613     26.75       1129.55       57.91        5.42      8
       614     26.80       1131.55       57.91        5.42     10
       615     26.83       1131.55       57.91        5.42     10
       616     26.87       1125.55       57.91        5.42      4
       617     26.91       1129.55       57.91        5.42      8
       618     27.00       1127.55       57.91        5.42      6
       619     27.04       1131.55       57.91        5.42     10
       620     27.08       1127.55       57.91        5.42      6
       621     27.12       1131.55       57.91        5.42     10
       622     27.18       1129.55       57.91        5.42      8
       623     27.22       1131.55       57.91        5.42     10
       624     27.26       1129.55       57.91        5.42      8
       625     27.29        635.90       62.59        0.00     10
       626     27.30       1129.55       57.91        5.42      8
       627     27.34       1131.55       57.91        5.42     10
       628     27.38       1131.55       57.91        5.42     10
       629     27.41       1131.55       57.91        5.42     10
       630     27.47       1131.55       57.91        5.42     10
       631     27.52       1131.55       57.91        5.42     10
       632     27.58       2871.50       90.22       19.63      6
       633     27.59       1125.55       57.91        5.42      4
       634     27.62       1125.55       57.91        5.42      4
       635     27.67       1131.55       57.91        5.42     10
       636     27.72       1131.55       57.91        5.42     10
       637     27.76       1125.55       57.91        5.42      4
       638     27.81       1131.55       57.91        5.42     10
       639     27.85       1129.55       57.91        5.42      8
       640     27.93       1129.55       57.91        5.42      8
       641     27.97       1129.55       57.91        5.42      8
       642     28.06       1131.55       57.91        5.42     10
       643     28.11       1131.55       57.91        5.42     10
       644     28.15       1131.55       57.91        5.42     10
       645     28.18       1131.55       57.91        5.42     10
       646     28.22       1131.55       57.91        5.42     10
       647     28.26       1131.55       57.91        5.42     10
       648     28.29       1125.55       57.91        5.42      4
       649     28.34       1131.55       57.91        5.42     10
       650     28.38       1125.55       57.91        5.42      4
       651     28.44       1131.55       57.91        5.42     10
       652     28.48       1129.55       57.91        5.42      8
       653     28.53       1131.55       57.91        5.42     10
       654     28.56       1125.55       57.91        5.42      4
       655     28.64       1131.55       57.91        5.42     10
       656     28.68       1129.55       57.91        5.42      8
       657     28.76       1131.55       57.91        5.42     10
       658     28.82       1129.55       57.91        5.42      8
       659     28.86       1131.55       57.91        5.42     10
       660     28.91       1131.55       57.91        5.42     10
       661     28.96       1131.55       57.91        5.42     10
       662     29.03       1129.55       57.91        5.42      8
       663     29.11       1129.55       57.91        5.42      8
       664     29.16       1131.55       57.91        5.42     10
       665     29.24       1131.55       57.91        5.42     10
       666     29.29       1131.55       57.91        5.42     10
       667     29.36       1129.55       57.91        5.42      8
       668     29.43       1127.55       57.91        5.42      6
       669     29.47       1131.55       57.91        5.42     10
       670     29.50       1131.55       57.91        5.42     10
       671     29.54       1131.55       57.91        5.42     10
       672     29.57       1133.55       57.91        5.42     12
       673     29.62        606.50       59.65        0.00     10  *
       674     29.64       1129.55       57.91        5.42      8
       675     29.68       1131.55       57.91        5.42     10
       676     29.74       1131.55       57.91        5.42     10
       677     29.78       1131.55       57.91        5.42     10
       678     29.84       1131.55       57.91        5.42     10
       679     29.90       1131.55       57.91        5.42     10
       680     29.96       1131.55       57.91        5.42     10
       681     30.02       1131.55       57.91        5.42     10
       682     30.07       1131.55       57.91        5.42     10
       683     30.13       1131.55       57.91        5.42     10
       684     30.20       1129.55       57.91        5.42      8
       685     30.24        662.50       65.25        0.00     10
       686     30.26       1125.55       57.91        5.42      4
       687     30.29       1131.55       57.91        5.42     10
       688     30.37       1131.55       57.91        5.42     10
       689     30.42       1131.55       57.91        5.42     10
       690     30.47       1127.55       57.91        5.42      6
       691     30.54        662.50       65.25        0.00     10
       692     30.55       1127.55       57.91        5.42      6
       693     30.61       1129.55       57.91        5.42      8
       694     30.65       1131.55       57.91        5.42     10
       695     30.68       1131.55       57.91        5.42     10
       696     30.71       1131.55       57.91        5.42     10
       697     30.75       1125.55       57.91        5.42      4
       698     30.78       1131.55       57.91        5.42     10
       699     30.82       1131.55       57.91        5.42     10
       700     30.85        633.90       62.59        0.00      8
       701     30.87       1133.55       57.91        5.42     12
       702     30.93       1131.55       57.91        5.42     10
       703     30.98       1131.55       57.91        5.42     10
       704     31.01       1131.55       57.91        5.42     10
       705     31.06       1129.55       57.91        5.42      8
       706     31.10       1131.55       57.91        5.42     10
       707     31.13       1129.55       57.91        5.42      8
       708     31.17       1131.55       57.91        5.42     10
       709     31.21       1131.55       57.91        5.42     10
       710     31.26       1131.55       57.91        5.42     10
       711     31.29       1129.55       57.91        5.42      8
       712     31.36       1129.55       57.91        5.42      8
       713     31.39       1129.55       57.91        5.42      8
       714     31.47       1129.55       57.91        5.42      8
       715     31.51        608.50       59.65        0.00     12
       716     31.52       1131.55       57.91        5.42     10
       717     31.57       1129.55       57.91        5.42      8
       718     31.61       1131.55       57.91        5.42     10
       719     31.64       1131.55       57.91        5.42     10
       720     31.70       1129.55       57.91        5.42      8
       721     31.74       1133.55       57.91        5.42     12
       722     31.79       1129.55       57.91        5.42      8
       723     31.82       1131.55       57.91        5.42     10
       724     31.87       1131.55       57.91        5.42     10
       725     31.90       1131.55       57.91        5.42     10
       726     31.95       2609.10       77.93       18.24      6
       727     31.96       1131.55       57.91        5.42     10
       728     31.99       1131.55       57.91        5.42     10
       729     32.03       1131.55       57.91        5.42     10
       730     32.07       1131.55       57.91        5.42     10
       731     32.11       1131.55       57.91        5.42     10
       732     32.15       1127.55       57.91        5.42      6
       733     32.19       1125.55       57.91        5.42      4
       734     32.23       1131.55       57.91        5.42     10
       735     32.26       1131.55       57.91        5.42     10
       736     32.32       1131.55       57.91        5.42     10
       737     32.35       1129.55       57.91        5.42      8
       738     32.38       1125.55       57.91        5.42      4
       739     32.41       1129.55       57.91        5.42      8
       740     32.48       1131.55       57.91        5.42     10
       741     32.53       1129.55       57.91        5.42      8
       742     32.57       1131.55       57.91        5.42     10
       743     32.60       1131.55       57.91        5.42     10
       744     32.63       1129.55       57.91        5.42      8
       745     32.67       1125.55       57.91        5.42      4
       746     32.73       1129.55       57.91        5.42      8
       747     32.77        637.90       62.59        0.00     12
       748     32.79       1129.55       57.91        5.42      8
       749     32.83       1131.55       57.91        5.42     10
       750     32.87       1131.55       57.91        5.42     10
       751     32.90       1125.55       57.91        5.42      4
       752     32.96       1129.55       57.91        5.42      8
       753     32.99       1131.55       57.91        5.42     10
       754     33.02       1129.55       57.91        5.42      8
       755     33.06       1131.55       57.91        5.42     10
       756     33.09       1131.55       57.91        5.42     10
       757     33.13       1131.55       57.91        5.42     10
       758     33.17       1131.55       57.91        5.42     10
       759     33.21       1129.55       57.91        5.42      8
       760     33.26       1131.55       57.91        5.42     10
       761     33.30       1131.55       57.91        5.42     10
       762     33.33       1125.55       57.91        5.42      4
       763     33.37       1125.55       57.91        5.42      4
       764     33.40       1131.55       57.91        5.42     10
       765     33.44       1131.55       57.91        5.42     10
       766     33.47       1129.55       57.91        5.42      8
       767     33.53       1125.55       57.91        5.42      4
       768     33.60        637.90       62.59        0.00     12
       769     33.62       1129.55       57.91        5.42      8
       770     33.68       1131.55       57.91        5.42     10
       771     33.74       1129.55       57.91        5.42      8
       772     33.76       1131.55       57.91        5.42     10
       773     33.81       1129.55       57.91        5.42      8
       774     33.88       1452.10       65.25        7.88     12
       775     33.90       1127.55       57.91        5.42      6
       776     33.93       1129.55       57.91        5.42      8
       777     33.97       1131.55       57.91        5.42     10
       778     34.01       2745.00       89.07       18.48      6
       779     34.03       1131.55       57.91        5.42     10
       780     34.08       1131.55       57.91        5.42     10
       781     34.12       1131.55       57.91        5.42     10
       782     34.16       1133.55       57.91        5.42     12
       783     34.20       1131.55       57.91        5.42     10
       784     34.24       1131.55       57.91        5.42     10
       785     34.28       1131.55       57.91        5.42     10
       786     34.32       1127.55       57.91        5.42      6
       787     34.37       1131.55       57.91        5.42     10
       788     34.40       1127.55       57.91        5.42      6
       789     34.43       1131.55       57.91        5.42     10
       790     34.46       1129.55       57.91        5.42      8
       791     34.49       1129.55       57.91        5.42      8
       792     34.57       1131.55       57.91        5.42     10
       793     34.59       1131.55       57.91        5.42     10
       794     34.64       1131.55       57.91        5.42     10
       795     34.68        637.90       62.59        0.00     12
       796     34.71       1129.55       57.91        5.42      8
       797     34.76        662.50       65.25        0.00     10
       798     34.77       1131.55       57.91        5.42     10
       799     34.81       1129.55       57.91        5.42      8
       800     34.85       1131.55       57.91        5.42     10
       801     34.89       1131.55       57.91        5.42     10
       802     34.96       1127.55       57.91        5.42      6
       803     34.99       1129.55       57.91        5.42      8
       804     35.04       1125.55       57.91        5.42      4
       805     35.10       1131.55       57.91        5.42     10
       806     35.17       1131.55       57.91        5.42     10
       807     35.20        662.50       65.25        0.00     10
       808     35.21       3434.30       81.85       26.08      8
       809     35.23       1131.55       57.91        5.42     10
       810     35.28       1129.55       57.91        5.42      8
       811     35.32       1129.55       57.91        5.42      8
       812     35.37       1129.55       57.91        5.42      8
       813     35.44       1131.55       57.91        5.42     10
       814     35.48       1131.55       57.91        5.42     10
       815     35.52       1129.55       57.91        5.42      8
       816     35.60       1125.55       57.91        5.42      4
       817     35.65       1131.55       57.91        5.42     10
       818     35.67       1131.55       57.91        5.42     10
       819     35.72       1131.55       57.91        5.42     10
       820     35.77       1129.55       57.91        5.42      8
       821     35.82       1131.55       57.91        5.42     10
       822     35.86       1129.55       57.91        5.42      8
       823     35.91       1127.55       57.91        5.42      6
       824     35.96       1127.55       57.91        5.42      6
       825     35.99       1129.55       57.91        5.42      8
       826     36.04       1129.55       57.91        5.42      8
       827     36.07       1129.55       57.91        5.42      8
       828     36.11       1131.55       57.91        5.42     10
       829     36.15       1125.55       57.91        5.42      4
       830     36.21       1125.55       57.91        5.42      4
       831     36.25       1129.55       57.91        5.42      8
       832     36.29       1129.55       57.91        5.42      8
       833     36.32       1129.55       57.91        5.42      8
       834     36.39       1125.55       57.91        5.42      4
       835     36.42       1127.55       57.91        5.42      6
       836     36.45       1131.55       57.91        5.42     10
       837     36.49       3507.17       82.20       26.77      8
       838     36.51       1129.55       57.91        5.42      8
       839     36.55       1131.55       57.91        5.42     10
       840     36.58       1129.55       57.91        5.42      8
       841     36.62       1131.55       57.91        5.42     10
       842     36.66       1131.55       57.91        5.42     10
       843     36.70       1125.55       57.91        5.42      4
       844     36.75       1127.55       57.91        5.42      6
       845     36.79        662.50       65.25        0.00     10
       846     36.80       1131.55       57.91        5.42     10
       847     36.84       1129.55       57.91        5.42      8
       848     36.91       1133.55       57.91        5.42     12
       849     36.96       1131.55       57.91        5.42     10
       850     37.00       1133.55       57.91        5.42     12
       851     37.05       1127.55       57.91        5.42      6
       852     37.09       1131.55       57.91        5.42     10
       853     37.12       1131.55       57.91        5.42     10
       854     37.16       1131.55       57.91        5.42     10
       855     37.22       1131.55       57.91        5.42     10
       856     37.27       1131.55       57.91        5.42     10
       857     37.31       1131.55       57.91        5.42     10
       858     37.34       1125.55       57.91        5.42      4
       859     37.39       1129.55       57.91        5.42      8
       860     37.42       1131.55       57.91        5.42     10
       861     37.46       1131.55       57.91        5.42     10
       862     37.50       1129.55       57.91        5.42      8
       863     37.55       1131.55       57.91        5.42     10
       864     37.59       1131.55       57.91        5.42     10
       865     37.63       1131.55       57.91        5.42     10
       866     37.68       1133.55       57.91        5.42     12
       867     37.72       1131.55       57.91        5.42     10
       868     37.76       1131.55       57.91        5.42     10
       869     37.79       1131.55       57.91        5.42     10
       870     37.84       1131.55       57.91        5.42     10
       871     37.89       1129.55       57.91        5.42      8
       872     37.93       1125.55       57.91        5.42      4
       873     37.99       1129.55       57.91        5.42      8
       874     38.02       1127.55       57.91        5.42      6
       875     38.06       1125.55       57.91        5.42      4
       876     38.13        662.50       65.25        0.00     10
       877     38.14       1131.55       57.91        5.42     10
       878     38.20       1131.55       57.91        5.42     10
       879     38.24       1131.55       57.91        5.42     10
       880     38.29        662.50       65.25        0.00     10
       881     38.30       1131.55       57.91        5.42     10
       882     38.34       1131.55       57.91        5.42     10
       883     38.38       1131.55       57.91        5.42     10
       884     38.41       1129.55       57.91        5.42      8
       885     38.49       1129.55       57.91        5.42      8
       886     38.54       1131.55       57.91        5.42     10
       887     38.61       1131.55       57.91        5.42     10
       888     38.65       1131.55       57.91        5.42     10
       889     38.71       1131.55       57.91        5.42     10
       890     38.75       1129.55       57.91        5.42      8
       891     38.79       1131.55       57.91        5.42     10
       892     38.83       3745.42       83.32       29.02     10
       893     38.84       1131.55       57.91        5.42     10
       894     38.88       1131.55       57.91        5.42     10
       895     38.92       1131.55       57.91        5.42     10
       896     38.98       1133.55       57.91        5.42     12
       897     39.02       1131.55       57.91        5.42     10
       898     39.07       1131.55       57.91        5.42     10
       899     39.11       1131.55       57.91        5.42     10
       900     39.16       1131.55       57.91        5.42     10
       901     39.21       1131.55       57.91        5.42     10
       902     39.24       1131.55       57.91        5.42     10
       903     39.30       1129.55       57.91        5.42      8
       904     39.33       1131.55       57.91        5.42     10
       905     39.38       2617.10       77.93       18.24     14
       906     39.39       1131.55       57.91        5.42     10
       907     39.42       1133.55       57.91        5.42     12
       908     39.47       1131.55       57.91        5.42     10
       909     39.51       1129.55       57.91        5.42      8
       910     39.56       1125.55       57.91        5.42      4
       911     39.60       1131.55       57.91        5.42     10
       912     39.65       1129.55       57.91        5.42      8
       913     39.72       1129.55       57.91        5.42      8
       914     39.77       1129.55       57.91        5.42      8
       915     39.80       1129.55       57.91        5.42      8
       916     39.84       1129.55       57.91        5.42      8
       917     39.91       1131.55       57.91        5.42     10
       918     39.96       1129.55       57.91        5.42      8
       919     39.99       1131.55       57.91        5.42     10
       920     40.03       1131.55       57.91        5.42     10
       921     40.08       1131.55       57.91        5.42     10
       922     40.12       1131.55       57.91        5.42     10
       923     40.17       1131.55       57.91        5.42     10
       924     40.23       1131.55       57.91        5.42     10
       925     40.28       1125.55       57.91        5.42      4
       926     40.33       1131.55       57.91        5.42     10
       927     40.36       1125.55       57.91        5.42      4
       928     40.40       1129.55       57.91        5.42      8
       929     40.47        662.50       65.25        0.00     10
       930     40.49       1125.55       57.91        5.42      4
       931     40.53       1131.55       57.91        5.42     10
       932     40.56       3724.80       82.29       28.94      8
       933     40.57       1129.55       57.91        5.42      8
       934     40.61       1129.55       57.91        5.42      8
       935     40.63       1129.55       57.91        5.42      8
       936     40.69       1129.55       57.91        5.42      8
       937     40.73       1133.55       57.91        5.42     12
       938     40.77       2708.85       88.70       18.12     10
       939     40.79       1129.55       57.91        5.42      8
       940     40.85       1129.55       57.91        5.42      8
       941     40.89       1131.55       57.91        5.42     10
       942     40.93       1131.55       57.91        5.42     10
       943     40.96       1129.55       57.91        5.42      8
       944     41.02       1131.55       57.91        5.42     10
       945     41.05       1131.55       57.91        5.42     10
       946     41.08       1131.55       57.91        5.42     10
       947     41.12       1129.55       57.91        5.42      8
       948     41.15       1129.55       57.91        5.42      8
       949     41.19       1131.55       57.91        5.42     10
       950     41.23       1131.55       57.91        5.42     10
       951     41.28       1129.55       57.91        5.42      8
       952     41.31       1133.55       57.91        5.42     12
       953     41.34       1131.55       57.91        5.42     10
       954     41.38       1129.55       57.91        5.42      8
       955     41.45       1129.55       57.91        5.42      8
       956     41.49       1131.55       57.91        5.42     10
       957     41.53        666.50       65.25        0.00     14
       958     41.54       1131.55       57.91        5.42     10
       959     41.60       1129.55       57.91        5.42      8
       960     41.62       1129.55       57.91        5.42      8
       961     41.68       2871.50       90.22       19.63      6
       962     41.70       1125.55       57.91        5.42      4
       963     41.77       1129.55       57.91        5.42      8
       964     41.80       1131.55       57.91        5.42     10
       965     41.82       1131.55       57.91        5.42     10
       966     41.86       1131.55       57.91        5.42     10
       967     41.91        662.50       65.25        0.00     10
       968     41.92       1131.55       57.91        5.42     10
       969     41.96       1129.55       57.91        5.42      8
       970     42.00       1129.55       57.91        5.42      8
       971     42.03       1131.55       57.91        5.42     10
       972     42.07       1131.55       57.91        5.42     10
       973     42.12       1125.55       57.91        5.42      4
       974     42.18       1131.55       57.91        5.42     10
       975     42.22       1615.70       58.67       10.13     16
       976     42.27       1133.55       57.91        5.42     12
       977     42.31       1131.55       57.91        5.42     10
       978     42.36       3741.42       83.32       29.02      6
       979     42.37       1131.55       57.91        5.42     10
       980     42.43       1131.55       57.91        5.42     10
       981     42.47       1125.55       57.91        5.42      4
       982     42.52       1131.55       57.91        5.42     10
       983     42.55       1131.55       57.91        5.42     10
       984     42.60       1131.55       57.91        5.42     10
       985     42.63       1129.55       57.91        5.42      8
       986     42.66       1127.55       57.91        5.42      6
       987     42.71       1125.55       57.91        5.42      4
       988     42.77       2613.10       77.93       18.24     10
       989     42.78       1129.55       57.91        5.42      8
       990     42.81       1125.55       57.91        5.42      4
       991     42.85       1127.55       57.91        5.42      6
       992     42.92       1125.55       57.91        5.42      4
       993     42.98       1129.55       57.91        5.42      8
       994     43.06       1131.55       57.91        5.42     10
       995     43.11        660.50       65.25        0.00      8
       996     43.12       1129.55       57.91        5.42      8
       997     43.15       1129.55       57.91        5.42      8
       998     43.19       1129.55       57.91        5.42      8
       999     43.22       1131.55       57.91        5.42     10
      1000     43.28       1129.55       57.91        5.42      8
      1001     43.31       1129.55       57.91        5.42      8
      1002     43.38       1131.55       57.91        5.42     10
      1003     43.41       1131.55       57.91        5.42     10
      1004     43.47       1125.55       57.91        5.42      4
      1005     43.52       2143.30       83.60       13.01      6
      1006     43.54       1133.55       57.91        5.42     12
      1007     43.58       1131.55       57.91        5.42     10
      1008     43.61       1129.55       57.91        5.42      8
      1009     43.65       1125.55       57.91        5.42      4
      1010     43.68       1131.55       57.91        5.42     10
      1011     43.72       1131.55       57.91        5.42     10
      1012     43.76       1131.55       57.91        5.42     10
      1013     43.83       2611.10       77.93       18.24      8
      1014     43.84       1133.55       57.91        5.42     12
      1015     43.88       1127.55       57.91        5.42      6
      1016     43.92       1129.55       57.91        5.42      8
      1017     43.95       1129.55       57.91        5.42      8
      1018     43.99       1127.55       57.91        5.42      6
      1019     44.02       1131.55       57.91        5.42     10
      1020     44.07       1131.55       57.91        5.42     10
      1021     44.11       1131.55       57.91        5.42     10
      1022     44.14       1125.55       57.91        5.42      4
      1023     44.21       1131.55       57.91        5.42     10
      1024     44.25       1131.55       57.91        5.42     10
      1025     44.29       1131.55       57.91        5.42     10
      1026     44.33       1129.55       57.91        5.42      8
      1027     44.36       1452.10       65.25        7.88     12
      1028     44.38       1129.55       57.91        5.42      8
      1029     44.42       1131.55       57.91        5.42     10
      1030     44.47        639.90       62.59        0.00     14
      1031     44.49       1131.55       57.91        5.42     10
      1032     44.51       1131.55       57.91        5.42     10
      1033     44.54       1131.55       57.91        5.42     10
      1034     44.58       1131.55       57.91        5.42     10
      1035     44.62       1129.55       57.91        5.42      8
      1036     44.67       1131.55       57.91        5.42     10
      1037     44.71       1131.55       57.91        5.42     10
      1038     44.75       1131.55       57.91        5.42     10
      1039     44.80       1131.55       57.91        5.42     10
      1040     44.84       1125.55       57.91        5.42      4
      1041     44.91       1129.55       57.91        5.42      8
      1042     44.95       1131.55       57.91        5.42     10
      1043     44.99       1125.55       57.91        5.42      4
      1044     45.06       1127.55       57.91        5.42      6
      1045     45.09       1125.55       57.91        5.42      4
      1046     45.12       1129.55       57.91        5.42      8
      1047     45.17        664.50       65.25        0.00     12
      1048     45.19       1131.55       57.91        5.42     10
      1049     45.24        664.50       65.25        0.00     12
      1050     45.25       1125.55       57.91        5.42      4
      1051     45.32       1131.55       57.91        5.42     10
      1052     45.35       1131.55       57.91        5.42     10
      1053     45.39       1125.55       57.91        5.42      4
      1054     45.43       1131.55       57.91        5.42     10
      1055     45.47       1127.55       57.91        5.42      6
      1056     45.50       1131.55       57.91        5.42     10
      1057     45.55       1131.55       57.91        5.42     10
      1058     45.62       1125.55       57.91        5.42      4
      1059     45.66       1131.55       57.91        5.42     10
      1060     45.70       1133.55       57.91        5.42     12
      1061     45.74       1125.55       57.91        5.42      4
      1062     45.79       2118.00       83.37       12.78      6
      1063     45.81       1131.55       57.91        5.42     10
      1064     45.87       1129.55       57.91        5.42      8
      1065     45.91       2789.00       89.47       18.88      6
      1066     45.92       1129.55       57.91        5.42      8
      1067     45.97       1131.55       57.91        5.42     10
      1068     46.00       1131.55       57.91        5.42     10
      1069     46.04       1131.55       57.91        5.42     10
      1070     46.08        662.50       65.25        0.00     10
      1071     46.09       1129.55       57.91        5.42      8
      1072     46.13       1129.55       57.91        5.42      8
      1073     46.17       1129.55       57.91        5.42      8
      1074     46.24       1131.55       57.91        5.42     10
      1075     46.27        633.90       62.59        0.00      8
      1076     46.28       1129.55       57.91        5.42      8
      1077     46.33       1127.55       57.91        5.42      6
      1078     46.40       1131.55       57.91        5.42     10
      1079     46.44       1131.55       57.91        5.42     10
      1080     46.49       1131.55       57.91        5.42     10
      1081     46.52       1129.55       57.91        5.42      8
      1082     46.55       1131.55       57.91        5.42     10
      1083     46.62       1131.55       57.91        5.42     10
      1084     46.65       1131.55       57.91        5.42     10
      1085     46.73       1127.55       57.91        5.42      6
      1086     46.77       1129.55       57.91        5.42      8
      1087     46.80       1131.55       57.91        5.42     10
      1088     46.84       1131.55       57.91        5.42     10
      1089     46.87       1131.55       57.91        5.42     10
      1090     46.93       1131.55       57.91        5.42     10
      1091     46.96       1127.55       57.91        5.42      6
      1092     46.99       1127.55       57.91        5.42      6
      1093     47.03       1131.55       57.91        5.42     10
      1094     47.09       1131.55       57.91        5.42     10
      1095     47.17       1131.55       57.91        5.42     10
      1096     47.20       1127.55       57.91        5.42      6
      1097     47.27       1131.55       57.91        5.42     10
      1098     47.31       1131.55       57.91        5.42     10
      1099     47.34       1131.55       57.91        5.42     10
      1100     47.37       1125.55       57.91        5.42      4
      1101     47.40       1131.55       57.91        5.42     10
      1102     47.43        606.50       59.65        0.00     10
      1103     47.45       1131.55       57.91        5.42     10
      1104     47.48       1131.55       57.91        5.42     10
      1105     47.53       1131.55       57.91        5.42     10
      1106     47.56        635.90       62.59        0.00     10
      1107     47.58       1127.55       57.91        5.42      6
      1108     47.64       1131.55       57.91        5.42     10
      1109     47.68        662.50       65.25        0.00     10
      1110     47.69       1131.55       57.91        5.42     10
      1111     47.73       1129.55       57.91        5.42      8
      1112     47.80       2189.10       77.02       14.13      6
      1113     47.82       1127.55       57.91        5.42      6
      1114     47.86       1125.55       57.91        5.42      4
      1115     47.89       1129.55       57.91        5.42      8
      1116     47.92       1131.55       57.91        5.42     10
      1117     47.95       1125.55       57.91        5.42      4
      1118     48.00       1131.55       57.91        5.42     10
      1119     48.04       1131.55       57.91        5.42     10
      1120     48.10       1131.55       57.91        5.42     10
      1121     48.16       1131.55       57.91        5.42     10
      1122     48.19       1131.55       57.91        5.42     10
      1123     48.24       1127.55       57.91        5.42      6
      1124     48.28       3682.80       81.89       28.54     10
      1125     48.30       1129.55       57.91        5.42      8
      1126     48.36       1125.55       57.91        5.42      4
      1127     48.42       1131.55       57.91        5.42     10
      1128     48.47       1125.55       57.91        5.42      4
      1129     48.50       2789.00       89.47       18.88      6
      1130     48.51       1131.55       57.91        5.42     10
      1131     48.57       1127.55       57.91        5.42      6
      1132     48.60       1131.55       57.91        5.42     10
      1133     48.66       1129.55       57.91        5.42      8
      1134     48.69       1129.55       57.91        5.42      8
      1135     48.72       1125.55       57.91        5.42      4
      1136     48.76       1133.55       57.91        5.42     12
      1137     48.80       1129.55       57.91        5.42      8
      1138     48.84       1127.55       57.91        5.42      6
      1139     48.92       1127.55       57.91        5.42      6
      1140     48.97       1129.55       57.91        5.42      8
      1141     49.11       1131.55       57.91        5.42     10
      1142     49.18       2189.10       77.02       14.13      6
      1143     49.21       1133.55       57.91        5.42     12
      1144     49.28       1131.55       57.91        5.42     10
      1145     49.32       1129.55       57.91        5.42      8
      1146     49.37       1129.55       57.91        5.42      8
      1147     49.41       1131.55       57.91        5.42     10
      1148     49.45       1133.55       57.91        5.42     12
      1149     49.48       1125.55       57.91        5.42      4
      1150     49.54       1131.55       57.91        5.42     10
      1151     49.57       1129.55       57.91        5.42      8
      1152     49.59       1131.55       57.91        5.42     10
      1153     49.63       1131.55       57.91        5.42     10
      1154     49.67       4142.60       76.22       33.76      4
      1155     49.69       1129.55       57.91        5.42      8
      1156     49.75       2118.00       83.37       12.78      6
      1157     49.76       1129.55       57.91        5.42      8
      1158     49.79       1131.55       57.91        5.42     10
      1159     49.83       1131.55       57.91        5.42     10
      1160     49.86       1131.55       57.91        5.42     10
      1161     49.89       1127.55       57.91        5.42      6
      1162     49.92       1127.55       57.91        5.42      6
      1163     49.94       1131.55       57.91        5.42     10
      1164     49.97       1129.55       57.91        5.42      8
      1165     50.04       1125.55       57.91        5.42      4
      1166     50.11       1129.55       57.91        5.42      8
      1167     50.18       1125.55       57.91        5.42      4
      1168     50.22       1131.55       57.91        5.42     10
      1169     50.27       1125.55       57.91        5.42      4
      1170     50.33       1131.55       57.91        5.42     10
      1171     50.35        664.50       65.25        0.00     12
      1172     50.37       1125.55       57.91        5.42      4
      1173     50.43       1131.55       57.91        5.42     10
      1174     50.49       1131.55       57.91        5.42     10
      1175     50.55       1131.55       57.91        5.42     10
      1176     50.59       1131.55       57.91        5.42     10
      1177     50.65       1127.55       57.91        5.42      6
      1178     50.69        662.50       65.25        0.00     10
      1179     50.71       1127.55       57.91        5.42      6
      1180     50.77       1125.55       57.91        5.42      4
      1181     50.81       1131.55       57.91        5.42     10
      1182     50.86       1131.55       57.91        5.42     10
      1183     50.90       1131.55       57.91        5.42     10
      1184     50.95       1129.55       57.91        5.42      8
      1185     50.98       1125.55       57.91        5.42      4
      1186     51.02       1131.55       57.91        5.42     10
      1187     51.07       1131.55       57.91        5.42     10
      1188     51.11       1131.55       57.91        5.42     10
      1189     51.15       1131.55       57.91        5.42     10
      1190     51.20       1131.55       57.91        5.42     10
      1191     51.25       3434.30       81.85       26.08      8
      1192     51.27       1131.55       57.91        5.42     10
      1193     51.31       3434.30       81.85       26.08      8
      1194     51.33       1125.55       57.91        5.42      4
      1195     51.38       1131.55       57.91        5.42     10
      1196     51.43       1131.55       57.91        5.42     10
      1197     51.46       1129.55       57.91        5.42      8
      1198     51.51       1131.55       57.91        5.42     10
      1199     51.55       1131.55       57.91        5.42     10
      1200     51.61       1129.55       57.91        5.42      8
      1201     51.64       2185.30       84.00       13.41      4
      1202     51.66       1131.55       57.91        5.42     10
      1203     51.70       1127.55       57.91        5.42      6
      1204     51.73       1129.55       57.91        5.42      8
      1205     51.80       1131.55       57.91        5.42     10
      1206     51.83       2118.00       83.37       12.78      6
      1207     51.85        662.50       65.25        0.00     10
      1208     51.87       1131.55       57.91        5.42     10
      1209     51.90       1131.55       57.91        5.42     10
      1210     51.97       1127.55       57.91        5.42      6
      1211     52.05       1131.55       57.91        5.42     10
      1212     52.11       1131.55       57.91        5.42     10
      1213     52.15       1131.55       57.91        5.42     10
      1214     52.19       1129.55       57.91        5.42      8
      1215     52.24       1129.55       57.91        5.42      8
      1216     52.29       1131.55       57.91        5.42     10
      1217     52.31       1129.55       57.91        5.42      8
      1218     52.37       1131.55       57.91        5.42     10
      1219     52.42       1131.55       57.91        5.42     10
      1220     52.48       1125.55       57.91        5.42      4
      1221     52.52       1129.55       57.91        5.42      8
      1222     52.57       1129.55       57.91        5.42      8
      1223     52.62       1129.55       57.91        5.42      8
      1224     52.66       3434.30       81.85       26.08      8
      1225     52.67       1129.55       57.91        5.42      8
      1226     52.73       1129.55       57.91        5.42      8
      1227     52.78       1131.55       57.91        5.42     10
      1228     52.83       1129.55       57.91        5.42      8
      1229     52.85       1131.55       57.91        5.42     10
      1230     52.88       1131.55       57.91        5.42     10
      1231     52.92       1131.55       57.91        5.42     10
      1232     52.96       1133.55       57.91        5.42     12
      1233     53.01       1125.55       57.91        5.42      4
      1234     53.05       1129.55       57.91        5.42      8
      1235     53.09       1131.55       57.91        5.42     10
      1236     53.14       1131.55       57.91        5.42     10
      1237     53.21       1133.55       57.91        5.42     12
      1238     53.25       1129.55       57.91        5.42      8
      1239     53.28       1129.55       57.91        5.42      8
      1240     53.34       1131.55       57.91        5.42     10
      1241     53.40       1131.55       57.91        5.42     10
      1242     53.44       1129.55       57.91        5.42      8
      1243     53.47       1131.55       57.91        5.42     10
      1244     53.55       1131.55       57.91        5.42     10
      1245     53.58       1129.55       57.91        5.42      8
      1246     53.64       3432.30       81.85       26.08      6
      1247     53.66       1131.55       57.91        5.42     10
      1248     53.72       1133.55       57.91        5.42     12
      1249     53.77       1127.55       57.91        5.42      6
      1250     53.82       1129.55       57.91        5.42      8
      1251     53.87       1605.70       58.67       10.13      6
      1252     53.92       1131.55       57.91        5.42     10
      1253     53.97       1127.55       57.91        5.42      6
      1254     54.01       1131.55       57.91        5.42     10
      1255     54.06       1131.55       57.91        5.42     10
      1256     54.09       1125.55       57.91        5.42      4
      1257     54.17       1131.55       57.91        5.42     10
      1258     54.21       1131.55       57.91        5.42     10
      1259     54.29        633.90       62.59        0.00      8
      1260     54.31       1131.55       57.91        5.42     10
      1261     54.35       1129.55       57.91        5.42      8
      1262     54.42       1125.55       57.91        5.42      4
      1263     54.47       1129.55       57.91        5.42      8
      1264     54.51       1131.55       57.91        5.42     10
      1265     54.55       1131.55       57.91        5.42     10
      1266     54.59       1131.55       57.91        5.42     10
      1267     54.66       1129.55       57.91        5.42      8
      1268     54.71       1129.55       57.91        5.42      8
      1269     54.75       1131.55       57.91        5.42     10
      1270     54.81       1131.55       57.91        5.42     10
      1271     54.88       1129.55       57.91        5.42      8
      1272     54.99       1129.55       57.91        5.42      8
      1273     55.07       1131.55       57.91        5.42     10
      1274     55.13       1127.55       57.91        5.42      6
      1275     55.19       1129.55       57.91        5.42      8
      1276     55.24       1129.55       57.91        5.42      8
      1277     55.29       1125.55       57.91        5.42      4
      1278     55.34       1131.55       57.91        5.42     10
      1279     55.38       1129.55       57.91        5.42      8
      1280     55.41       3440.30       81.85       26.08     14
      1281     55.42       1131.55       57.91        5.42     10
      1282     55.45       1129.55       57.91        5.42      8
      1283     55.47       1131.55       57.91        5.42     10
      1284     55.52       1129.55       57.91        5.42      8
      1285     55.57       1129.55       57.91        5.42      8
      1286     55.60       1133.55       57.91        5.42     12
      1287     55.64       1133.55       57.91        5.42     12
      1288     55.68       1129.55       57.91        5.42      8
      1289     55.72       1129.55       57.91        5.42      8
      1290     55.76       1125.55       57.91        5.42      4
      1291     55.79       1125.55       57.91        5.42      4
      1292     55.83       1129.55       57.91        5.42      8
      1293     55.88       3511.17       82.20       26.77     12
      1294     55.90       1131.55       57.91        5.42     10
      1295     55.94       1129.55       57.91        5.42      8
      1296     55.99       1125.55       57.91        5.42      4
      1297     56.03       1131.55       57.91        5.42     10
      1298     56.06       1133.55       57.91        5.42     12
      1299     56.13       1131.55       57.91        5.42     10
      1300     56.23       1131.55       57.91        5.42     10
      1301     56.27       1131.55       57.91        5.42     10
      1302     56.34        633.90       62.59        0.00      8
      1303     56.36       1129.55       57.91        5.42      8
      1304     56.44       1131.55       57.91        5.42     10
      1305     56.53       1129.55       57.91        5.42      8
      1306     56.64       1131.55       57.91        5.42     10
      1307     56.71       1129.55       57.91        5.42      8
      1308     56.79       1129.55       57.91        5.42      8
      1309     56.86       1125.55       57.91        5.42      4
      1310     56.93       1131.55       57.91        5.42     10
      1311     56.97       1133.55       57.91        5.42     12
      1312     57.04       1129.55       57.91        5.42      8
      1313     57.19       1129.55       57.91        5.42      8
      1314     57.28       1129.55       57.91        5.42      8
      1315     57.34       1131.55       57.91        5.42     10
      1316     57.41       1129.55       57.91        5.42      8
      1317     57.56       1131.55       57.91        5.42     10
      1318     57.61       3505.17       82.20       26.77      6
      1319     57.63       1131.55       57.91        5.42     10
      1320     57.73       1129.55       57.91        5.42      8
      1321     57.81       1131.55       57.91        5.42     10
      1322     57.87       1131.55       57.91        5.42     10
      1323     57.91       1129.55       57.91        5.42      8
      1324     57.95       1129.55       57.91        5.42      8
      1325     58.00       1127.55       57.91        5.42      6
      1326     58.03        662.50       65.25        0.00     10
      1327     58.05       1131.55       57.91        5.42     10
      1328     58.10       1131.55       57.91        5.42     10
      1329     58.16       1129.55       57.91        5.42      8
      1330     58.22       1127.55       57.91        5.42      6
      1331     58.29       1129.55       57.91        5.42      8
      1332     58.33       1131.55       57.91        5.42     10
      1333     58.38        662.50       65.25        0.00     10
      1334     58.39       1129.55       57.91        5.42      8
      1335     58.42       1129.55       57.91        5.42      8
      1336     58.45       1131.55       57.91        5.42     10
      1337     58.50       1129.55       57.91        5.42      8
      1338     58.54       1125.55       57.91        5.42      4
      1339     58.58       1131.55       57.91        5.42     10
      1340     58.61       1131.55       57.91        5.42     10
      1341     58.67       1131.55       57.91        5.42     10
      1342     58.71       1131.55       57.91        5.42     10
      1343     58.74       1127.55       57.91        5.42      6
      1344     58.78       1129.55       57.91        5.42      8
      1345     58.83       3501.17       82.20       26.77      2
      1346     58.84       1125.55       57.91        5.42      4
      1347     58.90       1129.55       57.91        5.42      8
      1348     58.96       1131.55       57.91        5.42     10
      1349     59.00       1131.55       57.91        5.42     10
      1350     59.05       2745.00       89.07       18.48      6
      1351     59.06       1131.55       57.91        5.42     10
      1352     59.10       1131.55       57.91        5.42     10
      1353     59.14       1125.55       57.91        5.42      4
      1354     59.18       1131.55       57.91        5.42     10
      1355     59.22       1125.55       57.91        5.42      4
      1356     59.29       1609.70       58.67       10.13     10
      1357     59.35       1131.55       57.91        5.42     10
      1358     59.41       1131.55       57.91        5.42     10
      1359     59.44       1127.55       57.91        5.42      6
      1360     59.53       1129.55       57.91        5.42      8
      1361     59.58       1131.55       57.91        5.42     10
      1362     59.62       1131.55       57.91        5.42     10
      1363     59.67       1125.55       57.91        5.42      4
      1364     59.72       1127.55       57.91        5.42      6
      1365     59.79       1127.55       57.91        5.42      6
      1366     59.86       1131.55       57.91        5.42     10
      1367     59.89       1131.55       57.91        5.42     10
      1368     59.94       1131.55       57.91        5.42     10
  ------------------------------------------------------------
