========================================================================
  ConstructiveHeuristic — unknown
========================================================================
  alpha=0.6  time_limit=60s  seed=None  min_sep=10.0
  weights: makespan=0.0  delay=1.0  movements=0.0

  Instance: 10 aircraft  5 positions  3 blocking arcs
  Blocking arcs: P3→P4  P3→P5  P4→P5

────────────────────────────────────────────────────────────────────────
  Best construction detail  (iter 1  obj=0.0000)
────────────────────────────────────────────────────────────────────────
Blocking arcs: P3→P4  P3→P5  P4→P5

Aircraft initial ranking (target_finish ASC, total_duration ASC):
  Rank   ID       earliest     target    duration
  ----------------------------------------------
  [ 0]  R8          13.02      21.99        7.74
  [ 1]  R10         18.84      29.89        9.26
  [ 2]  R3           0.00      35.63       16.05
  [ 3]  R1           0.00      51.06       21.52
  [ 4]  R2           0.00      53.35       25.44
  [ 5]  R4           5.62      55.07       20.17
  [ 6]  R5           6.51      60.01       20.40
  [ 7]  R6           8.77      62.89       20.80
  [ 8]  R7          12.91      63.99       21.55
  [ 9]  R9          13.44      70.59       27.15

========================================================================
  STEP 1/10
========================================================================

  Pair evaluation  (50 pairs):
    Rank   ID      Pos     t_start   t_finish    delay      gap   blocking      score    weight     P(%)   cum(%)
    ---------------------------------------------------------------------------------------------------------
    [ 0]  R8      P1        13.02      20.76     0.00     0.00       none       0.00    1.0000   60.00%   60.00%
    [ 1]  R8      P2        13.02      20.76     0.00     0.00       none       0.00    0.4000   24.00%   84.00%
    [ 2]  R8      P3        13.02      20.76     0.00     0.00       none       0.00    0.1600    9.60%   93.60%
    [ 3]  R8      P4        13.02      20.76     0.00     0.00       none       0.00    0.0640    3.84%   97.44%
    [ 4]  R8      P5        13.02      20.76     0.00     0.00       none       0.00    0.0256    1.54%   98.98%
    [ 5]  R10     P1        18.84      28.10     0.00     0.00       none       0.00    0.0102    0.61%   99.59%
    [ 6]  R10     P2        18.84      28.10     0.00     0.00       none       0.00    0.0041    0.25%   99.84%
    [ 7]  R10     P3        18.84      28.10     0.00     0.00       none       0.00    0.0016    0.10%   99.93%
    [ 8]  R10     P4        18.84      28.10     0.00     0.00       none       0.00    0.0007    0.04%   99.97%
    [ 9]  R10     P5        18.84      28.10     0.00     0.00       none       0.00    0.0003    0.02%   99.99%
    [10]  R3      P1         0.00      16.05     0.00     0.00       none       0.00    0.0001    0.01%  100.00%
    [11]  R3      P2         0.00      16.05     0.00     0.00       none       0.00    0.0000    0.00%  100.00%
    [12]  R3      P3         0.00      16.05     0.00     0.00       none       0.00    0.0000    0.00%  100.00%
    [13]  R3      P4         0.00      16.05     0.00     0.00       none       0.00    0.0000    0.00%  100.00%
    [14]  R3      P5         0.00      16.05     0.00     0.00       none       0.00    0.0000    0.00%  100.00%
    [15]  R1      P1         0.00      21.52     0.00     0.00       none       0.00    0.0000    0.00%  100.00%
    [16]  R1      P2         0.00      21.52     0.00     0.00       none       0.00    0.0000    0.00%  100.00%
    [17]  R1      P3         0.00      21.52     0.00     0.00       none       0.00    0.0000    0.00%  100.00%
    [18]  R1      P4         0.00      21.52     0.00     0.00       none       0.00    0.0000    0.00%  100.00%
    [19]  R1      P5         0.00      21.52     0.00     0.00       none       0.00    0.0000    0.00%  100.00%
    [20]  R2      P1         0.00      25.44     0.00     0.00       none       0.00    0.0000    0.00%  100.00%
    [21]  R2      P2         0.00      25.44     0.00     0.00       none       0.00    0.0000    0.00%  100.00%
    [22]  R2      P3         0.00      25.44     0.00     0.00       none       0.00    0.0000    0.00%  100.00%
    [23]  R2      P4         0.00      25.44     0.00     0.00       none       0.00    0.0000    0.00%  100.00%
    [24]  R2      P5         0.00      25.44     0.00     0.00       none       0.00    0.0000    0.00%  100.00%
    [25]  R4      P1         5.62      25.79     0.00     0.00       none       0.00    0.0000    0.00%  100.00%
    [26]  R4      P2         5.62      25.79     0.00     0.00       none       0.00    0.0000    0.00%  100.00%
    [27]  R4      P3         5.62      25.79     0.00     0.00       none       0.00    0.0000    0.00%  100.00%
    [28]  R4      P4         5.62      25.79     0.00     0.00       none       0.00    0.0000    0.00%  100.00%
    [29]  R4      P5         5.62      25.79     0.00     0.00       none       0.00    0.0000    0.00%  100.00%
    [30]  R5      P1         6.51      26.91     0.00     0.00       none       0.00    0.0000    0.00%  100.00%
    [31]  R5      P2         6.51      26.91     0.00     0.00       none       0.00    0.0000    0.00%  100.00%
    [32]  R5      P3         6.51      26.91     0.00     0.00       none       0.00    0.0000    0.00%  100.00%
    [33]  R5      P4         6.51      26.91     0.00     0.00       none       0.00    0.0000    0.00%  100.00%
    [34]  R5      P5         6.51      26.91     0.00     0.00       none       0.00    0.0000    0.00%  100.00%
    [35]  R6      P1         8.77      29.57     0.00     0.00       none       0.00    0.0000    0.00%  100.00%
    [36]  R6      P2         8.77      29.57     0.00     0.00       none       0.00    0.0000    0.00%  100.00%
    [37]  R6      P3         8.77      29.57     0.00     0.00       none       0.00    0.0000    0.00%  100.00%
    [38]  R6      P4         8.77      29.57     0.00     0.00       none       0.00    0.0000    0.00%  100.00%
    [39]  R6      P5         8.77      29.57     0.00     0.00       none       0.00    0.0000    0.00%  100.00%
    [40]  R7      P1        12.91      34.46     0.00     0.00       none       0.00    0.0000    0.00%  100.00%
    [41]  R7      P2        12.91      34.46     0.00     0.00       none       0.00    0.0000    0.00%  100.00%
    [42]  R7      P3        12.91      34.46     0.00     0.00       none       0.00    0.0000    0.00%  100.00%
    [43]  R7      P4        12.91      34.46     0.00     0.00       none       0.00    0.0000    0.00%  100.00%
    [44]  R7      P5        12.91      34.46     0.00     0.00       none       0.00    0.0000    0.00%  100.00%
    [45]  R9      P1        13.44      40.59     0.00     0.00       none       0.00    0.0000    0.00%  100.00%
    [46]  R9      P2        13.44      40.59     0.00     0.00       none       0.00    0.0000    0.00%  100.00%
    [47]  R9      P3        13.44      40.59     0.00     0.00       none       0.00    0.0000    0.00%  100.00%
    [48]  R9      P4        13.44      40.59     0.00     0.00       none       0.00    0.0000    0.00%  100.00%
    [49]  R9      P5        13.44      40.59     0.00     0.00       none       0.00    0.0000    0.00%  100.00%
    draw=1.4936  →  (R8, P3) (rank 2) selected

  Assignment: R8 → P3  [13.02 → 20.76]  delay=0.00
    J8-1       [13.02 → 20.75]

  Assigned so far:
    ID      Pos       start    finish    delay
    ----------------------------------------
    R8      P3        13.02     20.75     0.00

========================================================================
  STEP 2/10
========================================================================

  Pair evaluation  (45 pairs):
    Rank   ID      Pos     t_start   t_finish    delay      gap   blocking      score    weight     P(%)   cum(%)
    ---------------------------------------------------------------------------------------------------------
    [ 0]  R10     P1        18.84      28.10     0.00     0.00       none       0.00    1.0000   60.00%   60.00%
    [ 1]  R10     P2        18.84      28.10     0.00     0.00       none       0.00    0.4000   24.00%   84.00%
    [ 2]  R10     P4        18.84      28.10     0.00     0.00      2 mov       0.00    0.1600    9.60%   93.60%
    [ 3]  R10     P5        18.84      28.10     0.00     0.00      2 mov       0.00    0.0640    3.84%   97.44%
    [ 4]  R3      P1         0.00      16.05     0.00     0.00       none       0.00    0.0256    1.54%   98.98%
    [ 5]  R3      P2         0.00      16.05     0.00     0.00       none       0.00    0.0102    0.61%   99.59%
    [ 6]  R3      P4         0.00      16.05     0.00     0.00      2 mov       0.00    0.0041    0.25%   99.84%
    [ 7]  R3      P5         0.00      16.05     0.00     0.00      2 mov       0.00    0.0016    0.10%   99.93%
    [ 8]  R1      P1         0.00      21.52     0.00     0.00       none       0.00    0.0007    0.04%   99.97%
    [ 9]  R1      P2         0.00      21.52     0.00     0.00       none       0.00    0.0003    0.02%   99.99%
    [10]  R1      P4         0.00      21.52     0.00     0.00       none       0.00    0.0001    0.01%  100.00%
    [11]  R1      P5         0.00      21.52     0.00     0.00       none       0.00    0.0000    0.00%  100.00%
    [12]  R2      P1         0.00      25.44     0.00     0.00       none       0.00    0.0000    0.00%  100.00%
    [13]  R2      P2         0.00      25.44     0.00     0.00       none       0.00    0.0000    0.00%  100.00%
    [14]  R2      P4         0.00      25.44     0.00     0.00       none       0.00    0.0000    0.00%  100.00%
    [15]  R2      P5         0.00      25.44     0.00     0.00       none       0.00    0.0000    0.00%  100.00%
    [16]  R4      P1         5.62      25.79     0.00     0.00       none       0.00    0.0000    0.00%  100.00%
    [17]  R4      P2         5.62      25.79     0.00     0.00       none       0.00    0.0000    0.00%  100.00%
    [18]  R4      P3        30.76      50.93     0.00    10.00       none       0.00    0.0000    0.00%  100.00%
    [19]  R4      P4         5.62      25.79     0.00     0.00       none       0.00    0.0000    0.00%  100.00%
    [20]  R4      P5         5.62      25.79     0.00     0.00       none       0.00    0.0000    0.00%  100.00%
    [21]  R5      P1         6.51      26.91     0.00     0.00       none       0.00    0.0000    0.00%  100.00%
    [22]  R5      P2         6.51      26.91     0.00     0.00       none       0.00    0.0000    0.00%  100.00%
    [23]  R5      P3        30.76      51.16     0.00    10.00       none       0.00    0.0000    0.00%  100.00%
    [24]  R5      P4         6.51      26.91     0.00     0.00       none       0.00    0.0000    0.00%  100.00%
    [25]  R5      P5         6.51      26.91     0.00     0.00       none       0.00    0.0000    0.00%  100.00%
    [26]  R6      P1         8.77      29.57     0.00     0.00       none       0.00    0.0000    0.00%  100.00%
    [27]  R6      P2         8.77      29.57     0.00     0.00       none       0.00    0.0000    0.00%  100.00%
    [28]  R6      P3        30.76      51.56     0.00    10.00       none       0.00    0.0000    0.00%  100.00%
    [29]  R6      P4         8.77      29.57     0.00     0.00       none       0.00    0.0000    0.00%  100.00%
    [30]  R6      P5         8.77      29.57     0.00     0.00       none       0.00    0.0000    0.00%  100.00%
    [31]  R7      P1        12.91      34.46     0.00     0.00       none       0.00    0.0000    0.00%  100.00%
    [32]  R7      P2        12.91      34.46     0.00     0.00       none       0.00    0.0000    0.00%  100.00%
    [33]  R7      P3        30.76      52.31     0.00    10.00       none       0.00    0.0000    0.00%  100.00%
    [34]  R7      P4        12.91      34.46     0.00     0.00       none       0.00    0.0000    0.00%  100.00%
    [35]  R7      P5        12.91      34.46     0.00     0.00       none       0.00    0.0000    0.00%  100.00%
    [36]  R9      P1        13.44      40.59     0.00     0.00       none       0.00    0.0000    0.00%  100.00%
    [37]  R9      P2        13.44      40.59     0.00     0.00       none       0.00    0.0000    0.00%  100.00%
    [38]  R9      P3        30.76      57.91     0.00    10.00       none       0.00    0.0000    0.00%  100.00%
    [39]  R9      P4        13.44      40.59     0.00     0.00      2 mov       0.00    0.0000    0.00%  100.00%
    [40]  R9      P5        13.44      40.59     0.00     0.00      2 mov       0.00    0.0000    0.00%  100.00%
    [41]  R1      P3        30.76      52.28     1.21    10.00       none       1.21    0.0000    0.00%  100.00%
    [42]  R2      P3        30.76      56.20     2.84    10.00       none       2.84    0.0000    0.00%  100.00%
    [43]  R10     P3        30.76      40.02    10.13    10.00       none      10.13    0.0000    0.00%  100.00%
    [44]  R3      P3        30.76      46.80    11.18    10.00       none      11.18    0.0000    0.00%  100.00%
    draw=0.7095  →  (R10, P1) (rank 0) selected

  Assignment: R10 → P1  [18.84 → 28.10]  delay=0.00
    J10-1      [18.84 → 28.10]

  Assigned so far:
    ID      Pos       start    finish    delay
    ----------------------------------------
    R8      P3        13.02     20.75     0.00
    R10     P1        18.84     28.10     0.00

========================================================================
  STEP 3/10
========================================================================

  Pair evaluation  (40 pairs):
    Rank   ID      Pos     t_start   t_finish    delay      gap   blocking      score    weight     P(%)   cum(%)
    ---------------------------------------------------------------------------------------------------------
    [ 0]  R3      P2         0.00      16.05     0.00     0.00       none       0.00    1.0000   60.00%   60.00%
    [ 1]  R3      P4         0.00      16.05     0.00     0.00      2 mov       0.00    0.4000   24.00%   84.00%
    [ 2]  R3      P5         0.00      16.05     0.00     0.00      2 mov       0.00    0.1600    9.60%   93.60%
    [ 3]  R1      P2         0.00      21.52     0.00     0.00       none       0.00    0.0640    3.84%   97.44%
    [ 4]  R1      P4         0.00      21.52     0.00     0.00       none       0.00    0.0256    1.54%   98.98%
    [ 5]  R1      P5         0.00      21.52     0.00     0.00       none       0.00    0.0102    0.61%   99.59%
    [ 6]  R2      P2         0.00      25.44     0.00     0.00       none       0.00    0.0041    0.25%   99.84%
    [ 7]  R2      P4         0.00      25.44     0.00     0.00       none       0.00    0.0016    0.10%   99.93%
    [ 8]  R2      P5         0.00      25.44     0.00     0.00       none       0.00    0.0007    0.04%   99.97%
    [ 9]  R4      P2         5.62      25.79     0.00     0.00       none       0.00    0.0003    0.02%   99.99%
    [10]  R4      P3        30.76      50.93     0.00    10.00       none       0.00    0.0001    0.01%  100.00%
    [11]  R4      P4         5.62      25.79     0.00     0.00       none       0.00    0.0000    0.00%  100.00%
    [12]  R4      P5         5.62      25.79     0.00     0.00       none       0.00    0.0000    0.00%  100.00%
    [13]  R5      P1        38.10      58.50     0.00    10.00       none       0.00    0.0000    0.00%  100.00%
    [14]  R5      P2         6.51      26.91     0.00     0.00       none       0.00    0.0000    0.00%  100.00%
    [15]  R5      P3        30.76      51.16     0.00    10.00       none       0.00    0.0000    0.00%  100.00%
    [16]  R5      P4         6.51      26.91     0.00     0.00       none       0.00    0.0000    0.00%  100.00%
    [17]  R5      P5         6.51      26.91     0.00     0.00       none       0.00    0.0000    0.00%  100.00%
    [18]  R6      P1        38.10      58.90     0.00    10.00       none       0.00    0.0000    0.00%  100.00%
    [19]  R6      P2         8.77      29.57     0.00     0.00       none       0.00    0.0000    0.00%  100.00%
    [20]  R6      P3        30.76      51.56     0.00    10.00       none       0.00    0.0000    0.00%  100.00%
    [21]  R6      P4         8.77      29.57     0.00     0.00       none       0.00    0.0000    0.00%  100.00%
    [22]  R6      P5         8.77      29.57     0.00     0.00       none       0.00    0.0000    0.00%  100.00%
    [23]  R7      P1        38.10      59.65     0.00    10.00       none       0.00    0.0000    0.00%  100.00%
    [24]  R7      P2        12.91      34.46     0.00     0.00       none       0.00    0.0000    0.00%  100.00%
    [25]  R7      P3        30.76      52.31     0.00    10.00       none       0.00    0.0000    0.00%  100.00%
    [26]  R7      P4        12.91      34.46     0.00     0.00       none       0.00    0.0000    0.00%  100.00%
    [27]  R7      P5        12.91      34.46     0.00     0.00       none       0.00    0.0000    0.00%  100.00%
    [28]  R9      P1        38.10      65.25     0.00    10.00       none       0.00    0.0000    0.00%  100.00%
    [29]  R9      P2        13.44      40.59     0.00     0.00       none       0.00    0.0000    0.00%  100.00%
    [30]  R9      P3        30.76      57.91     0.00    10.00       none       0.00    0.0000    0.00%  100.00%
    [31]  R9      P4        13.44      40.59     0.00     0.00      2 mov       0.00    0.0000    0.00%  100.00%
    [32]  R9      P5        13.44      40.59     0.00     0.00      2 mov       0.00    0.0000    0.00%  100.00%
    [33]  R1      P3        30.76      52.28     1.21    10.00       none       1.21    0.0000    0.00%  100.00%
    [34]  R2      P3        30.76      56.20     2.84    10.00       none       2.84    0.0000    0.00%  100.00%
    [35]  R4      P1        38.10      58.27     3.20    10.00       none       3.20    0.0000    0.00%  100.00%
    [36]  R1      P1        38.10      59.62     8.56    10.00       none       8.56    0.0000    0.00%  100.00%
    [37]  R2      P1        38.10      63.54    10.19    10.00       none      10.19    0.0000    0.00%  100.00%
    [38]  R3      P3        30.76      46.80    11.18    10.00       none      11.18    0.0000    0.00%  100.00%
    [39]  R3      P1        38.10      54.15    18.52    10.00       none      18.52    0.0000    0.00%  100.00%
    draw=0.3642  →  (R3, P2) (rank 0) selected

  Assignment: R3 → P2  [0.00 → 16.05]  delay=0.00
    J3-1       [0.00 → 8.95]
    J3-2       [8.95 → 16.05]

  Assigned so far:
    ID      Pos       start    finish    delay
    ----------------------------------------
    R8      P3        13.02     20.75     0.00
    R10     P1        18.84     28.10     0.00
    R3      P2         0.00     16.05     0.00

========================================================================
  STEP 4/10
========================================================================

  Pair evaluation  (35 pairs):
    Rank   ID      Pos     t_start   t_finish    delay      gap   blocking      score    weight     P(%)   cum(%)
    ---------------------------------------------------------------------------------------------------------
    [ 0]  R1      P2        26.05      47.57     0.00    10.00       none       0.00    1.0000   60.00%   60.00%
    [ 1]  R1      P4         0.00      21.52     0.00     0.00       none       0.00    0.4000   24.00%   84.00%
    [ 2]  R1      P5         0.00      21.52     0.00     0.00       none       0.00    0.1600    9.60%   93.60%
    [ 3]  R2      P2        26.05      51.49     0.00    10.00       none       0.00    0.0640    3.84%   97.44%
    [ 4]  R2      P4         0.00      25.44     0.00     0.00       none       0.00    0.0256    1.54%   98.98%
    [ 5]  R2      P5         0.00      25.44     0.00     0.00       none       0.00    0.0102    0.61%   99.59%
    [ 6]  R4      P2        26.05      46.22     0.00    10.00       none       0.00    0.0041    0.25%   99.84%
    [ 7]  R4      P3        30.76      50.93     0.00    10.00       none       0.00    0.0016    0.10%   99.93%
    [ 8]  R4      P4         5.62      25.79     0.00     0.00       none       0.00    0.0007    0.04%   99.97%
    [ 9]  R4      P5         5.62      25.79     0.00     0.00       none       0.00    0.0003    0.02%   99.99%
    [10]  R5      P1        38.10      58.50     0.00    10.00       none       0.00    0.0001    0.01%  100.00%
    [11]  R5      P2        26.05      46.45     0.00    10.00       none       0.00    0.0000    0.00%  100.00%
    [12]  R5      P3        30.76      51.16     0.00    10.00       none       0.00    0.0000    0.00%  100.00%
    [13]  R5      P4         6.51      26.91     0.00     0.00       none       0.00    0.0000    0.00%  100.00%
    [14]  R5      P5         6.51      26.91     0.00     0.00       none       0.00    0.0000    0.00%  100.00%
    [15]  R6      P1        38.10      58.90     0.00    10.00       none       0.00    0.0000    0.00%  100.00%
    [16]  R6      P2        26.05      46.85     0.00    10.00       none       0.00    0.0000    0.00%  100.00%
    [17]  R6      P3        30.76      51.56     0.00    10.00       none       0.00    0.0000    0.00%  100.00%
    [18]  R6      P4         8.77      29.57     0.00     0.00       none       0.00    0.0000    0.00%  100.00%
    [19]  R6      P5         8.77      29.57     0.00     0.00       none       0.00    0.0000    0.00%  100.00%
    [20]  R7      P1        38.10      59.65     0.00    10.00       none       0.00    0.0000    0.00%  100.00%
    [21]  R7      P2        26.05      47.60     0.00    10.00       none       0.00    0.0000    0.00%  100.00%
    [22]  R7      P3        30.76      52.31     0.00    10.00       none       0.00    0.0000    0.00%  100.00%
    [23]  R7      P4        12.91      34.46     0.00     0.00       none       0.00    0.0000    0.00%  100.00%
    [24]  R7      P5        12.91      34.46     0.00     0.00       none       0.00    0.0000    0.00%  100.00%
    [25]  R9      P1        38.10      65.25     0.00    10.00       none       0.00    0.0000    0.00%  100.00%
    [26]  R9      P2        26.05      53.20     0.00    10.00       none       0.00    0.0000    0.00%  100.00%
    [27]  R9      P3        30.76      57.91     0.00    10.00       none       0.00    0.0000    0.00%  100.00%
    [28]  R9      P4        13.44      40.59     0.00     0.00      2 mov       0.00    0.0000    0.00%  100.00%
    [29]  R9      P5        13.44      40.59     0.00     0.00      2 mov       0.00    0.0000    0.00%  100.00%
    [30]  R1      P3        30.76      52.28     1.21    10.00       none       1.21    0.0000    0.00%  100.00%
    [31]  R2      P3        30.76      56.20     2.84    10.00       none       2.84    0.0000    0.00%  100.00%
    [32]  R4      P1        38.10      58.27     3.20    10.00       none       3.20    0.0000    0.00%  100.00%
    [33]  R1      P1        38.10      59.62     8.56    10.00       none       8.56    0.0000    0.00%  100.00%
    [34]  R2      P1        38.10      63.54    10.19    10.00       none      10.19    0.0000    0.00%  100.00%
    draw=0.8904  →  (R1, P2) (rank 0) selected

  Assignment: R1 → P2  [26.05 → 47.57]  delay=0.00
    J1-1       [26.05 → 32.60]
    J1-2       [32.60 → 39.04]
    J1-3       [39.04 → 47.57]

  Assigned so far:
    ID      Pos       start    finish    delay
    ----------------------------------------
    R8      P3        13.02     20.75     0.00
    R10     P1        18.84     28.10     0.00
    R3      P2         0.00     16.05     0.00
    R1      P2        26.05     47.57     0.00

========================================================================
  STEP 5/10
========================================================================

  Pair evaluation  (30 pairs):
    Rank   ID      Pos     t_start   t_finish    delay      gap   blocking      score    weight     P(%)   cum(%)
    ---------------------------------------------------------------------------------------------------------
    [ 0]  R2      P4         0.00      25.44     0.00     0.00       none       0.00    1.0000   60.00%   60.00%
    [ 1]  R2      P5         0.00      25.44     0.00     0.00       none       0.00    0.4000   24.00%   84.00%
    [ 2]  R4      P3        30.76      50.93     0.00    10.00       none       0.00    0.1600    9.60%   93.60%
    [ 3]  R4      P4         5.62      25.79     0.00     0.00       none       0.00    0.0640    3.84%   97.44%
    [ 4]  R4      P5         5.62      25.79     0.00     0.00       none       0.00    0.0256    1.54%   98.98%
    [ 5]  R5      P1        38.10      58.50     0.00    10.00       none       0.00    0.0102    0.61%   99.59%
    [ 6]  R5      P3        30.76      51.16     0.00    10.00       none       0.00    0.0041    0.25%   99.84%
    [ 7]  R5      P4         6.51      26.91     0.00     0.00       none       0.00    0.0016    0.10%   99.93%
    [ 8]  R5      P5         6.51      26.91     0.00     0.00       none       0.00    0.0007    0.04%   99.97%
    [ 9]  R6      P1        38.10      58.90     0.00    10.00       none       0.00    0.0003    0.02%   99.99%
    [10]  R6      P3        30.76      51.56     0.00    10.00       none       0.00    0.0001    0.01%  100.00%
    [11]  R6      P4         8.77      29.57     0.00     0.00       none       0.00    0.0000    0.00%  100.00%
    [12]  R6      P5         8.77      29.57     0.00     0.00       none       0.00    0.0000    0.00%  100.00%
    [13]  R7      P1        38.10      59.65     0.00    10.00       none       0.00    0.0000    0.00%  100.00%
    [14]  R7      P3        30.76      52.31     0.00    10.00       none       0.00    0.0000    0.00%  100.00%
    [15]  R7      P4        12.91      34.46     0.00     0.00       none       0.00    0.0000    0.00%  100.00%
    [16]  R7      P5        12.91      34.46     0.00     0.00       none       0.00    0.0000    0.00%  100.00%
    [17]  R9      P1        38.10      65.25     0.00    10.00       none       0.00    0.0000    0.00%  100.00%
    [18]  R9      P3        30.76      57.91     0.00    10.00       none       0.00    0.0000    0.00%  100.00%
    [19]  R9      P4        13.44      40.59     0.00     0.00      2 mov       0.00    0.0000    0.00%  100.00%
    [20]  R9      P5        13.44      40.59     0.00     0.00      2 mov       0.00    0.0000    0.00%  100.00%
    [21]  R2      P3        30.76      56.20     2.84    10.00       none       2.84    0.0000    0.00%  100.00%
    [22]  R4      P1        38.10      58.27     3.20    10.00       none       3.20    0.0000    0.00%  100.00%
    [23]  R2      P1        38.10      63.54    10.19    10.00       none      10.19    0.0000    0.00%  100.00%
    [24]  R9      P2        57.57      84.72    14.13    10.00       none      14.13    0.0000    0.00%  100.00%
    [25]  R7      P2        57.57      79.12    15.13    10.00       none      15.13    0.0000    0.00%  100.00%
    [26]  R6      P2        57.57      78.37    15.48    10.00       none      15.48    0.0000    0.00%  100.00%
    [27]  R5      P2        57.57      77.97    17.96    10.00       none      17.96    0.0000    0.00%  100.00%
    [28]  R4      P2        57.57      77.74    22.67    10.00       none      22.67    0.0000    0.00%  100.00%
    [29]  R2      P2        57.57      83.01    29.66    10.00       none      29.66    0.0000    0.00%  100.00%
    draw=1.0047  →  (R2, P5) (rank 1) selected

  Assignment: R2 → P5  [0.00 → 25.44]  delay=0.00
    J2-1       [0.00 → 7.50]
    J2-2       [7.50 → 15.75]
    J2-3       [15.75 → 25.44]

  Assigned so far:
    ID      Pos       start    finish    delay
    ----------------------------------------
    R8      P3        13.02     20.75     0.00
    R10     P1        18.84     28.10     0.00
    R3      P2         0.00     16.05     0.00
    R1      P2        26.05     47.57     0.00
    R2      P5         0.00     25.44     0.00

========================================================================
  STEP 6/10
========================================================================

  Pair evaluation  (25 pairs):
    Rank   ID      Pos     t_start   t_finish    delay      gap   blocking      score    weight     P(%)   cum(%)
    ---------------------------------------------------------------------------------------------------------
    [ 0]  R4      P3        30.76      50.93     0.00    10.00       none       0.00    1.0000   60.00%   60.00%
    [ 1]  R4      P4         5.62      25.79     0.00     0.00      2 mov       0.00    0.4000   24.00%   84.00%
    [ 2]  R5      P1        38.10      58.50     0.00    10.00       none       0.00    0.1600    9.60%   93.60%
    [ 3]  R5      P3        30.76      51.16     0.00    10.00       none       0.00    0.0640    3.84%   97.44%
    [ 4]  R5      P4         6.51      26.91     0.00     0.00      2 mov       0.00    0.0256    1.54%   98.98%
    [ 5]  R5      P5        35.44      55.84     0.00    10.00       none       0.00    0.0102    0.61%   99.59%
    [ 6]  R6      P1        38.10      58.90     0.00    10.00       none       0.00    0.0041    0.25%   99.84%
    [ 7]  R6      P3        30.76      51.56     0.00    10.00       none       0.00    0.0016    0.10%   99.93%
    [ 8]  R6      P4         8.77      29.57     0.00     0.00      2 mov       0.00    0.0007    0.04%   99.97%
    [ 9]  R6      P5        35.44      56.24     0.00    10.00       none       0.00    0.0003    0.02%   99.99%
    [10]  R7      P1        38.10      59.65     0.00    10.00       none       0.00    0.0001    0.01%  100.00%
    [11]  R7      P3        30.76      52.31     0.00    10.00       none       0.00    0.0000    0.00%  100.00%
    [12]  R7      P4        12.91      34.46     0.00     0.00      2 mov       0.00    0.0000    0.00%  100.00%
    [13]  R7      P5        35.44      56.99     0.00    10.00       none       0.00    0.0000    0.00%  100.00%
    [14]  R9      P1        38.10      65.25     0.00    10.00       none       0.00    0.0000    0.00%  100.00%
    [15]  R9      P3        30.76      57.91     0.00    10.00       none       0.00    0.0000    0.00%  100.00%
    [16]  R9      P4        13.44      40.59     0.00     0.00      4 mov       0.00    0.0000    0.00%  100.00%
    [17]  R9      P5        35.44      62.59     0.00    10.00       none       0.00    0.0000    0.00%  100.00%
    [18]  R4      P5        35.44      55.61     0.54    10.00       none       0.54    0.0000    0.00%  100.00%
    [19]  R4      P1        38.10      58.27     3.20    10.00       none       3.20    0.0000    0.00%  100.00%
    [20]  R9      P2        57.57      84.72    14.13    10.00       none      14.13    0.0000    0.00%  100.00%
    [21]  R7      P2        57.57      79.12    15.13    10.00       none      15.13    0.0000    0.00%  100.00%
    [22]  R6      P2        57.57      78.37    15.48    10.00       none      15.48    0.0000    0.00%  100.00%
    [23]  R5      P2        57.57      77.97    17.96    10.00       none      17.96    0.0000    0.00%  100.00%
    [24]  R4      P2        57.57      77.74    22.67    10.00       none      22.67    0.0000    0.00%  100.00%
    draw=1.1968  →  (R4, P4) (rank 1) selected
  start-time compare  R4 → P4:  t_imm=5.62 cost=0.00 (2 new movs)  vs  t_nob=25.44 cost=0.00

  Assignment: R4 → P4  [5.62 → 25.79]  delay=0.00
    J4-1       [5.62 → 12.11]
    J4-2       [12.11 → 18.48]
    J4-3       [18.48 → 25.79]

  Assigned so far:
    ID      Pos       start    finish    delay
    ----------------------------------------
    R8      P3        13.02     20.75     0.00
    R10     P1        18.84     28.10     0.00
    R3      P2         0.00     16.05     0.00
    R1      P2        26.05     47.57     0.00
    R2      P5         0.00     25.44     0.00
    R4      P4         5.62     25.79     0.00

========================================================================
  STEP 7/10
========================================================================

  Pair evaluation  (20 pairs):
    Rank   ID      Pos     t_start   t_finish    delay      gap   blocking      score    weight     P(%)   cum(%)
    ---------------------------------------------------------------------------------------------------------
    [ 0]  R5      P1        38.10      58.50     0.00    10.00      2 mov       0.00    1.0000   60.00%   60.00%
    [ 1]  R5      P3        30.76      51.16     0.00    10.00      2 mov       0.00    0.4000   24.00%   84.00%
    [ 2]  R5      P4        35.79      56.19     0.00    10.00      2 mov       0.00    0.1600    9.60%   93.60%
    [ 3]  R5      P5        35.44      55.84     0.00    10.00      2 mov       0.00    0.0640    3.84%   97.44%
    [ 4]  R6      P1        38.10      58.90     0.00    10.00      2 mov       0.00    0.0256    1.54%   98.98%
    [ 5]  R6      P3        30.76      51.56     0.00    10.00      2 mov       0.00    0.0102    0.61%   99.59%
    [ 6]  R6      P4        35.79      56.59     0.00    10.00      2 mov       0.00    0.0041    0.25%   99.84%
    [ 7]  R6      P5        35.44      56.24     0.00    10.00      2 mov       0.00    0.0016    0.10%   99.93%
    [ 8]  R7      P1        38.10      59.65     0.00    10.00      2 mov       0.00    0.0007    0.04%   99.97%
    [ 9]  R7      P3        30.76      52.31     0.00    10.00      2 mov       0.00    0.0003    0.02%   99.99%
    [10]  R7      P4        35.79      57.34     0.00    10.00      2 mov       0.00    0.0001    0.01%  100.00%
    [11]  R7      P5        35.44      56.99     0.00    10.00      2 mov       0.00    0.0000    0.00%  100.00%
    [12]  R9      P1        38.10      65.25     0.00    10.00      2 mov       0.00    0.0000    0.00%  100.00%
    [13]  R9      P3        30.76      57.91     0.00    10.00      2 mov       0.00    0.0000    0.00%  100.00%
    [14]  R9      P4        35.79      62.94     0.00    10.00      2 mov       0.00    0.0000    0.00%  100.00%
    [15]  R9      P5        35.44      62.59     0.00    10.00      2 mov       0.00    0.0000    0.00%  100.00%
    [16]  R9      P2        57.57      84.72    14.13    10.00      2 mov      14.13    0.0000    0.00%  100.00%
    [17]  R7      P2        57.57      79.12    15.13    10.00      2 mov      15.13    0.0000    0.00%  100.00%
    [18]  R6      P2        57.57      78.37    15.48    10.00      2 mov      15.48    0.0000    0.00%  100.00%
    [19]  R5      P2        57.57      77.97    17.96    10.00      2 mov      17.96    0.0000    0.00%  100.00%
    draw=1.6115  →  (R5, P5) (rank 3) selected

  Assignment: R5 → P5  [35.44 → 55.84]  delay=0.00
    J5-1       [35.44 → 41.50]
    J5-2       [41.50 → 47.23]
    J5-3       [47.23 → 55.84]

  Assigned so far:
    ID      Pos       start    finish    delay
    ----------------------------------------
    R8      P3        13.02     20.75     0.00
    R10     P1        18.84     28.10     0.00
    R3      P2         0.00     16.05     0.00
    R1      P2        26.05     47.57     0.00
    R2      P5         0.00     25.44     0.00
    R4      P4         5.62     25.79     0.00
    R5      P5        35.44     55.84     0.00

========================================================================
  STEP 8/10
========================================================================

  Pair evaluation  (15 pairs):
    Rank   ID      Pos     t_start   t_finish    delay      gap   blocking      score    weight     P(%)   cum(%)
    ---------------------------------------------------------------------------------------------------------
    [ 0]  R6      P1        38.10      58.90     0.00    10.00      2 mov       0.00    1.0000   60.00%   60.00%
    [ 1]  R6      P3        30.76      51.56     0.00    10.00      4 mov       0.00    0.4000   24.00%   84.00%
    [ 2]  R6      P4        35.79      56.59     0.00    10.00      4 mov       0.00    0.1600    9.60%   93.60%
    [ 3]  R7      P1        38.10      59.65     0.00    10.00      2 mov       0.00    0.0640    3.84%   97.44%
    [ 4]  R7      P3        30.76      52.31     0.00    10.00      4 mov       0.00    0.0256    1.54%   98.98%
    [ 5]  R7      P4        35.79      57.34     0.00    10.00      4 mov       0.00    0.0102    0.61%   99.59%
    [ 6]  R9      P1        38.10      65.25     0.00    10.00      2 mov       0.00    0.0041    0.25%   99.84%
    [ 7]  R9      P3        30.76      57.91     0.00    10.00      6 mov       0.00    0.0016    0.10%   99.93%
    [ 8]  R9      P4        35.79      62.94     0.00    10.00      4 mov       0.00    0.0007    0.04%   99.97%
    [ 9]  R9      P2        57.57      84.72    14.13    10.00      2 mov      14.13    0.0003    0.02%   99.99%
    [10]  R7      P2        57.57      79.12    15.13    10.00      2 mov      15.13    0.0001    0.01%  100.00%
    [11]  R6      P2        57.57      78.37    15.48    10.00      2 mov      15.48    0.0000    0.00%  100.00%
    [12]  R9      P5        65.84      92.99    22.40    10.00      2 mov      22.40    0.0000    0.00%  100.00%
    [13]  R7      P5        65.84      87.39    23.40    10.00      2 mov      23.40    0.0000    0.00%  100.00%
    [14]  R6      P5        65.84      86.64    23.75    10.00      2 mov      23.75    0.0000    0.00%  100.00%
    draw=1.1683  →  (R6, P3) (rank 1) selected
  start-time compare  R6 → P3:  t_imm=30.76 cost=0.00 (2 new movs)  vs  t_nob=55.84 cost=13.75

  Assignment: R6 → P3  [30.76 → 51.55]  delay=0.00
    J6-1       [30.75 → 35.05]
    J6-2       [35.05 → 42.70]
    J6-3       [42.70 → 51.55]

  Assigned so far:
    ID      Pos       start    finish    delay
    ----------------------------------------
    R8      P3        13.02     20.75     0.00
    R10     P1        18.84     28.10     0.00
    R3      P2         0.00     16.05     0.00
    R1      P2        26.05     47.57     0.00
    R2      P5         0.00     25.44     0.00
    R4      P4         5.62     25.79     0.00
    R5      P5        35.44     55.84     0.00
    R6      P3        30.75     51.55     0.00

========================================================================
  STEP 9/10
========================================================================

  Pair evaluation  (10 pairs):
    Rank   ID      Pos     t_start   t_finish    delay      gap   blocking      score    weight     P(%)   cum(%)
    ---------------------------------------------------------------------------------------------------------
    [ 0]  R7      P1        38.10      59.65     0.00    10.00      4 mov       0.00    1.0000   60.01%   60.01%
    [ 1]  R7      P4        35.79      57.34     0.00    10.00      8 mov       0.00    0.4000   24.00%   84.01%
    [ 2]  R9      P1        38.10      65.25     0.00    10.00      4 mov       0.00    0.1600    9.60%   93.61%
    [ 3]  R9      P4        35.79      62.94     0.00    10.00      8 mov       0.00    0.0640    3.84%   97.45%
    [ 4]  R9      P2        57.57      84.72    14.13    10.00      4 mov      14.13    0.0256    1.54%   98.99%
    [ 5]  R7      P2        57.57      79.12    15.13    10.00      4 mov      15.13    0.0102    0.61%   99.60%
    [ 6]  R9      P3        61.55      88.70    18.12    10.00      4 mov      18.12    0.0041    0.25%   99.85%
    [ 7]  R7      P3        61.55      83.11    19.11    10.00      4 mov      19.11    0.0016    0.10%   99.94%
    [ 8]  R9      P5        65.84      92.99    22.40    10.00      4 mov      22.40    0.0007    0.04%   99.98%
    [ 9]  R7      P5        65.84      87.39    23.40    10.00      4 mov      23.40    0.0003    0.02%  100.00%
    draw=1.2554  →  (R7, P4) (rank 1) selected
  start-time compare  R7 → P4:  t_imm=35.79 cost=0.00 (4 new movs)  vs  t_nob=55.84 cost=13.40

  Assignment: R7 → P4  [35.79 → 57.34]  delay=0.00
    J7-1       [35.79 → 41.56]
    J7-2       [41.56 → 48.04]
    J7-3       [48.04 → 57.34]

  Assigned so far:
    ID      Pos       start    finish    delay
    ----------------------------------------
    R8      P3        13.02     20.75     0.00
    R10     P1        18.84     28.10     0.00
    R3      P2         0.00     16.05     0.00
    R1      P2        26.05     47.57     0.00
    R2      P5         0.00     25.44     0.00
    R4      P4         5.62     25.79     0.00
    R5      P5        35.44     55.84     0.00
    R6      P3        30.75     51.55     0.00
    R7      P4        35.79     57.34     0.00

========================================================================
  STEP 10/10
========================================================================

  Pair evaluation  (5 pairs):
    Rank   ID      Pos     t_start   t_finish    delay      gap   blocking      score    weight     P(%)   cum(%)
    ---------------------------------------------------------------------------------------------------------
    [ 0]  R9      P1        38.10      65.25     0.00    10.00      8 mov       0.00    1.0000   60.62%   60.62%
    [ 1]  R9      P2        57.57      84.72    14.13    10.00      8 mov      14.13    0.4000   24.25%   84.87%
    [ 2]  R9      P3        61.55      88.70    18.12    10.00      8 mov      18.12    0.1600    9.70%   94.57%
    [ 3]  R9      P5        65.84      92.99    22.40    10.00      8 mov      22.40    0.0640    3.88%   98.45%
    [ 4]  R9      P4        67.34      94.49    23.90    10.00      8 mov      23.90    0.0256    1.55%  100.00%
    draw=0.2873  →  (R9, P1) (rank 0) selected

  Assignment: R9 → P1  [38.10 → 65.25]  delay=0.00
    J9-1       [38.10 → 45.25]
    J9-2       [45.25 → 55.28]
    J9-3       [55.28 → 65.25]

  Assigned so far:
    ID      Pos       start    finish    delay
    ----------------------------------------
    R8      P3        13.02     20.75     0.00
    R10     P1        18.84     28.10     0.00
    R3      P2         0.00     16.05     0.00
    R1      P2        26.05     47.57     0.00
    R2      P5         0.00     25.44     0.00
    R4      P4         5.62     25.79     0.00
    R5      P5        35.44     55.84     0.00
    R6      P3        30.75     51.55     0.00
    R7      P4        35.79     57.34     0.00
    R9      P1        38.10     65.25     0.00

========================================================================
  Iteration result:  makespan=65.25  movements=8  delay=0.00
========================================================================

========================================================================
  Local search start  obj=0.00
========================================================================
  Local search end    obj=0.00

────────────────────────────────────────────────────────────────────────
  Iteration history
────────────────────────────────────────────────────────────────────────
      Iter   Time(s)           Obj    Makespan       Delay    Mov
  ------------------------------------------------------------
         1      0.00          0.00       65.25        0.00      8  *
         2      0.03          1.02       71.61        1.02     10
         3      0.05         36.54       88.08       36.54      6
         4      0.07          0.00       62.59        0.00     10
         5      0.09         10.13       64.06       10.13     12
         6      0.12          0.00       58.50        0.00     12
         7      0.14         18.48       82.47       18.48      8
         8      0.16          0.00       65.25        0.00     10
         9      0.18          0.00       58.90        0.00     12
        10      0.20         15.13       79.12       15.13      8
        11      0.22          1.02       71.61        1.02     12
        12      0.24          0.00       62.59        0.00      8
        13      0.25          0.00       66.72        0.00     10
        14      0.27         14.13       84.72       14.13      6
        15      0.29         18.05       88.64       18.05      6
        16      0.31         18.05       88.64       18.05     10
        17      0.33         23.15       93.74       23.15      8
        18      0.35         19.40       82.29       19.40     14
        19      0.37         25.46       96.05       25.46      8
        20      0.38         18.05       88.64       18.05      6
        21      0.40          8.15       72.14        8.15     12
        22      0.42          0.00       62.59        0.00      8
        23      0.44          0.00       59.65        0.00     10
        24      0.46          0.00       66.72        0.00     14
        25      0.48          0.00       62.59        0.00     12
        26      0.50         17.72       88.31       17.72      6
        27      0.52         14.13       84.72       14.13      4
        28      0.54         12.78       83.37       12.78      2
        29      0.55          1.02       71.61        1.02     12
        30      0.57          0.00       62.59        0.00     10
        31      0.60         18.25       88.84       18.25      6
        32      0.62          1.02       71.61        1.02     12
        33      0.64          0.00       58.50        0.00      6
        34      0.66          0.00       66.72        0.00     14
        35      0.68          1.02       71.61        1.02     12
        36      0.70          0.00       58.90        0.00     12
        37      0.72          0.00       58.67        0.00      6
        38      0.74          0.00       58.90        0.00     10
        39      0.75          0.00       61.12        0.00     12
        40      0.77         13.41       84.00       13.41      4
        41      0.79          0.00       62.94        0.00     10
        42      0.81          1.02       71.61        1.02     10
        43      0.83          1.02       71.61        1.02     12
        44      0.85         12.78       83.37       12.78      2
        45      0.88         18.05       88.64       18.05      8
        46      0.90         12.78       83.37       12.78      6
        47      0.91          0.00       65.25        0.00     10
        48      0.93         18.48       89.07       18.48     12
        49      0.95         18.71       82.70       18.71      2
        50      0.97          1.02       71.61        1.02     10
        51      0.99          0.00       58.50        0.00      8
        52      1.01         14.13       84.72       14.13     10
        53      1.03          0.00       66.72        0.00     14
        54      1.04         10.13       62.94       10.13      8
        55      1.06          0.00       58.90        0.00      8
        56      1.09         10.13       62.94       10.13     18
        57      1.11         13.41       84.00       13.41      4
        58      1.14          0.00       65.25        0.00     12
        59      1.17         18.88       89.47       18.88      8
        60      1.19          0.00       58.90        0.00      8
        61      1.22          0.00       66.72        0.00     12
        62      1.24         15.13       79.12       15.13      6
        63      1.27         12.78       83.37       12.78      8
        64      1.29         14.13       84.72       14.13      8
        65      1.32          0.00       62.59        0.00     12
        66      1.34          0.00       58.90        0.00     10
        67      1.36         14.13       84.72       14.13      8
        68      1.38         17.72       88.31       17.72     12
        69      1.40         10.13       64.06       10.13     14
        70      1.43         18.66       88.70       18.66      8
        71      1.45          0.00       59.65        0.00     10
        72      1.47          1.02       71.61        1.02     10
        73      1.49         10.13       64.06       10.13     14
        74      1.52         15.13       79.12       15.13     14
        75      1.54         23.55       94.14       23.55      8
        76      1.56         17.49       88.08       17.49      8
        77      1.58          0.00       58.50        0.00     12
        78      1.61          0.00       58.50        0.00     10
        79      1.63          1.02       71.61        1.02     12
        80      1.65         14.13       84.72       14.13      4
        81      1.66         14.13       84.72       14.13      6
        82      1.68          0.00       62.94        0.00     10
        83      1.70         17.49       88.08       17.49      4
        84      1.72          0.00       62.94        0.00     10
        85      1.74          0.00       58.90        0.00     10
        86      1.77          1.02       71.61        1.02     12
        87      1.78         15.13       79.12       15.13     10
        88      1.80          0.00       58.50        0.00      8
        89      1.82          0.00       58.67        0.00      8
        90      1.84         25.06       95.65       25.06      8
        91      1.86          0.00       58.90        0.00     12
        92      1.88          0.00       66.72        0.00     14
        93      1.90         23.15       93.74       23.15      6
        94      1.92         12.78       83.37       12.78      4
        95      1.94         10.13       64.06       10.13     12
        96      1.98          0.00       65.25        0.00     12
        97      2.02          8.15       72.14        8.15     14
        98      2.08          1.02       71.61        1.02     12
        99      2.12         14.16       84.75       14.16      8
       100      2.17          8.15       72.14        8.15     16
       101      2.24         18.71       82.70       18.71     10
       102      2.28         14.13       84.72       14.13      8
       103      2.33          0.00       66.72        0.00     14
       104      2.36          0.00       58.90        0.00     10
       105      2.38         29.66       83.01       29.66      8
       106      2.41          0.00       65.25        0.00     12
       107      2.44         19.05       83.04       19.05      8
       108      2.46         17.49       88.08       17.49      6
       109      2.49         10.13       64.06       10.13     18
       110      2.55          0.00       58.50        0.00      8
       111      2.59          9.56       64.63        9.56      8
       112      2.61          0.00       65.25        0.00     12
       113      2.63          0.00       66.72        0.00     10
       114      2.66         14.13       84.72       14.13     16
       115      2.70         14.13       84.72       14.13      8
       116      2.74         18.88       89.47       18.88      8
       117      2.77          0.00       65.25        0.00     12
       118      2.79         14.13       84.72       14.13      6
       119      2.82          0.00       62.94        0.00     12
       120      2.87         17.72       88.31       17.72      8
       121      2.91          0.00       58.50        0.00      8
       122      2.94         13.41       84.00       13.41     10
       123      2.97          0.00       66.72        0.00     10
       124      2.99          0.00       59.65        0.00     12
       125      3.01          0.00       66.72        0.00     12
       126      3.04         18.05       88.64       18.05      8
       127      3.06          0.00       62.94        0.00      8
       128      3.08          0.00       62.59        0.00      6
       129      3.10         17.49       88.08       17.49      6
       130      3.12         17.49       88.08       17.49     12
       131      3.15          0.00       62.94        0.00     10
       132      3.17          0.00       58.67        0.00      8
       133      3.19          0.00       58.67        0.00     10
       134      3.21          0.00       62.59        0.00      6
       135      3.23         18.05       88.64       18.05      4
       136      3.25          0.00       64.06        0.00     12
       137      3.27         25.06       95.65       25.06      8
       138      3.29          0.00       65.25        0.00     12
       139      3.31          1.02       71.61        1.02     12
       140      3.33          8.15       72.14        8.15     12
       141      3.35         17.49       88.08       17.49      8
       142      3.37          1.02       71.61        1.02     12
       143      3.40         19.25       83.24       19.25     10
       144      3.42         15.13       79.12       15.13     10
       145      3.44          0.00       66.72        0.00     12
       146      3.46          1.02       71.61        1.02     12
       147      3.47          0.00       66.72        0.00     10
       148      3.49          0.00       62.94        0.00     10
       149      3.51          0.00       65.25        0.00     12
       150      3.53          0.00       62.59        0.00      8
       151      3.55          0.00       58.90        0.00     12
       152      3.57          0.00       66.72        0.00      8
       153      3.59         10.13       58.67       10.13     16
       154      3.62          1.02       71.61        1.02     12
       155      3.64         17.72       88.31       17.72      8
       156      3.65          0.00       62.59        0.00      8
       157      3.67          0.00       66.72        0.00     10
       158      3.69          1.02       71.61        1.02     12
       159      3.71         14.13       84.72       14.13      4
       160      3.73          0.00       58.50        0.00      8
       161      3.75          0.54       66.72        0.54     12
       162      3.77          0.00       65.25        0.00      6
       163      3.79         18.71       82.70       18.71      4
       164      3.80          0.00       65.25        0.00     14
       165      3.83          5.42       57.91        5.42     12
       166      3.86         10.13       64.06       10.13     14
       167      3.90          0.00       66.72        0.00     10
       168      3.92          0.00       62.94        0.00     10
       169      3.94          5.42       57.91        5.42     12
       170      3.96          0.00       62.59        0.00     16
       171      3.98          1.02       71.61        1.02     12
       172      4.00          0.00       62.94        0.00     10
       173      4.02         18.48       82.47       18.48     10
       174      4.04         18.05       88.64       18.05     12
       175      4.06          0.00       62.94        0.00     10
       176      4.08         12.78       83.37       12.78      6
       177      4.10         18.05       88.64       18.05      8
       178      4.12          0.00       58.50        0.00      8
       179      4.14          0.00       62.94        0.00     10
       180      4.16          0.00       66.72        0.00     12
       181      4.18         12.78       83.37       12.78      6
       182      4.20          1.02       71.61        1.02     16
       183      4.21          0.00       62.59        0.00      8
       184      4.23          8.15       72.14        8.15     14
       185      4.25         10.13       64.06       10.13     12
       186      4.29         14.13       84.72       14.13      8
       187      4.31          8.15       72.14        8.15     12
       188      4.32          8.15       72.14        8.15     14
       189      4.34         10.13       62.94       10.13     14
       190      4.37          0.00       66.72        0.00     14
       191      4.39         10.13       64.06       10.13     10
       192      4.42         14.13       84.72       14.13      8
       193      4.43         17.49       88.08       17.49     10
       194      4.45         17.49       88.08       17.49     10
       195      4.47         17.72       88.31       17.72     12
       196      4.49          0.00       62.94        0.00     10
       197      4.51         25.06       95.65       25.06     10
       198      4.53          0.00       66.72        0.00     12
       199      4.55         34.00       89.07       34.00      8
       200      4.57          0.00       66.72        0.00     16
       201      4.59          0.00       62.59        0.00      8
       202      4.61          0.00       65.25        0.00     12
       203      4.64         18.48       89.07       18.48      6
       204      4.65          0.00       62.59        0.00     12
       205      4.67          5.42       58.46        5.42     14
       206      4.71         29.66       88.31       29.66      8
       207      4.73         14.13       84.72       14.13      8
       208      4.75          0.00       65.25        0.00     14
       209      4.76          0.00       65.25        0.00     12
       210      4.78         10.13       64.06       10.13     12
       211      4.82         10.13       64.06       10.13     10
       212      4.85          0.00       62.59        0.00     14
       213      4.87         22.80       93.39       22.80      8
       214      4.88         10.13       64.06       10.13     10
       215      4.92          9.56       64.63        9.56     14
       216      4.94         17.72       88.31       17.72     10
       217      4.95          8.15       72.14        8.15     16
       218      4.97         13.41       84.00       13.41      2
       219      4.99         10.13       64.06       10.13     12
       220      5.02          0.00       58.67        0.00     12
       221      5.04          0.00       64.06        0.00     14
       222      5.06         14.13       84.72       14.13     10
       223      5.08          0.00       64.06        0.00     12
       224      5.10         18.88       89.47       18.88      6
       225      5.11          0.00       58.67        0.00     10
       226      5.14         22.80       93.39       22.80     10
       227      5.16          5.42       57.91        5.42     12
       228      5.20          0.00       58.50        0.00     12
       229      5.22         25.46       96.05       25.46      6
       230      5.23          5.42       58.46        5.42     12
       231      5.28          0.00       62.59        0.00      8
       232      5.30          0.00       64.06        0.00     12
       233      5.32         16.88       71.61       16.88     10
       234      5.35          0.00       62.59        0.00      8
       235      5.36          0.00       62.59        0.00     10
       236      5.38          0.00       62.59        0.00     10
       237      5.40          0.00       62.59        0.00      6
       238      5.42         18.48       89.07       18.48      4
       239      5.44          0.00       65.25        0.00     10
       240      5.45          1.02       71.61        1.02     12
       241      5.47          0.00       58.90        0.00     12
       242      5.49         19.63       90.22       19.63      8
       243      5.51         25.06       95.65       25.06     10
       244      5.53         17.49       88.08       17.49     12
       245      5.54         10.13       62.59       10.13     14
       246      5.58          0.00       65.25        0.00     12
       247      5.60          0.00       58.50        0.00      8
       248      5.62          0.00       62.59        0.00      8
       249      5.65         18.48       82.47       18.48     10
       250      5.67          0.00       62.59        0.00      8
       251      5.69         18.05       88.64       18.05     10
       252      5.71          0.00       66.72        0.00     12
       253      5.73          5.42       57.91        5.42     10
       254      5.76         17.49       88.08       17.49      8
       255      5.78         10.13       62.94       10.13     18
       256      5.80          1.02       71.61        1.02     14
       257      5.82          0.00       59.65        0.00     10
       258      5.84         18.83       81.72       18.83      4
       259      5.86          1.02       71.61        1.02     12
       260      5.88         17.49       88.08       17.49      8
       261      5.89          0.00       58.67        0.00     10
       262      5.92          0.00       62.94        0.00      8
       263      5.93          0.00       61.12        0.00     12
       264      5.95         12.78       83.37       12.78      6
       265      5.97          0.00       66.72        0.00     12
       266      5.99         18.48       89.07       18.48      6
       267      6.01         22.80       93.39       22.80      6
       268      6.03          1.02       71.61        1.02     14
       269      6.05         10.13       64.06       10.13     10
       270      6.08         13.78       77.77       13.78      8
       271      6.10          0.00       65.25        0.00     12
       272      6.12          0.00       66.72        0.00     12
       273      6.14          0.00       58.50        0.00     12
       274      6.16          0.00       65.25        0.00     12
       275      6.18         18.48       89.07       18.48      8
       276      6.20         18.88       89.47       18.88      2
       277      6.22         14.13       84.72       14.13      6
       278      6.23          0.00       58.67        0.00      8
       279      6.25          1.02       71.61        1.02     12
       280      6.27          0.00       62.59        0.00     10
       281      6.29         18.26       88.31       18.26      6
       282      6.31          0.00       62.94        0.00     10
       283      6.33          0.00       62.59        0.00      8
       284      6.35          0.00       66.72        0.00      8
       285      6.37         18.05       88.64       18.05      8
       286      6.39          0.00       65.25        0.00     12
       287      6.41         25.06       95.65       25.06      8
       288      6.43         10.13       58.67       10.13     14
       289      6.45         18.25       88.84       18.25      6
       290      6.47         17.49       88.08       17.49      8
       291      6.49          0.00       59.65        0.00      8
       292      6.51          1.02       71.61        1.02     14
       293      6.53          1.02       71.61        1.02     16
       294      6.54          0.00       65.25        0.00     10
       295      6.56          0.00       58.50        0.00      6
       296      6.58         17.49       88.08       17.49      8
       297      6.60          1.02       71.61        1.02     10
       298      6.62          2.37       65.26        2.37     16
       299      6.64          5.42       57.91        5.42     10
       300      6.67         17.72       88.31       17.72      4
       301      6.69          0.00       58.90        0.00     10
       302      6.71          0.00       58.90        0.00     12
       303      6.73          0.00       58.90        0.00     12
       304      6.75          0.00       58.90        0.00      6
       305      6.77          0.00       58.90        0.00      6
       306      6.79          0.00       62.59        0.00     12
       307      6.81         10.13       62.94       10.13     18
       308      6.83         10.13       64.06       10.13     12
       309      6.86          0.00       65.25        0.00     14
       310      6.88         17.49       88.08       17.49      6
       311      6.90          0.00       62.94        0.00     10
       312      6.92          1.02       71.61        1.02     14
       313      6.94          1.02       71.61        1.02     14
       314      6.96         14.13       84.72       14.13      6
       315      6.98         14.13       84.72       14.13      6
       316      7.00         25.06       95.65       25.06     10
       317      7.01         10.13       64.06       10.13     10
       318      7.04         10.13       62.59       10.13     14
       319      7.06          0.00       58.90        0.00      6
       320      7.08          0.00       58.67        0.00     10
       321      7.10         10.13       62.94       10.13     14
       322      7.12         25.06       95.65       25.06     10
       323      7.14         14.13       84.72       14.13      8
       324      7.16         14.13       84.72       14.13      8
       325      7.17         12.78       83.37       12.78      6
       326      7.19         10.13       64.06       10.13      8
       327      7.21          0.00       65.25        0.00     12
       328      7.23          0.00       66.72        0.00     12
       329      7.25         20.98       83.87       20.98      2
       330      7.27          0.00       62.94        0.00     10
       331      7.28          0.00       65.25        0.00     12
       332      7.30          0.00       62.59        0.00     16
       333      7.32         37.93       87.79       37.93      4
       334      7.34         18.05       88.64       18.05     10
       335      7.36         25.46       96.05       25.46      4
       336      7.38         13.01       83.60       13.01      6
       337      7.40          0.00       62.59        0.00      8
       338      7.41          0.00       58.50        0.00      8
       339      7.43          1.02       71.61        1.02     12
       340      7.45          0.00       62.59        0.00      6
       341      7.47          0.00       66.72        0.00     10
       342      7.49         18.05       88.64       18.05      8
       343      7.51          0.00       62.59        0.00     10
       344      7.53          0.00       62.59        0.00      6
       345      7.54         18.05       88.64       18.05     12
       346      7.56         10.13       58.67       10.13     14
       347      7.59          0.00       62.59        0.00      8
       348      7.61          2.37       65.26        2.37     12
       349      7.63          0.00       64.06        0.00     12
       350      7.65          0.00       61.12        0.00     12
       351      7.66         17.49       88.08       17.49      6
       352      7.68         18.05       88.64       18.05      8
       353      7.70          0.00       65.25        0.00     12
       354      7.72          0.00       66.72        0.00     12
       355      7.74          0.00       58.50        0.00      6
       356      7.76          0.00       62.59        0.00      8
       357      7.78         18.48       82.47       18.48      6
       358      7.79          1.02       71.61        1.02     12
       359      7.81         17.49       88.08       17.49      4
       360      7.83          0.00       59.65        0.00     10
       361      7.85         17.49       88.08       17.49     10
       362      7.87         25.06       95.65       25.06      6
       363      7.89          1.02       71.61        1.02     12
       364      7.90          8.15       72.14        8.15     18
       365      7.92          8.15       72.14        8.15     12
       366      7.94          1.02       71.61        1.02     16
       367      7.96          0.00       58.90        0.00     10
       368      7.98         10.13       58.67       10.13     16
       369      8.01          0.00       62.59        0.00     14
       370      8.03         15.13       79.12       15.13      8
       371      8.05          5.42       57.91        5.42     12
       372      8.09          0.00       66.72        0.00     12
       373      8.10          0.00       65.25        0.00     12
       374      8.12         29.66       83.01       29.66     12
       375      8.14          0.00       65.25        0.00     12
       376      8.16          0.00       58.50        0.00     10
       377      8.18          8.50       71.39        8.50     12
       378      8.20          0.00       58.67        0.00     12
       379      8.22          0.00       64.06        0.00     12
       380      8.24          0.00       58.50        0.00      6
       381      8.26         15.13       79.12       15.13     10
       382      8.27         18.05       88.64       18.05      6
       383      8.29         18.05       88.64       18.05     12
       384      8.31          3.87       71.61        3.87     14
       385      8.33         32.81       96.80       32.81      8
       386      8.35         14.13       84.72       14.13      8
       387      8.37          2.37       65.26        2.37     16
       388      8.38         15.13       79.12       15.13      6
       389      8.40         13.78       77.77       13.78      4
       390      8.42          1.02       71.61        1.02     12
       391      8.44         14.13       84.72       14.13     10
       392      8.46         10.13       64.06       10.13     12
       393      8.49         14.13       84.72       14.13      6
       394      8.51         17.49       88.08       17.49      8
       395      8.53          5.42       57.91        5.42     10
       396      8.56         14.13       84.72       14.13      8
       397      8.58          0.00       66.72        0.00     12
       398      8.60         10.13       64.06       10.13     10
       399      8.63         14.13       84.72       14.13     10
       400      8.65          0.00       62.94        0.00     10
       401      8.66          0.00       59.65        0.00     10
       402      8.68          0.00       59.65        0.00     12
       403      8.70         17.49       88.08       17.49      8
       404      8.72         14.13       84.72       14.13     10
       405      8.74          0.00       62.59        0.00      8
       406      8.76          1.02       71.61        1.02     12
       407      8.78          1.02       71.61        1.02     12
       408      8.79          0.00       65.25        0.00      8
       409      8.81          0.00       62.94        0.00     10
       410      8.83          0.00       62.59        0.00      8
       411      8.85         10.13       64.06       10.13     10
       412      8.88          8.15       72.14        8.15     18
       413      8.90          0.00       62.59        0.00     16
       414      8.92         18.48       89.07       18.48      4
       415      8.94         14.13       84.72       14.13      8
       416      8.96          1.02       71.61        1.02     12
       417      8.98         10.13       64.06       10.13     12
       418      9.01          0.00       64.06        0.00     10
       419      9.03          0.00       64.06        0.00     10
       420      9.05         19.63       90.22       19.63      6
       421      9.07          1.02       71.61        1.02     12
       422      9.09         25.02       95.61       25.02      8
       423      9.11          0.00       62.59        0.00      8
       424      9.13          0.00       65.25        0.00     12
       425      9.15         17.72       88.31       17.72      6
       426      9.17          0.00       59.65        0.00     12
       427      9.19          0.00       62.59        0.00      6
       428      9.21         19.63       90.22       19.63      8
       429      9.23         14.13       84.72       14.13      6
       430      9.25         14.13       84.72       14.13      8
       431      9.26         32.62       88.08       32.62      4
       432      9.28          8.15       72.14        8.15     12
       433      9.30         17.49       88.08       17.49      8
       434      9.32         14.13       84.72       14.13      6
       435      9.34          0.00       65.25        0.00     12
       436      9.36         14.13       84.72       14.13      8
       437      9.38          1.02       71.61        1.02     12
       438      9.40          0.00       62.59        0.00     10
       439      9.42          0.00       65.25        0.00     12
       440      9.44          0.00       66.72        0.00     12
       441      9.46          0.00       62.94        0.00     12
       442      9.48         18.05       88.64       18.05      8
       443      9.49         17.72       88.31       17.72     12
       444      9.51          0.00       65.25        0.00     10
       445      9.53          0.00       66.72        0.00     10
       446      9.55          0.00       64.06        0.00     12
       447      9.57          0.00       65.25        0.00     14
       448      9.59         14.41       78.40       14.41      6
       449      9.61          8.15       72.14        8.15     14
       450      9.63          0.00       62.59        0.00      8
       451      9.65          0.00       61.12        0.00     12
       452      9.68          0.00       58.90        0.00     12
       453      9.69          0.00       62.94        0.00     14
       454      9.71         18.05       88.64       18.05      8
       455      9.73          0.00       59.65        0.00     12
       456      9.75         14.13       84.72       14.13      8
       457      9.77         10.13       62.59       10.13     14
       458      9.79          0.00       65.25        0.00     10
       459      9.81          0.00       58.90        0.00      8
       460      9.83          8.15       72.14        8.15     14
       461      9.85          0.00       62.94        0.00     10
       462      9.87          0.00       65.25        0.00      8
       463      9.89          0.00       64.06        0.00     12
       464      9.91          0.00       66.72        0.00     12
       465      9.93          8.15       72.14        8.15     14
       466      9.95         10.13       62.94       10.13      8
       467      9.97         19.05       83.04       19.05      8
       468      9.99          5.42       61.12        5.42     14
       469     10.03         14.16       84.75       14.16      4
       470     10.05          0.00       58.90        0.00     12
       471     10.07          0.00       62.59        0.00      8
       472     10.09         10.13       64.06       10.13     10
       473     10.12          0.00       62.94        0.00     10
       474     10.14         23.80       87.79       23.80     10
       475     10.16         15.13       79.12       15.13     10
       476     10.18         18.05       88.64       18.05      8
       477     10.19          0.00       64.06        0.00      8
       478     10.21         17.49       88.08       17.49      6
       479     10.23         10.13       64.06       10.13     18
       480     10.27         18.71       82.70       18.71      6
       481     10.29          1.02       71.61        1.02     16
       482     10.31         18.48       82.47       18.48      6
       483     10.33          0.00       66.72        0.00     12
       484     10.35         13.01       83.60       13.01      6
       485     10.37          1.02       71.61        1.02     10
       486     10.38         10.13       64.06       10.13     12
       487     10.41         14.13       84.72       14.13      4
       488     10.43         13.78       77.77       13.78      8
       489     10.45         17.49       88.08       17.49     10
       490     10.47          1.02       71.61        1.02     14
       491     10.49         19.25       83.24       19.25     14
       492     10.51          0.00       58.67        0.00      8
       493     10.53          1.02       71.61        1.02     16
       494     10.55          0.00       62.94        0.00     10
       495     10.56          0.00       66.72        0.00     12
       496     10.58          0.00       62.59        0.00     12
       497     10.60         10.13       64.06       10.13     10
       498     10.62          0.00       58.90        0.00     14
       499     10.64         13.01       83.60       13.01      6
       500     10.66          0.00       66.72        0.00     12
       501     10.68          0.00       62.59        0.00      8
       502     10.70          0.00       58.90        0.00      6
       503     10.72         10.13       62.59       10.13     16
       504     10.75         12.78       83.37       12.78      6
       505     10.77         10.13       62.94       10.13     10
       506     10.80          0.00       62.59        0.00      8
       507     10.81          0.00       62.59        0.00      6
       508     10.83         14.13       84.72       14.13      8
       509     10.85          0.00       66.72        0.00     14
       510     10.87          0.00       62.94        0.00     10
       511     10.89          0.00       62.59        0.00      8
       512     10.91          1.02       71.61        1.02     14
       513     10.93         14.13       84.72       14.13      4
       514     10.95          0.00       62.94        0.00     10
       515     10.97          8.15       72.14        8.15     18
       516     10.99         22.67       77.74       22.67      8
       517     11.01          0.00       65.25        0.00     10
       518     11.03          0.00       62.59        0.00      6
       519     11.05         15.13       79.12       15.13      8
       520     11.07         10.13       64.06       10.13     12
       521     11.10         14.13       84.72       14.13      8
       522     11.11         18.88       89.47       18.88     10
       523     11.14          0.00       62.94        0.00     10
       524     11.16          0.00       59.65        0.00     10
       525     11.18          0.00       62.94        0.00     10
       526     11.20          0.00       65.25        0.00      8
       527     11.21          0.00       61.12        0.00     12
       528     11.23          0.54       64.06        0.54     10
       529     11.25          8.15       72.14        8.15     12
       530     11.27          0.00       62.59        0.00      8
       531     11.29         18.48       82.47       18.48      8
       532     11.31          0.00       62.94        0.00     10
       533     11.33          8.50       71.39        8.50     14
       534     11.35          0.00       62.94        0.00     10
       535     11.36          8.15       72.14        8.15     14
       536     11.38         15.13       79.12       15.13     12
       537     11.40          0.00       62.59        0.00     14
       538     11.42         15.13       79.12       15.13     10
       539     11.44         22.40       92.99       22.40      6
       540     11.46          0.00       62.59        0.00      8
       541     11.48         14.16       84.75       14.16     10
       542     11.50          0.00       64.06        0.00     14
       543     11.52         14.13       84.72       14.13      6
       544     11.54         22.80       93.39       22.80      8
       545     11.56         15.13       79.12       15.13     10
       546     11.58          0.00       62.94        0.00     10
       547     11.60          8.15       72.14        8.15     16
       548     11.62         17.72       88.31       17.72     12
       549     11.64         14.13       84.72       14.13      8
       550     11.66         36.97       88.08       36.97      2
       551     11.68         18.48       82.47       18.48      8
       552     11.69         18.05       88.64       18.05      8
       553     11.71          0.00       65.25        0.00     10
       554     11.73          5.42       57.91        5.42     12
       555     11.76          8.15       72.14        8.15     14
       556     11.78          5.42       57.91        5.42     10
       557     11.81          0.00       65.25        0.00      8
       558     11.84          0.00       62.59        0.00      6
       559     11.86          0.00       59.65        0.00      8
       560     11.87          8.15       72.14        8.15     14
       561     11.89          0.00       62.59        0.00      8
       562     11.91         37.37       89.47       37.37      2
       563     11.93         14.13       84.72       14.13      8
       564     11.95          8.15       72.14        8.15     14
       565     11.97         18.71       82.70       18.71     10
       566     11.99         10.13       64.06       10.13     14
       567     12.01         18.25       88.84       18.25      4
       568     12.02         18.05       88.64       18.05      8
       569     12.05         14.13       84.72       14.13      4
       570     12.07          1.02       71.61        1.02     10
       571     12.09          5.42       57.91        5.42      4
       572     12.12          0.00       58.90        0.00      8
       573     12.14          0.00       64.06        0.00     18
       574     12.17          0.00       66.72        0.00     10
       575     12.19         10.13       64.06       10.13     12
       576     12.22          1.02       71.61        1.02     16
       577     12.24          0.00       62.59        0.00      8
       578     12.26         18.05       88.64       18.05      8
       579     12.28         19.25       83.24       19.25     10
       580     12.30          1.02       71.61        1.02     10
       581     12.32          0.00       58.90        0.00     10
       582     12.34         22.80       93.39       22.80      6
       583     12.35         10.13       64.06       10.13      8
       584     12.39         14.13       84.72       14.13      8
       585     12.40         18.05       88.64       18.05     10
       586     12.42          5.42       57.91        5.42      8
       587     12.46         17.49       88.08       17.49      8
       588     12.48         17.49       88.08       17.49      8
       589     12.49          0.00       64.06        0.00     12
       590     12.52          5.42       57.91        5.42     12
       591     12.55          1.02       71.61        1.02     16
       592     12.57         14.13       84.72       14.13      4
       593     12.59         18.48       82.47       18.48      8
       594     12.61          0.00       58.90        0.00     10
       595     12.63          1.02       71.61        1.02     16
       596     12.65         18.05       88.64       18.05     16
       597     12.67         18.83       81.72       18.83      8
       598     12.69          1.02       71.61        1.02     14
       599     12.71          1.02       71.61        1.02     16
       600     12.73         17.49       88.08       17.49      6
       601     12.75         10.13       64.06       10.13     10
       602     12.78          5.42       58.46        5.42     12
       603     12.83          0.00       58.90        0.00     12
       604     12.85          0.00       59.97        0.00     14
       605     12.87         14.13       84.72       14.13     10
       606     12.89         26.41       89.30       26.41     10
       607     12.90         15.13       79.12       15.13     10
       608     12.92          0.00       62.94        0.00     10
       609     12.94          0.00       62.94        0.00     10
       610     12.96         17.49       88.08       17.49      8
       611     12.97          0.00       62.59        0.00     10
       612     12.99          8.15       72.14        8.15     14
       613     13.01          1.02       71.61        1.02     12
       614     13.03         14.13       84.72       14.13      6
       615     13.05          1.02       71.61        1.02     12
       616     13.07          0.00       62.59        0.00     10
       617     13.08          0.00       59.65        0.00      8
       618     13.10         18.05       88.64       18.05      8
       619     13.13         18.05       88.64       18.05      8
       620     13.15         14.13       77.02       14.13      4
       621     13.17          1.02       71.61        1.02     12
       622     13.19         17.49       88.08       17.49      4
       623     13.21         14.67       84.72       14.67      6
       624     13.22         13.41       84.00       13.41     14
       625     13.24         14.16       84.75       14.16      8
       626     13.26          0.00       65.25        0.00     10
       627     13.28         10.13       64.06       10.13      8
       628     13.31         24.27       94.86       24.27     14
       629     13.33          2.37       65.26        2.37      8
       630     13.35          1.02       71.61        1.02     14
       631     13.37          1.02       71.61        1.02     10
       632     13.39         10.13       64.06       10.13      8
       633     13.42          0.00       58.90        0.00     16
       634     13.44         18.71       82.70       18.71      4
       635     13.46          0.00       62.59        0.00      8
       636     13.48          8.15       72.14        8.15     14
       637     13.49         18.05       88.64       18.05      8
       638     13.52         22.80       93.39       22.80      6
       639     13.54         17.72       88.31       17.72     10
       640     13.56          0.00       58.50        0.00     12
       641     13.58         14.13       84.72       14.13      6
       642     13.59         18.05       88.64       18.05     12
       643     13.61         10.13       64.06       10.13     10
       644     13.65          5.42       61.12        5.42     10
       645     13.68         37.53       87.39       37.53      2
       646     13.70         17.72       88.31       17.72     10
       647     13.72          0.00       58.90        0.00     10
       648     13.73         17.49       88.08       17.49     10
       649     13.75         17.49       88.08       17.49      8
       650     13.77          0.00       62.59        0.00      8
       651     13.79         23.15       93.74       23.15      6
       652     13.81          1.02       71.61        1.02     14
       653     13.83         14.13       84.72       14.13      4
       654     13.85         19.05       83.04       19.05      6
       655     13.87         18.48       89.07       18.48      8
       656     13.89          1.02       71.61        1.02     14
       657     13.91         10.13       64.06       10.13     14
       658     13.94          0.00       65.25        0.00     12
       659     13.96         40.19       90.05       40.19      4
       660     13.97          0.00       66.72        0.00     16
       661     13.99          1.02       71.61        1.02     12
       662     14.01          0.00       58.90        0.00     10
       663     14.03          0.00       62.94        0.00     10
       664     14.05         17.49       88.08       17.49     10
       665     14.07          0.00       66.72        0.00     10
       666     14.08          8.50       71.39        8.50     16
       667     14.10         10.13       64.06       10.13     12
       668     14.13         10.13       66.72       10.13     12
       669     14.16         25.46       96.05       25.46      6
       670     14.18         15.48       78.37       15.48     10
       671     14.19         10.13       64.06       10.13      8
       672     14.23         17.72       88.31       17.72     12
       673     14.24         17.72       88.31       17.72     10
       674     14.26         10.13       62.94       10.13     14
       675     14.29          0.00       64.06        0.00     12
       676     14.31          0.00       62.59        0.00     14
       677     14.33          0.00       59.65        0.00     10
       678     14.35          0.00       62.59        0.00     10
       679     14.37          0.00       58.50        0.00     10
       680     14.39          8.15       72.14        8.15     12
       681     14.40          0.00       59.97        0.00     12
       682     14.42         17.49       88.08       17.49      2
       683     14.44          0.00       62.59        0.00      8
       684     14.46         15.13       79.12       15.13     10
       685     14.48         22.67       77.74       22.67     10
       686     14.50          0.00       58.50        0.00     12
       687     14.52         12.78       83.37       12.78      8
       688     14.54          0.00       65.25        0.00      8
       689     14.56          1.02       71.61        1.02     12
       690     14.58         10.13       64.06       10.13     10
       691     14.61          1.02       71.61        1.02     12
       692     14.63         18.71       82.70       18.71      6
       693     14.65          0.00       64.06        0.00     12
       694     14.67          8.15       72.14        8.15     14
       695     14.68          0.00       62.59        0.00     10
       696     14.70          5.42       57.91        5.42      6
       697     14.74          0.00       62.59        0.00      6
       698     14.75          0.00       62.94        0.00     10
       699     14.77          0.00       62.59        0.00     14
       700     14.79         10.13       64.06       10.13     14
       701     14.83         10.13       64.06       10.13     12
       702     14.86          0.00       62.59        0.00     12
       703     14.88          1.02       71.61        1.02     16
       704     14.90         14.13       84.72       14.13      6
       705     14.92          5.42       58.46        5.42     10
       706     14.96          0.00       65.25        0.00     12
       707     14.98          0.00       62.94        0.00     10
       708     15.00         18.12       88.70       18.12      8
       709     15.01          0.00       64.06        0.00     12
       710     15.03          1.02       71.61        1.02     14
       711     15.05         18.88       89.47       18.88      6
       712     15.07          1.02       71.61        1.02     10
       713     15.09          0.00       65.25        0.00     14
       714     15.11         18.71       82.70       18.71      6
       715     15.13          0.00       65.25        0.00     12
       716     15.15          0.00       66.72        0.00     12
       717     15.17          0.00       58.90        0.00     12
       718     15.19          0.00       64.06        0.00      8
       719     15.21         24.32       84.72       24.32      6
       720     15.23         18.87       89.45       18.87      6
       721     15.25          0.00       62.94        0.00     12
       722     15.27          0.00       62.59        0.00      6
       723     15.29         15.48       78.37       15.48     10
       724     15.31         17.49       88.08       17.49      8
       725     15.32          0.00       62.59        0.00      8
       726     15.34          0.00       65.25        0.00     10
       727     15.36         10.13       64.06       10.13     12
       728     15.40          8.15       72.14        8.15     12
       729     15.42         13.41       84.00       13.41      6
       730     15.44         15.13       79.12       15.13      6
       731     15.46          0.00       58.50        0.00      6
       732     15.48         17.72       88.31       17.72     10
       733     15.50         15.48       78.37       15.48     10
       734     15.51         14.13       84.72       14.13      4
       735     15.53          0.00       62.94        0.00     10
       736     15.55         13.41       84.00       13.41      8
       737     15.57         19.48       83.47       19.48      8
       738     15.59         17.49       88.08       17.49      6
       739     15.61         12.78       83.37       12.78      8
       740     15.63          0.00       64.06        0.00     10
       741     15.66          1.02       71.61        1.02     12
       742     15.68          0.00       65.25        0.00     12
       743     15.70          1.02       71.61        1.02     12
       744     15.72          0.00       62.59        0.00      6
       745     15.74          0.00       59.65        0.00     12
       746     15.75          1.02       71.61        1.02     14
       747     15.77          0.00       65.25        0.00     12
       748     15.79          0.00       62.94        0.00     10
       749     15.81         18.05       88.64       18.05      8
       750     15.83          0.00       62.94        0.00     12
       751     15.85          0.00       62.59        0.00      8
       752     15.87          1.02       71.61        1.02     14
       753     15.89         26.06       90.05       26.06     12
       754     15.91         17.72       88.31       17.72      6
       755     15.93          0.00       65.25        0.00      8
       756     15.95          0.00       65.25        0.00     12
       757     15.98          0.00       61.12        0.00     12
       758     16.00          0.00       65.25        0.00     12
       759     16.01          0.00       64.06        0.00     14
       760     16.03         18.48       82.47       18.48     10
       761     16.05          0.00       62.59        0.00     10
       762     16.07          0.00       58.50        0.00     14
       763     16.09         15.13       79.12       15.13     10
       764     16.11          0.00       61.12        0.00     12
       765     16.13          0.00       58.50        0.00      8
       766     16.15          1.02       71.61        1.02     16
       767     16.17          0.00       62.59        0.00      8
       768     16.19          0.00       62.59        0.00     10
       769     16.21          1.02       71.61        1.02     16
       770     16.22          0.00       66.72        0.00     10
       771     16.24         27.43       89.30       27.43      8
       772     16.26          0.00       62.59        0.00      6
       773     16.28         19.05       83.04       19.05     12
       774     16.30          1.02       71.61        1.02     10
       775     16.32          0.00       58.90        0.00     14
       776     16.34          1.02       71.61        1.02     16
       777     16.39         14.13       84.72       14.13      6
       778     16.42          0.00       62.59        0.00     10
       779     16.44          0.00       66.72        0.00     10
       780     16.48          0.00       62.94        0.00     12
       781     16.50          0.00       62.59        0.00      8
       782     16.52         14.13       84.72       14.13      4
       783     16.54         10.13       58.67       10.13     16
       784     16.57         36.97       88.84       36.97      4
       785     16.59          0.00       65.25        0.00     14
       786     16.61         14.13       84.72       14.13      8
       787     16.63         14.41       78.40       14.41      8
       788     16.65          8.15       72.14        8.15     14
       789     16.67          0.00       59.65        0.00      8
       790     16.69          1.02       71.61        1.02     14
       791     16.71          0.00       66.72        0.00     14
       792     16.73          0.00       62.94        0.00     10
       793     16.75          0.00       64.06        0.00     14
       794     16.77         32.62       88.08       32.62      2
       795     16.78          0.00       58.90        0.00     12
       796     16.80          5.42       57.91        5.42     12
       797     16.84          2.37       65.26        2.37     12
       798     16.86         14.13       84.72       14.13      8
       799     16.88         14.13       84.72       14.13      8
       800     16.90         36.97       88.31       36.97      4
       801     16.92         25.06       95.65       25.06      2
       802     16.94          0.00       62.94        0.00     10
       803     16.96         17.72       88.31       17.72      8
       804     16.99         18.48       89.07       18.48     12
       805     17.01          1.02       71.61        1.02     12
       806     17.03         18.88       89.47       18.88     12
       807     17.05          1.02       71.61        1.02     14
       808     17.07         13.41       84.00       13.41      8
       809     17.09          8.15       72.14        8.15     14
       810     17.11          0.00       62.59        0.00      8
       811     17.14         10.13       64.06       10.13     14
       812     17.16         10.13       64.06       10.13     10
       813     17.20          0.00       62.59        0.00      8
       814     17.22          0.00       62.94        0.00     14
       815     17.25         14.13       84.72       14.13     16
       816     17.27          0.00       65.25        0.00     12
       817     17.29         10.13       64.06       10.13     10
       818     17.33         14.13       84.72       14.13      6
       819     17.35          5.42       57.91        5.42      8
       820     17.40         15.13       79.12       15.13      8
       821     17.42          0.00       58.90        0.00     16
       822     17.44         17.72       88.31       17.72      6
       823     17.47          1.02       71.61        1.02     14
       824     17.49          0.00       62.59        0.00      8
       825     17.51          0.00       62.94        0.00     10
       826     17.53         17.72       88.31       17.72      6
       827     17.56         18.25       88.84       18.25     12
       828     17.58         18.25       88.84       18.25      6
       829     17.60         18.05       88.64       18.05      8
       830     17.62          8.15       72.14        8.15     16
       831     17.64         17.49       88.08       17.49      8
       832     17.66          8.50       71.39        8.50     12
       833     17.68         14.16       84.75       14.16      4
       834     17.70          1.02       71.61        1.02     12
       835     17.72          0.00       62.94        0.00     10
       836     17.74          8.15       72.14        8.15     16
       837     17.76          0.00       62.59        0.00      6
       838     17.78          8.15       72.14        8.15     12
       839     17.80         33.01       86.36       33.01     10
       840     17.82          0.00       62.59        0.00     10
       841     17.84         10.13       62.94       10.13     14
       842     17.86          0.00       66.72        0.00     12
       843     17.88         29.66       83.01       29.66     10
       844     17.90          0.00       61.12        0.00      8
       845     17.91          0.00       61.12        0.00     12
       846     17.93          0.00       64.06        0.00     14
       847     17.95         10.13       64.06       10.13     12
       848     17.98          0.00       62.94        0.00     12
       849     18.00          0.00       66.72        0.00      8
       850     18.02         14.13       84.72       14.13     10
       851     18.04          0.00       62.59        0.00     12
       852     18.06          0.00       62.59        0.00     12
       853     18.08          0.00       58.67        0.00     14
       854     18.10          0.00       62.59        0.00      6
       855     18.12          1.02       71.61        1.02     10
       856     18.14         17.49       88.08       17.49      8
       857     18.16          1.02       71.61        1.02     14
       858     18.17          0.00       62.59        0.00     14
       859     18.19          0.00       62.59        0.00     14
       860     18.21         14.13       84.72       14.13      8
       861     18.23         22.80       93.39       22.80      8
       862     18.25         15.13       79.12       15.13      6
       863     18.27          0.00       65.25        0.00     12
       864     18.29          8.15       72.14        8.15     14
       865     18.31          0.00       58.50        0.00     12
       866     18.33          0.00       66.72        0.00     10
       867     18.35          1.02       71.61        1.02     10
       868     18.37         15.13       79.12       15.13     10
       869     18.39          0.00       62.59        0.00      8
       870     18.41         10.13       62.94       10.13     14
       871     18.43          0.00       62.59        0.00      8
       872     18.45          0.00       62.59        0.00     10
       873     18.47         17.49       88.08       17.49      8
       874     18.49          0.00       62.59        0.00     10
       875     18.50          0.00       65.25        0.00     14
       876     18.52         10.13       62.94       10.13     12
       877     18.55         17.72       88.31       17.72     10
       878     18.56          0.00       62.59        0.00     10
       879     18.58          1.02       71.61        1.02     10
       880     18.60         12.78       83.37       12.78      8
       881     18.62         10.13       62.59       10.13      8
       882     18.65          0.00       66.72        0.00      8
       883     18.67         14.13       84.72       14.13     10
       884     18.69          0.00       65.25        0.00     12
       885     18.71          0.00       64.06        0.00     14
       886     18.73          1.02       71.61        1.02     12
       887     18.75         10.13       64.06       10.13     10
       888     18.79         14.16       84.75       14.16      2
       889     18.81         14.13       84.72       14.13      4
       890     18.83          0.00       66.72        0.00     12
       891     18.85          1.02       71.61        1.02     12
       892     18.87          5.42       57.91        5.42      4
       893     18.91          1.02       71.61        1.02     10
       894     18.93          0.00       66.72        0.00     12
       895     18.94         14.13       84.72       14.13      8
       896     18.96          0.00       65.25        0.00     12
       897     18.98          1.02       71.61        1.02     14
       898     19.00          1.02       71.61        1.02     16
       899     19.03         17.72       88.31       17.72     10
       900     19.05          1.02       71.61        1.02     12
       901     19.07         25.06       95.65       25.06      8
       902     19.09          0.00       62.59        0.00      8
       903     19.10          1.02       71.61        1.02     10
       904     19.13         14.13       84.72       14.13      6
       905     19.15          0.00       62.94        0.00     12
       906     19.17          0.00       65.25        0.00     14
       907     19.19          0.00       62.59        0.00     10
       908     19.21         15.13       79.12       15.13     10
       909     19.23          0.00       65.25        0.00     12
       910     19.25         18.71       82.70       18.71      6
       911     19.26         14.16       84.75       14.16      4
       912     19.29         17.72       88.31       17.72     10
       913     19.31          1.02       71.61        1.02     12
       914     19.33          0.00       62.59        0.00      6
       915     19.35          8.50       71.39        8.50     18
       916     19.36          0.00       62.59        0.00     12
       917     19.38          0.00       66.72        0.00      8
       918     19.40          5.42       57.91        5.42     10
       919     19.44          1.02       71.61        1.02     18
       920     19.46         10.13       64.06       10.13     12
       921     19.49         14.13       84.72       14.13      6
       922     19.51          0.00       62.94        0.00     12
       923     19.53          0.00       58.90        0.00     10
       924     19.55         15.13       79.12       15.13     10
       925     19.57         22.80       93.39       22.80      4
       926     19.59         14.13       84.72       14.13     10
       927     19.61          0.00       61.12        0.00     12
       928     19.63          0.00       58.90        0.00     14
       929     19.65          8.15       72.14        8.15     14
       930     19.67         14.13       84.72       14.13      6
       931     19.69          0.00       62.94        0.00     10
       932     19.70          0.00       62.59        0.00      8
       933     19.72         29.66       83.01       29.66      8
       934     19.74         18.05       88.64       18.05     12
       935     19.76         12.78       83.37       12.78      4
       936     19.78         17.49       88.08       17.49      8
       937     19.80         14.13       84.72       14.13      6
       938     19.82         19.63       90.22       19.63     10
       939     19.84          0.00       64.06        0.00     12
       940     19.86          1.02       71.61        1.02     10
       941     19.88          0.00       62.59        0.00     10
       942     19.89          0.00       66.72        0.00     12
       943     19.91         14.13       84.72       14.13      6
       944     19.93          0.00       66.72        0.00     12
       945     19.95          0.00       62.59        0.00      8
       946     19.97         25.06       95.65       25.06     10
       947     19.99          1.02       71.61        1.02     12
       948     20.00          0.00       59.65        0.00     10
       949     20.02         13.01       83.60       13.01     14
       950     20.04         32.62       88.08       32.62      4
       951     20.06          0.00       62.59        0.00     10
       952     20.08         26.06       90.05       26.06     10
       953     20.10          0.00       58.50        0.00      8
       954     20.12          0.00       65.25        0.00     12
       955     20.14          0.00       66.72        0.00     12
       956     20.16          0.00       58.90        0.00      8
       957     20.19          5.42       58.46        5.42     14
       958     20.23          0.00       62.59        0.00     12
       959     20.25          0.00       62.59        0.00      8
       960     20.27         10.13       64.06       10.13     12
       961     20.30         14.16       84.75       14.16      2
       962     20.32         14.13       84.72       14.13     10
       963     20.34          0.00       66.72        0.00     14
       964     20.36         10.13       64.06       10.13      8
       965     20.39         14.13       84.72       14.13      8
       966     20.40         18.25       88.84       18.25     10
       967     20.42          0.00       66.72        0.00     12
       968     20.44          0.00       62.59        0.00     10
       969     20.46         17.49       88.08       17.49      4
       970     20.48         17.49       88.08       17.49     12
       971     20.50          0.00       62.94        0.00     10
       972     20.52         10.13       64.06       10.13     18
       973     20.54          0.00       62.59        0.00     10
       974     20.56          0.00       58.90        0.00      8
       975     20.58         17.49       88.08       17.49      8
       976     20.60          0.00       58.67        0.00      8
       977     20.62         10.13       64.06       10.13     10
       978     20.65          0.00       62.59        0.00     16
       979     20.67         17.49       88.08       17.49      8
       980     20.68         10.13       64.06       10.13     14
       981     20.73          0.00       66.72        0.00     14
       982     20.75         10.13       64.06       10.13     12
       983     20.79          8.15       72.14        8.15     12
       984     20.80         22.40       92.99       22.40      6
       985     20.83          1.02       71.61        1.02     16
       986     20.85          1.02       71.61        1.02     14
       987     20.87          1.02       71.61        1.02     12
       988     20.89         18.05       88.64       18.05      8
       989     20.91          0.00       62.94        0.00     10
       990     20.93         18.05       88.64       18.05      8
       991     20.95         14.13       84.72       14.13      6
       992     20.96          1.02       71.61        1.02     14
       993     20.98          0.00       62.59        0.00     12
       994     21.00          0.00       64.06        0.00     12
       995     21.02         23.55       94.14       23.55      6
       996     21.04          0.00       66.72        0.00     12
       997     21.06          1.02       71.61        1.02     12
       998     21.08          1.02       71.61        1.02     10
       999     21.09          0.00       62.59        0.00      8
      1000     21.11          0.00       62.94        0.00     10
      1001     21.13          0.00       66.72        0.00     12
      1002     21.15          1.02       71.61        1.02     14
      1003     21.17         18.05       88.64       18.05     10
      1004     21.19         18.05       88.64       18.05      8
      1005     21.21          2.37       65.26        2.37     14
      1006     21.23         17.49       88.08       17.49     12
      1007     21.25          3.20       64.06        3.20     14
      1008     21.27          0.00       66.72        0.00     12
      1009     21.29          0.00       62.94        0.00     10
      1010     21.31          0.00       62.94        0.00     12
      1011     21.32         18.88       89.47       18.88     10
      1012     21.35          0.00       64.06        0.00     12
      1013     21.37          1.02       71.61        1.02     12
      1014     21.39         17.49       88.08       17.49     10
      1015     21.40         17.49       88.08       17.49      8
      1016     21.42         18.48       89.07       18.48      6
      1017     21.44         14.13       84.72       14.13      6
      1018     21.46          1.02       71.61        1.02     12
      1019     21.48         18.71       82.70       18.71      6
      1020     21.50          0.00       62.59        0.00      8
      1021     21.52          0.00       66.72        0.00     12
      1022     21.54         10.13       58.67       10.13     18
      1023     21.56          8.15       72.14        8.15     14
      1024     21.58          1.02       71.61        1.02     10
      1025     21.60         14.16       84.75       14.16      8
      1026     21.62         14.13       84.72       14.13     10
      1027     21.64          1.02       71.61        1.02     12
      1028     21.66          5.42       57.91        5.42     14
      1029     21.69          0.00       66.72        0.00      8
      1030     21.71         14.16       84.75       14.16      6
      1031     21.73          0.00       62.94        0.00     10
      1032     21.74         14.13       84.72       14.13      8
      1033     21.77          1.02       71.61        1.02     14
      1034     21.79         10.13       64.06       10.13     16
      1035     21.81          8.15       72.14        8.15     16
      1036     21.83         15.48       78.37       15.48     10
      1037     21.85         10.13       64.06       10.13     14
      1038     21.89         13.01       83.60       13.01      6
      1039     21.90         14.13       84.72       14.13     10
      1040     21.92         12.78       83.37       12.78     10
      1041     21.94          0.00       66.72        0.00     14
      1042     21.96          0.00       62.94        0.00     12
      1043     21.98          0.00       66.72        0.00     12
      1044     22.00          0.00       62.59        0.00      8
      1045     22.01          0.00       62.94        0.00     10
      1046     22.03         18.05       88.64       18.05     10
      1047     22.05         18.48       82.47       18.48     10
      1048     22.07          8.15       72.14        8.15     12
      1049     22.09         14.13       84.72       14.13      6
      1050     22.10         25.06       95.65       25.06      8
      1051     22.12         14.13       84.72       14.13      4
      1052     22.15         37.53       87.39       37.53      4
      1053     22.17          0.00       62.59        0.00      8
      1054     22.18         14.13       84.72       14.13      8
      1055     22.20         15.13       79.12       15.13     10
      1056     22.22         10.13       64.06       10.13     12
      1057     22.25          1.02       71.61        1.02     16
      1058     22.27          0.00       66.72        0.00     10
      1059     22.30         17.49       88.08       17.49     10
      1060     22.32         10.13       64.06       10.13     10
      1061     22.34          0.00       62.59        0.00      6
      1062     22.36          0.00       62.94        0.00     10
      1063     22.38          0.00       62.59        0.00     12
      1064     22.40         19.05       83.04       19.05     10
      1065     22.42         18.48       82.47       18.48      6
      1066     22.44          1.02       71.61        1.02     12
      1067     22.46          0.00       62.59        0.00      8
      1068     22.48          0.00       65.25        0.00     10
      1069     22.49         22.75       93.34       22.75      8
      1070     22.51          0.00       64.06        0.00     12
      1071     22.53          0.00       62.59        0.00     10
      1072     22.55         18.48       82.47       18.48      6
      1073     22.57          0.00       65.25        0.00     12
      1074     22.59          0.00       62.59        0.00     10
      1075     22.60         15.48       78.37       15.48     10
      1076     22.62         14.16       84.75       14.16     10
      1077     22.64         10.13       64.06       10.13     10
      1078     22.67         14.13       84.72       14.13      8
      1079     22.69          0.00       58.50        0.00     12
      1080     22.72         18.88       89.47       18.88     10
      1081     22.74          0.00       62.59        0.00      8
      1082     22.76         17.72       88.31       17.72      8
      1083     22.78         25.46       96.05       25.46      8
      1084     22.79         12.78       83.37       12.78      6
      1085     22.81         10.13       64.06       10.13     10
      1086     22.84         10.13       64.06       10.13     14
      1087     22.86          0.00       58.90        0.00     10
      1088     22.88          8.15       72.14        8.15     16
      1089     22.90         14.13       84.72       14.13     10
      1090     22.92          0.00       66.72        0.00     10
      1091     22.94         14.13       84.72       14.13     10
      1092     22.95         25.46       96.05       25.46     10
      1093     22.97          1.02       71.61        1.02     12
      1094     22.99          0.00       61.12        0.00     12
      1095     23.01         17.72       88.31       17.72      2
      1096     23.03          8.50       71.39        8.50     12
      1097     23.05          0.00       58.50        0.00      6
      1098     23.06         12.78       83.37       12.78      8
      1099     23.08          1.02       71.61        1.02     12
      1100     23.10         18.05       88.64       18.05     12
      1101     23.17          0.00       64.06        0.00     12
      1102     23.19         17.72       88.31       17.72      8
      1103     23.21          1.02       71.61        1.02     12
      1104     23.32          0.00       58.90        0.00     14
      1105     23.35          0.00       62.59        0.00      8
      1106     23.37         15.13       79.12       15.13     12
      1107     23.39         14.13       84.72       14.13      6
      1108     23.41          0.00       62.94        0.00     10
      1109     23.43          0.00       62.59        0.00      8
      1110     23.45          1.02       71.61        1.02     12
      1111     23.47          8.15       72.14        8.15     16
      1112     23.49         15.13       79.12       15.13      8
      1113     23.51          1.02       71.61        1.02     12
      1114     23.53          0.00       62.94        0.00     10
      1115     23.55          0.00       62.94        0.00     10
      1116     23.58          0.00       62.94        0.00     10
      1117     23.59          0.00       65.25        0.00     10
      1118     23.61         37.30       88.64       37.30      2
      1119     23.63         14.13       84.72       14.13      6
      1120     23.65          0.00       61.12        0.00     12
      1121     23.67          1.02       71.61        1.02     12
      1122     23.69         23.63       78.37       23.63     10
      1123     23.70         22.40       92.99       22.40      8
      1124     23.72          0.00       64.06        0.00     12
      1125     23.74          0.00       66.72        0.00     10
      1126     23.76          0.00       58.67        0.00     10
      1127     23.78          0.00       58.90        0.00     14
      1128     23.80          0.00       62.59        0.00     12
      1129     23.82         10.13       64.06       10.13     12
      1130     23.85         10.13       64.06       10.13     10
      1131     23.87          1.02       71.61        1.02     12
      1132     23.89          0.00       58.90        0.00     10
      1133     23.91          1.02       71.61        1.02     14
      1134     23.93          0.00       62.59        0.00      6
      1135     23.95          1.02       71.61        1.02     12
      1136     23.96          0.00       65.25        0.00     12
      1137     23.98         18.88       89.47       18.88      4
      1138     24.00          0.00       64.06        0.00     12
      1139     24.02          1.02       71.61        1.02     12
      1140     24.04          0.00       65.25        0.00     12
      1141     24.06         18.05       88.64       18.05      6
      1142     24.08          1.02       71.61        1.02     14
      1143     24.10         14.13       84.72       14.13      8
      1144     24.12         14.13       84.72       14.13      6
      1145     24.14         14.13       84.72       14.13     10
      1146     24.16          0.00       64.06        0.00      8
      1147     24.18          0.00       58.90        0.00     12
      1148     24.20          1.02       71.61        1.02     12
      1149     24.22         14.13       84.72       14.13      8
      1150     24.23          0.00       62.59        0.00      8
      1151     24.25         17.49       88.08       17.49      8
      1152     24.27          0.00       66.72        0.00     12
      1153     24.29         17.49       88.08       17.49      8
      1154     24.31         18.05       88.64       18.05      8
      1155     24.33          1.02       71.61        1.02     10
      1156     24.35          0.00       65.25        0.00     12
      1157     24.36          0.00       62.59        0.00      8
      1158     24.39          1.02       71.61        1.02     12
      1159     24.41         22.80       93.39       22.80      8
      1160     24.43         19.11       83.11       19.11      6
      1161     24.45         14.13       84.72       14.13     12
      1162     24.47          0.00       62.59        0.00      8
      1163     24.48          0.00       66.72        0.00     14
      1164     24.50          5.42       61.12        5.42     12
      1165     24.55          2.37       65.26        2.37     12
      1166     24.57          0.00       65.25        0.00      8
      1167     24.58          0.00       58.50        0.00      8
      1168     24.61          0.00       65.25        0.00     10
      1169     24.63          1.02       71.61        1.02     12
      1170     24.64          0.00       62.59        0.00     10
      1171     24.66          2.37       65.26        2.37     10
      1172     24.68         18.71       82.70       18.71     12
      1173     24.70          0.00       62.59        0.00     14
      1174     24.72          1.02       71.61        1.02     16
      1175     24.74          1.02       71.61        1.02     12
      1176     24.76          1.02       71.61        1.02     10
      1177     24.77          1.02       71.61        1.02     14
      1178     24.79         14.13       84.72       14.13      8
      1179     24.81         10.13       64.06       10.13      8
      1180     24.84         10.13       64.06       10.13     10
      1181     24.87         14.13       84.72       14.13      6
      1182     24.89          0.00       62.59        0.00      8
      1183     24.91          8.15       72.14        8.15     12
      1184     24.93          0.00       59.65        0.00     10
      1185     24.95         18.05       88.64       18.05     10
      1186     24.96         10.13       62.94       10.13     14
      1187     24.98         17.49       88.08       17.49     10
      1188     25.00          0.00       66.72        0.00     14
      1189     25.02          0.00       66.72        0.00     14
      1190     25.04          0.00       62.94        0.00     12
      1191     25.06          0.00       65.25        0.00     10
      1192     25.08         14.13       84.72       14.13     10
      1193     25.09         14.13       84.72       14.13      6
      1194     25.12          0.00       62.59        0.00      8
      1195     25.14          0.00       62.59        0.00     18
      1196     25.16          0.00       62.94        0.00     10
      1197     25.18         10.13       64.06       10.13     18
      1198     25.20          0.00       64.06        0.00     16
      1199     25.21          0.00       58.90        0.00     12
      1200     25.23         40.89       92.99       40.89      4
      1201     25.25          0.00       58.50        0.00     10
      1202     25.27          0.00       66.72        0.00     12
      1203     25.29         10.13       62.94       10.13     10
      1204     25.31         17.49       88.08       17.49      8
      1205     25.33          0.00       62.59        0.00      6
      1206     25.35         10.13       64.06       10.13     12
      1207     25.38         25.02       95.61       25.02      8
      1208     25.39          0.00       62.59        0.00     12
      1209     25.41          0.00       62.94        0.00     10
      1210     25.43          1.02       71.61        1.02     16
      1211     25.45         18.12       88.70       18.12      4
      1212     25.48          0.00       62.59        0.00      8
      1213     25.49         19.05       83.04       19.05     12
      1214     25.51         12.78       83.37       12.78      2
      1215     25.53         14.13       84.72       14.13      8
      1216     25.55          0.00       62.59        0.00      8
      1217     25.57          0.00       58.90        0.00     10
      1218     25.58          1.02       71.61        1.02     12
      1219     25.60          0.00       62.59        0.00     12
      1220     25.62         19.05       83.04       19.05     10
      1221     25.64          0.00       62.59        0.00      8
      1222     25.66          0.00       62.59        0.00      6
      1223     25.68         10.13       64.06       10.13     10
      1224     25.70          0.00       66.72        0.00     12
      1225     25.72          1.02       71.61        1.02     16
      1226     25.74          0.00       62.94        0.00      8
      1227     25.76         18.05       88.64       18.05     10
      1228     25.78          1.02       71.61        1.02     16
      1229     25.79          0.00       58.90        0.00      8
      1230     25.81          0.00       64.06        0.00     10
      1231     25.83         14.13       84.72       14.13     10
      1232     25.85         10.13       64.06       10.13     12
      1233     25.88          0.00       65.25        0.00     12
      1234     25.90          0.00       66.72        0.00     12
      1235     25.92          0.00       66.72        0.00     12
      1236     25.94          1.02       71.61        1.02     12
      1237     25.96          1.02       71.61        1.02     10
      1238     25.98         10.13       64.06       10.13     10
      1239     26.01          0.00       66.72        0.00     14
      1240     26.03          0.00       58.67        0.00      8
      1241     26.05          0.00       62.59        0.00      8
      1242     26.07          1.02       71.61        1.02     14
      1243     26.08         14.13       84.72       14.13      8
      1244     26.10         14.13       84.72       14.13     10
      1245     26.12          0.00       58.67        0.00      8
      1246     26.14         14.13       84.72       14.13      8
      1247     26.16         10.13       64.06       10.13     12
      1248     26.20         14.13       84.72       14.13      6
      1249     26.22         14.13       84.72       14.13      6
      1250     26.24         14.13       84.72       14.13     10
      1251     26.26          0.00       62.94        0.00     10
      1252     26.28          8.15       72.14        8.15     14
      1253     26.29          0.00       65.25        0.00     12
      1254     26.32         10.13       64.06       10.13     14
      1255     26.34         10.13       64.06       10.13     10
      1256     26.37          0.00       62.94        0.00     10
      1257     26.39          1.02       71.61        1.02     12
      1258     26.41          0.00       58.67        0.00      8
      1259     26.43          0.00       64.06        0.00     10
      1260     26.45          1.02       71.61        1.02     10
      1261     26.46          1.02       71.61        1.02     14
      1262     26.49         22.40       92.99       22.40      8
      1263     26.51          0.00       62.94        0.00     12
      1264     26.52         14.13       84.72       14.13      8
      1265     26.54          0.00       66.72        0.00     16
      1266     26.56         18.05       88.64       18.05      8
      1267     26.58          0.00       62.59        0.00     10
      1268     26.60          1.02       71.61        1.02     14
      1269     26.61          8.15       72.14        8.15     18
      1270     26.63          5.42       57.91        5.42     12
      1271     26.66         32.62       84.72       32.62      4
      1272     26.68         18.71       82.70       18.71      8
      1273     26.70          0.00       62.94        0.00     12
      1274     26.72         17.49       88.08       17.49     10
      1275     26.73          0.00       62.59        0.00     10
      1276     26.75         25.46       96.05       25.46      6
      1277     26.77          0.00       66.72        0.00     12
      1278     26.79          0.00       66.72        0.00     12
      1279     26.81         14.13       84.72       14.13     10
      1280     26.83          0.00       58.90        0.00     14
      1281     26.85          0.00       62.59        0.00     10
      1282     26.87          1.02       71.61        1.02     12
      1283     26.89         18.05       88.64       18.05     12
      1284     26.91         10.13       64.06       10.13      8
      1285     26.93          0.00       66.72        0.00     12
      1286     26.94         14.13       84.72       14.13      8
      1287     26.96          0.00       66.72        0.00     10
      1288     26.98          1.02       71.61        1.02     16
      1289     27.00         32.09       87.16       32.09     10
      1290     27.02          0.00       62.59        0.00      6
      1291     27.03          1.02       71.61        1.02     12
      1292     27.05         14.01       78.00       14.01     10
      1293     27.07         26.41       89.30       26.41     12
      1294     27.09          0.00       58.90        0.00     16
      1295     27.11         37.88       92.99       37.88      4
      1296     27.13          0.00       66.72        0.00     10
      1297     27.15         18.05       88.64       18.05      6
      1298     27.17          0.00       62.94        0.00     10
      1299     27.19         10.13       64.06       10.13      8
      1300     27.22         18.87       89.45       18.87      8
      1301     27.24         22.80       93.39       22.80     10
      1302     27.26          0.00       66.72        0.00      8
      1303     27.28         17.49       88.08       17.49      8
      1304     27.29          1.02       71.61        1.02     12
      1305     27.31         18.12       88.70       18.12     10
      1306     27.33         17.49       88.08       17.49      8
      1307     27.35         12.78       83.37       12.78      8
      1308     27.37          0.00       62.59        0.00     10
      1309     27.39         14.16       84.75       14.16      8
      1310     27.41         17.72       88.31       17.72     10
      1311     27.43          8.15       72.14        8.15     14
      1312     27.45         17.49       88.08       17.49      8
      1313     27.47          0.00       58.90        0.00      8
      1314     27.48          1.02       71.61        1.02     12
      1315     27.50          5.42       57.91        5.42     12
      1316     27.54          0.00       58.50        0.00     12
      1317     27.56          0.00       66.72        0.00     12
      1318     27.57         18.88       89.47       18.88      8
      1319     27.59          0.00       61.12        0.00     10
      1320     27.61          0.00       65.25        0.00     12
      1321     27.63          0.00       62.59        0.00     16
      1322     27.65         23.80       87.79       23.80     10
      1323     27.67          8.15       72.14        8.15     16
      1324     27.69          1.02       71.61        1.02     14
      1325     27.71          0.00       65.25        0.00     12
      1326     27.73         18.88       89.47       18.88      8
      1327     27.75          0.00       62.59        0.00      8
      1328     27.77          0.00       62.94        0.00     12
      1329     27.79          0.00       62.59        0.00      8
      1330     27.81         14.13       84.72       14.13      8
      1331     27.82          0.00       64.06        0.00     12
      1332     27.84          2.37       65.26        2.37     14
      1333     27.86          0.00       65.25        0.00     12
      1334     27.88          0.00       58.67        0.00      8
      1335     27.90         17.49       88.08       17.49      8
      1336     27.92          0.00       62.59        0.00      6
      1337     27.94         15.13       79.12       15.13     10
      1338     27.95          0.00       62.59        0.00      8
      1339     27.97          8.15       72.14        8.15     14
      1340     27.99         17.49       88.08       17.49      8
      1341     28.01         14.13       84.72       14.13      8
      1342     28.03         18.05       88.64       18.05     12
      1343     28.04         17.72       88.31       17.72      8
      1344     28.06          0.00       65.25        0.00     10
      1345     28.08          0.00       62.94        0.00      8
      1346     28.10         18.05       88.64       18.05     10
      1347     28.12          0.00       58.50        0.00     12
      1348     28.14          0.00       62.59        0.00      8
      1349     28.16         23.80       87.79       23.80     10
      1350     28.18          1.02       71.61        1.02     12
      1351     28.20          1.02       71.61        1.02     12
      1352     28.22          5.42       58.46        5.42     12
      1353     28.26          0.00       66.72        0.00     14
      1354     28.28         14.13       84.72       14.13      8
      1355     28.30          0.00       66.72        0.00     12
      1356     28.32          0.00       58.50        0.00      6
      1357     28.33          1.02       71.61        1.02     16
      1358     28.35          0.00       66.72        0.00     12
      1359     28.37          0.00       58.67        0.00      8
      1360     28.39         18.05       88.64       18.05     10
      1361     28.41          8.15       72.14        8.15     12
      1362     28.43          8.15       72.14        8.15     14
      1363     28.45         17.49       88.08       17.49      8
      1364     28.47         14.13       84.72       14.13      4
      1365     28.49          0.00       62.59        0.00      8
      1366     28.51          0.00       58.90        0.00     16
      1367     28.53          5.42       57.91        5.42      8
      1368     28.56          0.00       65.25        0.00     10
      1369     28.58          1.02       71.61        1.02     14
      1370     28.60          0.00       62.59        0.00      6
      1371     28.62          0.00       58.50        0.00     10
      1372     28.64          5.42       57.91        5.42      8
      1373     28.67          0.00       65.25        0.00     12
      1374     28.69         13.41       84.00       13.41     10
      1375     28.71          0.00       66.72        0.00     10
      1376     28.73         14.13       84.72       14.13      8
      1377     28.75         14.13       84.72       14.13      8
      1378     28.76          0.00       61.12        0.00      8
      1379     28.78         18.05       88.64       18.05     10
      1380     28.80         13.41       84.00       13.41      2
      1381     28.82         10.13       64.06       10.13     12
      1382     28.86         14.16       84.75       14.16      6
      1383     28.87         17.72       88.31       17.72      8
      1384     28.89          0.00       62.59        0.00     10
      1385     28.91         17.72       88.31       17.72      6
      1386     28.93          1.02       71.61        1.02     12
      1387     28.95          0.00       62.59        0.00     10
      1388     28.96         14.16       84.75       14.16      2
      1389     28.98          0.00       62.94        0.00     10
      1390     29.00          0.00       61.12        0.00     12
      1391     29.02         14.13       84.72       14.13      6
      1392     29.04          1.02       71.61        1.02     16
      1393     29.06         22.80       93.39       22.80     12
      1394     29.08          1.02       71.61        1.02     12
      1395     29.10          0.00       64.06        0.00     12
      1396     29.12          0.00       62.59        0.00      6
      1397     29.14         14.13       84.72       14.13      8
      1398     29.16         17.49       88.08       17.49      4
      1399     29.18         17.49       88.08       17.49     10
      1400     29.19         39.03       87.79       39.03      4
      1401     29.21          0.00       65.25        0.00     12
      1402     29.23         10.13       64.06       10.13     10
      1403     29.26         24.14       88.14       24.14      8
      1404     29.28          5.42       57.91        5.42     10
      1405     29.32          0.00       66.72        0.00     12
      1406     29.34         20.98       83.87       20.98     10
      1407     29.36          0.00       65.25        0.00     12
      1408     29.38          1.02       71.61        1.02     14
      1409     29.39          0.00       58.50        0.00      8
      1410     29.41          0.00       59.65        0.00     12
      1411     29.43          2.37       65.26        2.37     10
      1412     29.45         10.13       64.06       10.13      8
      1413     29.48          0.00       58.50        0.00      6
      1414     29.50          1.02       71.61        1.02     16
      1415     29.52          0.00       58.90        0.00     16
      1416     29.54          0.00       62.94        0.00     10
      1417     29.56         10.13       64.06       10.13     12
      1418     29.59         17.72       88.31       17.72      8
      1419     29.61          0.00       65.25        0.00     12
      1420     29.63         17.72       88.31       17.72      8
      1421     29.65          0.00       64.06        0.00     12
      1422     29.67         10.13       64.06       10.13     10
      1423     29.70          0.00       62.59        0.00     14
      1424     29.72          0.00       65.25        0.00     12
      1425     29.74         13.41       84.00       13.41     10
      1426     29.76         14.16       84.75       14.16      6
      1427     29.78          0.00       65.25        0.00     12
      1428     29.80          0.00       65.25        0.00     12
      1429     29.82          1.02       71.61        1.02     12
      1430     29.83          8.15       72.14        8.15     12
      1431     29.86          1.02       71.61        1.02     10
      1432     29.87         15.13       79.12       15.13     10
      1433     29.89          0.00       66.72        0.00     12
      1434     29.91          0.00       62.59        0.00      6
      1435     29.93          0.00       62.94        0.00     10
      1436     29.95         14.13       84.72       14.13      8
      1437     29.97          0.00       58.50        0.00      8
      1438     29.99         10.13       66.72       10.13     10
      1439     30.01         17.49       88.08       17.49      8
      1440     30.03          0.00       65.25        0.00     10
      1441     30.06         13.41       84.00       13.41      6
      1442     30.08          1.02       71.61        1.02     12
      1443     30.10          8.15       72.14        8.15     14
      1444     30.12          0.00       65.25        0.00      8
      1445     30.14          0.00       62.59        0.00      8
      1446     30.16          0.00       62.59        0.00     10
      1447     30.18          0.00       62.59        0.00     12
      1448     30.20          8.15       72.14        8.15     16
      1449     30.21          1.02       71.61        1.02     16
      1450     30.23         10.13       58.67       10.13     14
      1451     30.27         22.40       92.99       22.40      6
      1452     30.29          5.42       57.91        5.42      8
      1453     30.33          1.02       71.61        1.02     16
      1454     30.34          0.00       65.25        0.00     14
      1455     30.36         15.13       79.12       15.13      6
      1456     30.38         18.05       88.64       18.05      8
      1457     30.40          0.00       66.72        0.00     14
      1458     30.42          1.02       71.61        1.02     12
      1459     30.44         18.25       88.84       18.25      4
      1460     30.46          1.02       71.61        1.02     12
      1461     30.48         14.13       84.72       14.13      8
      1462     30.50          0.00       59.65        0.00     10
      1463     30.51          0.00       58.90        0.00     16
      1464     30.53          0.00       65.25        0.00     10
      1465     30.55          0.00       58.90        0.00     10
      1466     30.57          0.00       58.67        0.00      6
      1467     30.59          0.00       62.59        0.00     10
      1468     30.61          0.00       66.72        0.00     14
      1469     30.63         15.13       79.12       15.13     10
      1470     30.65         22.40       92.99       22.40     10
      1471     30.67         10.13       64.06       10.13     12
      1472     30.70         14.13       84.72       14.13      8
      1473     30.72         17.49       88.08       17.49     10
      1474     30.74          0.00       58.50        0.00      6
      1475     30.76         15.13       79.12       15.13     12
      1476     30.78          0.00       59.65        0.00     10
      1477     30.80          0.00       61.12        0.00     12
      1478     30.82         14.13       84.72       14.13      6
      1479     30.84          0.00       64.06        0.00     10
      1480     30.86         14.13       84.72       14.13      6
      1481     30.88         18.12       88.70       18.12      6
      1482     30.90          0.00       58.67        0.00      6
      1483     30.92         19.05       83.04       19.05     12
      1484     30.94          0.00       66.72        0.00     12
      1485     30.96         14.13       84.72       14.13      6
      1486     30.98          0.00       64.06        0.00     16
      1487     30.99          1.02       71.61        1.02     12
      1488     31.01         18.48       89.07       18.48      6
      1489     31.03         14.13       84.72       14.13      6
      1490     31.05         14.13       84.72       14.13     10
      1491     31.07          0.00       66.72        0.00     12
      1492     31.09         17.49       88.08       17.49     10
      1493     31.11          1.02       71.61        1.02     14
      1494     31.13         14.13       84.72       14.13     10
      1495     31.15          1.02       71.61        1.02     12
      1496     31.17          0.00       62.59        0.00     10
      1497     31.19          1.02       71.61        1.02     16
      1498     31.21          9.56       64.63        9.56     12
      1499     31.23         10.13       64.06       10.13     12
      1500     31.26         15.13       79.12       15.13     10
      1501     31.28          1.02       71.61        1.02     16
      1502     31.30          2.37       65.26        2.37      8
      1503     31.32          5.42       57.91        5.42     10
      1504     31.35         17.49       88.08       17.49      8
      1505     31.37         13.01       83.60       13.01      8
      1506     31.39          0.00       62.94        0.00     10
      1507     31.41          0.00       66.72        0.00     12
      1508     31.42          0.00       66.72        0.00     12
      1509     31.45          0.00       58.50        0.00      8
      1510     31.47          1.02       71.61        1.02     14
      1511     31.49         17.49       88.08       17.49      6
      1512     31.50         10.13       64.06       10.13     10
      1513     31.53         12.78       83.37       12.78     14
      1514     31.55         25.46       96.05       25.46      8
      1515     31.57          0.00       58.50        0.00     10
      1516     31.59         15.13       79.12       15.13      6
      1517     31.61          0.00       62.94        0.00      8
      1518     31.63          1.02       71.61        1.02     12
      1519     31.64          1.02       71.61        1.02     16
      1520     31.66         14.13       84.72       14.13      8
      1521     31.68          8.15       72.14        8.15     12
      1522     31.70         10.13       64.06       10.13     12
      1523     31.74         22.40       92.99       22.40      6
      1524     31.76          0.00       62.94        0.00      8
      1525     31.77         19.25       83.24       19.25     10
      1526     31.79         10.13       64.06       10.13      8
      1527     31.82          0.00       58.67        0.00     12
      1528     31.84          0.00       65.25        0.00     12
      1529     31.86          0.00       62.59        0.00      8
      1530     31.88          0.00       58.90        0.00      6
      1531     31.90          0.00       66.72        0.00     14
      1532     31.92          1.02       71.61        1.02     16
      1533     31.94         10.13       64.06       10.13     10
      1534     31.97          0.00       62.59        0.00      6
      1535     31.99         17.49       88.08       17.49      8
      1536     32.01         19.60       82.49       19.60     10
      1537     32.02         18.05       88.64       18.05      6
      1538     32.04          0.00       62.59        0.00     12
      1539     32.06          0.00       66.72        0.00     12
      1540     32.08          0.00       58.90        0.00      6
      1541     32.10          0.00       62.59        0.00     12
      1542     32.12          0.00       66.72        0.00      8
      1543     32.14         10.13       64.06       10.13     12
      1544     32.17          1.02       71.61        1.02     10
      1545     32.18          0.00       62.59        0.00     12
      1546     32.20         10.13       64.06       10.13     14
      1547     32.23         14.13       84.72       14.13      8
      1548     32.25         17.72       88.31       17.72      8
      1549     32.27         14.13       84.72       14.13     10
      1550     32.29          1.02       71.61        1.02     12
      1551     32.30         12.78       83.37       12.78     12
      1552     32.32          0.00       58.50        0.00     12
      1553     32.34          0.00       58.90        0.00     10
      1554     32.36          1.02       71.61        1.02     16
      1555     32.38          1.02       71.61        1.02     14
      1556     32.40          0.00       66.72        0.00     14
      1557     32.42          0.00       62.59        0.00      8
      1558     32.44          0.00       66.72        0.00     14
      1559     32.45         10.13       64.06       10.13     10
      1560     32.49          0.00       62.59        0.00      8
      1561     32.51          8.15       72.14        8.15     14
      1562     32.53          1.02       71.61        1.02     12
      1563     32.55         22.80       93.39       22.80      6
      1564     32.57          0.00       62.59        0.00      8
      1565     32.59          0.00       62.94        0.00      8
      1566     32.61          0.00       58.90        0.00      8
      1567     32.63          0.00       59.65        0.00     10
      1568     32.65         14.13       84.72       14.13      8
      1569     32.66         17.49       88.08       17.49      8
      1570     32.68         14.16       84.75       14.16      2
      1571     32.70          1.02       71.61        1.02     10
      1572     32.72          0.00       65.25        0.00     12
      1573     32.74         25.06       95.65       25.06      8
      1574     32.76         14.13       84.72       14.13      8
      1575     32.78         23.55       94.14       23.55      8
      1576     32.80          1.02       71.61        1.02     16
      1577     32.82          1.02       71.61        1.02     12
      1578     32.84          0.00       58.50        0.00      8
      1579     32.86         14.13       84.72       14.13      8
      1580     32.88          0.00       58.50        0.00      8
      1581     32.90         17.72       88.31       17.72      8
      1582     32.91         22.80       93.39       22.80      8
      1583     32.93         32.97       84.72       32.97      4
      1584     32.95          0.00       58.90        0.00     12
      1585     32.97          0.00       62.94        0.00     16
      1586     32.99          8.15       72.14        8.15     14
      1587     33.01          0.00       58.90        0.00     12
      1588     33.03          0.00       65.25        0.00     12
      1589     33.04          0.00       66.72        0.00     12
      1590     33.06         10.13       62.94       10.13     14
      1591     33.08          0.00       64.06        0.00     14
      1592     33.10         14.13       84.72       14.13      6
      1593     33.12          1.02       71.61        1.02     16
      1594     33.14          1.02       71.61        1.02     14
      1595     33.16          0.00       62.59        0.00      8
      1596     33.18          0.00       66.72        0.00     12
      1597     33.20         14.13       84.72       14.13      8
      1598     33.22         10.13       64.06       10.13     12
      1599     33.25         14.13       84.72       14.13      6
      1600     33.27          1.02       71.61        1.02     16
      1601     33.29         18.88       89.47       18.88      4
      1602     33.31          1.02       71.61        1.02     14
      1603     33.33          0.00       58.67        0.00     10
      1604     33.35         14.13       84.72       14.13      8
      1605     33.37          8.15       72.14        8.15     16
      1606     33.39          0.00       62.59        0.00     10
      1607     33.41          0.00       62.59        0.00      8
      1608     33.43         10.13       64.06       10.13     10
      1609     33.46         10.13       64.06       10.13      8
      1610     33.48         14.13       84.72       14.13      6
      1611     33.50          0.00       65.25        0.00     14
      1612     33.51          0.00       59.65        0.00     10
      1613     33.53         26.23       90.22       26.23      8
      1614     33.55          0.00       62.59        0.00      8
      1615     33.57         19.05       83.04       19.05     10
      1616     33.59          8.15       72.14        8.15     16
      1617     33.61          0.00       58.90        0.00     12
      1618     33.63         17.72       88.31       17.72      8
      1619     33.65          0.00       58.90        0.00     14
      1620     33.67          0.00       65.25        0.00     18
      1621     33.68          0.00       62.59        0.00     12
      1622     33.70          1.02       71.61        1.02     14
      1623     33.72          0.00       64.06        0.00     12
      1624     33.74          1.02       71.61        1.02     12
      1625     33.76          0.00       64.06        0.00      8
      1626     33.78          0.00       62.59        0.00      8
      1627     33.80          8.15       72.14        8.15     12
      1628     33.81          0.00       62.59        0.00     12
      1629     33.84          0.00       62.94        0.00     10
      1630     33.85          8.50       71.39        8.50     14
      1631     33.88          0.00       62.59        0.00      6
      1632     33.89          0.00       59.65        0.00     10
      1633     33.91          0.00       62.59        0.00      8
      1634     33.93          0.00       62.94        0.00     10
      1635     33.95          1.02       71.61        1.02     12
      1636     33.97          0.00       62.94        0.00     12
      1637     33.99         10.13       64.06       10.13     12
      1638     34.02         18.05       88.64       18.05      8
      1639     34.04          0.00       66.72        0.00     14
      1640     34.06          1.02       71.61        1.02     12
      1641     34.08         36.97       88.31       36.97      4
      1642     34.09         13.41       84.00       13.41     10
      1643     34.11         10.13       64.06       10.13     12
      1644     34.13          0.00       62.94        0.00     10
      1645     34.15          0.00       66.72        0.00     14
      1646     34.17         10.13       62.94       10.13     14
      1647     34.19         10.13       64.06       10.13     12
      1648     34.22         14.13       84.72       14.13     10
      1649     34.24         10.13       66.72       10.13     12
      1650     34.26          0.00       62.94        0.00     10
      1651     34.28          1.02       71.61        1.02     16
      1652     34.29          0.00       66.72        0.00      8
      1653     34.31          0.00       62.59        0.00      8
      1654     34.33          0.00       64.06        0.00     12
      1655     34.35         14.13       84.72       14.13      6
      1656     34.37          1.02       71.61        1.02     16
      1657     34.39         14.13       84.72       14.13     10
      1658     34.41          0.00       62.59        0.00     16
      1659     34.43         17.72       88.31       17.72      8
      1660     34.45         22.40       92.99       22.40     10
      1661     34.47          0.00       65.25        0.00     12
      1662     34.49         10.13       62.59       10.13     10
      1663     34.51          1.02       71.61        1.02     12
      1664     34.53          0.00       62.59        0.00      8
      1665     34.55          0.00       66.72        0.00     10
      1666     34.56          8.15       72.14        8.15     16
      1667     34.58          8.50       71.39        8.50     12
      1668     34.60         18.25       88.84       18.25     12
      1669     34.62          0.00       66.72        0.00      8
      1670     34.64         14.13       84.72       14.13      8
      1671     34.66         15.13       79.12       15.13     10
      1672     34.68         14.16       84.75       14.16      4
      1673     34.70         14.13       84.72       14.13      4
      1674     34.71         37.53       92.99       37.53      4
      1675     34.73          1.02       71.61        1.02     14
      1676     34.75          5.42       58.46        5.42     10
      1677     34.79          0.00       62.59        0.00      8
      1678     34.80          8.15       72.14        8.15     12
      1679     34.82          0.00       64.06        0.00     14
      1680     34.85         10.13       64.06       10.13     12
      1681     34.89         36.97       88.31       36.97      4
      1682     34.91          8.15       72.14        8.15     14
      1683     34.93         18.05       88.64       18.05     10
      1684     34.94         14.13       84.72       14.13      6
      1685     34.96          0.00       58.50        0.00     10
      1686     34.98          0.00       58.90        0.00      6
      1687     35.00          0.00       62.59        0.00      6
      1688     35.02         14.13       84.72       14.13      8
      1689     35.04          0.00       59.65        0.00     10
      1690     35.06         18.48       82.47       18.48     10
      1691     35.08          0.00       58.90        0.00     10
      1692     35.09          0.00       58.50        0.00     12
      1693     35.11          0.00       62.59        0.00     12
      1694     35.13          0.00       66.72        0.00     12
      1695     35.15         19.40       82.29       19.40     10
      1696     35.17          0.00       64.06        0.00     12
      1697     35.19          1.02       71.61        1.02     16
      1698     35.21          0.00       62.59        0.00     14
      1699     35.22          5.42       57.91        5.42     14
      1700     35.25          1.02       71.61        1.02     10
      1701     35.27         14.13       84.72       14.13      6
      1702     35.29          0.00       59.65        0.00     10
      1703     35.30         10.13       64.06       10.13     14
      1704     35.34          0.00       58.90        0.00     12
      1705     35.35         14.41       78.40       14.41      6
      1706     35.37         13.01       83.60       13.01      6
      1707     35.39          0.00       58.90        0.00     12
      1708     35.41         10.13       62.94       10.13     18
      1709     35.43          0.00       66.72        0.00     12
      1710     35.45          0.00       62.59        0.00     10
      1711     35.47          0.00       61.12        0.00     16
      1712     35.49          7.88       65.25        7.88     12
      1713     35.51          0.00       65.25        0.00     12
      1714     35.53         17.72       88.31       17.72      4
      1715     35.55         10.13       62.94       10.13     14
      1716     35.57         19.05       83.04       19.05     10
      1717     35.60         23.90       94.49       23.90      6
      1718     35.62          0.00       66.72        0.00     12
      1719     35.64         18.05       88.64       18.05     10
      1720     35.66          0.00       62.59        0.00     10
      1721     35.68          0.00       58.90        0.00     16
      1722     35.70         18.48       89.07       18.48      8
      1723     35.72          0.00       62.59        0.00     10
      1724     35.75          0.00       65.25        0.00     14
      1725     35.77          0.00       62.59        0.00      8
      1726     35.78          8.15       72.14        8.15     14
      1727     35.80          0.00       62.59        0.00      8
      1728     35.82         13.41       84.00       13.41      8
      1729     35.85          0.00       62.59        0.00      8
      1730     35.87          0.00       64.06        0.00     14
      1731     35.88          0.00       58.67        0.00     12
      1732     35.90          1.02       71.61        1.02     14
      1733     35.92         26.06       90.05       26.06      8
      1734     35.94          0.00       62.59        0.00     14
      1735     35.96         13.41       84.00       13.41      6
      1736     35.98          0.00       62.59        0.00     12
      1737     35.99         17.49       88.08       17.49      8
      1738     36.01         26.21       96.80       26.21      8
      1739     36.03         10.13       62.94       10.13     12
      1740     36.05          1.02       71.61        1.02     16
      1741     36.07          0.00       66.72        0.00     12
      1742     36.09          0.00       66.72        0.00     14
      1743     36.11         17.72       88.31       17.72     12
      1744     36.13          0.00       62.59        0.00     10
      1745     36.15          0.00       58.90        0.00     12
      1746     36.17         17.49       88.08       17.49      8
      1747     36.19          0.00       62.59        0.00     10
      1748     36.20          8.50       71.39        8.50     14
      1749     36.22          1.02       71.61        1.02     14
      1750     36.24         17.49       88.08       17.49      8
      1751     36.26         14.16       84.75       14.16      4
      1752     36.28          1.02       71.61        1.02     10
      1753     36.30          0.00       58.50        0.00      6
      1754     36.32         17.72       88.31       17.72      6
      1755     36.33          0.00       62.59        0.00      8
      1756     36.35          0.00       65.25        0.00     14
      1757     36.37         10.13       64.06       10.13     10
      1758     36.40          0.00       66.72        0.00     12
      1759     36.42          0.00       62.59        0.00      8
      1760     36.44         18.71       82.70       18.71      8
      1761     36.46          1.02       71.61        1.02     12
      1762     36.48         14.13       84.72       14.13     10
      1763     36.49          0.00       62.94        0.00     12
      1764     36.51          0.00       62.59        0.00     14
      1765     36.53          1.02       71.61        1.02     16
      1766     36.55          0.00       62.94        0.00     12
      1767     36.57         24.27       94.86       24.27      8
      1768     36.59          2.37       65.26        2.37     12
      1769     36.61          0.00       62.59        0.00     10
      1770     36.63          0.00       62.59        0.00      8
      1771     36.64          0.00       65.25        0.00     12
      1772     36.66          1.02       71.61        1.02     14
      1773     36.68         19.40       82.29       19.40     10
      1774     36.70         23.55       94.14       23.55      8
      1775     36.72          0.00       58.90        0.00     10
      1776     36.74          0.00       58.90        0.00     10
      1777     36.76         14.13       84.72       14.13     10
      1778     36.78         17.49       88.08       17.49      6
      1779     36.80         10.13       64.06       10.13      8
      1780     36.82          0.00       62.59        0.00     10
      1781     36.84          0.00       66.72        0.00     14
      1782     36.86          5.42       57.91        5.42     10
      1783     36.89          1.02       71.61        1.02     10
      1784     36.91          0.00       58.90        0.00     10
      1785     36.93          1.02       71.61        1.02     16
      1786     36.95         24.14       88.14       24.14      8
      1787     36.97          0.00       62.59        0.00      8
      1788     36.99         18.25       88.84       18.25      6
      1789     37.00         10.13       64.06       10.13     12
      1790     37.03         18.05       88.64       18.05     12
      1791     37.05          0.00       66.72        0.00     12
      1792     37.07          0.00       58.67        0.00      8
      1793     37.09          1.02       71.61        1.02     16
      1794     37.11          1.02       71.61        1.02     12
      1795     37.13          2.37       65.26        2.37     18
      1796     37.15          0.00       58.50        0.00     14
      1797     37.17          0.00       66.72        0.00     12
      1798     37.19          0.00       62.94        0.00     10
      1799     37.20          0.00       58.50        0.00     10
      1800     37.22         15.13       79.12       15.13     10
      1801     37.24         23.55       94.14       23.55      8
      1802     37.26          1.02       71.61        1.02     16
      1803     37.28          0.00       65.25        0.00     12
      1804     37.30          0.00       58.50        0.00      8
      1805     37.32          0.00       62.59        0.00      6
      1806     37.34         22.40       92.99       22.40      4
      1807     37.35          0.00       62.59        0.00     10
      1808     37.37          1.02       71.61        1.02     12
      1809     37.39          2.37       65.26        2.37     12
      1810     37.41         14.13       84.72       14.13      8
      1811     37.43          0.00       62.94        0.00     10
      1812     37.45         18.25       88.84       18.25     12
      1813     37.47          0.00       62.59        0.00      8
      1814     37.48          8.15       72.14        8.15     14
      1815     37.50         37.93       88.64       37.93      6
      1816     37.52          0.00       58.67        0.00     10
      1817     37.54          0.00       58.90        0.00     12
      1818     37.56          0.00       62.94        0.00     10
      1819     37.58         17.72       88.31       17.72      8
      1820     37.59         19.63       90.22       19.63      8
      1821     37.61         18.05       88.64       18.05     10
      1822     37.63         14.13       84.72       14.13      6
      1823     37.65         10.13       58.67       10.13     10
      1824     37.67         18.71       82.70       18.71      4
      1825     37.69          0.00       62.59        0.00     10
      1826     37.71         18.48       82.47       18.48     10
      1827     37.73         14.13       84.72       14.13      6
      1828     37.75         14.13       84.72       14.13      8
      1829     37.77         18.25       88.84       18.25     12
      1830     37.79         10.13       64.06       10.13     10
      1831     37.82          0.00       66.72        0.00     12
      1832     37.84          0.00       62.94        0.00     10
      1833     37.86         15.13       79.12       15.13     10
      1834     37.88          8.50       71.39        8.50     14
      1835     37.90          0.00       62.59        0.00     14
      1836     37.92          0.00       62.59        0.00     14
      1837     37.93          0.00       66.72        0.00     16
      1838     37.95          0.00       62.59        0.00      8
      1839     37.97          0.00       65.25        0.00     12
      1840     37.99          0.00       65.25        0.00      8
      1841     38.01          0.00       59.65        0.00      8
      1842     38.03          0.00       64.06        0.00     12
      1843     38.05         23.40       87.39       23.40      8
      1844     38.07         10.13       64.06       10.13     10
      1845     38.09         17.49       88.08       17.49      8
      1846     38.10         17.49       88.08       17.49     10
      1847     38.12          0.00       62.94        0.00     10
      1848     38.14         10.13       64.06       10.13     12
      1849     38.18         14.13       84.72       14.13      6
      1850     38.20         18.48       82.47       18.48      8
      1851     38.21         17.49       88.08       17.49      8
      1852     38.23          1.02       71.61        1.02     14
      1853     38.25         14.13       84.72       14.13      6
      1854     38.27         13.01       83.60       13.01      6
      1855     38.29          0.00       65.25        0.00     10
      1856     38.31         10.13       64.06       10.13     10
      1857     38.34         14.13       84.72       14.13     10
      1858     38.36         19.63       90.22       19.63      6
      1859     38.38         26.21       96.80       26.21      6
      1860     38.40          9.56       64.63        9.56     12
      1861     38.41          0.00       62.59        0.00     10
      1862     38.43         14.13       84.72       14.13      8
      1863     38.45          1.02       71.61        1.02     14
      1864     38.47          5.42       57.91        5.42     10
      1865     38.51         15.48       78.37       15.48     10
      1866     38.53          1.02       71.61        1.02     14
      1867     38.55          0.00       58.90        0.00     10
      1868     38.57          0.00       58.50        0.00     10
      1869     38.59          0.00       65.25        0.00     12
      1870     38.61          0.00       66.72        0.00      8
      1871     38.63          0.00       62.59        0.00     10
      1872     38.65         18.25       88.84       18.25      4
      1873     38.67         17.72       88.31       17.72      6
      1874     38.69          0.00       66.72        0.00     12
      1875     38.70          0.00       62.94        0.00     12
      1876     38.73         25.06       95.65       25.06     10
      1877     38.75         14.13       84.72       14.13      4
      1878     38.76          0.00       62.59        0.00      6
      1879     38.78          0.00       65.25        0.00     12
      1880     38.80         10.13       64.06       10.13      8
      1881     38.84         10.13       64.06       10.13     10
      1882     38.87         14.16       84.75       14.16     10
      1883     38.89          0.00       66.72        0.00     12
      1884     38.91          8.15       72.14        8.15     14
      1885     38.93          0.00       61.12        0.00     12
      1886     38.94         26.21       96.80       26.21      4
      1887     38.96         15.13       79.12       15.13      6
      1888     38.98          1.02       71.61        1.02     12
      1889     39.00         19.40       82.29       19.40     10
      1890     39.02          0.00       66.72        0.00      8
      1891     39.03          0.00       62.59        0.00      8
      1892     39.05          0.00       58.90        0.00     10
      1893     39.07          0.00       59.65        0.00     10
      1894     39.09          8.15       72.14        8.15     14
      1895     39.11          1.02       71.61        1.02     12
      1896     39.13          0.00       58.50        0.00     12
      1897     39.15         14.16       84.75       14.16      8
      1898     39.17          0.00       62.59        0.00      8
      1899     39.19         14.13       84.72       14.13      8
      1900     39.20         18.05       88.64       18.05     10
      1901     39.22          5.42       57.91        5.42     12
      1902     39.25         13.01       83.60       13.01      8
      1903     39.27          8.15       72.14        8.15     14
      1904     39.29          0.00       65.25        0.00     14
      1905     39.31         15.48       78.37       15.48      4
      1906     39.33          1.02       71.61        1.02     14
      1907     39.35          0.00       58.67        0.00     14
      1908     39.37         17.49       88.08       17.49      8
      1909     39.39         23.90       94.49       23.90      4
      1910     39.41          0.00       62.59        0.00     10
      1911     39.42          0.00       62.59        0.00     10
      1912     39.44         14.13       84.72       14.13     10
      1913     39.46          0.00       66.72        0.00     10
      1914     39.48         10.13       64.06       10.13     10
      1915     39.51         18.25       88.84       18.25      6
      1916     39.53          1.02       71.61        1.02     12
      1917     39.55          5.42       57.91        5.42     12
      1918     39.58         18.05       88.64       18.05      8
      1919     39.60         36.54       88.64       36.54      4
      1920     39.62          0.00       62.59        0.00     14
      1921     39.64         25.46       96.05       25.46      6
      1922     39.66         10.13       64.06       10.13     12
      1923     39.68         27.68       98.27       27.68      6
      1924     39.70          0.00       65.25        0.00     12
      1925     39.72         17.96       77.97       17.96     14
      1926     39.74         10.13       64.06       10.13     12
      1927     39.77         18.25       88.84       18.25     12
      1928     39.79         36.77       88.64       36.77      4
      1929     39.80         14.13       84.72       14.13      6
      1930     39.82         18.05       88.64       18.05      8
      1931     39.84          1.02       71.61        1.02     10
      1932     39.86          5.42       57.91        5.42      8
      1933     39.89         10.13       62.94       10.13     14
      1934     39.91         14.13       84.72       14.13      6
      1935     39.93         23.40       87.39       23.40     10
      1936     39.95          5.42       58.46        5.42     10
      1937     39.98          0.00       62.59        0.00      8
      1938     40.00          5.42       57.91        5.42      8
      1939     40.04          0.00       65.25        0.00     10
      1940     40.06          0.00       62.59        0.00     10
      1941     40.08          8.15       72.14        8.15     12
      1942     40.10          0.00       64.06        0.00     14
      1943     40.12          0.00       66.72        0.00     10
      1944     40.14          0.00       62.59        0.00      8
      1945     40.16          0.00       65.25        0.00     14
      1946     40.18          0.00       66.72        0.00     12
      1947     40.20         14.13       84.72       14.13      8
      1948     40.22         14.13       84.72       14.13      8
      1949     40.24          0.00       64.06        0.00     10
      1950     40.25         39.03       88.64       39.03      6
      1951     40.27          5.42       58.46        5.42     12
      1952     40.32          0.00       62.59        0.00     14
      1953     40.34          0.00       59.65        0.00     10
      1954     40.36          8.15       72.14        8.15     18
      1955     40.38         22.80       93.39       22.80      6
      1956     40.40         15.13       79.12       15.13     12
      1957     40.41         17.49       88.08       17.49      4
      1958     40.43         10.13       64.06       10.13     14
      1959     40.47          8.15       72.14        8.15     14
      1960     40.48          0.00       62.59        0.00     12
      1961     40.50          0.00       65.25        0.00      8
      1962     40.52          0.00       58.90        0.00     14
      1963     40.54          0.00       64.06        0.00     12
      1964     40.56          8.15       72.14        8.15     14
      1965     40.58          1.02       71.61        1.02     12
      1966     40.60         22.80       93.39       22.80      8
      1967     40.62         17.72       88.31       17.72      8
      1968     40.64         25.46       96.05       25.46      8
      1969     40.66          0.00       58.90        0.00     10
      1970     40.68          8.15       72.14        8.15     14
      1971     40.70          8.15       72.14        8.15     14
      1972     40.72          0.00       62.59        0.00      8
      1973     40.74          0.00       64.06        0.00     12
      1974     40.76          1.02       71.61        1.02     12
      1975     40.78         10.13       64.06       10.13     10
      1976     40.81          0.00       62.94        0.00     10
      1977     40.83         18.88       89.47       18.88      4
      1978     40.85          0.00       66.72        0.00     14
      1979     40.87          0.00       66.72        0.00     12
      1980     40.89         10.13       64.06       10.13     12
      1981     40.92          1.02       71.61        1.02     12
      1982     40.94         19.05       83.04       19.05     10
      1983     40.95         25.06       95.65       25.06      8
      1984     40.97          0.00       62.59        0.00      6
      1985     40.99          0.00       62.59        0.00     10
      1986     41.01          8.15       72.14        8.15     14
      1987     41.03         14.13       84.72       14.13      6
      1988     41.05          0.00       59.65        0.00     12
      1989     41.06         12.78       83.37       12.78      6
      1990     41.08          0.00       65.25        0.00      8
      1991     41.10         18.48       82.47       18.48     10
      1992     41.12          0.00       66.72        0.00     12
      1993     41.14         10.13       64.06       10.13     12
      1994     41.17         17.49       88.08       17.49      8
      1995     41.19         18.88       89.47       18.88     12
      1996     41.21          0.00       66.72        0.00     12
      1997     41.23         18.48       82.47       18.48      2
      1998     41.25          0.00       62.59        0.00      8
      1999     41.26          8.15       72.14        8.15     14
      2000     41.28          0.00       62.59        0.00      8
      2001     41.30          9.56       64.63        9.56     12
      2002     41.32          0.00       62.94        0.00     10
      2003     41.34         15.13       79.12       15.13     12
      2004     41.36          0.00       62.59        0.00     16
      2005     41.38          0.00       62.94        0.00     12
      2006     41.39          0.00       62.59        0.00      8
      2007     41.41          0.00       66.72        0.00     10
      2008     41.43          0.00       65.25        0.00     12
      2009     41.45          8.15       72.14        8.15     12
      2010     41.47         10.13       66.72       10.13     14
      2011     41.49          8.15       72.14        8.15     14
      2012     41.51          0.00       62.59        0.00      8
      2013     41.53         10.13       64.06       10.13     14
      2014     41.56          0.00       66.72        0.00     12
      2015     41.58          0.00       62.59        0.00      8
      2016     41.60          0.00       62.59        0.00     14
      2017     41.62          0.00       62.59        0.00     12
      2018     41.63          8.15       72.14        8.15     12
      2019     41.66         14.13       84.72       14.13      8
      2020     41.67         10.13       64.06       10.13      8
      2021     41.70          0.00       58.50        0.00      8
      2022     41.72          0.00       61.12        0.00     12
      2023     41.74         25.06       95.65       25.06      8
      2024     41.76          0.00       62.94        0.00      6
      2025     41.78         26.23       90.22       26.23      6
      2026     41.80         14.13       84.72       14.13      6
      2027     41.82         17.72       88.31       17.72      8
      2028     41.84         37.93       87.79       37.93      4
      2029     41.86          0.00       58.67        0.00      6
      2030     41.88          9.56       64.63        9.56     18
      2031     41.90          0.00       62.94        0.00     10
      2032     41.92          0.00       65.25        0.00     10
      2033     41.94          0.00       66.72        0.00     12
      2034     41.96          0.00       66.72        0.00     12
      2035     41.97          1.02       71.61        1.02     16
      2036     41.99         18.05       88.64       18.05     12
      2037     42.01          0.00       65.25        0.00     14
      2038     42.03          0.00       62.59        0.00     12
      2039     42.06         15.13       79.12       15.13     10
      2040     42.07          0.00       66.72        0.00     12
      2041     42.09         17.49       88.08       17.49     12
      2042     42.11          0.00       58.67        0.00     14
      2043     42.13         18.48       82.47       18.48      8
      2044     42.15          0.00       62.94        0.00     10
      2045     42.17          0.00       58.90        0.00     12
      2046     42.19         10.13       64.06       10.13     12
      2047     42.23         14.13       84.72       14.13      8
      2048     42.25          1.02       71.61        1.02     16
      2049     42.27         32.62       84.72       32.62      4
      2050     42.28         17.49       88.08       17.49     10
      2051     42.30         17.49       88.08       17.49      8
      2052     42.32         14.13       84.72       14.13      6
      2053     42.34          0.00       64.06        0.00     12
      2054     42.36         19.63       90.22       19.63      2
      2055     42.38         14.16       84.75       14.16      4
      2056     42.40         10.13       64.06       10.13      8
      2057     42.44         18.05       88.64       18.05     10
      2058     42.45          0.00       62.59        0.00      8
      2059     42.47         14.13       84.72       14.13      8
      2060     42.49          0.00       66.72        0.00     12
      2061     42.51          1.02       71.61        1.02     12
      2062     42.53          0.00       61.12        0.00     12
      2063     42.55         15.13       79.12       15.13      4
      2064     42.57          8.15       72.14        8.15     16
      2065     42.59          0.00       61.12        0.00     12
      2066     42.61         14.13       84.72       14.13      6
      2067     42.63          0.00       66.72        0.00     12
      2068     42.64          0.00       59.65        0.00     12
      2069     42.66         14.13       84.72       14.13     10
      2070     42.68         14.13       84.72       14.13     10
      2071     42.70         10.13       64.06       10.13     10
      2072     42.74          0.00       62.94        0.00      8
      2073     42.76         14.13       84.72       14.13     12
      2074     42.78         14.13       84.72       14.13     10
      2075     42.80          5.42       57.91        5.42     10
      2076     42.84          0.00       66.72        0.00     12
      2077     42.86          0.00       58.90        0.00     12
      2078     42.88          0.00       64.06        0.00     14
      2079     42.90          0.00       59.65        0.00     10
      2080     42.91         14.13       84.72       14.13     10
      2081     42.93         10.13       64.06       10.13     10
      2082     42.97          0.00       62.59        0.00     12
      2083     42.98         22.80       93.39       22.80      8
      2084     43.00          0.00       62.94        0.00     10
      2085     43.02          0.00       59.65        0.00     10
      2086     43.04          0.00       58.90        0.00     10
      2087     43.06          0.00       58.50        0.00      8
      2088     43.08          0.00       62.59        0.00      8
      2089     43.10         36.77       88.64       36.77      4
      2090     43.12          0.00       62.59        0.00     10
      2091     43.14         22.67       77.74       22.67      8
      2092     43.16          0.00       62.94        0.00      8
      2093     43.18          0.00       66.72        0.00     12
      2094     43.20         17.72       88.31       17.72      6
      2095     43.22          8.15       72.14        8.15     14
      2096     43.24         14.16       84.75       14.16      8
      2097     43.26          0.00       65.25        0.00     10
      2098     43.27          0.00       62.59        0.00      8
      2099     43.29         15.13       79.12       15.13      8
      2100     43.31         18.88       89.47       18.88      6
      2101     43.33          0.00       65.25        0.00     12
      2102     43.35          1.02       71.61        1.02     10
      2103     43.37          0.00       66.72        0.00     12
      2104     43.39          0.00       64.06        0.00     14
      2105     43.41         13.01       83.60       13.01      4
      2106     43.43         10.13       58.67       10.13     16
      2107     43.45          0.00       66.72        0.00     14
      2108     43.47          8.15       72.14        8.15     14
      2109     43.49          1.02       71.61        1.02     12
      2110     43.51          0.00       66.72        0.00     12
      2111     43.53          1.02       71.61        1.02     14
      2112     43.55         10.13       64.06       10.13     16
      2113     43.58          8.15       72.14        8.15     16
      2114     43.59          5.42       61.12        5.42     10
      2115     43.63         18.05       88.64       18.05     10
      2116     43.65          0.00       58.90        0.00     12
      2117     43.67          0.00       65.25        0.00     12
      2118     43.69         14.13       84.72       14.13     10
      2119     43.70          0.00       62.59        0.00     12
      2120     43.72         13.41       84.00       13.41      4
      2121     43.74         15.13       79.12       15.13     10
      2122     43.76         18.48       89.07       18.48     10
      2123     43.78          0.00       61.12        0.00     10
      2124     43.80          0.00       58.90        0.00     10
      2125     43.82         18.48       82.47       18.48      4
      2126     43.84          0.00       62.94        0.00     12
      2127     43.86          0.00       65.25        0.00     12
      2128     43.88          1.02       71.61        1.02     10
      2129     43.90          1.02       71.61        1.02     10
      2130     43.92          0.00       58.90        0.00     12
      2131     43.94          0.00       62.94        0.00     10
      2132     43.96         15.13       79.12       15.13      8
      2133     43.98          0.00       59.65        0.00      6
      2134     44.00         14.13       84.72       14.13      6
      2135     44.02          5.42       57.91        5.42     10
      2136     44.05          0.00       62.94        0.00     12
      2137     44.07         18.05       88.64       18.05      8
      2138     44.09          0.00       64.06        0.00     10
      2139     44.11         14.13       84.72       14.13      8
      2140     44.13         18.48       82.47       18.48      6
      2141     44.15         10.13       64.06       10.13     18
      2142     44.18         12.78       83.37       12.78     12
      2143     44.20         18.48       82.47       18.48      8
      2144     44.21          0.00       65.25        0.00      8
      2145     44.23         25.46       96.05       25.46      4
      2146     44.25         10.13       64.06       10.13     12
      2147     44.28         15.13       79.12       15.13     10
      2148     44.30          0.00       58.50        0.00      6
      2149     44.32         15.13       79.12       15.13     10
      2150     44.33          5.42       61.12        5.42     10
      2151     44.37         13.01       83.60       13.01      2
      2152     44.38         10.13       64.06       10.13     10
      2153     44.41          1.02       71.61        1.02     14
      2154     44.43          0.00       58.90        0.00      8
      2155     44.45          0.00       65.25        0.00     12
      2156     44.47          0.00       62.94        0.00     10
      2157     44.49         17.49       88.08       17.49     10
      2158     44.51         14.41       78.40       14.41      4
      2159     44.53         10.13       64.06       10.13     12
      2160     44.56         10.13       64.06       10.13     12
      2161     44.59         13.41       84.00       13.41      6
      2162     44.61          0.00       64.06        0.00     14
      2163     44.63         18.05       88.64       18.05      8
      2164     44.65         14.13       84.72       14.13      8
      2165     44.67          0.00       62.59        0.00      8
      2166     44.69         18.05       88.64       18.05      8
      2167     44.70         15.13       79.12       15.13     12
      2168     44.72          0.00       65.25        0.00     14
      2169     44.74         10.13       64.06       10.13     14
      2170     44.77         14.13       84.72       14.13      6
      2171     44.79          0.00       66.72        0.00     12
      2172     44.81          0.00       64.06        0.00     14
      2173     44.83          0.00       58.90        0.00     16
      2174     44.86         26.06       90.05       26.06      6
      2175     44.88         10.13       62.94       10.13     12
      2176     44.90          0.00       58.67        0.00     10
      2177     44.92          0.00       66.72        0.00     10
      2178     44.94          1.02       71.61        1.02     14
      2179     44.95          0.00       62.59        0.00      8
      2180     44.97          0.00       65.25        0.00     10
      2181     44.99          8.50       71.39        8.50     14
      2182     45.01         22.80       93.39       22.80      6
      2183     45.03          0.00       62.59        0.00      8
      2184     45.05         14.13       84.72       14.13      6
      2185     45.07         18.25       88.84       18.25      4
      2186     45.09         15.13       79.12       15.13     10
      2187     45.11          0.00       66.72        0.00     12
      2188     45.13          0.00       62.94        0.00     10
      2189     45.15          8.15       72.14        8.15     14
      2190     45.17          0.00       62.59        0.00      8
      2191     45.18          0.00       64.06        0.00     14
      2192     45.20          1.02       71.61        1.02     14
      2193     45.22          1.02       71.61        1.02     10
      2194     45.24         10.13       62.94       10.13     10
      2195     45.26          0.00       66.72        0.00     14
      2196     45.28          0.00       62.59        0.00     10
      2197     45.30         26.46       90.45       26.46     10
      2198     45.32          0.00       62.94        0.00     12
      2199     45.33          0.00       62.59        0.00     10
      2200     45.35         17.49       88.08       17.49      8
      2201     45.37          0.00       62.94        0.00     10
      2202     45.39          8.15       72.14        8.15     14
      2203     45.41          0.00       62.59        0.00      8
      2204     45.43          5.42       57.91        5.42     12
      2205     45.46         10.13       66.72       10.13     16
      2206     45.48          1.02       71.61        1.02     12
      2207     45.50          1.02       71.61        1.02     12
      2208     45.52          1.02       71.61        1.02     10
      2209     45.54          0.00       58.50        0.00     10
      2210     45.56          1.02       71.61        1.02     12
      2211     45.58          8.15       72.14        8.15     14
      2212     45.60         14.13       84.72       14.13      8
      2213     45.62          0.00       62.59        0.00      6
      2214     45.64         14.13       84.72       14.13     10
      2215     45.66          0.00       62.59        0.00     14
      2216     45.68          8.15       72.14        8.15     16
      2217     45.70         12.78       83.37       12.78      4
      2218     45.72          1.02       71.61        1.02     12
      2219     45.73          1.02       71.61        1.02     12
      2220     45.75         10.13       66.72       10.13     16
      2221     45.79          0.00       62.59        0.00      8
      2222     45.81         17.49       88.08       17.49      2
      2223     45.83          0.00       65.25        0.00     12
      2224     45.85         17.49       88.08       17.49      4
      2225     45.87          0.00       62.94        0.00     10
      2226     45.89          0.00       58.67        0.00      8
      2227     45.91         17.72       88.31       17.72      8
      2228     45.92          0.00       59.65        0.00     10
      2229     45.94          1.02       71.61        1.02     10
      2230     45.96         17.49       88.08       17.49     10
      2231     45.98         15.13       79.12       15.13     12
      2232     46.00         14.13       84.72       14.13      6
      2233     46.01          0.00       62.59        0.00      6
      2234     46.03          0.00       58.50        0.00      6
      2235     46.05         19.11       83.11       19.11      6
      2236     46.07         13.41       84.00       13.41      2
      2237     46.09          0.00       64.06        0.00     12
      2238     46.11         10.13       62.94       10.13      8
      2239     46.13         10.13       64.06       10.13      8
      2240     46.16          8.15       72.14        8.15     16
      2241     46.18         17.49       88.08       17.49      6
      2242     46.20         18.05       88.64       18.05     10
      2243     46.21         19.63       90.22       19.63      4
      2244     46.23          0.00       62.59        0.00      6
      2245     46.25          1.02       71.61        1.02     12
      2246     46.27          5.42       61.12        5.42      8
      2247     46.31         13.41       84.00       13.41      4
      2248     46.33         10.13       64.06       10.13     14
      2249     46.36          0.00       62.94        0.00     10
      2250     46.38          0.00       59.65        0.00     12
      2251     46.40         14.13       84.72       14.13      8
      2252     46.41         10.13       64.06       10.13     12
      2253     46.44         17.49       88.08       17.49     10
      2254     46.46         14.13       84.72       14.13      8
      2255     46.48          0.00       62.59        0.00     16
      2256     46.50         10.13       64.06       10.13     10
      2257     46.53         12.78       83.37       12.78      6
      2258     46.55          8.15       72.14        8.15     12
      2259     46.57         14.13       84.72       14.13      6
      2260     46.59         17.72       88.31       17.72      8
      2261     46.61          5.42       57.91        5.42     10
      2262     46.64          2.37       65.26        2.37     10
      2263     46.66          1.02       71.61        1.02     14
      2264     46.68         14.13       84.72       14.13      6
      2265     46.70          0.00       59.65        0.00     10
      2266     46.72         18.05       88.64       18.05      8
      2267     46.74          8.15       72.14        8.15     16
      2268     46.76         26.06       90.05       26.06     10
      2269     46.77         10.13       64.06       10.13      8
      2270     46.81         17.72       88.31       17.72      2
      2271     46.82         10.13       64.06       10.13     12
      2272     46.86          0.00       62.59        0.00      6
      2273     46.88          8.50       71.39        8.50     18
      2274     46.90          0.00       66.72        0.00     12
      2275     46.92          0.00       59.65        0.00     10
      2276     46.94          1.02       71.61        1.02     12
      2277     46.95         29.66       83.01       29.66     16
      2278     46.97         14.13       84.72       14.13     10
      2279     46.99          0.00       65.25        0.00     14
      2280     47.01         14.41       78.40       14.41      8
      2281     47.03          0.00       62.94        0.00      8
      2282     47.05          0.00       61.12        0.00     12
      2283     47.07          0.00       62.59        0.00      8
      2284     47.09          1.02       71.61        1.02     12
      2285     47.11          0.00       66.72        0.00     12
      2286     47.13         17.49       88.08       17.49      8
      2287     47.15          0.00       62.59        0.00     12
      2288     47.17         14.13       84.72       14.13     10
      2289     47.19          1.02       71.61        1.02     16
      2290     47.21         14.13       84.72       14.13      6
      2291     47.23          0.00       58.90        0.00     12
      2292     47.24          0.00       58.90        0.00     10
      2293     47.26          0.00       58.90        0.00      8
      2294     47.28         19.05       83.04       19.05      6
      2295     47.30         10.13       62.94       10.13     16
      2296     47.33          0.00       64.06        0.00     12
      2297     47.35         10.13       64.06       10.13     10
      2298     47.37          0.00       62.94        0.00     10
      2299     47.39          0.00       66.72        0.00     10
      2300     47.41          0.00       58.90        0.00      8
      2301     47.43          0.00       62.59        0.00     12
      2302     47.45          0.00       62.59        0.00      8
      2303     47.47         42.11       77.74       42.11      8
      2304     47.49         26.06       90.05       26.06     10
      2305     47.51         10.13       64.06       10.13      8
      2306     47.54          0.00       62.59        0.00     10
      2307     47.56          8.50       71.39        8.50     12
      2308     47.57          2.37       65.26        2.37     10
      2309     47.59          2.37       65.26        2.37      8
      2310     47.61          2.37       65.26        2.37     12
      2311     47.63         17.72       88.31       17.72     10
      2312     47.65         23.55       94.14       23.55      2
      2313     47.67         18.25       88.84       18.25      6
      2314     47.69         14.13       84.72       14.13      8
      2315     47.71         12.78       83.37       12.78      2
      2316     47.73         14.13       84.72       14.13      6
      2317     47.75         14.13       84.72       14.13     10
      2318     47.77          0.00       62.59        0.00      8
      2319     47.79         18.48       89.07       18.48      6
      2320     47.81         10.13       64.06       10.13      8
      2321     47.84         10.13       64.06       10.13     14
      2322     47.87          0.00       61.12        0.00     14
      2323     47.89         17.72       88.31       17.72      6
      2324     47.91         13.41       84.00       13.41      6
      2325     47.93          0.00       66.72        0.00     10
      2326     47.95         14.13       84.72       14.13      6
      2327     47.97          0.00       62.59        0.00     10
      2328     47.99          0.00       62.59        0.00     16
      2329     48.01          1.02       71.61        1.02     12
      2330     48.03         10.13       62.94       10.13     16
      2331     48.08         22.48       90.22       22.48      6
      2332     48.10          0.00       62.94        0.00     10
      2333     48.12         14.13       84.72       14.13      8
      2334     48.15          0.00       58.90        0.00      8
      2335     48.16          0.00       58.67        0.00     10
      2336     48.18         17.72       88.31       17.72      8
      2337     48.20         14.16       84.75       14.16     12
      2338     48.22         14.16       84.75       14.16      4
      2339     48.24         22.80       93.39       22.80      8
      2340     48.26          0.00       62.94        0.00     10
      2341     48.28         17.49       88.08       17.49      4
      2342     48.29         17.49       88.08       17.49      8
      2343     48.32         25.06       95.65       25.06      8
      2344     48.34         10.13       64.06       10.13     14
      2345     48.38          8.15       72.14        8.15     14
      2346     48.39         17.72       88.31       17.72     12
      2347     48.41          8.15       72.14        8.15     12
      2348     48.43          0.00       62.94        0.00     10
      2349     48.45          0.00       58.50        0.00      6
      2350     48.47          0.00       59.65        0.00     10
      2351     48.49         10.13       64.06       10.13     12
      2352     48.52          1.02       71.61        1.02     12
      2353     48.54          0.00       58.90        0.00     10
      2354     48.56          0.00       62.94        0.00     10
      2355     48.58          0.00       58.90        0.00     10
      2356     48.60          0.00       66.72        0.00     12
      2357     48.62         14.13       84.72       14.13      6
      2358     48.64          0.00       62.59        0.00     10
      2359     48.66          0.00       64.06        0.00     12
      2360     48.68         14.13       84.72       14.13      6
      2361     48.70         10.13       58.67       10.13     14
      2362     48.72          0.00       62.59        0.00      8
      2363     48.74          5.42       57.91        5.42      6
      2364     48.78          0.00       62.94        0.00     10
      2365     48.79          1.02       71.61        1.02     16
      2366     48.81         14.13       84.72       14.13      8
      2367     48.83          5.42       58.46        5.42     10
      2368     48.89          0.00       59.65        0.00     10
      2369     48.90         13.78       77.77       13.78      6
      2370     48.92          8.15       72.14        8.15     14
      2371     48.94          0.00       62.59        0.00     12
      2372     48.96         17.96       77.97       17.96      8
      2373     48.98          0.00       66.72        0.00     14
      2374     49.00         18.05       88.64       18.05      6
      2375     49.02          8.15       72.14        8.15     14
      2376     49.04          0.00       62.59        0.00      8
      2377     49.06         23.80       87.79       23.80      4
      2378     49.08          0.00       62.59        0.00     14
      2379     49.10          0.00       64.06        0.00     12
      2380     49.12          0.00       62.94        0.00     10
      2381     49.14          0.00       66.72        0.00     12
      2382     49.16          1.02       71.61        1.02     14
      2383     49.17         14.13       84.72       14.13      8
      2384     49.19         13.41       84.00       13.41      6
      2385     49.21          0.00       64.06        0.00     10
      2386     49.23          0.00       64.06        0.00     12
      2387     49.25         18.48       82.47       18.48      8
      2388     49.27          0.00       65.25        0.00     14
      2389     49.29         18.05       88.64       18.05      8
      2390     49.31          0.00       64.06        0.00     12
      2391     49.33          1.02       71.61        1.02     12
      2392     49.35          0.00       65.25        0.00     14
      2393     49.37          0.00       62.94        0.00     10
      2394     49.39         10.13       62.59       10.13      8
      2395     49.41          0.00       58.90        0.00     10
      2396     49.43         17.72       88.31       17.72      8
      2397     49.45         18.05       88.64       18.05     10
      2398     49.47         17.49       88.08       17.49      8
      2399     49.49          1.02       71.61        1.02     12
      2400     49.51          2.37       65.26        2.37      8
      2401     49.52          0.00       59.65        0.00     12
      2402     49.54          0.00       58.67        0.00     12
      2403     49.56          0.00       58.50        0.00     10
      2404     49.58         19.63       90.22       19.63      4
      2405     49.60          5.42       57.91        5.42     12
      2406     49.63         22.80       93.39       22.80      8
      2407     49.65          0.00       62.94        0.00     10
      2408     49.67          0.00       66.72        0.00     10
      2409     49.69         14.13       84.72       14.13      8
      2410     49.71          0.00       58.67        0.00      6
      2411     49.73          8.15       72.14        8.15     16
      2412     49.75          0.00       65.25        0.00     12
      2413     49.77          8.50       71.39        8.50     12
      2414     49.79          0.00       58.67        0.00      8
      2415     49.81          5.42       57.91        5.42      8
      2416     49.85         13.78       77.77       13.78      4
      2417     49.86         10.13       64.06       10.13     10
      2418     49.89         10.13       64.06       10.13     14
      2419     49.93          0.00       62.94        0.00     10
      2420     49.94          0.00       65.25        0.00     10
      2421     49.96          0.00       62.94        0.00     10
      2422     49.98          0.00       64.06        0.00     18
      2423     50.00         14.13       84.72       14.13      6
      2424     50.02          0.00       61.12        0.00     12
      2425     50.04          0.00       65.25        0.00     10
      2426     50.05          0.00       66.72        0.00     16
      2427     50.07         23.40       87.39       23.40     10
      2428     50.09         17.72       88.31       17.72      8
      2429     50.11         14.13       84.72       14.13     12
      2430     50.13          1.02       71.61        1.02     12
      2431     50.15          0.00       61.12        0.00     12
      2432     50.17          0.00       58.50        0.00     12
      2433     50.19          0.00       58.50        0.00     12
      2434     50.21         14.13       84.72       14.13      8
      2435     50.23         14.13       84.72       14.13      8
      2436     50.25         14.13       84.72       14.13     10
      2437     50.26         14.13       84.72       14.13      8
      2438     50.28          0.00       62.94        0.00     10
      2439     50.30         10.13       64.06       10.13     12
      2440     50.33         15.13       79.12       15.13     10
      2441     50.35         14.13       84.72       14.13      8
      2442     50.37         17.49       88.08       17.49      8
      2443     50.39          1.02       71.61        1.02     12
      2444     50.41          0.00       58.90        0.00      6
      2445     50.43          1.02       71.61        1.02     14
      2446     50.45          0.00       62.94        0.00     10
      2447     50.47          1.02       71.61        1.02     16
      2448     50.48          5.42       57.91        5.42     12
      2449     50.52          0.00       62.59        0.00     10
      2450     50.54         10.13       64.06       10.13     10
      2451     50.57         13.01       83.60       13.01      6
      2452     50.59         14.16       84.75       14.16     10
      2453     50.61         25.06       95.65       25.06      6
      2454     50.63          1.02       71.61        1.02     12
      2455     50.65          0.00       58.67        0.00      6
      2456     50.67          0.00       65.25        0.00     12
      2457     50.69          1.02       71.61        1.02     12
      2458     50.70         12.78       83.37       12.78      8
      2459     50.72          0.00       59.65        0.00      6
      2460     50.74          0.00       62.59        0.00     10
      2461     50.76          0.00       66.72        0.00     12
      2462     50.78         18.05       88.64       18.05     10
      2463     50.80         15.13       79.12       15.13     10
      2464     50.82          0.00       62.59        0.00      8
      2465     50.84         10.13       64.06       10.13     10
      2466     50.88          0.00       58.67        0.00      8
      2467     50.89         18.88       89.47       18.88      6
      2468     50.91          0.00       65.25        0.00     14
      2469     50.93          0.00       62.59        0.00     10
      2470     50.95          0.00       65.25        0.00     12
      2471     50.97          5.42       58.46        5.42     10
      2472     51.00         18.05       88.64       18.05      8
      2473     51.02         14.13       84.72       14.13      6
      2474     51.04         14.13       84.72       14.13      6
      2475     51.06          0.00       58.90        0.00     10
      2476     51.07          0.00       58.90        0.00     10
      2477     51.09          0.00       65.25        0.00     14
      2478     51.11          0.00       58.67        0.00     10
      2479     51.13         10.13       64.06       10.13     12
      2480     51.15          0.00       65.25        0.00     12
      2481     51.17         13.41       84.00       13.41      4
      2482     51.19          8.15       72.14        8.15     14
      2483     51.21          0.00       58.90        0.00      8
      2484     51.23          0.00       65.25        0.00     10
      2485     51.25          0.00       65.25        0.00     10
      2486     51.27         26.06       90.05       26.06      8
      2487     51.29          0.00       66.72        0.00     12
      2488     51.31          1.02       71.61        1.02     12
      2489     51.33          8.15       72.14        8.15     14
      2490     51.35          0.00       64.06        0.00     12
      2491     51.37          5.42       57.91        5.42     12
      2492     51.40         14.13       84.72       14.13      8
      2493     51.42         13.01       83.60       13.01      2
      2494     51.44         10.13       64.06       10.13     12
      2495     51.46          0.00       65.25        0.00     12
      2496     51.48         17.49       88.08       17.49      6
      2497     51.50          5.42       61.12        5.42     10
      2498     51.54         18.87       89.45       18.87      8
      2499     51.56          0.00       62.59        0.00     16
      2500     51.57          1.02       71.61        1.02     12
      2501     51.59          1.02       71.61        1.02     10
      2502     51.61          1.02       71.61        1.02     14
      2503     51.63          0.00       62.94        0.00     10
      2504     51.65          0.00       62.59        0.00      8
      2505     51.67          0.00       66.72        0.00     10
      2506     51.69         14.13       84.72       14.13      8
      2507     51.71          0.00       62.59        0.00     10
      2508     51.73          0.00       62.94        0.00     10
      2509     51.75          0.00       62.94        0.00     10
      2510     51.77         14.13       84.72       14.13      8
      2511     51.79          0.00       62.94        0.00      8
      2512     51.81          0.00       58.90        0.00      8
      2513     51.83          1.02       71.61        1.02     12
      2514     51.85         18.05       88.64       18.05      8
      2515     51.87         12.78       83.37       12.78      2
      2516     51.89          8.15       72.14        8.15     12
      2517     51.91          1.02       71.61        1.02     14
      2518     51.93          0.00       62.94        0.00     10
      2519     51.94          0.00       62.94        0.00     16
      2520     51.96          0.00       62.94        0.00     10
      2521     51.98         25.46       96.05       25.46      8
      2522     52.00          0.00       58.90        0.00     10
      2523     52.02          0.00       62.59        0.00      8
      2524     52.04         14.13       84.72       14.13      6
      2525     52.06         10.13       64.06       10.13     12
      2526     52.09          0.00       64.06        0.00     10
      2527     52.10          0.00       62.59        0.00      8
      2528     52.12          0.00       64.06        0.00     12
      2529     52.14         17.72       88.31       17.72      8
      2530     52.16          0.00       62.94        0.00     10
      2531     52.18          1.02       71.61        1.02     12
      2532     52.20          1.02       71.61        1.02     14
      2533     52.22          0.00       62.94        0.00     10
      2534     52.24          1.02       71.61        1.02     10
      2535     52.26          0.00       62.59        0.00     10
      2536     52.27          0.00       58.90        0.00     10
      2537     52.29          0.00       62.59        0.00     14
      2538     52.31         26.06       90.05       26.06      8
      2539     52.33          0.00       59.65        0.00      6
      2540     52.35          0.00       62.94        0.00      8
      2541     52.37          0.00       65.25        0.00     12
      2542     52.39         10.13       64.06       10.13      8
      2543     52.42          0.00       65.25        0.00     12
      2544     52.44          5.42       57.91        5.42     10
      2545     52.47          1.02       71.61        1.02     12
      2546     52.50         14.13       84.72       14.13      6
      2547     52.51          0.00       62.59        0.00      8
      2548     52.53         18.05       88.64       18.05      8
      2549     52.55          0.00       62.94        0.00     12
      2550     52.57          0.00       62.59        0.00     10
      2551     52.59         26.21       96.80       26.21      6
      2552     52.61         14.13       84.72       14.13      8
      2553     52.63          0.00       62.59        0.00     12
      2554     52.64          0.00       66.72        0.00     14
      2555     52.66          0.00       58.67        0.00     10
      2556     52.68          0.00       65.25        0.00     10
      2557     52.70         15.13       79.12       15.13      8
      2558     52.72          0.00       62.94        0.00     10
      2559     52.74         13.41       84.00       13.41     10
      2560     52.75         18.87       89.45       18.87      6
      2561     52.78          0.00       65.25        0.00     12
      2562     52.80         32.85       84.72       32.85      4
      2563     52.82          0.00       62.59        0.00      8
      2564     52.84         26.21       96.80       26.21      4
      2565     52.86         14.13       84.72       14.13      8
      2566     52.99          0.00       65.25        0.00     12
      2567     53.02          0.00       65.25        0.00     14
      2568     53.04         10.13       64.06       10.13     10
      2569     53.07          0.00       61.12        0.00     16
      2570     53.09         17.72       88.31       17.72      8
      2571     53.10          1.02       71.61        1.02     10
      2572     53.12          0.00       65.25        0.00     12
      2573     53.15          0.00       58.67        0.00      8
      2574     53.17         17.72       88.31       17.72      8
      2575     53.19         18.71       82.70       18.71      8
      2576     53.21          0.00       58.67        0.00      8
      2577     53.23          8.15       72.14        8.15     18
      2578     53.25         14.13       84.72       14.13      4
      2579     53.27          0.00       58.50        0.00      8
      2580     53.29          1.02       71.61        1.02     16
      2581     53.31          0.00       62.59        0.00      8
      2582     53.33         14.13       84.72       14.13      8
      2583     53.35         14.13       84.72       14.13      8
      2584     53.37         15.13       79.12       15.13     10
      2585     53.39          0.00       64.06        0.00     12
      2586     53.41         15.13       79.12       15.13     10
      2587     53.43          0.00       66.72        0.00     12
      2588     53.44          1.02       71.61        1.02     10
      2589     53.46          0.00       62.94        0.00     10
      2590     53.48         25.46       96.05       25.46      4
      2591     53.50          0.00       62.94        0.00     10
      2592     53.52         13.41       84.00       13.41     12
      2593     53.54         17.49       88.08       17.49      4
      2594     53.56         18.88       89.47       18.88      6
      2595     53.58         33.20       88.31       33.20      4
      2596     53.60         17.49       88.08       17.49      6
      2597     53.62          0.00       62.94        0.00     10
      2598     53.65          1.02       71.61        1.02     12
      2599     53.66          1.02       71.61        1.02     10
      2600     53.68         36.54       88.08       36.54      6
      2601     53.70         12.78       83.37       12.78      2
      2602     53.72          0.00       65.25        0.00     14
      2603     53.74          0.00       59.65        0.00     12
      2604     53.76         18.71       82.70       18.71      6
      2605     53.77         18.05       88.64       18.05      6
      2606     53.79          5.42       57.91        5.42     10
      2607     53.83          5.42       58.46        5.42     10
      2608     53.87          1.02       71.61        1.02     14
      2609     53.89          0.00       62.94        0.00      8
      2610     53.91          1.02       71.61        1.02     16
      2611     53.93          0.00       58.67        0.00     10
      2612     53.95          0.00       62.59        0.00     14
      2613     53.97          0.00       58.90        0.00     10
      2614     53.98          0.00       65.25        0.00     10
      2615     54.00          0.00       66.72        0.00     12
      2616     54.02          0.00       66.72        0.00     10
      2617     54.04          0.00       62.59        0.00     14
      2618     54.06          0.00       62.94        0.00     14
      2619     54.08          0.00       58.50        0.00     10
      2620     54.10         19.05       83.04       19.05     12
      2621     54.12          0.00       59.65        0.00     10
      2622     54.14          0.00       62.59        0.00     10
      2623     54.16          0.00       62.59        0.00      6
      2624     54.18         18.05       88.64       18.05     12
      2625     54.20          2.01       65.25        2.01     14
      2626     54.22         19.06       81.95       19.06     10
      2627     54.24         15.13       79.12       15.13     10
      2628     54.25         18.05       88.64       18.05      8
      2629     54.27         14.13       84.72       14.13      8
      2630     54.29         14.13       84.72       14.13      6
      2631     54.31          0.00       65.25        0.00     12
      2632     54.33         14.16       84.75       14.16      4
      2633     54.35          1.02       71.61        1.02     12
      2634     54.37         14.13       84.72       14.13      6
      2635     54.39         19.63       90.22       19.63      2
      2636     54.41         17.72       88.31       17.72     12
      2637     54.43          0.00       58.50        0.00     14
      2638     54.45          0.00       58.50        0.00      8
      2639     54.47          0.00       62.59        0.00     12
      2640     54.49          1.02       71.61        1.02     14
      2641     54.50          0.00       62.59        0.00     10
      2642     54.52         14.13       84.72       14.13     14
      2643     54.54         10.13       64.06       10.13     10
      2644     54.58          1.02       71.61        1.02     10
      2645     54.59          1.02       71.61        1.02     10
      2646     54.62          0.00       65.25        0.00      8
      2647     54.64          8.15       72.14        8.15     14
      2648     54.66         15.13       79.12       15.13     10
      2649     54.68          8.15       72.14        8.15     12
      2650     54.69          0.00       58.90        0.00     14
      2651     54.71          0.00       59.65        0.00      8
      2652     54.73          0.00       58.50        0.00     10
      2653     54.75         14.13       84.72       14.13      8
      2654     54.77          0.00       66.72        0.00     12
      2655     54.79         10.13       64.06       10.13     12
      2656     54.82          1.02       71.61        1.02     14
      2657     54.84         23.80       87.79       23.80     10
      2658     54.86          0.00       62.59        0.00      8
      2659     54.88         14.13       84.72       14.13      6
      2660     54.90         19.11       83.11       19.11      4
      2661     54.92         22.40       92.99       22.40      6
      2662     54.94         17.72       88.31       17.72      8
      2663     54.96         15.13       79.12       15.13      8
      2664     54.98          0.00       59.65        0.00     12
      2665     54.99          0.00       61.12        0.00     14
      2666     55.01         25.46       96.05       25.46     10
      2667     55.03         14.13       84.72       14.13      8
      2668     55.05          0.00       62.59        0.00      8
      2669     55.07         18.88       89.47       18.88      6
      2670     55.09         14.13       84.72       14.13     10
      2671     55.11          0.00       66.72        0.00     12
      2672     55.13          0.00       62.94        0.00      8
      2673     55.15         18.12       88.70       18.12      4
      2674     55.17         10.13       64.06       10.13     12
      2675     55.20          0.00       62.94        0.00      8
      2676     55.22          0.00       62.59        0.00      8
      2677     55.24          0.00       62.59        0.00      8
      2678     55.26          0.00       65.25        0.00     10
      2679     55.28         18.25       88.84       18.25      8
      2680     55.30          1.02       71.61        1.02     16
      2681     55.32         14.13       84.72       14.13      6
      2682     55.34         16.50       78.37       16.50      6
      2683     55.36          1.02       71.61        1.02     14
      2684     55.37         14.13       84.72       14.13     10
      2685     55.39          0.00       58.50        0.00      6
      2686     55.41          0.00       65.25        0.00     12
      2687     55.43         18.05       88.64       18.05     10
      2688     55.45          0.00       66.72        0.00     10
      2689     55.47         17.72       88.31       17.72      6
      2690     55.49          0.00       58.90        0.00     12
      2691     55.51          0.00       66.72        0.00     10
      2692     55.53          5.42       58.46        5.42     10
      2693     55.56          2.37       65.26        2.37     12
      2694     55.58          1.02       71.61        1.02     12
      2695     55.60          0.00       66.72        0.00      8
      2696     55.62         25.46       96.05       25.46      8
      2697     55.64          1.02       71.61        1.02     16
      2698     55.66          1.02       71.61        1.02     14
      2699     55.68          0.00       66.72        0.00     12
      2700     55.70          1.02       71.61        1.02     14
      2701     55.72         10.13       58.67       10.13     16
      2702     55.75         10.13       64.06       10.13     10
      2703     55.78         19.63       90.22       19.63      6
      2704     55.80          1.02       71.61        1.02     12
      2705     55.82          1.02       71.61        1.02     16
      2706     55.84         18.05       88.64       18.05      8
      2707     55.86         14.13       84.72       14.13      6
      2708     55.87         18.48       89.07       18.48      8
      2709     55.89          0.00       58.50        0.00      8
      2710     55.91         13.01       83.60       13.01      8
      2711     55.93          8.50       71.39        8.50     18
      2712     55.95         17.72       88.31       17.72      4
      2713     55.97          0.00       58.50        0.00      8
      2714     55.99         17.72       88.31       17.72     12
      2715     56.00          0.00       62.59        0.00      8
      2716     56.02          1.02       71.61        1.02     16
      2717     56.04          8.15       72.14        8.15     12
      2718     56.06         18.05       88.64       18.05     12
      2719     56.08         26.06       90.05       26.06     10
      2720     56.10          0.00       65.25        0.00     12
      2721     56.12          0.00       58.90        0.00      8
      2722     56.14          0.00       59.65        0.00      6
      2723     56.16         18.71       82.70       18.71      6
      2724     56.18         18.48       82.47       18.48     10
      2725     56.20          1.02       71.61        1.02     12
      2726     56.22          0.00       62.94        0.00     10
      2727     56.23         15.48       78.37       15.48     10
      2728     56.25          0.00       66.72        0.00     12
      2729     56.27          8.15       72.14        8.15     16
      2730     56.29          0.00       59.65        0.00      8
      2731     56.31         18.05       88.64       18.05      8
      2732     56.33          0.00       65.25        0.00     14
      2733     56.35          1.02       71.61        1.02     12
      2734     56.37         15.48       78.37       15.48     10
      2735     56.39         14.13       84.72       14.13      4
      2736     56.41         14.16       84.75       14.16     14
      2737     56.43          1.02       71.61        1.02     12
      2738     56.45          0.00       66.72        0.00     10
      2739     56.47         10.13       62.94       10.13      8
      2740     56.49         15.13       79.12       15.13      4
      2741     56.51          0.00       62.59        0.00     16
      2742     56.53         18.25       88.84       18.25      8
      2743     56.55         14.13       84.72       14.13      4
      2744     56.56          0.00       64.06        0.00     14
      2745     56.59          0.00       65.25        0.00      6
      2746     56.61         18.05       88.64       18.05      8
      2747     56.63         14.13       84.72       14.13      6
      2748     56.65         32.62       88.08       32.62      2
      2749     56.66          0.00       65.25        0.00     14
      2750     56.68          0.00       66.72        0.00     14
      2751     56.70         14.13       84.72       14.13      6
      2752     56.72          0.00       58.67        0.00     10
      2753     56.74          1.02       71.61        1.02     10
      2754     56.76          0.00       64.06        0.00     10
      2755     56.78          0.00       65.25        0.00     14
      2756     56.80          0.00       58.67        0.00     10
      2757     56.82          0.00       59.65        0.00     10
      2758     56.84          2.37       65.26        2.37     14
      2759     56.86          5.42       58.46        5.42      8
      2760     56.92          1.02       71.61        1.02     16
      2761     56.94          0.00       59.65        0.00     12
      2762     56.96         14.13       84.72       14.13      6
      2763     56.98         10.13       64.06       10.13      8
      2764     57.00          0.00       66.72        0.00     12
      2765     57.02          1.02       71.61        1.02     16
      2766     57.03         14.13       84.72       14.13     12
      2767     57.05         36.54       88.08       36.54      4
      2768     57.07         10.13       62.94       10.13     14
      2769     57.09         10.13       64.06       10.13     12
      2770     57.12          0.00       62.59        0.00      6
      2771     57.15         18.88       89.47       18.88     10
      2772     57.17         18.48       82.47       18.48     10
      2773     57.19         25.06       95.65       25.06      8
      2774     57.21         18.48       82.47       18.48     10
      2775     57.22          0.00       65.25        0.00     12
      2776     57.24          0.00       65.25        0.00     10
      2777     57.26         11.21       71.61       11.21     10
      2778     57.28          0.00       65.25        0.00     10
      2779     57.30          0.00       58.90        0.00     12
      2780     57.32          1.02       71.61        1.02     12
      2781     57.34          0.00       62.59        0.00     18
      2782     57.36         13.41       84.00       13.41      8
      2783     57.38         18.05       88.64       18.05     10
      2784     57.40          0.00       62.94        0.00     10
      2785     57.42          8.15       72.14        8.15     14
      2786     57.44         15.13       79.12       15.13     10
      2787     57.46         14.13       84.72       14.13      6
      2788     57.47          0.00       66.72        0.00     14
      2789     57.49         14.13       84.72       14.13     10
      2790     57.51          0.00       65.25        0.00     12
      2791     57.53          8.15       72.14        8.15     12
      2792     57.55          0.00       62.59        0.00      8
      2793     57.57          0.00       62.59        0.00      8
      2794     57.59          0.00       62.59        0.00      6
      2795     57.61          0.00       62.59        0.00      6
      2796     57.63          0.00       62.59        0.00      8
      2797     57.65         18.48       82.47       18.48     10
      2798     57.67         17.49       88.08       17.49      6
      2799     57.69          0.00       66.72        0.00     14
      2800     57.70         17.72       88.31       17.72      6
      2801     57.72         15.13       79.12       15.13      8
      2802     57.74         10.13       64.06       10.13      8
      2803     57.78         15.13       79.12       15.13      6
      2804     57.80          0.00       62.59        0.00     10
      2805     57.83         10.13       64.06       10.13     14
      2806     57.87         18.25       88.84       18.25      8
      2807     57.89         14.13       84.72       14.13      8
      2808     57.91          0.00       62.59        0.00      6
      2809     57.93         18.71       82.70       18.71      2
      2810     57.94          0.00       64.06        0.00     12
      2811     57.96          0.00       62.59        0.00      8
      2812     57.98          0.00       66.72        0.00      8
      2813     58.00          0.00       66.72        0.00     10
      2814     58.02         22.80       93.39       22.80      6
      2815     58.04          7.88       64.06        7.88      8
      2816     58.06          0.00       62.59        0.00     14
      2817     58.08         10.13       64.06       10.13     12
      2818     58.11          0.00       58.90        0.00      8
      2819     58.13          0.00       62.94        0.00     10
      2820     58.15          8.15       72.14        8.15     12
      2821     58.17          0.00       59.65        0.00      8
      2822     58.19         18.48       89.07       18.48     12
      2823     58.21         10.13       64.06       10.13     10
      2824     58.24          1.02       71.61        1.02     14
      2825     58.26          8.15       72.14        8.15     12
      2826     58.28          0.00       64.06        0.00     12
      2827     58.30         19.05       83.04       19.05      6
      2828     58.32          0.00       66.72        0.00     12
      2829     58.34          0.00       61.12        0.00      8
      2830     58.36          0.00       62.59        0.00     12
      2831     58.38          0.00       62.94        0.00      8
      2832     58.40          0.00       58.90        0.00     10
      2833     58.42         17.49       88.08       17.49      8
      2834     58.44          0.00       62.59        0.00     12
      2835     58.46          0.00       62.59        0.00     10
      2836     58.47          0.00       61.12        0.00     12
      2837     58.49         14.13       84.72       14.13     10
      2838     58.51         18.71       82.70       18.71      4
      2839     58.53         18.83       81.72       18.83     12
      2840     58.55         10.13       64.06       10.13     14
      2841     58.58         26.21       96.80       26.21      8
      2842     58.60          8.50       71.39        8.50     12
      2843     58.62         14.16       84.75       14.16      8
      2844     58.64         18.05       88.64       18.05     12
      2845     58.66         10.13       64.06       10.13     10
      2846     58.69          0.00       64.06        0.00     10
      2847     58.71          0.00       65.25        0.00     12
      2848     58.73          0.00       65.25        0.00      8
      2849     58.75          0.00       58.67        0.00      8
      2850     58.77          0.00       66.72        0.00     12
      2851     58.79          0.00       64.06        0.00     12
      2852     58.81          0.00       66.72        0.00     12
      2853     58.83          1.02       71.61        1.02     16
      2854     58.85          8.50       71.39        8.50     14
      2855     58.87          0.00       62.59        0.00     10
      2856     58.89          0.00       62.59        0.00     10
      2857     58.91          3.61       62.94        3.61     14
      2858     58.93          0.00       62.94        0.00     10
      2859     58.95         10.13       62.94       10.13     18
      2860     58.97          0.00       66.72        0.00     12
      2861     58.99         14.01       78.00       14.01      8
      2862     59.00          0.00       62.59        0.00      8
      2863     59.02         25.06       95.65       25.06      8
      2864     59.04         14.13       84.72       14.13     10
      2865     59.06         17.72       88.31       17.72      8
      2866     59.08         10.13       64.06       10.13     12
      2867     59.11         23.15       93.74       23.15      8
      2868     59.13          0.00       58.50        0.00      6
      2869     59.15         10.13       64.06       10.13      6
      2870     59.19          0.00       62.59        0.00      8
      2871     59.21          0.00       65.25        0.00     10
      2872     59.22         27.68       98.27       27.68      8
      2873     59.24         23.90       94.49       23.90     12
      2874     59.26          0.00       64.06        0.00     14
      2875     59.28         17.49       88.08       17.49      8
      2876     59.30         17.49       88.08       17.49     10
      2877     59.32         17.49       88.08       17.49      6
      2878     59.33          1.02       71.61        1.02     10
      2879     59.35          0.00       58.50        0.00     10
      2880     59.37          1.02       71.61        1.02     12
      2881     59.39         26.41       89.30       26.41      8
      2882     59.41         18.48       82.47       18.48      8
      2883     59.43          0.00       64.06        0.00     12
      2884     59.45          0.00       58.90        0.00     10
      2885     59.47          0.00       64.06        0.00     12
      2886     59.49          0.00       59.65        0.00     10
      2887     59.51         14.13       84.72       14.13      8
      2888     59.53         13.41       84.00       13.41      4
      2889     59.55          0.00       61.12        0.00     12
      2890     59.57          0.00       59.65        0.00     12
      2891     59.59          0.00       59.65        0.00     12
      2892     59.60         14.13       84.72       14.13      8
      2893     59.62          5.42       57.91        5.42     12
      2894     59.66         18.12       88.70       18.12      6
      2895     59.68         14.13       84.72       14.13      6
      2896     59.70          1.02       71.61        1.02     12
      2897     59.71          0.00       66.72        0.00     12
      2898     59.73         12.78       83.37       12.78     10
      2899     59.75          1.02       71.61        1.02     14
      2900     59.77          0.54       66.72        0.54     12
      2901     59.79          0.00       65.25        0.00     12
      2902     59.81         18.48       82.47       18.48      6
      2903     59.83         15.13       79.12       15.13     10
      2904     59.87         18.05       88.64       18.05     10
      2905     59.89          1.02       71.61        1.02     12
      2906     59.91          0.00       58.90        0.00      6
      2907     59.92          1.02       71.61        1.02     12
      2908     59.94          0.00       58.50        0.00     12
      2909     59.96          0.00       62.94        0.00     14
      2910     59.98         19.40       82.29       19.40     12
      2911     60.00          0.00       58.50        0.00      8
  ------------------------------------------------------------
