========================================================================
  ConstructiveHeuristic — unknown
========================================================================
  alpha=0.7  time_limit=60s  seed=None  min_sep=10.0
  weights: makespan=0.0  delay=1.0  movements=0.0

  Instance: 10 aircraft  5 positions  3 blocking arcs
  Blocking arcs: P3→P4  P3→P5  P4→P5

────────────────────────────────────────────────────────────────────────
  Best construction detail  (iter 2  obj=0.0000)
────────────────────────────────────────────────────────────────────────
Blocking arcs: P3→P4  P3→P5  P4→P5

Aircraft initial ranking (target_finish ASC, total_duration ASC):
  Rank   ID       earliest     target    duration
  ----------------------------------------------
  [ 0]  R8          13.02      21.99        7.74
  [ 1]  R10         18.84      29.89        9.26
  [ 2]  R3           0.00      35.63       16.05
  [ 3]  R1           0.00      51.06       21.52
  [ 4]  R2           0.00      53.35       25.44
  [ 5]  R4           5.62      55.07       20.17
  [ 6]  R5           6.51      60.01       20.40
  [ 7]  R6           8.77      62.89       20.80
  [ 8]  R7          12.91      63.99       21.55
  [ 9]  R9          13.44      70.59       27.15

========================================================================
  STEP 1/10
========================================================================

  Pair evaluation  (50 pairs):
    Rank   ID      Pos     t_start   t_finish    delay      gap   blocking      score    weight     P(%)   cum(%)
    ---------------------------------------------------------------------------------------------------------
    [ 0]  R8      P1        13.02      20.76     0.00     0.00       none       0.00    1.0000   70.00%   70.00%
    [ 1]  R8      P2        13.02      20.76     0.00     0.00       none       0.00    0.3000   21.00%   91.00%
    [ 2]  R8      P3        13.02      20.76     0.00     0.00       none       0.00    0.0900    6.30%   97.30%
    [ 3]  R8      P4        13.02      20.76     0.00     0.00       none       0.00    0.0270    1.89%   99.19%
    [ 4]  R8      P5        13.02      20.76     0.00     0.00       none       0.00    0.0081    0.57%   99.76%
    [ 5]  R10     P1        18.84      28.10     0.00     0.00       none       0.00    0.0024    0.17%   99.93%
    [ 6]  R10     P2        18.84      28.10     0.00     0.00       none       0.00    0.0007    0.05%   99.98%
    [ 7]  R10     P3        18.84      28.10     0.00     0.00       none       0.00    0.0002    0.02%   99.99%
    [ 8]  R10     P4        18.84      28.10     0.00     0.00       none       0.00    0.0001    0.00%  100.00%
    [ 9]  R10     P5        18.84      28.10     0.00     0.00       none       0.00    0.0000    0.00%  100.00%
    [10]  R3      P1         0.00      16.05     0.00     0.00       none       0.00    0.0000    0.00%  100.00%
    [11]  R3      P2         0.00      16.05     0.00     0.00       none       0.00    0.0000    0.00%  100.00%
    [12]  R3      P3         0.00      16.05     0.00     0.00       none       0.00    0.0000    0.00%  100.00%
    [13]  R3      P4         0.00      16.05     0.00     0.00       none       0.00    0.0000    0.00%  100.00%
    [14]  R3      P5         0.00      16.05     0.00     0.00       none       0.00    0.0000    0.00%  100.00%
    [15]  R1      P1         0.00      21.52     0.00     0.00       none       0.00    0.0000    0.00%  100.00%
    [16]  R1      P2         0.00      21.52     0.00     0.00       none       0.00    0.0000    0.00%  100.00%
    [17]  R1      P3         0.00      21.52     0.00     0.00       none       0.00    0.0000    0.00%  100.00%
    [18]  R1      P4         0.00      21.52     0.00     0.00       none       0.00    0.0000    0.00%  100.00%
    [19]  R1      P5         0.00      21.52     0.00     0.00       none       0.00    0.0000    0.00%  100.00%
    [20]  R2      P1         0.00      25.44     0.00     0.00       none       0.00    0.0000    0.00%  100.00%
    [21]  R2      P2         0.00      25.44     0.00     0.00       none       0.00    0.0000    0.00%  100.00%
    [22]  R2      P3         0.00      25.44     0.00     0.00       none       0.00    0.0000    0.00%  100.00%
    [23]  R2      P4         0.00      25.44     0.00     0.00       none       0.00    0.0000    0.00%  100.00%
    [24]  R2      P5         0.00      25.44     0.00     0.00       none       0.00    0.0000    0.00%  100.00%
    [25]  R4      P1         5.62      25.79     0.00     0.00       none       0.00    0.0000    0.00%  100.00%
    [26]  R4      P2         5.62      25.79     0.00     0.00       none       0.00    0.0000    0.00%  100.00%
    [27]  R4      P3         5.62      25.79     0.00     0.00       none       0.00    0.0000    0.00%  100.00%
    [28]  R4      P4         5.62      25.79     0.00     0.00       none       0.00    0.0000    0.00%  100.00%
    [29]  R4      P5         5.62      25.79     0.00     0.00       none       0.00    0.0000    0.00%  100.00%
    [30]  R5      P1         6.51      26.91     0.00     0.00       none       0.00    0.0000    0.00%  100.00%
    [31]  R5      P2         6.51      26.91     0.00     0.00       none       0.00    0.0000    0.00%  100.00%
    [32]  R5      P3         6.51      26.91     0.00     0.00       none       0.00    0.0000    0.00%  100.00%
    [33]  R5      P4         6.51      26.91     0.00     0.00       none       0.00    0.0000    0.00%  100.00%
    [34]  R5      P5         6.51      26.91     0.00     0.00       none       0.00    0.0000    0.00%  100.00%
    [35]  R6      P1         8.77      29.57     0.00     0.00       none       0.00    0.0000    0.00%  100.00%
    [36]  R6      P2         8.77      29.57     0.00     0.00       none       0.00    0.0000    0.00%  100.00%
    [37]  R6      P3         8.77      29.57     0.00     0.00       none       0.00    0.0000    0.00%  100.00%
    [38]  R6      P4         8.77      29.57     0.00     0.00       none       0.00    0.0000    0.00%  100.00%
    [39]  R6      P5         8.77      29.57     0.00     0.00       none       0.00    0.0000    0.00%  100.00%
    [40]  R7      P1        12.91      34.46     0.00     0.00       none       0.00    0.0000    0.00%  100.00%
    [41]  R7      P2        12.91      34.46     0.00     0.00       none       0.00    0.0000    0.00%  100.00%
    [42]  R7      P3        12.91      34.46     0.00     0.00       none       0.00    0.0000    0.00%  100.00%
    [43]  R7      P4        12.91      34.46     0.00     0.00       none       0.00    0.0000    0.00%  100.00%
    [44]  R7      P5        12.91      34.46     0.00     0.00       none       0.00    0.0000    0.00%  100.00%
    [45]  R9      P1        13.44      40.59     0.00     0.00       none       0.00    0.0000    0.00%  100.00%
    [46]  R9      P2        13.44      40.59     0.00     0.00       none       0.00    0.0000    0.00%  100.00%
    [47]  R9      P3        13.44      40.59     0.00     0.00       none       0.00    0.0000    0.00%  100.00%
    [48]  R9      P4        13.44      40.59     0.00     0.00       none       0.00    0.0000    0.00%  100.00%
    [49]  R9      P5        13.44      40.59     0.00     0.00       none       0.00    0.0000    0.00%  100.00%
    draw=0.6411  →  (R8, P1) (rank 0) selected

  Assignment: R8 → P1  [13.02 → 20.76]  delay=0.00
    J8-1       [13.02 → 20.75]

  Assigned so far:
    ID      Pos       start    finish    delay
    ----------------------------------------
    R8      P1        13.02     20.75     0.00

========================================================================
  STEP 2/10
========================================================================

  Pair evaluation  (45 pairs):
    Rank   ID      Pos     t_start   t_finish    delay      gap   blocking      score    weight     P(%)   cum(%)
    ---------------------------------------------------------------------------------------------------------
    [ 0]  R10     P2        18.84      28.10     0.00     0.00       none       0.00    1.0000   70.00%   70.00%
    [ 1]  R10     P3        18.84      28.10     0.00     0.00       none       0.00    0.3000   21.00%   91.00%
    [ 2]  R10     P4        18.84      28.10     0.00     0.00       none       0.00    0.0900    6.30%   97.30%
    [ 3]  R10     P5        18.84      28.10     0.00     0.00       none       0.00    0.0270    1.89%   99.19%
    [ 4]  R3      P2         0.00      16.05     0.00     0.00       none       0.00    0.0081    0.57%   99.76%
    [ 5]  R3      P3         0.00      16.05     0.00     0.00       none       0.00    0.0024    0.17%   99.93%
    [ 6]  R3      P4         0.00      16.05     0.00     0.00       none       0.00    0.0007    0.05%   99.98%
    [ 7]  R3      P5         0.00      16.05     0.00     0.00       none       0.00    0.0002    0.02%   99.99%
    [ 8]  R1      P2         0.00      21.52     0.00     0.00       none       0.00    0.0001    0.00%  100.00%
    [ 9]  R1      P3         0.00      21.52     0.00     0.00       none       0.00    0.0000    0.00%  100.00%
    [10]  R1      P4         0.00      21.52     0.00     0.00       none       0.00    0.0000    0.00%  100.00%
    [11]  R1      P5         0.00      21.52     0.00     0.00       none       0.00    0.0000    0.00%  100.00%
    [12]  R2      P2         0.00      25.44     0.00     0.00       none       0.00    0.0000    0.00%  100.00%
    [13]  R2      P3         0.00      25.44     0.00     0.00       none       0.00    0.0000    0.00%  100.00%
    [14]  R2      P4         0.00      25.44     0.00     0.00       none       0.00    0.0000    0.00%  100.00%
    [15]  R2      P5         0.00      25.44     0.00     0.00       none       0.00    0.0000    0.00%  100.00%
    [16]  R4      P1        30.76      50.93     0.00    10.00       none       0.00    0.0000    0.00%  100.00%
    [17]  R4      P2         5.62      25.79     0.00     0.00       none       0.00    0.0000    0.00%  100.00%
    [18]  R4      P3         5.62      25.79     0.00     0.00       none       0.00    0.0000    0.00%  100.00%
    [19]  R4      P4         5.62      25.79     0.00     0.00       none       0.00    0.0000    0.00%  100.00%
    [20]  R4      P5         5.62      25.79     0.00     0.00       none       0.00    0.0000    0.00%  100.00%
    [21]  R5      P1        30.76      51.16     0.00    10.00       none       0.00    0.0000    0.00%  100.00%
    [22]  R5      P2         6.51      26.91     0.00     0.00       none       0.00    0.0000    0.00%  100.00%
    [23]  R5      P3         6.51      26.91     0.00     0.00       none       0.00    0.0000    0.00%  100.00%
    [24]  R5      P4         6.51      26.91     0.00     0.00       none       0.00    0.0000    0.00%  100.00%
    [25]  R5      P5         6.51      26.91     0.00     0.00       none       0.00    0.0000    0.00%  100.00%
    [26]  R6      P1        30.76      51.56     0.00    10.00       none       0.00    0.0000    0.00%  100.00%
    [27]  R6      P2         8.77      29.57     0.00     0.00       none       0.00    0.0000    0.00%  100.00%
    [28]  R6      P3         8.77      29.57     0.00     0.00       none       0.00    0.0000    0.00%  100.00%
    [29]  R6      P4         8.77      29.57     0.00     0.00       none       0.00    0.0000    0.00%  100.00%
    [30]  R6      P5         8.77      29.57     0.00     0.00       none       0.00    0.0000    0.00%  100.00%
    [31]  R7      P1        30.76      52.31     0.00    10.00       none       0.00    0.0000    0.00%  100.00%
    [32]  R7      P2        12.91      34.46     0.00     0.00       none       0.00    0.0000    0.00%  100.00%
    [33]  R7      P3        12.91      34.46     0.00     0.00       none       0.00    0.0000    0.00%  100.00%
    [34]  R7      P4        12.91      34.46     0.00     0.00       none       0.00    0.0000    0.00%  100.00%
    [35]  R7      P5        12.91      34.46     0.00     0.00       none       0.00    0.0000    0.00%  100.00%
    [36]  R9      P1        30.76      57.91     0.00    10.00       none       0.00    0.0000    0.00%  100.00%
    [37]  R9      P2        13.44      40.59     0.00     0.00       none       0.00    0.0000    0.00%  100.00%
    [38]  R9      P3        13.44      40.59     0.00     0.00       none       0.00    0.0000    0.00%  100.00%
    [39]  R9      P4        13.44      40.59     0.00     0.00       none       0.00    0.0000    0.00%  100.00%
    [40]  R9      P5        13.44      40.59     0.00     0.00       none       0.00    0.0000    0.00%  100.00%
    [41]  R1      P1        30.76      52.28     1.21    10.00       none       1.21    0.0000    0.00%  100.00%
    [42]  R2      P1        30.76      56.20     2.84    10.00       none       2.84    0.0000    0.00%  100.00%
    [43]  R10     P1        30.76      40.02    10.13    10.00       none      10.13    0.0000    0.00%  100.00%
    [44]  R3      P1        30.76      46.80    11.18    10.00       none      11.18    0.0000    0.00%  100.00%
    draw=1.4193  →  (R3, P2) (rank 4) selected

  Assignment: R3 → P2  [0.00 → 16.05]  delay=0.00
    J3-1       [0.00 → 8.95]
    J3-2       [8.95 → 16.05]

  Assigned so far:
    ID      Pos       start    finish    delay
    ----------------------------------------
    R8      P1        13.02     20.75     0.00
    R3      P2         0.00     16.05     0.00

========================================================================
  STEP 3/10
========================================================================

  Pair evaluation  (40 pairs):
    Rank   ID      Pos     t_start   t_finish    delay      gap   blocking      score    weight     P(%)   cum(%)
    ---------------------------------------------------------------------------------------------------------
    [ 0]  R10     P3        18.84      28.10     0.00     0.00       none       0.00    1.0000   70.00%   70.00%
    [ 1]  R10     P4        18.84      28.10     0.00     0.00       none       0.00    0.3000   21.00%   91.00%
    [ 2]  R10     P5        18.84      28.10     0.00     0.00       none       0.00    0.0900    6.30%   97.30%
    [ 3]  R1      P2        26.05      47.57     0.00    10.00       none       0.00    0.0270    1.89%   99.19%
    [ 4]  R1      P3         0.00      21.52     0.00     0.00       none       0.00    0.0081    0.57%   99.76%
    [ 5]  R1      P4         0.00      21.52     0.00     0.00       none       0.00    0.0024    0.17%   99.93%
    [ 6]  R1      P5         0.00      21.52     0.00     0.00       none       0.00    0.0007    0.05%   99.98%
    [ 7]  R2      P2        26.05      51.49     0.00    10.00       none       0.00    0.0002    0.02%   99.99%
    [ 8]  R2      P3         0.00      25.44     0.00     0.00       none       0.00    0.0001    0.00%  100.00%
    [ 9]  R2      P4         0.00      25.44     0.00     0.00       none       0.00    0.0000    0.00%  100.00%
    [10]  R2      P5         0.00      25.44     0.00     0.00       none       0.00    0.0000    0.00%  100.00%
    [11]  R4      P1        30.76      50.93     0.00    10.00       none       0.00    0.0000    0.00%  100.00%
    [12]  R4      P2        26.05      46.22     0.00    10.00       none       0.00    0.0000    0.00%  100.00%
    [13]  R4      P3         5.62      25.79     0.00     0.00       none       0.00    0.0000    0.00%  100.00%
    [14]  R4      P4         5.62      25.79     0.00     0.00       none       0.00    0.0000    0.00%  100.00%
    [15]  R4      P5         5.62      25.79     0.00     0.00       none       0.00    0.0000    0.00%  100.00%
    [16]  R5      P1        30.76      51.16     0.00    10.00       none       0.00    0.0000    0.00%  100.00%
    [17]  R5      P2        26.05      46.45     0.00    10.00       none       0.00    0.0000    0.00%  100.00%
    [18]  R5      P3         6.51      26.91     0.00     0.00       none       0.00    0.0000    0.00%  100.00%
    [19]  R5      P4         6.51      26.91     0.00     0.00       none       0.00    0.0000    0.00%  100.00%
    [20]  R5      P5         6.51      26.91     0.00     0.00       none       0.00    0.0000    0.00%  100.00%
    [21]  R6      P1        30.76      51.56     0.00    10.00       none       0.00    0.0000    0.00%  100.00%
    [22]  R6      P2        26.05      46.85     0.00    10.00       none       0.00    0.0000    0.00%  100.00%
    [23]  R6      P3         8.77      29.57     0.00     0.00       none       0.00    0.0000    0.00%  100.00%
    [24]  R6      P4         8.77      29.57     0.00     0.00       none       0.00    0.0000    0.00%  100.00%
    [25]  R6      P5         8.77      29.57     0.00     0.00       none       0.00    0.0000    0.00%  100.00%
    [26]  R7      P1        30.76      52.31     0.00    10.00       none       0.00    0.0000    0.00%  100.00%
    [27]  R7      P2        26.05      47.60     0.00    10.00       none       0.00    0.0000    0.00%  100.00%
    [28]  R7      P3        12.91      34.46     0.00     0.00       none       0.00    0.0000    0.00%  100.00%
    [29]  R7      P4        12.91      34.46     0.00     0.00       none       0.00    0.0000    0.00%  100.00%
    [30]  R7      P5        12.91      34.46     0.00     0.00       none       0.00    0.0000    0.00%  100.00%
    [31]  R9      P1        30.76      57.91     0.00    10.00       none       0.00    0.0000    0.00%  100.00%
    [32]  R9      P2        26.05      53.20     0.00    10.00       none       0.00    0.0000    0.00%  100.00%
    [33]  R9      P3        13.44      40.59     0.00     0.00       none       0.00    0.0000    0.00%  100.00%
    [34]  R9      P4        13.44      40.59     0.00     0.00       none       0.00    0.0000    0.00%  100.00%
    [35]  R9      P5        13.44      40.59     0.00     0.00       none       0.00    0.0000    0.00%  100.00%
    [36]  R1      P1        30.76      52.28     1.21    10.00       none       1.21    0.0000    0.00%  100.00%
    [37]  R2      P1        30.76      56.20     2.84    10.00       none       2.84    0.0000    0.00%  100.00%
    [38]  R10     P2        26.05      35.31     5.42    10.00       none       5.42    0.0000    0.00%  100.00%
    [39]  R10     P1        30.76      40.02    10.13    10.00       none      10.13    0.0000    0.00%  100.00%
    draw=0.5417  →  (R10, P3) (rank 0) selected

  Assignment: R10 → P3  [18.84 → 28.10]  delay=0.00
    J10-1      [18.84 → 28.10]

  Assigned so far:
    ID      Pos       start    finish    delay
    ----------------------------------------
    R8      P1        13.02     20.75     0.00
    R3      P2         0.00     16.05     0.00
    R10     P3        18.84     28.10     0.00

========================================================================
  STEP 4/10
========================================================================

  Pair evaluation  (35 pairs):
    Rank   ID      Pos     t_start   t_finish    delay      gap   blocking      score    weight     P(%)   cum(%)
    ---------------------------------------------------------------------------------------------------------
    [ 0]  R1      P2        26.05      47.57     0.00    10.00       none       0.00    1.0000   70.00%   70.00%
    [ 1]  R1      P4         0.00      21.52     0.00     0.00      2 mov       0.00    0.3000   21.00%   91.00%
    [ 2]  R1      P5         0.00      21.52     0.00     0.00      2 mov       0.00    0.0900    6.30%   97.30%
    [ 3]  R2      P2        26.05      51.49     0.00    10.00       none       0.00    0.0270    1.89%   99.19%
    [ 4]  R2      P4         0.00      25.44     0.00     0.00      2 mov       0.00    0.0081    0.57%   99.76%
    [ 5]  R2      P5         0.00      25.44     0.00     0.00      2 mov       0.00    0.0024    0.17%   99.93%
    [ 6]  R4      P1        30.76      50.93     0.00    10.00       none       0.00    0.0007    0.05%   99.98%
    [ 7]  R4      P2        26.05      46.22     0.00    10.00       none       0.00    0.0002    0.02%   99.99%
    [ 8]  R4      P4         5.62      25.79     0.00     0.00      2 mov       0.00    0.0001    0.00%  100.00%
    [ 9]  R4      P5         5.62      25.79     0.00     0.00      2 mov       0.00    0.0000    0.00%  100.00%
    [10]  R5      P1        30.76      51.16     0.00    10.00       none       0.00    0.0000    0.00%  100.00%
    [11]  R5      P2        26.05      46.45     0.00    10.00       none       0.00    0.0000    0.00%  100.00%
    [12]  R5      P3        38.10      58.50     0.00    10.00       none       0.00    0.0000    0.00%  100.00%
    [13]  R5      P4         6.51      26.91     0.00     0.00      2 mov       0.00    0.0000    0.00%  100.00%
    [14]  R5      P5         6.51      26.91     0.00     0.00      2 mov       0.00    0.0000    0.00%  100.00%
    [15]  R6      P1        30.76      51.56     0.00    10.00       none       0.00    0.0000    0.00%  100.00%
    [16]  R6      P2        26.05      46.85     0.00    10.00       none       0.00    0.0000    0.00%  100.00%
    [17]  R6      P3        38.10      58.90     0.00    10.00       none       0.00    0.0000    0.00%  100.00%
    [18]  R6      P4         8.77      29.57     0.00     0.00       none       0.00    0.0000    0.00%  100.00%
    [19]  R6      P5         8.77      29.57     0.00     0.00       none       0.00    0.0000    0.00%  100.00%
    [20]  R7      P1        30.76      52.31     0.00    10.00       none       0.00    0.0000    0.00%  100.00%
    [21]  R7      P2        26.05      47.60     0.00    10.00       none       0.00    0.0000    0.00%  100.00%
    [22]  R7      P3        38.10      59.65     0.00    10.00       none       0.00    0.0000    0.00%  100.00%
    [23]  R7      P4        12.91      34.46     0.00     0.00       none       0.00    0.0000    0.00%  100.00%
    [24]  R7      P5        12.91      34.46     0.00     0.00       none       0.00    0.0000    0.00%  100.00%
    [25]  R9      P1        30.76      57.91     0.00    10.00       none       0.00    0.0000    0.00%  100.00%
    [26]  R9      P2        26.05      53.20     0.00    10.00       none       0.00    0.0000    0.00%  100.00%
    [27]  R9      P3        38.10      65.25     0.00    10.00       none       0.00    0.0000    0.00%  100.00%
    [28]  R9      P4        13.44      40.59     0.00     0.00       none       0.00    0.0000    0.00%  100.00%
    [29]  R9      P5        13.44      40.59     0.00     0.00       none       0.00    0.0000    0.00%  100.00%
    [30]  R1      P1        30.76      52.28     1.21    10.00       none       1.21    0.0000    0.00%  100.00%
    [31]  R2      P1        30.76      56.20     2.84    10.00       none       2.84    0.0000    0.00%  100.00%
    [32]  R4      P3        38.10      58.27     3.20    10.00       none       3.20    0.0000    0.00%  100.00%
    [33]  R1      P3        38.10      59.62     8.56    10.00       none       8.56    0.0000    0.00%  100.00%
    [34]  R2      P3        38.10      63.54    10.19    10.00       none      10.19    0.0000    0.00%  100.00%
    draw=0.8355  →  (R1, P2) (rank 0) selected

  Assignment: R1 → P2  [26.05 → 47.57]  delay=0.00
    J1-1       [26.05 → 32.60]
    J1-2       [32.60 → 39.04]
    J1-3       [39.04 → 47.57]

  Assigned so far:
    ID      Pos       start    finish    delay
    ----------------------------------------
    R8      P1        13.02     20.75     0.00
    R3      P2         0.00     16.05     0.00
    R10     P3        18.84     28.10     0.00
    R1      P2        26.05     47.57     0.00

========================================================================
  STEP 5/10
========================================================================

  Pair evaluation  (30 pairs):
    Rank   ID      Pos     t_start   t_finish    delay      gap   blocking      score    weight     P(%)   cum(%)
    ---------------------------------------------------------------------------------------------------------
    [ 0]  R2      P4         0.00      25.44     0.00     0.00      2 mov       0.00    1.0000   70.00%   70.00%
    [ 1]  R2      P5         0.00      25.44     0.00     0.00      2 mov       0.00    0.3000   21.00%   91.00%
    [ 2]  R4      P1        30.76      50.93     0.00    10.00       none       0.00    0.0900    6.30%   97.30%
    [ 3]  R4      P4         5.62      25.79     0.00     0.00      2 mov       0.00    0.0270    1.89%   99.19%
    [ 4]  R4      P5         5.62      25.79     0.00     0.00      2 mov       0.00    0.0081    0.57%   99.76%
    [ 5]  R5      P1        30.76      51.16     0.00    10.00       none       0.00    0.0024    0.17%   99.93%
    [ 6]  R5      P3        38.10      58.50     0.00    10.00       none       0.00    0.0007    0.05%   99.98%
    [ 7]  R5      P4         6.51      26.91     0.00     0.00      2 mov       0.00    0.0002    0.02%   99.99%
    [ 8]  R5      P5         6.51      26.91     0.00     0.00      2 mov       0.00    0.0001    0.00%  100.00%
    [ 9]  R6      P1        30.76      51.56     0.00    10.00       none       0.00    0.0000    0.00%  100.00%
    [10]  R6      P3        38.10      58.90     0.00    10.00       none       0.00    0.0000    0.00%  100.00%
    [11]  R6      P4         8.77      29.57     0.00     0.00       none       0.00    0.0000    0.00%  100.00%
    [12]  R6      P5         8.77      29.57     0.00     0.00       none       0.00    0.0000    0.00%  100.00%
    [13]  R7      P1        30.76      52.31     0.00    10.00       none       0.00    0.0000    0.00%  100.00%
    [14]  R7      P3        38.10      59.65     0.00    10.00       none       0.00    0.0000    0.00%  100.00%
    [15]  R7      P4        12.91      34.46     0.00     0.00       none       0.00    0.0000    0.00%  100.00%
    [16]  R7      P5        12.91      34.46     0.00     0.00       none       0.00    0.0000    0.00%  100.00%
    [17]  R9      P1        30.76      57.91     0.00    10.00       none       0.00    0.0000    0.00%  100.00%
    [18]  R9      P3        38.10      65.25     0.00    10.00       none       0.00    0.0000    0.00%  100.00%
    [19]  R9      P4        13.44      40.59     0.00     0.00       none       0.00    0.0000    0.00%  100.00%
    [20]  R9      P5        13.44      40.59     0.00     0.00       none       0.00    0.0000    0.00%  100.00%
    [21]  R2      P1        30.76      56.20     2.84    10.00       none       2.84    0.0000    0.00%  100.00%
    [22]  R4      P3        38.10      58.27     3.20    10.00       none       3.20    0.0000    0.00%  100.00%
    [23]  R2      P3        38.10      63.54    10.19    10.00       none      10.19    0.0000    0.00%  100.00%
    [24]  R9      P2        57.57      84.72    14.13    10.00       none      14.13    0.0000    0.00%  100.00%
    [25]  R7      P2        57.57      79.12    15.13    10.00       none      15.13    0.0000    0.00%  100.00%
    [26]  R6      P2        57.57      78.37    15.48    10.00       none      15.48    0.0000    0.00%  100.00%
    [27]  R5      P2        57.57      77.97    17.96    10.00       none      17.96    0.0000    0.00%  100.00%
    [28]  R4      P2        57.57      77.74    22.67    10.00       none      22.67    0.0000    0.00%  100.00%
    [29]  R2      P2        57.57      83.01    29.66    10.00       none      29.66    0.0000    0.00%  100.00%
    draw=0.0292  →  (R2, P4) (rank 0) selected
  start-time compare  R2 → P4:  t_imm=0.00 cost=0.00 (2 new movs)  vs  t_nob=2.66 cost=0.00

  Assignment: R2 → P4  [0.00 → 25.44]  delay=0.00
    J2-1       [0.00 → 7.50]
    J2-2       [7.50 → 15.75]
    J2-3       [15.75 → 25.44]

  Assigned so far:
    ID      Pos       start    finish    delay
    ----------------------------------------
    R8      P1        13.02     20.75     0.00
    R3      P2         0.00     16.05     0.00
    R10     P3        18.84     28.10     0.00
    R1      P2        26.05     47.57     0.00
    R2      P4         0.00     25.44     0.00

========================================================================
  STEP 6/10
========================================================================

  Pair evaluation  (25 pairs):
    Rank   ID      Pos     t_start   t_finish    delay      gap   blocking      score    weight     P(%)   cum(%)
    ---------------------------------------------------------------------------------------------------------
    [ 0]  R4      P1        30.76      50.93     0.00    10.00      2 mov       0.00    1.0000   70.00%   70.00%
    [ 1]  R4      P5         5.62      25.79     0.00     0.00      6 mov       0.00    0.3000   21.00%   91.00%
    [ 2]  R5      P1        30.76      51.16     0.00    10.00      2 mov       0.00    0.0900    6.30%   97.30%
    [ 3]  R5      P3        38.10      58.50     0.00    10.00      2 mov       0.00    0.0270    1.89%   99.19%
    [ 4]  R5      P4        35.44      55.84     0.00    10.00      2 mov       0.00    0.0081    0.57%   99.76%
    [ 5]  R5      P5         6.51      26.91     0.00     0.00      6 mov       0.00    0.0024    0.17%   99.93%
    [ 6]  R6      P1        30.76      51.56     0.00    10.00      2 mov       0.00    0.0007    0.05%   99.98%
    [ 7]  R6      P3        38.10      58.90     0.00    10.00      2 mov       0.00    0.0002    0.02%   99.99%
    [ 8]  R6      P4        35.44      56.24     0.00    10.00      2 mov       0.00    0.0001    0.00%  100.00%
    [ 9]  R6      P5         8.77      29.57     0.00     0.00      4 mov       0.00    0.0000    0.00%  100.00%
    [10]  R7      P1        30.76      52.31     0.00    10.00      2 mov       0.00    0.0000    0.00%  100.00%
    [11]  R7      P3        38.10      59.65     0.00    10.00      2 mov       0.00    0.0000    0.00%  100.00%
    [12]  R7      P4        35.44      56.99     0.00    10.00      2 mov       0.00    0.0000    0.00%  100.00%
    [13]  R7      P5        12.91      34.46     0.00     0.00      4 mov       0.00    0.0000    0.00%  100.00%
    [14]  R9      P1        30.76      57.91     0.00    10.00      2 mov       0.00    0.0000    0.00%  100.00%
    [15]  R9      P3        38.10      65.25     0.00    10.00      2 mov       0.00    0.0000    0.00%  100.00%
    [16]  R9      P4        35.44      62.59     0.00    10.00      2 mov       0.00    0.0000    0.00%  100.00%
    [17]  R9      P5        13.44      40.59     0.00     0.00      4 mov       0.00    0.0000    0.00%  100.00%
    [18]  R4      P4        35.44      55.61     0.54    10.00      2 mov       0.54    0.0000    0.00%  100.00%
    [19]  R4      P3        38.10      58.27     3.20    10.00      2 mov       3.20    0.0000    0.00%  100.00%
    [20]  R9      P2        57.57      84.72    14.13    10.00      2 mov      14.13    0.0000    0.00%  100.00%
    [21]  R7      P2        57.57      79.12    15.13    10.00      2 mov      15.13    0.0000    0.00%  100.00%
    [22]  R6      P2        57.57      78.37    15.48    10.00      2 mov      15.48    0.0000    0.00%  100.00%
    [23]  R5      P2        57.57      77.97    17.96    10.00      2 mov      17.96    0.0000    0.00%  100.00%
    [24]  R4      P2        57.57      77.74    22.67    10.00      2 mov      22.67    0.0000    0.00%  100.00%
    draw=0.0802  →  (R4, P1) (rank 0) selected

  Assignment: R4 → P1  [30.76 → 50.93]  delay=0.00
    J4-1       [30.75 → 37.24]
    J4-2       [37.24 → 43.62]
    J4-3       [43.62 → 50.92]

  Assigned so far:
    ID      Pos       start    finish    delay
    ----------------------------------------
    R8      P1        13.02     20.75     0.00
    R3      P2         0.00     16.05     0.00
    R10     P3        18.84     28.10     0.00
    R1      P2        26.05     47.57     0.00
    R2      P4         0.00     25.44     0.00
    R4      P1        30.75     50.92     0.00

========================================================================
  STEP 7/10
========================================================================

  Pair evaluation  (20 pairs):
    Rank   ID      Pos     t_start   t_finish    delay      gap   blocking      score    weight     P(%)   cum(%)
    ---------------------------------------------------------------------------------------------------------
    [ 0]  R5      P3        38.10      58.50     0.00    10.00      2 mov       0.00    1.0000   70.00%   70.00%
    [ 1]  R5      P4        35.44      55.84     0.00    10.00      2 mov       0.00    0.3000   21.00%   91.00%
    [ 2]  R5      P5         6.51      26.91     0.00     0.00      6 mov       0.00    0.0900    6.30%   97.30%
    [ 3]  R6      P3        38.10      58.90     0.00    10.00      2 mov       0.00    0.0270    1.89%   99.19%
    [ 4]  R6      P4        35.44      56.24     0.00    10.00      2 mov       0.00    0.0081    0.57%   99.76%
    [ 5]  R6      P5         8.77      29.57     0.00     0.00      4 mov       0.00    0.0024    0.17%   99.93%
    [ 6]  R7      P3        38.10      59.65     0.00    10.00      2 mov       0.00    0.0007    0.05%   99.98%
    [ 7]  R7      P4        35.44      56.99     0.00    10.00      2 mov       0.00    0.0002    0.02%   99.99%
    [ 8]  R7      P5        12.91      34.46     0.00     0.00      4 mov       0.00    0.0001    0.00%  100.00%
    [ 9]  R9      P3        38.10      65.25     0.00    10.00      2 mov       0.00    0.0000    0.00%  100.00%
    [10]  R9      P4        35.44      62.59     0.00    10.00      2 mov       0.00    0.0000    0.00%  100.00%
    [11]  R9      P5        13.44      40.59     0.00     0.00      4 mov       0.00    0.0000    0.00%  100.00%
    [12]  R9      P2        57.57      84.72    14.13    10.00      2 mov      14.13    0.0000    0.00%  100.00%
    [13]  R7      P2        57.57      79.12    15.13    10.00      2 mov      15.13    0.0000    0.00%  100.00%
    [14]  R6      P2        57.57      78.37    15.48    10.00      2 mov      15.48    0.0000    0.00%  100.00%
    [15]  R9      P1        60.93      88.08    17.49    10.00      2 mov      17.49    0.0000    0.00%  100.00%
    [16]  R5      P2        57.57      77.97    17.96    10.00      2 mov      17.96    0.0000    0.00%  100.00%
    [17]  R7      P1        60.93      82.48    18.48    10.00      2 mov      18.48    0.0000    0.00%  100.00%
    [18]  R6      P1        60.93      81.73    18.83    10.00      2 mov      18.83    0.0000    0.00%  100.00%
    [19]  R5      P1        60.93      81.33    21.31    10.00      2 mov      21.31    0.0000    0.00%  100.00%
    draw=0.8937  →  (R5, P3) (rank 0) selected

  Assignment: R5 → P3  [38.10 → 58.50]  delay=0.00
    J5-1       [38.10 → 44.16]
    J5-2       [44.16 → 49.89]
    J5-3       [49.89 → 58.50]

  Assigned so far:
    ID      Pos       start    finish    delay
    ----------------------------------------
    R8      P1        13.02     20.75     0.00
    R3      P2         0.00     16.05     0.00
    R10     P3        18.84     28.10     0.00
    R1      P2        26.05     47.57     0.00
    R2      P4         0.00     25.44     0.00
    R4      P1        30.75     50.92     0.00
    R5      P3        38.10     58.50     0.00

========================================================================
  STEP 8/10
========================================================================

  Pair evaluation  (15 pairs):
    Rank   ID      Pos     t_start   t_finish    delay      gap   blocking      score    weight     P(%)   cum(%)
    ---------------------------------------------------------------------------------------------------------
    [ 0]  R6      P4        35.44      56.24     0.00    10.00      4 mov       0.00    1.0000   70.00%   70.00%
    [ 1]  R6      P5         8.77      29.57     0.00     0.00      4 mov       0.00    0.3000   21.00%   91.00%
    [ 2]  R7      P4        35.44      56.99     0.00    10.00      4 mov       0.00    0.0900    6.30%   97.30%
    [ 3]  R7      P5        12.91      34.46     0.00     0.00      4 mov       0.00    0.0270    1.89%   99.19%
    [ 4]  R9      P4        35.44      62.59     0.00    10.00      2 mov       0.00    0.0081    0.57%   99.76%
    [ 5]  R9      P5        13.44      40.59     0.00     0.00      6 mov       0.00    0.0024    0.17%   99.93%
    [ 6]  R9      P2        57.57      84.72    14.13    10.00      2 mov      14.13    0.0007    0.05%   99.98%
    [ 7]  R7      P2        57.57      79.12    15.13    10.00      2 mov      15.13    0.0002    0.02%   99.99%
    [ 8]  R6      P2        57.57      78.37    15.48    10.00      2 mov      15.48    0.0001    0.00%  100.00%
    [ 9]  R9      P1        60.93      88.08    17.49    10.00      2 mov      17.49    0.0000    0.00%  100.00%
    [10]  R7      P1        60.93      82.48    18.48    10.00      2 mov      18.48    0.0000    0.00%  100.00%
    [11]  R6      P1        60.93      81.73    18.83    10.00      2 mov      18.83    0.0000    0.00%  100.00%
    [12]  R9      P3        68.50      95.65    25.06    10.00      2 mov      25.06    0.0000    0.00%  100.00%
    [13]  R7      P3        68.50      90.05    26.06    10.00      2 mov      26.06    0.0000    0.00%  100.00%
    [14]  R6      P3        68.50      89.30    26.41    10.00      2 mov      26.41    0.0000    0.00%  100.00%
    draw=1.3818  →  (R7, P4) (rank 2) selected
  start-time compare  R7 → P4:  t_imm=35.44 cost=0.00 (2 new movs)  vs  t_nob=36.95 cost=0.00

  Assignment: R7 → P4  [35.44 → 56.99]  delay=0.00
    J7-1       [35.44 → 41.21]
    J7-2       [41.21 → 47.69]
    J7-3       [47.69 → 56.99]

  Assigned so far:
    ID      Pos       start    finish    delay
    ----------------------------------------
    R8      P1        13.02     20.75     0.00
    R3      P2         0.00     16.05     0.00
    R10     P3        18.84     28.10     0.00
    R1      P2        26.05     47.57     0.00
    R2      P4         0.00     25.44     0.00
    R4      P1        30.75     50.92     0.00
    R5      P3        38.10     58.50     0.00
    R7      P4        35.44     56.99     0.00

========================================================================
  STEP 9/10
========================================================================

  Pair evaluation  (10 pairs):
    Rank   ID      Pos     t_start   t_finish    delay      gap   blocking      score    weight     P(%)   cum(%)
    ---------------------------------------------------------------------------------------------------------
    [ 0]  R6      P5         8.77      29.57     0.00     0.00      6 mov       0.00    1.0000   70.00%   70.00%
    [ 1]  R9      P5        13.44      40.59     0.00     0.00     10 mov       0.00    0.3000   21.00%   91.00%
    [ 2]  R9      P2        57.57      84.72    14.13    10.00      4 mov      14.13    0.0900    6.30%   97.30%
    [ 3]  R6      P2        57.57      78.37    15.48    10.00      4 mov      15.48    0.0270    1.89%   99.19%
    [ 4]  R9      P1        60.93      88.08    17.49    10.00      4 mov      17.49    0.0081    0.57%   99.76%
    [ 5]  R6      P1        60.93      81.73    18.83    10.00      4 mov      18.83    0.0024    0.17%   99.93%
    [ 6]  R9      P4        66.99      94.14    23.55    10.00      4 mov      23.55    0.0007    0.05%   99.98%
    [ 7]  R6      P4        66.99      87.79    24.90    10.00      4 mov      24.90    0.0002    0.02%   99.99%
    [ 8]  R9      P3        68.50      95.65    25.06    10.00      4 mov      25.06    0.0001    0.00%  100.00%
    [ 9]  R6      P3        68.50      89.30    26.41    10.00      4 mov      26.41    0.0000    0.00%  100.00%
    draw=0.8327  →  (R6, P5) (rank 0) selected
  start-time compare  R6 → P5:  t_imm=8.77 cost=0.00 (2 new movs)  vs  t_nob=58.50 cost=16.41

  Assignment: R6 → P5  [8.77 → 29.57]  delay=0.00
    J6-1       [8.77 → 13.07]
    J6-2       [13.07 → 20.72]
    J6-3       [20.72 → 29.57]

  Assigned so far:
    ID      Pos       start    finish    delay
    ----------------------------------------
    R8      P1        13.02     20.75     0.00
    R3      P2         0.00     16.05     0.00
    R10     P3        18.84     28.10     0.00
    R1      P2        26.05     47.57     0.00
    R2      P4         0.00     25.44     0.00
    R4      P1        30.75     50.92     0.00
    R5      P3        38.10     58.50     0.00
    R7      P4        35.44     56.99     0.00
    R6      P5         8.77     29.57     0.00

========================================================================
  STEP 10/10
========================================================================

  Pair evaluation  (5 pairs):
    Rank   ID      Pos     t_start   t_finish    delay      gap   blocking      score    weight     P(%)   cum(%)
    ---------------------------------------------------------------------------------------------------------
    [ 0]  R9      P5        39.57      66.72     0.00    10.00     10 mov       0.00    1.0000   70.17%   70.17%
    [ 1]  R9      P2        57.57      84.72    14.13    10.00      6 mov      14.13    0.3000   21.05%   91.22%
    [ 2]  R9      P1        60.93      88.08    17.49    10.00      6 mov      17.49    0.0900    6.32%   97.54%
    [ 3]  R9      P4        66.99      94.14    23.55    10.00      6 mov      23.55    0.0270    1.89%   99.43%
    [ 4]  R9      P3        68.50      95.65    25.06    10.00      6 mov      25.06    0.0081    0.57%  100.00%
    draw=0.4344  →  (R9, P5) (rank 0) selected
  start-time compare  R9 → P5:  t_imm=39.57 cost=0.00 (4 new movs)  vs  t_nob=58.50 cost=15.06

  Assignment: R9 → P5  [39.57 → 66.72]  delay=0.00
    J9-1       [39.57 → 46.72]
    J9-2       [46.72 → 56.75]
    J9-3       [56.75 → 66.72]

  Assigned so far:
    ID      Pos       start    finish    delay
    ----------------------------------------
    R8      P1        13.02     20.75     0.00
    R3      P2         0.00     16.05     0.00
    R10     P3        18.84     28.10     0.00
    R1      P2        26.05     47.57     0.00
    R2      P4         0.00     25.44     0.00
    R4      P1        30.75     50.92     0.00
    R5      P3        38.10     58.50     0.00
    R7      P4        35.44     56.99     0.00
    R6      P5         8.77     29.57     0.00
    R9      P5        39.57     66.72     0.00

========================================================================
  Iteration result:  makespan=66.72  movements=10  delay=0.00
========================================================================

========================================================================
  Local search start  obj=0.00
========================================================================
  Local search end    obj=0.00

────────────────────────────────────────────────────────────────────────
  Iteration history
────────────────────────────────────────────────────────────────────────
      Iter   Time(s)           Obj    Makespan       Delay    Mov
  ------------------------------------------------------------
         1      0.00         10.13       64.06       10.13     10  *
         2      0.05          0.00       66.72        0.00     10  *
         3      0.07          0.00       65.25        0.00     14
         4      0.09          1.02       71.61        1.02     10
         5      0.12          0.00       66.72        0.00     12
         6      0.15          0.00       62.94        0.00     10
         7      0.17          0.00       65.25        0.00     12
         8      0.19          0.00       62.94        0.00     10
         9      0.21          1.02       71.61        1.02     14
        10      0.24         17.49       88.08       17.49      6
        11      0.26          0.00       66.72        0.00     12
        12      0.28          0.00       58.90        0.00     12
        13      0.30          0.00       66.72        0.00      8
        14      0.32         14.13       84.72       14.13      6
        15      0.34         10.13       64.06       10.13      8
        16      0.38         10.13       64.06       10.13     10
        17      0.41          0.00       62.94        0.00     10
        18      0.43          1.02       71.61        1.02     12
        19      0.45         18.25       88.84       18.25      8
        20      0.47          0.00       62.59        0.00      8
        21      0.49         15.13       79.12       15.13     10
        22      0.51         10.13       64.06       10.13     10
        23      0.54         14.13       84.72       14.13      6
        24      0.56         10.13       64.06       10.13     10
        25      0.61         18.05       88.64       18.05      8
        26      0.64         17.72       88.31       17.72      8
        27      0.66          0.00       59.65        0.00      8
        28      0.69         10.13       64.06       10.13     10
        29      0.72          0.00       66.72        0.00     12
        30      0.74         18.05       88.64       18.05     12
        31      0.76          0.00       64.06        0.00     12
        32      0.78         14.13       84.72       14.13      8
        33      0.80          1.02       71.61        1.02     16
        34      0.82         10.13       64.06       10.13     10
        35      0.85          0.00       65.25        0.00     12
        36      0.87         17.49       88.08       17.49      8
        37      0.89          0.00       62.59        0.00      8
        38      0.91          1.02       71.61        1.02     10
        39      0.93          1.02       71.61        1.02     12
        40      0.95         17.72       88.31       17.72      8
        41      0.96          0.00       62.94        0.00     10
        42      0.98         14.13       84.72       14.13      6
        43      1.00          0.00       66.72        0.00     10
        44      1.02          1.02       71.61        1.02     12
        45      1.04          0.00       62.59        0.00     12
        46      1.06          0.00       66.72        0.00     12
        47      1.08         19.05       83.04       19.05     10
        48      1.10         15.13       79.12       15.13     10
        49      1.14         14.13       84.72       14.13     10
        50      1.19         18.05       88.64       18.05     10
        51      1.21          0.00       58.90        0.00     14
        52      1.25         14.13       84.72       14.13      6
        53      1.27          1.02       71.61        1.02     14
        54      1.30          0.00       66.72        0.00     12
        55      1.33          1.02       71.61        1.02     16
        56      1.36          0.00       62.59        0.00      8
        57      1.38          1.02       71.61        1.02     12
        58      1.41          0.00       66.72        0.00     10
        59      1.43         15.13       79.12       15.13     10
        60      1.45          0.00       58.90        0.00      8
        61      1.47          1.02       71.61        1.02     12
        62      1.49         14.13       84.72       14.13      4
        63      1.51          0.00       62.94        0.00     10
        64      1.53          1.02       71.61        1.02     12
        65      1.55          1.02       71.61        1.02     12
        66      1.57          0.00       62.59        0.00      8
        67      1.60          8.15       72.14        8.15     14
        68      1.62         14.16       84.75       14.16     10
        69      1.64          1.02       71.61        1.02     12
        70      1.66          1.02       71.61        1.02     12
        71      1.68          0.00       66.72        0.00     10
        72      1.70         14.13       84.72       14.13      6
        73      1.72         14.13       84.72       14.13      8
        74      1.74          1.02       71.61        1.02     16
        75      1.76          1.02       71.61        1.02     12
        76      1.78          1.02       71.61        1.02     10
        77      1.80          0.00       62.94        0.00     10
        78      1.82          1.02       71.61        1.02     14
        79      1.84          0.00       62.59        0.00     10
        80      1.87          5.42       57.91        5.42     10
        81      1.90          1.02       71.61        1.02     16
        82      1.92          1.02       71.61        1.02     12
        83      1.94         22.40       92.99       22.40      6
        84      1.96          1.02       71.61        1.02     12
        85      1.98          0.00       62.94        0.00     10
        86      2.00         14.13       84.72       14.13      8
        87      2.02          1.02       71.61        1.02     14
        88      2.04          1.02       71.61        1.02     16
        89      2.06         23.55       94.14       23.55      6
        90      2.08          0.00       58.50        0.00     12
        91      2.10          0.00       62.59        0.00      6
        92      2.12         10.13       64.06       10.13     12
        93      2.15          1.02       71.61        1.02     10
        94      2.18          0.00       66.72        0.00     12
        95      2.20          0.00       62.59        0.00      6
        96      2.22          1.02       71.61        1.02     12
        97      2.24         10.13       64.06       10.13      6
        98      2.27          0.00       62.59        0.00     16
        99      2.29          1.02       71.61        1.02     12
       100      2.31          0.00       58.50        0.00      8
       101      2.33          0.00       62.59        0.00      8
       102      2.35         10.13       64.06       10.13     12
       103      2.38         22.80       93.39       22.80      6
       104      2.40          0.00       62.59        0.00      8
       105      2.42          1.02       71.61        1.02     12
       106      2.44         14.13       84.72       14.13      6
       107      2.45          0.00       65.25        0.00     10
       108      2.47         26.06       90.05       26.06      6
       109      2.49          0.00       62.94        0.00     10
       110      2.51          0.00       66.72        0.00     12
       111      2.53          1.02       71.61        1.02     14
       112      2.55         10.13       58.67       10.13     16
       113      2.57          0.00       65.25        0.00     12
       114      2.59          1.02       71.61        1.02     12
       115      2.61         14.13       84.72       14.13      8
       116      2.63          0.00       62.59        0.00     10
       117      2.65          0.00       62.94        0.00     10
       118      2.67         14.13       84.72       14.13      8
       119      2.69          0.00       58.90        0.00      8
       120      2.71          8.15       72.14        8.15     16
       121      2.72          1.02       71.61        1.02     14
       122      2.74          0.00       65.25        0.00     10
       123      2.76          0.00       58.90        0.00     10
       124      2.78          8.15       72.14        8.15     12
       125      2.80          0.00       62.59        0.00      8
       126      2.82          0.00       62.94        0.00     10
       127      2.84         25.06       95.65       25.06      8
       128      2.86          0.00       58.90        0.00     10
       129      2.88          1.02       71.61        1.02     12
       130      2.90          1.02       71.61        1.02     10
       131      2.92         14.13       84.72       14.13      4
       132      2.94         18.05       88.64       18.05     12
       133      2.96          1.02       71.61        1.02     10
       134      2.97          0.00       66.72        0.00      8
       135      2.99         14.13       84.72       14.13      6
       136      3.01          0.00       62.94        0.00     10
       137      3.03          0.00       62.59        0.00      8
       138      3.05         18.25       88.84       18.25      6
       139      3.06          0.00       58.67        0.00     10
       140      3.08          0.00       62.59        0.00      6
       141      3.10          0.00       66.72        0.00     10
       142      3.12          1.02       71.61        1.02     16
       143      3.14         10.13       64.06       10.13     10
       144      3.17         18.05       88.64       18.05      8
       145      3.19         10.13       64.06       10.13     12
       146      3.22          0.00       66.72        0.00     16
       147      3.23         10.13       64.06       10.13      8
       148      3.27          0.00       64.06        0.00     12
       149      3.28          1.02       71.61        1.02     12
       150      3.31          8.15       72.14        8.15     14
       151      3.32          1.02       71.61        1.02     12
       152      3.34          0.00       62.59        0.00      8
       153      3.36          0.00       58.90        0.00      8
       154      3.38          0.00       58.67        0.00      8
       155      3.40          0.00       62.59        0.00      8
       156      3.42          8.15       72.14        8.15     14
       157      3.44          0.00       66.72        0.00     14
       158      3.46          0.00       62.59        0.00     12
       159      3.48         14.13       84.72       14.13      6
       160      3.50         10.13       64.06       10.13     14
       161      3.57          1.02       71.61        1.02     14
       162      3.61          5.42       57.91        5.42      8
       163      3.65          1.02       71.61        1.02     10
       164      3.68          0.00       66.72        0.00     12
       165      3.70          0.00       65.25        0.00     10
       166      3.72          1.02       71.61        1.02     12
       167      3.74          0.00       66.72        0.00     14
       168      3.76          0.00       58.50        0.00      8
       169      3.78         14.13       84.72       14.13      8
       170      3.80         18.48       82.47       18.48     10
       171      3.82          1.02       71.61        1.02     12
       172      3.84          1.02       71.61        1.02     16
       173      3.87          0.00       66.72        0.00     12
       174      3.89         22.40       92.99       22.40      6
       175      3.91          1.02       71.61        1.02     12
       176      3.93          1.02       71.61        1.02     16
       177      3.95          1.02       71.61        1.02     12
       178      3.97         19.63       90.22       19.63      8
       179      4.00          0.00       62.59        0.00     12
       180      4.02          0.00       62.94        0.00     10
       181      4.05          0.00       58.67        0.00      8
       182      4.08          0.00       64.06        0.00     14
       183      4.11         19.05       83.04       19.05     10
       184      4.15          1.02       71.61        1.02     12
       185      4.18          1.02       71.61        1.02     12
       186      4.20         14.13       84.72       14.13     10
       187      4.23          0.00       66.72        0.00      8
       188      4.25          0.00       66.72        0.00     10
       189      4.27         17.49       88.08       17.49      8
       190      4.30          1.02       71.61        1.02     16
       191      4.33          0.00       62.59        0.00      8
       192      4.35         17.49       88.08       17.49     12
       193      4.38         14.13       84.72       14.13      8
       194      4.40         18.05       88.64       18.05     12
       195      4.42         17.49       88.08       17.49      8
       196      4.44         14.13       84.72       14.13     10
       197      4.47          1.02       71.61        1.02     16
       198      4.49          0.00       62.94        0.00     12
       199      4.52          8.15       72.14        8.15     16
       200      4.54          0.00       59.65        0.00      8
       201      4.56         17.49       88.08       17.49      6
       202      4.58          0.00       66.72        0.00     10
       203      4.60          0.00       66.72        0.00     12
       204      4.62         10.13       64.06       10.13     12
       205      4.66          8.15       72.14        8.15     14
       206      4.68          0.00       59.65        0.00     14
       207      4.70          0.00       65.25        0.00     12
       208      4.72         17.49       88.08       17.49     10
       209      4.74          0.00       66.72        0.00     10
       210      4.77          0.00       62.59        0.00      8
       211      4.79          0.00       65.25        0.00     12
       212      4.82         15.13       79.12       15.13     10
       213      4.84         17.49       88.08       17.49     12
       214      4.87         14.13       84.72       14.13     10
       215      4.90         10.13       58.67       10.13     16
       216      4.92          4.67       62.59        4.67     10
       217      4.94          1.02       71.61        1.02     12
       218      4.96          0.00       66.72        0.00     12
       219      4.98          5.42       57.91        5.42      8
       220      5.01          0.00       64.06        0.00     14
       221      5.03          1.02       71.61        1.02     10
       222      5.06         17.49       88.08       17.49      8
       223      5.08          0.00       66.72        0.00     12
       224      5.10          0.00       58.50        0.00      8
       225      5.12          8.15       72.14        8.15     14
       226      5.14          1.02       71.61        1.02     12
       227      5.17         10.13       64.06       10.13     12
       228      5.21          1.02       71.61        1.02     12
       229      5.23          1.02       71.61        1.02     14
       230      5.25          0.00       62.94        0.00     10
       231      5.27          1.02       71.61        1.02     16
       232      5.29          0.00       62.59        0.00     10
       233      5.31          1.02       71.61        1.02     12
       234      5.33          0.00       62.94        0.00     10
       235      5.34         18.05       88.64       18.05      4
       236      5.37         18.48       82.47       18.48     10
       237      5.38          0.00       66.72        0.00     12
       238      5.41         36.77       88.31       36.77      4
       239      5.42         17.72       88.31       17.72      8
       240      5.44          0.00       65.25        0.00     14
       241      5.46         14.13       84.72       14.13      8
       242      5.48          0.00       64.06        0.00     10
       243      5.50          0.00       62.94        0.00     10
       244      5.52         15.13       79.12       15.13     10
       245      5.54         14.13       84.72       14.13     10
       246      5.56         14.13       84.72       14.13      6
       247      5.58         19.05       83.04       19.05     10
       248      5.60          0.00       62.94        0.00     10
       249      5.62          0.00       62.59        0.00      8
       250      5.66         10.13       64.06       10.13     12
       251      5.70         14.13       84.72       14.13     12
       252      5.72          0.00       62.94        0.00     10
       253      5.74          0.00       62.59        0.00     10
       254      5.76         14.13       84.72       14.13      8
       255      5.78          1.02       71.61        1.02     12
       256      5.80          0.00       62.59        0.00     10
       257      5.82         18.88       89.47       18.88      6
       258      5.84          1.02       71.61        1.02     12
       259      5.86          0.00       62.59        0.00      8
       260      5.88         14.13       84.72       14.13      8
       261      5.90          1.02       71.61        1.02     12
       262      5.92          1.02       71.61        1.02     12
       263      5.94         23.55       94.14       23.55     10
       264      5.96          0.00       65.25        0.00     14
       265      5.97          8.50       71.39        8.50     16
       266      5.99          0.00       61.12        0.00     12
       267      6.01          0.00       62.59        0.00      8
       268      6.03          0.00       62.59        0.00     12
       269      6.05         14.13       84.72       14.13      6
       270      6.07          8.15       72.14        8.15     12
       271      6.09          0.00       65.25        0.00     10
       272      6.11          0.00       62.59        0.00     12
       273      6.13          0.00       61.12        0.00     12
       274      6.15          0.00       62.59        0.00      8
       275      6.17          0.00       65.25        0.00     12
       276      6.19          1.02       71.61        1.02     16
       277      6.21          1.02       71.61        1.02     14
       278      6.23          0.00       62.59        0.00      6
       279      6.24          1.02       71.61        1.02     16
       280      6.26         14.16       84.75       14.16      6
       281      6.28         17.49       88.08       17.49     12
       282      6.30          1.02       71.61        1.02     14
       283      6.32          0.00       66.72        0.00     12
       284      6.34          1.02       71.61        1.02     16
       285      6.36          0.00       62.59        0.00     10
       286      6.38         14.13       84.72       14.13      6
       287      6.41          1.02       71.61        1.02     12
       288      6.43          0.00       62.59        0.00     14
       289      6.46          1.02       71.61        1.02     14
       290      6.48          0.00       62.94        0.00     10
       291      6.50         14.13       84.72       14.13     12
       292      6.53          0.00       66.72        0.00     12
       293      6.55          0.00       62.59        0.00     12
       294      6.57         14.13       84.72       14.13      8
       295      6.59          0.00       66.72        0.00     14
       296      6.62          0.00       59.65        0.00     14
       297      6.64          0.00       66.72        0.00     12
       298      6.66          1.02       71.61        1.02     14
       299      6.68          0.00       65.25        0.00     12
       300      6.71          1.02       71.61        1.02     12
       301      6.73         17.49       88.08       17.49     12
       302      6.75          1.02       71.61        1.02     12
       303      6.77          0.00       62.59        0.00      8
       304      6.79          0.00       62.59        0.00      8
       305      6.81          0.00       62.59        0.00     10
       306      6.84          0.00       62.59        0.00     10
       307      6.86          1.02       71.61        1.02     10
       308      6.88          0.00       66.72        0.00     12
       309      6.91         10.13       62.94       10.13     12
       310      6.93         18.05       88.64       18.05     10
       311      6.95         15.13       79.12       15.13     12
       312      6.97          0.00       62.59        0.00      6
       313      6.99          0.00       61.12        0.00      8
       314      7.01         18.83       81.72       18.83      8
       315      7.04          0.00       66.72        0.00      8
       316      7.06          0.00       66.72        0.00     12
       317      7.08          0.00       62.94        0.00     10
       318      7.11         15.13       79.12       15.13     10
       319      7.13         32.62       88.08       32.62      2
       320      7.15          8.15       72.14        8.15     14
       321      7.18          0.00       62.59        0.00      8
       322      7.20          0.00       66.72        0.00      8
       323      7.22          0.00       64.06        0.00     12
       324      7.24          0.00       62.94        0.00     10
       325      7.26          0.00       65.25        0.00     12
       326      7.28          0.00       62.59        0.00      6
       327      7.30          1.02       71.61        1.02     12
       328      7.32          0.00       66.72        0.00     12
       329      7.35          0.00       62.94        0.00     10
       330      7.37         10.13       58.67       10.13     14
       331      7.40          0.00       59.65        0.00     10
       332      7.42         14.16       84.75       14.16      4
       333      7.44         17.72       88.31       17.72      8
       334      7.46          1.02       71.61        1.02     12
       335      7.48          1.02       71.61        1.02     10
       336      7.50          0.00       62.59        0.00     10
       337      7.52          0.00       62.59        0.00     10
       338      7.54          1.02       71.61        1.02     12
       339      7.56         17.72       88.31       17.72      8
       340      7.58         17.49       88.08       17.49     10
       341      7.60          0.00       62.94        0.00     10
       342      7.62          0.00       65.25        0.00     10
       343      7.64         12.78       83.37       12.78      6
       344      7.66          1.02       71.61        1.02     12
       345      7.68          0.00       58.50        0.00      8
       346      7.70          0.00       66.72        0.00      8
       347      7.72         41.38       82.70       41.38      4
       348      7.74         13.01       83.60       13.01      6
       349      7.76          1.02       71.61        1.02     12
       350      7.79          5.42       57.91        5.42     12
       351      7.82          0.00       62.59        0.00     10
       352      7.84          1.02       71.61        1.02     12
       353      7.86         14.13       84.72       14.13      8
       354      7.89         17.49       88.08       17.49     10
       355      7.91         17.72       88.31       17.72      6
       356      7.93          0.00       65.25        0.00     10
       357      7.95          0.00       58.90        0.00     10
       358      7.97          0.00       62.59        0.00     10
       359      7.99          1.02       71.61        1.02     12
       360      8.01         14.13       84.72       14.13      6
       361      8.03         10.13       64.06       10.13     10
       362      8.06          8.15       72.14        8.15     14
       363      8.08          1.02       71.61        1.02     12
       364      8.10          0.00       62.59        0.00     12
       365      8.12          0.00       66.72        0.00     12
       366      8.14          0.00       58.50        0.00      8
       367      8.27          1.02       71.61        1.02     14
       368      8.31          1.02       71.61        1.02     12
       369      8.34          0.00       62.59        0.00     14
       370      8.37          0.00       62.94        0.00      8
       371      8.39          0.00       66.72        0.00     12
       372      8.41          0.00       62.59        0.00     14
       373      8.44         10.13       62.94       10.13     12
       374      8.46         14.13       84.72       14.13      6
       375      8.48          0.00       66.72        0.00     12
       376      8.51          0.00       66.72        0.00     14
       377      8.53         10.13       64.06       10.13     10
       378      8.57          1.02       71.61        1.02     12
       379      8.60         18.05       88.64       18.05     10
       380      8.63          0.00       64.06        0.00     12
       381      8.65         14.13       84.72       14.13      8
       382      8.68          0.00       62.94        0.00     10
       383      8.70         14.13       84.72       14.13      8
       384      8.73          8.15       72.14        8.15     12
       385      8.75          1.02       71.61        1.02     12
       386      8.78         14.13       84.72       14.13      6
       387      8.80         14.13       84.72       14.13      8
       388      8.82          0.00       61.12        0.00     12
       389      8.85          0.00       62.94        0.00     12
       390      8.87         18.71       82.70       18.71      6
       391      8.89         18.05       88.64       18.05     12
       392      8.91          0.00       64.06        0.00     12
       393      8.94          8.15       72.14        8.15     16
       394      8.96         14.13       84.72       14.13     10
       395      8.98          0.00       62.59        0.00      8
       396      9.00         14.13       84.72       14.13      8
       397      9.02          0.00       58.90        0.00     10
       398      9.05          0.00       66.72        0.00     12
       399      9.07          1.02       71.61        1.02     12
       400      9.09          1.02       71.61        1.02     10
       401      9.12          0.00       62.59        0.00     10
       402      9.14          0.00       66.72        0.00     12
       403      9.17          1.02       71.61        1.02     10
       404      9.19          0.00       58.90        0.00     12
       405      9.21         14.13       84.72       14.13      6
       406      9.23          0.00       62.59        0.00      8
       407      9.25          0.00       65.25        0.00     10
       408      9.27         14.13       84.72       14.13      6
       409      9.29          1.02       71.61        1.02     12
       410      9.31          1.02       71.61        1.02     16
       411      9.33          0.00       59.65        0.00     12
       412      9.35          0.00       62.59        0.00      8
       413      9.37          0.00       66.72        0.00     12
       414      9.40          0.00       62.94        0.00     10
       415      9.42          0.00       59.65        0.00     12
       416      9.44          0.00       58.50        0.00     12
       417      9.45          1.02       71.61        1.02     10
       418      9.47          1.02       71.61        1.02     12
       419      9.49          8.15       72.14        8.15     16
       420      9.51          0.00       66.72        0.00     14
       421      9.53         23.55       94.14       23.55      6
       422      9.55          0.00       58.67        0.00      6
       423      9.57         18.05       88.64       18.05      8
       424      9.59          1.02       71.61        1.02     16
       425      9.60          0.00       58.67        0.00      8
       426      9.63          8.15       72.14        8.15     18
       427      9.65         10.13       64.06       10.13     12
       428      9.69          0.00       62.59        0.00     10
       429      9.71          0.00       64.06        0.00     12
       430      9.73         14.13       84.72       14.13      8
       431      9.75          1.02       71.61        1.02     12
       432      9.77          8.15       72.14        8.15     14
       433      9.79         18.05       88.64       18.05     10
       434      9.81         18.25       88.84       18.25      8
       435      9.82          0.00       62.59        0.00     12
       436      9.84         14.13       84.72       14.13     10
       437      9.86          0.00       66.72        0.00     12
       438      9.88         15.13       79.12       15.13     10
       439      9.90          0.00       62.59        0.00      6
       440      9.92          0.00       61.12        0.00      8
       441      9.94          1.02       71.61        1.02     14
       442      9.95          0.00       62.59        0.00      8
       443      9.97          0.00       62.59        0.00      6
       444      9.99          0.00       58.50        0.00      8
       445     10.01          8.15       72.14        8.15     12
       446     10.03          1.02       71.61        1.02     12
       447     10.04          0.00       62.59        0.00      8
       448     10.06         17.72       88.31       17.72      8
       449     10.08          0.00       58.90        0.00     12
       450     10.10          1.02       71.61        1.02     14
       451     10.12          1.02       71.61        1.02     10
       452     10.14         17.72       88.31       17.72      6
       453     10.16          1.02       71.61        1.02     12
       454     10.18         14.13       84.72       14.13      8
       455     10.20          1.02       71.61        1.02     14
       456     10.21          1.02       71.61        1.02     16
       457     10.23          1.02       71.61        1.02     12
       458     10.25          0.00       65.25        0.00      6
       459     10.27          1.02       71.61        1.02     14
       460     10.29         14.13       84.72       14.13      8
       461     10.30         10.13       64.06       10.13     10
       462     10.34         13.01       83.60       13.01      2
       463     10.35         18.48       82.47       18.48     10
       464     10.38          0.00       62.59        0.00      8
       465     10.39         14.13       84.72       14.13      8
       466     10.41          0.00       62.59        0.00     12
       467     10.43          1.02       71.61        1.02     10
       468     10.45         15.13       79.12       15.13     10
       469     10.47          1.02       71.61        1.02     14
       470     10.49          1.02       71.61        1.02     12
       471     10.51          1.02       71.61        1.02     10
       472     10.52          0.00       62.59        0.00      8
       473     10.54          0.00       62.59        0.00     10
       474     10.56          1.02       71.61        1.02     10
       475     10.58         10.13       64.06       10.13     14
       476     10.62          0.00       62.94        0.00     10
       477     10.64          0.00       66.72        0.00     14
       478     10.65         15.13       79.12       15.13      6
       479     10.67          0.00       61.12        0.00     12
       480     10.70          0.00       62.94        0.00     10
       481     10.71          1.02       71.61        1.02     16
       482     10.73          8.15       72.14        8.15     14
       483     10.75          0.00       62.59        0.00      8
       484     10.77         10.13       64.06       10.13     10
       485     10.80          0.00       66.72        0.00     12
       486     10.82          1.02       71.61        1.02     14
       487     10.84          0.00       66.72        0.00     12
       488     10.85         14.13       84.72       14.13      8
       489     10.87          0.00       66.72        0.00      8
       490     10.89         18.05       88.64       18.05      8
       491     10.91          8.15       72.14        8.15     12
       492     10.93          1.02       71.61        1.02     12
       493     10.95          0.00       66.72        0.00     12
       494     10.97         10.13       64.06       10.13     10
       495     11.01         18.05       88.64       18.05      6
       496     11.02         10.13       64.06       10.13     12
       497     11.06          1.02       71.61        1.02     14
       498     11.08         14.13       84.72       14.13      8
       499     11.10          1.02       71.61        1.02     12
       500     11.12         18.05       88.64       18.05     12
       501     11.14          1.02       71.61        1.02     14
       502     11.19          0.00       62.59        0.00      8
       503     11.22          1.02       71.61        1.02     12
       504     11.27          0.00       62.59        0.00      6
       505     11.32         10.13       64.06       10.13     12
       506     11.37          0.00       66.72        0.00      8
       507     11.40          0.00       65.25        0.00     14
       508     11.44          8.15       72.14        8.15     14
       509     11.47          0.00       64.06        0.00     12
       510     11.50          1.02       71.61        1.02     12
       511     11.54          0.00       58.67        0.00     10
       512     11.58         17.49       88.08       17.49      8
       513     11.60          0.00       62.59        0.00      8
       514     11.63          1.02       71.61        1.02     12
       515     11.66          0.00       62.94        0.00     12
       516     11.69         22.80       93.39       22.80      8
       517     11.72         12.78       83.37       12.78      2
       518     11.76          8.15       72.14        8.15     18
       519     11.80         10.13       64.06       10.13     10
       520     11.85         25.46       96.05       25.46      8
       521     11.88          0.00       62.59        0.00      8
       522     11.91          0.00       62.59        0.00      8
       523     11.96          0.00       58.50        0.00      6
       524     11.98          0.00       62.94        0.00     10
       525     12.01         10.13       64.06       10.13     14
       526     12.12          8.15       72.14        8.15     12
       527     12.16         19.11       83.11       19.11      6
       528     12.19         15.13       79.12       15.13     12
       529     12.22          0.00       58.50        0.00     10
       530     12.24          0.00       62.59        0.00      8
       531     12.27          0.00       62.94        0.00     12
       532     12.30          0.00       62.59        0.00      8
       533     12.33          0.00       58.50        0.00      8
       534     12.36          0.00       66.72        0.00     10
       535     12.39          0.00       62.59        0.00      8
       536     12.42          0.00       62.59        0.00      8
       537     12.45         10.13       64.06       10.13     12
       538     12.50         19.05       83.04       19.05     12
       539     12.52         17.49       88.08       17.49     10
       540     12.55          0.00       64.06        0.00     12
       541     12.57          8.15       72.14        8.15     12
       542     12.59          0.00       66.72        0.00     10
       543     12.62         14.41       78.40       14.41      4
       544     12.64          0.00       59.65        0.00     10
       545     12.66         10.13       64.06       10.13     12
       546     12.70          0.00       62.59        0.00      8
       547     12.72          1.02       71.61        1.02     12
       548     12.75         25.06       95.65       25.06      8
       549     12.77          1.02       71.61        1.02     12
       550     12.80          0.00       66.72        0.00     10
       551     12.89         10.13       64.06       10.13     12
       552     12.93         17.72       88.31       17.72      8
       553     12.95          0.00       62.59        0.00     10
       554     12.97          0.00       66.72        0.00     10
       555     13.00          0.00       58.90        0.00     10
       556     13.06          0.00       65.25        0.00     12
       557     13.09         14.13       84.72       14.13      6
       558     13.12         14.13       84.72       14.13      6
       559     13.14          1.02       71.61        1.02     12
       560     13.16         18.05       88.64       18.05     10
       561     13.18          0.00       62.59        0.00     10
       562     13.20          0.00       62.59        0.00     10
       563     13.23         19.05       83.04       19.05     12
       564     13.25         10.13       64.06       10.13     12
       565     13.28          1.02       71.61        1.02     10
       566     13.30          4.67       65.25        4.67     12
       567     13.32          1.02       71.61        1.02     16
       568     13.34          1.02       71.61        1.02     16
       569     13.36         17.49       88.08       17.49      6
       570     13.38         14.13       84.72       14.13      4
       571     13.40         14.13       84.72       14.13      6
       572     13.42          1.02       71.61        1.02     16
       573     13.45         13.41       84.00       13.41      6
       574     13.47         15.13       79.12       15.13     10
       575     13.49          1.02       71.61        1.02     14
       576     13.52         25.46       96.05       25.46      4
       577     13.54          0.00       65.25        0.00     14
       578     13.57          0.00       62.59        0.00     10
       579     13.59          0.00       66.72        0.00      8
       580     13.62          0.00       62.59        0.00      6
       581     13.64         17.72       88.31       17.72     12
       582     13.67         37.12       88.64       37.12      2
       583     13.70          0.00       66.72        0.00     14
       584     13.73          1.02       71.61        1.02     12
       585     13.77          1.02       71.61        1.02     14
       586     13.79          0.00       66.72        0.00     12
       587     13.82         15.13       79.12       15.13     10
       588     13.85         22.80       93.39       22.80      8
       589     13.87          0.00       66.72        0.00     10
       590     13.90          1.02       71.61        1.02     12
       591     13.93          1.02       71.61        1.02     10
       592     13.95          0.00       58.67        0.00     12
       593     13.97          0.00       64.06        0.00     12
       594     14.00         19.63       90.22       19.63      8
       595     14.02         10.13       62.94       10.13     16
       596     14.05          0.00       62.59        0.00     14
       597     14.09          0.00       62.59        0.00     10
       598     14.11          1.02       71.61        1.02     16
       599     14.14         37.93       87.79       37.93      4
       600     14.16          0.00       66.72        0.00     12
       601     14.18         27.68       98.27       27.68      6
       602     14.21          0.00       62.94        0.00     10
       603     14.23          8.15       72.14        8.15     14
       604     14.25         17.49       88.08       17.49      4
       605     14.27         13.41       84.00       13.41      6
       606     14.30          0.00       62.94        0.00     10
       607     14.32          0.00       66.72        0.00     14
       608     14.34         17.49       88.08       17.49     10
       609     14.36          0.00       62.59        0.00      8
       610     14.38         10.13       62.94       10.13     16
       611     14.41         14.13       84.72       14.13      6
       612     14.43         17.49       88.08       17.49      8
       613     14.45         14.13       84.72       14.13      8
       614     14.47          8.50       71.39        8.50     16
       615     14.49         17.49       88.08       17.49      6
       616     14.54          1.02       71.61        1.02     12
       617     14.59          0.00       62.94        0.00     10
       618     14.64          1.02       71.61        1.02     14
       619     14.67          0.00       62.94        0.00     10
       620     14.70          0.00       62.94        0.00     10
       621     14.72          0.00       66.72        0.00     12
       622     14.75         10.13       64.06       10.13     12
       623     14.79          0.00       65.25        0.00      8
       624     14.82         18.05       88.64       18.05      6
       625     14.84          0.00       62.59        0.00      8
       626     14.86          0.00       58.50        0.00      8
       627     14.89          5.42       57.91        5.42     10
       628     14.93          8.50       71.39        8.50     14
       629     14.95          0.00       58.50        0.00     10
       630     14.97          0.00       61.12        0.00     12
       631     15.00          0.00       62.59        0.00      8
       632     15.02          0.00       62.59        0.00     14
       633     15.05          0.00       62.94        0.00     10
       634     15.07         10.13       62.59       10.13      6
       635     15.15          0.00       62.59        0.00      6
       636     15.20         14.13       84.72       14.13     14
       637     15.24          0.00       62.59        0.00      6
       638     15.27          1.02       71.61        1.02     12
       639     15.31          0.00       62.94        0.00     10
       640     15.35          0.00       66.72        0.00     12
       641     15.39         18.05       88.64       18.05     12
       642     15.43          0.00       66.72        0.00     14
       643     15.46          0.00       62.59        0.00      8
       644     15.50         14.13       84.72       14.13      6
       645     15.53          0.00       61.12        0.00     12
       646     15.57          1.02       71.61        1.02     10
       647     15.61          0.00       62.59        0.00     14
       648     15.64          1.02       71.61        1.02     10
       649     15.68          5.42       57.91        5.42      6
       650     15.75          0.00       66.72        0.00     12
       651     15.79          0.00       62.59        0.00     12
       652     15.87          1.02       71.61        1.02     10
       653     15.93          0.00       64.06        0.00     12
       654     15.97          1.02       71.61        1.02     10
       655     16.02          1.02       71.61        1.02     10
       656     16.06         14.13       84.72       14.13      8
       657     16.10          0.00       58.90        0.00     10
       658     16.14          0.00       62.59        0.00      8
       659     16.18          1.02       71.61        1.02     16
       660     16.23          8.15       72.14        8.15     12
       661     16.29         17.49       88.08       17.49      8
       662     16.33          1.02       71.61        1.02     12
       663     16.37          0.00       62.59        0.00     10
       664     16.39          0.00       58.67        0.00      8
       665     16.43          0.00       58.50        0.00      6
       666     16.46         14.13       84.72       14.13     10
       667     16.49          0.00       61.12        0.00      8
       668     16.54          0.00       58.50        0.00     10
       669     16.59          0.00       62.59        0.00      6
       670     16.65          0.00       65.25        0.00     14
       671     16.70          0.00       62.59        0.00     14
       672     16.77         19.05       83.04       19.05     12
       673     16.85          0.00       62.59        0.00      8
       674     16.90         14.13       84.72       14.13      8
       675     16.94          0.00       64.06        0.00     12
       676     16.98          1.02       71.61        1.02     10
       677     17.03         15.13       79.12       15.13     14
       678     17.07         10.13       64.06       10.13     12
       679     17.13         17.49       88.08       17.49      4
       680     17.17          1.02       71.61        1.02     10
       681     17.21          1.02       71.61        1.02     12
       682     17.26         14.13       84.72       14.13      8
       683     17.31          0.00       59.65        0.00      8
       684     17.37          0.00       62.94        0.00     10
       685     17.43          0.00       64.06        0.00     14
       686     17.51          0.00       62.59        0.00      8
       687     17.69          0.00       65.25        0.00     12
       688     17.78          1.02       71.61        1.02     12
       689     17.82          0.00       65.25        0.00     12
       690     17.85         18.05       88.64       18.05     12
       691     17.88          8.15       72.14        8.15     16
       692     17.92          0.00       62.59        0.00      8
       693     17.96          0.00       64.06        0.00     12
       694     17.99         25.06       95.65       25.06      6
       695     18.02          8.15       72.14        8.15     12
       696     18.05          0.00       65.25        0.00     12
       697     18.08          0.00       62.94        0.00     10
       698     18.11          0.00       65.25        0.00     12
       699     18.13         10.13       62.94       10.13     14
       700     18.18         17.72       88.31       17.72      6
       701     18.21          0.00       61.12        0.00     12
       702     18.24         17.72       88.31       17.72     10
       703     18.27          0.00       62.94        0.00     10
       704     18.31          0.00       62.59        0.00     14
       705     18.35          1.02       71.61        1.02     10
       706     18.38          0.00       66.72        0.00     14
       707     18.42         10.13       64.06       10.13     10
       708     18.47          1.02       71.61        1.02     14
       709     18.52         17.72       88.31       17.72      6
       710     18.54         18.48       89.07       18.48      6
       711     18.56          0.00       58.90        0.00     16
       712     18.59          1.02       71.61        1.02     12
       713     18.61          0.00       62.59        0.00      6
       714     18.63          1.02       71.61        1.02     14
       715     18.66          0.00       62.59        0.00      6
       716     18.68          1.02       71.61        1.02     12
       717     18.71          0.00       62.94        0.00     10
       718     18.73         25.06       95.65       25.06      6
       719     18.75         10.13       64.06       10.13     10
       720     18.78          0.00       64.06        0.00     14
       721     18.80          0.00       58.50        0.00     12
       722     18.82         13.41       84.00       13.41      6
       723     18.84          1.02       71.61        1.02     12
       724     18.86         14.13       84.72       14.13     10
       725     18.88         14.13       84.72       14.13      8
       726     18.91          8.15       72.14        8.15     12
       727     18.93          0.00       62.59        0.00     10
       728     18.96         18.48       82.47       18.48     10
       729     19.00          0.00       58.50        0.00      8
       730     19.02          0.00       62.59        0.00     12
       731     19.04          0.00       62.59        0.00      8
       732     19.06          0.00       61.12        0.00     12
       733     19.09          1.02       71.61        1.02     16
       734     19.12         17.49       88.08       17.49      4
       735     19.14          0.00       66.72        0.00     12
       736     19.16         10.13       64.06       10.13     14
       737     19.20          0.00       66.72        0.00     10
       738     19.22          0.00       62.59        0.00     14
       739     19.24          0.00       66.72        0.00     12
       740     19.26          0.00       66.72        0.00     12
       741     19.29          1.02       71.61        1.02     16
       742     19.31          1.02       71.61        1.02     12
       743     19.33          0.00       66.72        0.00     10
       744     19.36          1.02       71.61        1.02     12
       745     19.38          1.02       71.61        1.02     12
       746     19.40          0.00       66.72        0.00     12
       747     19.43          0.00       62.94        0.00     10
       748     19.45         17.49       88.08       17.49      8
       749     19.48         17.49       88.08       17.49      6
       750     19.51         14.13       84.72       14.13     10
       751     19.53          0.00       62.59        0.00     12
       752     19.56          1.02       71.61        1.02     14
       753     19.58          0.00       62.94        0.00     10
       754     19.61          0.00       64.06        0.00     14
       755     19.63          1.02       71.61        1.02     12
       756     19.65          0.00       58.90        0.00      6
       757     19.67         14.13       84.72       14.13     10
       758     19.70          1.02       71.61        1.02     14
       759     19.73          1.02       71.61        1.02     10
       760     19.75          0.00       62.94        0.00     10
       761     19.77          1.02       71.61        1.02     12
       762     19.79          1.02       71.61        1.02     16
       763     19.81          0.00       58.50        0.00      8
       764     19.84          0.00       65.25        0.00     12
       765     19.86          0.00       59.65        0.00     10
       766     19.88          8.15       72.14        8.15     14
       767     19.90          1.02       71.61        1.02     10
       768     19.92         14.13       84.72       14.13      8
       769     19.94          0.00       58.50        0.00     10
       770     19.96          0.00       65.25        0.00     12
       771     19.98          1.02       71.61        1.02     12
       772     20.00          1.02       71.61        1.02     12
       773     20.02          8.15       72.14        8.15     12
       774     20.04          0.00       62.59        0.00      6
       775     20.06         18.05       88.64       18.05      8
       776     20.08         10.13       64.06       10.13     12
       777     20.11         10.13       64.06       10.13     10
       778     20.14          1.02       71.61        1.02     12
       779     20.17          1.02       71.61        1.02     10
       780     20.19          0.00       65.25        0.00     10
       781     20.20          0.00       65.25        0.00     12
       782     20.22          0.00       66.72        0.00     12
       783     20.24          1.02       71.61        1.02     12
       784     20.26          0.00       66.72        0.00     10
       785     20.28         14.13       84.72       14.13      6
       786     20.30          1.02       71.61        1.02     14
       787     20.33          0.00       64.06        0.00     12
       788     20.35         10.13       64.06       10.13     10
       789     20.38          0.00       62.59        0.00      8
       790     20.40          0.00       62.59        0.00      8
       791     20.42         14.13       84.72       14.13      8
       792     20.44          1.02       71.61        1.02     12
       793     20.46          0.00       62.59        0.00     12
       794     20.48          0.00       62.59        0.00      8
       795     20.50         17.49       88.08       17.49     12
       796     20.51          1.02       71.61        1.02     10
       797     20.53          0.00       66.72        0.00     12
       798     20.55          1.02       71.61        1.02     12
       799     20.57          8.15       72.14        8.15     14
       800     20.60          0.00       62.59        0.00     12
       801     20.62          0.00       62.94        0.00     12
       802     20.64          8.50       71.39        8.50     14
       803     20.66         14.13       84.72       14.13      8
       804     20.68          7.88       66.72        7.88     14
       805     20.70          1.02       71.61        1.02     16
       806     20.71          0.00       62.59        0.00     10
       807     20.73          0.00       66.72        0.00     14
       808     20.75          8.50       71.39        8.50     14
       809     20.77          0.00       62.94        0.00     10
       810     20.79          1.02       71.61        1.02     12
       811     20.81         10.13       64.06       10.13     12
       812     20.84          0.00       58.67        0.00      8
       813     20.86         15.13       79.12       15.13     10
       814     20.88          2.37       65.26        2.37     12
       815     20.89          0.00       66.72        0.00     12
       816     20.91         10.13       64.06       10.13     12
       817     20.94         22.40       92.99       22.40      6
       818     20.96          1.02       71.61        1.02     12
       819     20.98          0.00       66.72        0.00     12
       820     21.00          0.00       65.25        0.00     14
       821     21.02          1.02       71.61        1.02     16
       822     21.04          0.00       62.59        0.00     14
       823     21.05         14.13       84.72       14.13      6
       824     21.07         14.13       84.72       14.13     10
       825     21.09          0.00       58.50        0.00      8
       826     21.11          0.00       62.59        0.00      6
       827     21.13          0.00       58.67        0.00     10
       828     21.14         36.77       88.31       36.77      4
       829     21.16         14.13       84.72       14.13      6
       830     21.18          1.02       71.61        1.02     14
       831     21.20         10.13       64.06       10.13     14
       832     21.24         14.13       84.72       14.13      8
       833     21.26          0.00       62.59        0.00     12
       834     21.28          0.00       62.59        0.00      8
       835     21.29          1.02       71.61        1.02     16
       836     21.31         14.13       84.72       14.13      6
       837     21.33          8.15       72.14        8.15     14
       838     21.35          0.00       62.59        0.00     10
       839     21.36          0.00       62.59        0.00     12
       840     21.38          1.02       71.61        1.02     10
       841     21.40          0.00       58.90        0.00     10
       842     21.42          0.00       58.90        0.00      8
       843     21.44          0.00       62.94        0.00     10
       844     21.46         13.01       83.60       13.01      6
       845     21.48          0.00       59.65        0.00     10
       846     21.50          0.00       62.59        0.00     10
       847     21.51         14.13       84.72       14.13      8
       848     21.53          0.00       62.59        0.00      6
       849     21.55         14.13       84.72       14.13     10
       850     21.57          1.02       71.61        1.02     14
       851     21.59          0.00       62.94        0.00     10
       852     21.61          0.00       62.59        0.00     10
       853     21.63         19.48       83.47       19.48     12
       854     21.65          0.00       66.72        0.00     12
       855     21.67          5.42       57.91        5.42     10
       856     21.70         14.16       84.75       14.16      6
       857     21.72          1.02       71.61        1.02     10
       858     21.73          0.00       66.72        0.00     12
       859     21.75         15.13       79.12       15.13     10
       860     21.77         17.72       88.31       17.72      6
       861     21.79          0.00       58.67        0.00      8
       862     21.81         18.71       82.70       18.71     10
       863     21.83          0.00       62.94        0.00     12
       864     21.85          0.00       66.72        0.00     12
       865     21.87          0.00       62.59        0.00     14
       866     21.89         18.48       89.07       18.48      8
       867     21.93         10.13       64.06       10.13     12
       868     21.96          0.00       58.90        0.00      6
       869     21.98          8.15       72.14        8.15     14
       870     22.00          1.02       71.61        1.02     12
       871     22.02         14.16       84.75       14.16      2
       872     22.03         19.05       83.04       19.05     14
       873     22.05          0.00       61.12        0.00     14
       874     22.07          0.00       66.72        0.00     10
       875     22.09          0.00       62.59        0.00      8
       876     22.11          1.02       71.61        1.02     16
       877     22.13          0.00       62.59        0.00     12
       878     22.15         14.13       84.72       14.13      6
       879     22.17         14.16       84.75       14.16      8
       880     22.19          1.02       71.61        1.02     14
       881     22.21          1.02       71.61        1.02     10
       882     22.22         18.05       88.64       18.05      6
       883     22.24          1.02       71.61        1.02     12
       884     22.26          0.00       62.94        0.00     10
       885     22.28          0.00       58.50        0.00     10
       886     22.30         10.13       64.06       10.13     14
       887     22.32         14.13       84.72       14.13      8
       888     22.34          0.00       62.94        0.00     10
       889     22.36          0.00       62.59        0.00      6
       890     22.38          1.02       71.61        1.02     12
       891     22.40          0.00       66.72        0.00     10
       892     22.42          0.00       58.67        0.00      8
       893     22.44          1.02       71.61        1.02     12
       894     22.46          0.00       66.72        0.00     12
       895     22.48          0.00       65.25        0.00     10
       896     22.50          1.02       71.61        1.02     10
       897     22.52          0.00       62.59        0.00     10
       898     22.54          0.00       66.72        0.00     10
       899     22.56          0.00       58.67        0.00     14
       900     22.57         14.13       84.72       14.13     10
       901     22.60          0.00       62.59        0.00      8
       902     22.62          0.00       66.72        0.00     10
       903     22.64          1.02       71.61        1.02     10
       904     22.65          8.15       72.14        8.15     12
       905     22.67          1.02       71.61        1.02     14
       906     22.69          0.00       62.59        0.00     12
       907     22.71          1.02       71.61        1.02     12
       908     22.73          0.00       66.72        0.00     10
       909     22.75          0.00       65.25        0.00     10
       910     22.77         17.49       88.08       17.49      8
       911     22.79          0.00       62.94        0.00     10
       912     22.80         18.88       89.47       18.88      4
       913     22.82         18.05       88.64       18.05     12
       914     22.84         10.13       64.06       10.13      8
       915     22.87          5.42       58.46        5.42     10
       916     22.91          1.02       71.61        1.02     14
       917     22.93          0.00       58.90        0.00     12
       918     22.95          0.00       58.90        0.00     10
       919     22.97          1.02       71.61        1.02     12
       920     22.99         14.13       84.72       14.13      8
       921     23.00          0.00       62.59        0.00     12
       922     23.02          0.00       65.25        0.00     10
       923     23.04          1.02       71.61        1.02     12
       924     23.06          0.00       62.94        0.00     10
       925     23.08          0.00       62.59        0.00      6
       926     23.09          8.15       72.14        8.15     14
       927     23.11          0.00       61.12        0.00     14
       928     23.13         17.72       88.31       17.72      6
       929     23.15          0.00       65.25        0.00     12
       930     23.17         23.55       94.14       23.55      6
       931     23.19          0.00       62.59        0.00      6
       932     23.21          0.00       62.94        0.00     10
       933     23.23         10.13       64.06       10.13      6
       934     23.25          0.00       58.50        0.00      6
       935     23.26          0.00       66.72        0.00     12
       936     23.28         14.13       84.72       14.13      8
       937     23.30          0.00       64.06        0.00     14
       938     23.32         18.05       88.64       18.05      8
       939     23.34          0.00       66.72        0.00     14
       940     23.35          0.00       62.59        0.00      8
       941     23.37          0.00       62.59        0.00     12
       942     23.39          0.00       58.90        0.00      8
       943     23.42          0.00       62.59        0.00     10
       944     23.44          1.02       71.61        1.02     12
       945     23.45          0.00       62.59        0.00     10
       946     23.47         14.13       84.72       14.13      6
       947     23.50         14.13       84.72       14.13      8
       948     23.52          8.15       72.14        8.15     12
       949     23.54          0.00       66.72        0.00     12
       950     23.56          1.02       71.61        1.02     12
       951     23.58          1.02       71.61        1.02     12
       952     23.60          0.00       62.59        0.00     10
       953     23.62         10.13       64.06       10.13     12
       954     23.65          1.02       71.61        1.02     14
       955     23.67          8.15       72.14        8.15     12
       956     23.69          1.02       71.61        1.02     10
       957     23.71          1.02       71.61        1.02     10
       958     23.73         17.49       88.08       17.49     10
       959     23.75          0.00       65.25        0.00     10
       960     23.77         14.13       84.72       14.13      6
       961     23.78          0.00       62.59        0.00      6
       962     23.80          1.02       71.61        1.02     12
       963     23.82          1.02       71.61        1.02     14
       964     23.84          8.15       72.14        8.15     14
       965     23.86          0.00       62.94        0.00     10
       966     23.88          1.02       71.61        1.02     16
       967     23.90         17.72       88.31       17.72      4
       968     23.92         14.13       84.72       14.13      4
       969     23.94         14.13       84.72       14.13      8
       970     23.96          0.00       62.59        0.00     12
       971     23.98          7.88       65.25        7.88     10
       972     24.00          0.00       62.94        0.00     10
       973     24.02          0.00       62.59        0.00     12
       974     24.05          1.02       71.61        1.02     10
       975     24.07          1.02       71.61        1.02     12
       976     24.10          1.02       71.61        1.02     12
       977     24.12         18.05       88.64       18.05     12
       978     24.14          1.02       71.61        1.02     10
       979     24.16          0.00       62.59        0.00     10
       980     24.18          8.15       72.14        8.15     14
       981     24.21          0.00       58.67        0.00      8
       982     24.23          0.00       61.12        0.00     12
       983     24.25         14.13       84.72       14.13      8
       984     24.27          0.00       62.59        0.00      8
       985     24.30         14.13       84.72       14.13      6
       986     24.32          0.00       62.94        0.00     10
       987     24.34         18.05       88.64       18.05      6
       988     24.36          0.00       62.94        0.00     10
       989     24.38          0.00       62.94        0.00     10
       990     24.40         23.15       93.74       23.15      8
       991     24.42         17.72       88.31       17.72     10
       992     24.44          1.02       71.61        1.02     10
       993     24.46          0.00       62.59        0.00      6
       994     24.49         10.13       64.06       10.13     10
       995     24.53          1.02       71.61        1.02     12
       996     24.55          0.00       66.72        0.00     10
       997     24.57         17.72       88.31       17.72      8
       998     24.59          0.00       62.59        0.00     14
       999     24.61          1.02       71.61        1.02     14
      1000     24.63          0.00       58.90        0.00     12
      1001     24.66          0.00       62.59        0.00     12
      1002     24.68          0.00       62.59        0.00     10
      1003     24.70         14.13       84.72       14.13      8
      1004     24.72         23.55       94.14       23.55      6
      1005     24.74         18.48       82.47       18.48     10
      1006     24.75         10.13       64.06       10.13     12
      1007     24.79         10.13       58.67       10.13     14
      1008     24.81          0.00       62.94        0.00     10
      1009     24.83          0.00       62.59        0.00      8
      1010     24.86          1.02       71.61        1.02     10
      1011     24.88         14.13       84.72       14.13      6
      1012     24.89         14.13       84.72       14.13     10
      1013     24.91          0.00       62.59        0.00     14
      1014     24.94         14.13       84.72       14.13      8
      1015     24.96          1.02       71.61        1.02     14
      1016     24.98         18.71       82.70       18.71      8
      1017     24.99          8.15       72.14        8.15     14
      1018     25.01          0.00       62.94        0.00     10
      1019     25.03          1.02       71.61        1.02     10
      1020     25.05          0.00       62.59        0.00     10
      1021     25.07         10.13       64.06       10.13     10
      1022     25.10          8.15       72.14        8.15     12
      1023     25.12         18.05       88.64       18.05      8
      1024     25.14          1.02       71.61        1.02     14
      1025     25.16          1.02       71.61        1.02     14
      1026     25.19          1.02       71.61        1.02     10
      1027     25.20          0.00       62.59        0.00     12
      1028     25.22          8.15       72.14        8.15     14
      1029     25.24          0.00       62.59        0.00     10
      1030     25.26         14.13       84.72       14.13      8
      1031     25.28         14.13       84.72       14.13      8
      1032     25.30         18.48       82.47       18.48      8
      1033     25.32         14.13       84.72       14.13     10
      1034     25.34          0.00       65.25        0.00     12
      1035     25.35          1.02       71.61        1.02     12
      1036     25.37          1.02       71.61        1.02     16
      1037     25.39         15.13       79.12       15.13     10
      1038     25.41         17.49       88.08       17.49      6
      1039     25.43          0.00       62.59        0.00      8
      1040     25.45         17.49       88.08       17.49      6
      1041     25.47          1.02       71.61        1.02     16
      1042     25.49          8.15       72.14        8.15     16
      1043     25.51          1.02       71.61        1.02     12
      1044     25.53          0.00       62.59        0.00      6
      1045     25.55          1.02       71.61        1.02     14
      1046     25.57         14.13       84.72       14.13     10
      1047     25.59          0.00       62.59        0.00      8
      1048     25.61         14.13       84.72       14.13      6
      1049     25.63          0.00       58.90        0.00      8
      1050     25.65          0.00       66.72        0.00     12
      1051     25.67          0.00       58.90        0.00     10
      1052     25.69          0.00       58.90        0.00     10
      1053     25.71          0.00       62.94        0.00     10
      1054     25.73         19.48       83.47       19.48      8
      1055     25.75          1.02       71.61        1.02     12
      1056     25.77          0.00       62.59        0.00     14
      1057     25.79          8.15       72.14        8.15     14
      1058     25.81          1.02       71.61        1.02     12
      1059     25.83         14.13       84.72       14.13      8
      1060     25.84          0.00       62.94        0.00     10
      1061     25.87         18.05       88.64       18.05      8
      1062     25.89          1.02       71.61        1.02     10
      1063     25.90          0.00       65.25        0.00     12
      1064     25.92          1.02       71.61        1.02     12
      1065     25.94          0.00       62.59        0.00     12
      1066     25.96          0.00       62.59        0.00      6
      1067     25.98          1.02       71.61        1.02     16
      1068     26.00          0.00       65.25        0.00     10
      1069     26.02         18.05       88.64       18.05     12
      1070     26.03         10.13       64.06       10.13     10
      1071     26.06          0.00       66.72        0.00     10
      1072     26.08          0.00       62.59        0.00     10
      1073     26.10         25.06       95.65       25.06     10
      1074     26.12          2.37       65.26        2.37     14
      1075     26.14          8.15       72.14        8.15     14
      1076     26.16          0.00       65.25        0.00      6
      1077     26.18          0.00       62.59        0.00      8
      1078     26.20          1.02       71.61        1.02     10
      1079     26.22          0.00       58.67        0.00      8
      1080     26.24          0.00       58.50        0.00      8
      1081     26.26          0.00       66.72        0.00     12
      1082     26.28          1.02       71.61        1.02     16
      1083     26.30          1.02       71.61        1.02     14
      1084     26.32          1.02       71.61        1.02     12
      1085     26.34         14.13       84.72       14.13      8
      1086     26.36          1.02       71.61        1.02     12
      1087     26.38          1.02       71.61        1.02     12
      1088     26.40         10.13       64.06       10.13     14
      1089     26.44         14.13       84.72       14.13     10
      1090     26.46          0.00       61.12        0.00     12
      1091     26.48          0.00       65.25        0.00     12
      1092     26.50          0.00       59.65        0.00      6
      1093     26.52          1.02       71.61        1.02     14
      1094     26.53         18.05       88.64       18.05      8
      1095     26.55          0.00       61.12        0.00      8
      1096     26.57         14.13       84.72       14.13      8
      1097     26.59         10.13       64.06       10.13     12
      1098     26.62          1.02       71.61        1.02     12
      1099     26.64         14.13       84.72       14.13      8
      1100     26.66         14.13       84.72       14.13     14
      1101     26.68          1.02       71.61        1.02     12
      1102     26.69         14.16       84.75       14.16     10
      1103     26.71         10.13       64.06       10.13     14
      1104     26.74          1.02       71.61        1.02     14
      1105     26.76         14.13       84.72       14.13      6
      1106     26.78         14.13       84.72       14.13      8
      1107     26.80          1.02       71.61        1.02     12
      1108     26.82          0.00       62.59        0.00     12
      1109     26.84         14.13       84.72       14.13      8
      1110     26.86         25.06       95.65       25.06      8
      1111     26.88          1.02       71.61        1.02     10
      1112     26.90         22.80       93.39       22.80     10
      1113     26.92          0.00       66.72        0.00     10
      1114     26.94         10.13       62.94       10.13     14
      1115     26.96          1.02       71.61        1.02     12
      1116     26.98          1.02       71.61        1.02     10
      1117     27.00          0.00       66.72        0.00     10
      1118     27.02          1.02       71.61        1.02     12
      1119     27.04          8.15       72.14        8.15     16
      1120     27.06          1.02       71.61        1.02     14
      1121     27.07          0.00       66.72        0.00     10
      1122     27.10         17.72       88.31       17.72      6
      1123     27.12          0.00       58.50        0.00     10
      1124     27.13          0.00       62.94        0.00     12
      1125     27.15          8.15       72.14        8.15     14
      1126     27.17          8.50       71.39        8.50     18
      1127     27.19          1.02       71.61        1.02     12
      1128     27.21          0.00       66.72        0.00     10
      1129     27.23          1.02       71.61        1.02     10
      1130     27.25          0.00       62.59        0.00     10
      1131     27.27         14.13       84.72       14.13     10
      1132     27.29          0.00       65.25        0.00      8
      1133     27.31         15.13       79.12       15.13     10
      1134     27.33         14.13       84.72       14.13      6
      1135     27.35          0.00       62.59        0.00      6
      1136     27.37          5.42       57.91        5.42     10
      1137     27.40          0.00       62.59        0.00     10
      1138     27.42          0.00       62.94        0.00     10
      1139     27.44          0.00       62.94        0.00     10
      1140     27.46          0.00       59.65        0.00      8
      1141     27.48          1.02       71.61        1.02     12
      1142     27.50         14.13       84.72       14.13      6
      1143     27.52          0.00       62.94        0.00     10
      1144     27.54         14.13       84.72       14.13     10
      1145     27.56          0.00       65.25        0.00     12
      1146     27.58          0.00       62.59        0.00      8
      1147     27.59         14.13       84.72       14.13      6
      1148     27.61          1.02       71.61        1.02     12
      1149     27.64          0.00       62.59        0.00     10
      1150     27.66         10.13       64.06       10.13     12
      1151     27.69         14.13       84.72       14.13      8
      1152     27.71          0.00       66.72        0.00     12
      1153     27.73          0.00       61.12        0.00     12
      1154     27.75          0.00       62.59        0.00      8
      1155     27.77         15.48       78.37       15.48     10
      1156     27.79          0.00       62.94        0.00     10
      1157     27.80          1.02       71.61        1.02     10
      1158     27.82         12.78       83.37       12.78      6
      1159     27.84          0.00       58.50        0.00      8
      1160     27.86         14.13       84.72       14.13      6
      1161     27.88         14.13       84.72       14.13     10
      1162     27.90         18.05       88.64       18.05      8
      1163     27.92          0.00       62.59        0.00      8
      1164     27.95          0.00       66.72        0.00     14
      1165     27.97          0.00       59.65        0.00     12
      1166     28.00          0.00       66.72        0.00     12
      1167     28.02          0.00       62.94        0.00     10
      1168     28.04         10.13       66.72       10.13      8
      1169     28.06          1.02       71.61        1.02     12
      1170     28.08          1.02       71.61        1.02     12
      1171     28.10          0.00       66.72        0.00     12
      1172     28.12          0.00       62.59        0.00      6
      1173     28.15         17.72       88.31       17.72      2
      1174     28.17          1.02       71.61        1.02     12
      1175     28.19          1.02       71.61        1.02     12
      1176     28.22         14.16       84.75       14.16     10
      1177     28.24         14.13       84.72       14.13      6
      1178     28.26          1.02       71.61        1.02     14
      1179     28.29          0.00       66.72        0.00     12
      1180     28.31         10.13       64.06       10.13     10
      1181     28.35         10.13       64.06       10.13     12
      1182     28.38          0.00       62.94        0.00      8
      1183     28.40          0.00       66.72        0.00     14
      1184     28.42         15.13       79.12       15.13      4
      1185     28.44          0.00       62.94        0.00     10
      1186     28.46          0.00       62.59        0.00      8
      1187     28.48          0.00       62.94        0.00     10
      1188     28.51         18.05       88.64       18.05     12
      1189     28.53          0.00       66.72        0.00     14
      1190     28.55          0.00       62.94        0.00     10
      1191     28.57          8.15       72.14        8.15     12
      1192     28.59         14.13       84.72       14.13      8
      1193     28.61          0.00       62.94        0.00     10
      1194     28.63          0.00       58.90        0.00     12
      1195     28.65         13.78       77.77       13.78      6
      1196     28.67          0.00       66.72        0.00     12
      1197     28.70         10.13       64.06       10.13     12
      1198     28.75         19.05       83.04       19.05     12
      1199     28.78          0.00       58.90        0.00      6
      1200     28.81          0.00       64.06        0.00     12
      1201     28.83         14.13       84.72       14.13      8
      1202     28.86          0.00       58.50        0.00     12
      1203     28.88          0.00       66.72        0.00     12
      1204     28.91         26.06       90.05       26.06     10
      1205     28.93          0.00       65.25        0.00     10
      1206     28.96          1.02       71.61        1.02     10
      1207     28.98         17.49       88.08       17.49     12
      1208     29.01         10.13       64.06       10.13     10
      1209     29.04          0.00       65.25        0.00     14
      1210     29.06         18.05       88.64       18.05      8
      1211     29.09          1.02       71.61        1.02     12
      1212     29.11          0.00       62.59        0.00      8
      1213     29.13          0.00       62.59        0.00      8
      1214     29.15          1.02       71.61        1.02     14
      1215     29.17          0.00       61.12        0.00      8
      1216     29.19         10.13       64.06       10.13     12
      1217     29.23          0.00       62.59        0.00      8
      1218     29.25          0.00       62.59        0.00     10
      1219     29.27         14.13       84.72       14.13      8
      1220     29.29          1.02       71.61        1.02     12
      1221     29.31         14.13       84.72       14.13     10
      1222     29.33          5.42       57.91        5.42      8
      1223     29.37          0.00       62.59        0.00     14
      1224     29.39          0.00       62.94        0.00     10
      1225     29.41          0.00       65.25        0.00      8
      1226     29.43         18.48       82.47       18.48      6
      1227     29.45          5.42       58.46        5.42     12
      1228     29.50          0.00       62.59        0.00     12
      1229     29.52          0.00       64.06        0.00     12
      1230     29.54          1.02       71.61        1.02     12
      1231     29.56         14.13       84.72       14.13      6
      1232     29.58          1.02       71.61        1.02     12
      1233     29.60          0.00       59.65        0.00      8
      1234     29.62          0.00       62.59        0.00      6
      1235     29.64          0.00       62.59        0.00      8
      1236     29.66          1.02       71.61        1.02     12
      1237     29.68          1.02       71.61        1.02     12
      1238     29.70          5.42       57.91        5.42     12
      1239     29.73          0.00       59.65        0.00      8
      1240     29.75         18.48       82.47       18.48     10
      1241     29.77         17.49       88.08       17.49      8
      1242     29.79          0.00       65.25        0.00     12
      1243     29.82         14.13       84.72       14.13      6
      1244     29.83          1.02       71.61        1.02     12
      1245     29.86          8.15       72.14        8.15     16
      1246     29.88         17.49       88.08       17.49      6
      1247     29.89          0.00       58.50        0.00     10
      1248     29.91          1.02       71.61        1.02     14
      1249     29.93          1.02       71.61        1.02     12
      1250     29.95         17.72       88.31       17.72      6
      1251     29.97          0.00       66.72        0.00     12
      1252     29.99         10.13       64.06       10.13     12
      1253     30.03          0.00       64.06        0.00     10
      1254     30.05         17.49       88.08       17.49      8
      1255     30.07          0.00       58.90        0.00     12
      1256     30.09          1.02       71.61        1.02     12
      1257     30.11          0.00       65.25        0.00     12
      1258     30.13          8.50       71.39        8.50     16
      1259     30.15          8.15       72.14        8.15     14
      1260     30.17          0.00       66.72        0.00     14
      1261     30.19          0.00       58.50        0.00     12
      1262     30.22          1.02       71.61        1.02     10
      1263     30.24          8.15       72.14        8.15     16
      1264     30.26          0.00       62.59        0.00      8
      1265     30.28          0.00       59.65        0.00     14
      1266     30.30          0.00       62.94        0.00     10
      1267     30.32          1.02       71.61        1.02     12
      1268     30.35          1.02       71.61        1.02     10
      1269     30.37         10.13       64.06       10.13     10
      1270     30.40          0.00       59.65        0.00     12
      1271     30.43         10.13       64.06       10.13     10
      1272     30.47          0.00       62.59        0.00     10
      1273     30.49         14.13       84.72       14.13      8
      1274     30.52          8.15       72.14        8.15     14
      1275     30.54         10.13       62.94       10.13     12
      1276     30.56          0.00       66.72        0.00     12
      1277     30.59         17.49       88.08       17.49      6
      1278     30.61          0.00       58.67        0.00      6
      1279     30.63         37.53       87.39       37.53      6
      1280     30.65          0.00       58.67        0.00      8
      1281     30.67          1.02       71.61        1.02     10
      1282     30.70          0.00       62.59        0.00     14
      1283     30.72         14.13       84.72       14.13      6
      1284     30.74         12.78       83.37       12.78      6
      1285     30.76          1.02       71.61        1.02     16
      1286     30.79          0.00       65.25        0.00     12
      1287     30.81          0.00       61.12        0.00      8
      1288     30.83          0.00       66.72        0.00     10
      1289     30.86         10.13       64.06       10.13     10
      1290     30.90          0.00       62.59        0.00      8
      1291     30.92          0.00       65.25        0.00     12
      1292     30.95          0.00       62.59        0.00      8
      1293     30.97         10.13       64.06       10.13     12
      1294     31.01         14.13       84.72       14.13      8
      1295     31.03         14.13       84.72       14.13      6
      1296     31.05          0.00       59.65        0.00     10
      1297     31.08         17.49       88.08       17.49      8
      1298     31.10         10.13       64.06       10.13      8
      1299     31.13          0.00       66.72        0.00     12
      1300     31.16          0.00       65.25        0.00     12
      1301     31.18          0.00       66.72        0.00     10
      1302     31.21          1.02       71.61        1.02     12
      1303     31.23          2.37       65.26        2.37     16
      1304     31.25          0.00       58.90        0.00     10
      1305     31.28          1.02       71.61        1.02     10
      1306     31.30          8.15       72.14        8.15     12
      1307     31.32         15.13       79.12       15.13     10
      1308     31.34         10.13       64.06       10.13     12
      1309     31.39          1.02       71.61        1.02     16
      1310     31.41         18.12       88.70       18.12      6
      1311     31.43          0.00       65.25        0.00     12
      1312     31.46          0.00       66.72        0.00     12
      1313     31.48          0.00       58.50        0.00     10
      1314     31.50         22.80       93.39       22.80      8
      1315     31.52         10.13       64.06       10.13     10
      1316     31.56          8.15       72.14        8.15     12
      1317     31.59         14.13       84.72       14.13      6
      1318     31.61          8.50       71.39        8.50     16
      1319     31.63         14.16       84.75       14.16      6
      1320     31.65          0.00       62.59        0.00     10
      1321     31.68          0.00       62.59        0.00      8
      1322     31.70          0.00       66.72        0.00     12
      1323     31.73         12.78       83.37       12.78      6
      1324     31.75          1.02       71.61        1.02     14
      1325     31.77         14.13       84.72       14.13      8
      1326     31.79          0.00       65.25        0.00     12
      1327     31.81          0.00       64.06        0.00     12
      1328     31.83         10.13       62.59       10.13     16
      1329     31.86          0.00       58.90        0.00     12
      1330     31.88          0.00       62.59        0.00      6
      1331     31.91          0.00       62.94        0.00     10
      1332     31.93          8.15       72.14        8.15     12
      1333     31.95          0.00       58.50        0.00      8
      1334     31.97          1.02       71.61        1.02     16
      1335     31.99         18.05       88.64       18.05     10
      1336     32.01         10.13       64.06       10.13      8
      1337     32.04          0.00       66.72        0.00     12
      1338     32.06          8.15       72.14        8.15     12
      1339     32.09          0.00       65.25        0.00     12
      1340     32.11          0.00       65.25        0.00     14
      1341     32.13         18.05       88.64       18.05     10
      1342     32.15          0.00       62.59        0.00      8
      1343     32.17         18.05       88.64       18.05      4
      1344     32.19          0.00       64.06        0.00     12
      1345     32.21          8.15       72.14        8.15     14
      1346     32.23          0.00       62.94        0.00     12
      1347     32.25          0.00       65.25        0.00     12
      1348     32.27          1.02       71.61        1.02     16
      1349     32.29          0.00       61.12        0.00     10
      1350     32.31          1.02       71.61        1.02     12
      1351     32.33          8.15       72.14        8.15     12
      1352     32.35          1.02       71.61        1.02     12
      1353     32.37          0.00       65.25        0.00     12
      1354     32.39          0.00       66.72        0.00      8
      1355     32.41          0.00       58.67        0.00     10
      1356     32.43         18.05       88.64       18.05      8
      1357     32.45          1.02       71.61        1.02     12
      1358     32.47          0.00       62.59        0.00     10
      1359     32.49          8.15       72.14        8.15     12
      1360     32.51          1.02       71.61        1.02     16
      1361     32.53          0.00       62.59        0.00      8
      1362     32.55         17.72       88.31       17.72      6
      1363     32.57         14.16       84.75       14.16      2
      1364     32.59         10.13       64.06       10.13     12
      1365     32.62         14.13       84.72       14.13      8
      1366     32.64          0.00       66.72        0.00     12
      1367     32.66          8.15       72.14        8.15     12
      1368     32.69          1.02       71.61        1.02     12
      1369     32.71         14.13       84.72       14.13      6
      1370     32.72          0.00       65.25        0.00     12
      1371     32.74         14.13       84.72       14.13      6
      1372     32.77          1.02       71.61        1.02     14
      1373     32.79          0.00       62.59        0.00      6
      1374     32.81          1.02       71.61        1.02     14
      1375     32.83          0.00       58.50        0.00     10
      1376     32.85          0.00       58.67        0.00      8
      1377     32.88         37.53       88.64       37.53      6
      1378     32.90          0.00       66.72        0.00     12
      1379     32.92          0.00       66.72        0.00     12
      1380     32.94          1.02       71.61        1.02     12
      1381     32.96          0.00       62.59        0.00      6
      1382     32.99          0.00       62.59        0.00     10
      1383     33.01          0.00       59.65        0.00      6
      1384     33.03          0.00       66.72        0.00     12
      1385     33.05          0.00       62.94        0.00      8
      1386     33.07          1.02       71.61        1.02     14
      1387     33.09         10.13       62.94       10.13     14
      1388     33.12         10.13       64.06       10.13     10
      1389     33.16         19.11       83.11       19.11     10
      1390     33.18          8.15       72.14        8.15     12
      1391     33.20          1.02       71.61        1.02     14
      1392     33.23          0.00       64.06        0.00      8
      1393     33.25          0.00       66.72        0.00     12
      1394     33.27          0.00       62.59        0.00      8
      1395     33.30          0.00       58.90        0.00      6
      1396     33.32         10.13       64.06       10.13     10
      1397     33.36          0.00       62.59        0.00     12
      1398     33.38          0.00       62.59        0.00     10
      1399     33.41         17.72       88.31       17.72      8
      1400     33.43          0.00       65.25        0.00     12
      1401     33.45         13.01       83.60       13.01      8
      1402     33.47          0.00       59.65        0.00     14
      1403     33.50         14.13       84.72       14.13      8
      1404     33.52          0.00       64.06        0.00     12
      1405     33.55          0.00       62.94        0.00     10
      1406     33.57         14.13       84.72       14.13     10
      1407     33.59         15.13       79.12       15.13     10
      1408     33.61          0.00       62.94        0.00     10
      1409     33.63          0.00       58.50        0.00     12
      1410     33.66          0.00       61.12        0.00      8
      1411     33.68          1.02       71.61        1.02     12
      1412     33.70          0.00       66.72        0.00     14
      1413     33.72          0.00       62.59        0.00     10
      1414     33.75         26.21       96.80       26.21      8
      1415     33.77         14.13       84.72       14.13      4
      1416     33.79          0.00       58.50        0.00     12
      1417     33.82         10.13       64.06       10.13     10
      1418     33.85          8.15       72.14        8.15     14
      1419     33.87         14.16       84.75       14.16      6
      1420     33.90          0.00       62.59        0.00      8
      1421     33.92          0.00       58.90        0.00     10
      1422     33.94         12.78       83.37       12.78      4
      1423     33.96          8.15       72.14        8.15     12
      1424     33.98         17.49       88.08       17.49      8
      1425     34.00         17.49       88.08       17.49      8
      1426     34.02          0.00       62.59        0.00     10
      1427     34.04          0.00       62.59        0.00      8
      1428     34.06         36.77       88.64       36.77      4
      1429     34.08          8.15       72.14        8.15     14
      1430     34.10         15.13       79.12       15.13     10
      1431     34.12          0.00       65.25        0.00     10
      1432     34.14         10.13       64.06       10.13     10
      1433     34.18         15.13       79.12       15.13     10
      1434     34.20          0.00       58.50        0.00      8
      1435     34.22         18.48       82.47       18.48     12
      1436     34.24          0.00       62.59        0.00      8
      1437     34.26         18.05       88.64       18.05      8
      1438     34.28          0.00       66.72        0.00     12
      1439     34.30          0.00       59.65        0.00     10
      1440     34.33          0.00       66.72        0.00     14
      1441     34.34          0.00       65.25        0.00     12
      1442     34.37          1.02       71.61        1.02     10
      1443     34.39          1.02       71.61        1.02     14
      1444     34.41          0.00       62.59        0.00     10
      1445     34.43          8.15       72.14        8.15     12
      1446     34.45          0.00       62.94        0.00     10
      1447     34.47          0.00       65.25        0.00     12
      1448     34.49          1.02       71.61        1.02     12
      1449     34.51          0.00       58.50        0.00      8
      1450     34.53          0.00       58.90        0.00     12
      1451     34.55          0.00       62.59        0.00      8
      1452     34.58         17.49       88.08       17.49      6
      1453     34.60          0.00       62.59        0.00      8
      1454     34.63         39.03       88.64       39.03      4
      1455     34.65         10.13       64.06       10.13     10
      1456     34.68         18.05       88.64       18.05      8
      1457     34.70         15.13       79.12       15.13     10
      1458     34.72          0.00       62.94        0.00     12
      1459     34.74          2.37       65.26        2.37     14
      1460     34.76          0.00       65.25        0.00     14
      1461     34.78         23.55       94.14       23.55      2
      1462     34.80          5.42       57.91        5.42     12
      1463     34.84          0.00       65.25        0.00     12
      1464     34.85          0.00       62.94        0.00     10
      1465     34.87         10.13       64.06       10.13     14
      1466     34.90          0.00       66.72        0.00     12
      1467     34.92          0.00       61.12        0.00     12
      1468     34.94          0.00       66.72        0.00     12
      1469     34.96          0.00       58.50        0.00     10
      1470     34.98          0.00       64.06        0.00     12
      1471     35.00         10.13       64.06       10.13     12
      1472     35.03         14.13       84.72       14.13      6
      1473     35.04         13.01       83.60       13.01      8
      1474     35.06          1.02       71.61        1.02     12
      1475     35.08          8.15       72.14        8.15     12
      1476     35.10         14.13       84.72       14.13      8
      1477     35.12          0.00       58.90        0.00     10
      1478     35.14          0.00       66.72        0.00     10
      1479     35.16          0.00       61.12        0.00     12
      1480     35.18          8.50       71.39        8.50     14
      1481     35.20          1.02       71.61        1.02     16
      1482     35.22         14.13       84.72       14.13      8
      1483     35.24          0.00       64.06        0.00     10
      1484     35.26          0.00       62.94        0.00     10
      1485     35.28          1.02       71.61        1.02     12
      1486     35.30          0.00       66.72        0.00     12
      1487     35.32         14.13       84.72       14.13      6
      1488     35.34          1.02       71.61        1.02     16
      1489     35.36         10.13       64.06       10.13     10
      1490     35.39          0.00       62.59        0.00      8
      1491     35.41          1.02       71.61        1.02     12
      1492     35.43          0.00       61.12        0.00     14
      1493     35.45          0.00       62.59        0.00      8
      1494     35.47         17.49       88.08       17.49      8
      1495     35.49         14.13       84.72       14.13      8
      1496     35.50          1.02       71.61        1.02     14
      1497     35.52         18.05       88.64       18.05      8
      1498     35.54         15.13       79.12       15.13     10
      1499     35.56         10.13       64.06       10.13      8
      1500     35.59          8.15       72.14        8.15     12
      1501     35.61          1.02       71.61        1.02     12
      1502     35.63          2.37       65.26        2.37     12
      1503     35.65         10.13       58.67       10.13     16
      1504     35.68          8.15       72.14        8.15     16
      1505     35.69         14.13       84.72       14.13      8
      1506     35.71         17.72       88.31       17.72      8
      1507     35.73          0.00       58.67        0.00      6
      1508     35.75          0.00       62.59        0.00      8
      1509     35.77         14.13       84.72       14.13      8
      1510     35.79          0.00       62.59        0.00     12
      1511     35.81          1.02       71.61        1.02     10
      1512     35.83         18.05       88.64       18.05     10
      1513     35.84          8.15       72.14        8.15     14
      1514     35.87          0.00       58.50        0.00     10
      1515     35.89          8.15       72.14        8.15     12
      1516     35.91         14.13       84.72       14.13      8
      1517     35.93          0.00       66.72        0.00     12
      1518     35.95         23.90       94.49       23.90      6
      1519     35.97         10.13       64.06       10.13     10
      1520     36.00          0.00       66.72        0.00     12
      1521     36.02          0.00       66.72        0.00     12
      1522     36.04          1.02       71.61        1.02     12
      1523     36.06         14.13       84.72       14.13     10
      1524     36.08          0.00       58.50        0.00      8
      1525     36.10         22.80       93.39       22.80      6
      1526     36.12         14.13       84.72       14.13      8
      1527     36.14         17.72       88.31       17.72      8
      1528     36.16         14.13       84.72       14.13      8
      1529     36.18         15.13       79.12       15.13     10
      1530     36.20         14.13       84.72       14.13      6
      1531     36.22         14.13       84.72       14.13      8
      1532     36.24          0.00       62.94        0.00     10
      1533     36.26          0.00       65.25        0.00      6
      1534     36.28          0.00       62.94        0.00     10
      1535     36.30          8.15       72.14        8.15     12
      1536     36.32          0.00       65.25        0.00     12
      1537     36.34          0.00       62.94        0.00     10
      1538     36.36          0.00       62.94        0.00     10
      1539     36.38          8.15       72.14        8.15     16
      1540     36.40          0.00       62.59        0.00      6
      1541     36.42         18.05       88.64       18.05     10
      1542     36.44          0.00       65.25        0.00     12
      1543     36.46          1.02       71.61        1.02     12
      1544     36.48         14.13       84.72       14.13      6
      1545     36.50          0.00       66.72        0.00     12
      1546     36.52          0.00       62.59        0.00      8
      1547     36.54          0.00       58.50        0.00     12
      1548     36.55         17.49       88.08       17.49     10
      1549     36.57          0.00       62.59        0.00      8
      1550     36.59         10.13       64.06       10.13     14
      1551     36.62         18.48       82.47       18.48     10
      1552     36.64          1.02       71.61        1.02     12
      1553     36.66          1.02       71.61        1.02     12
      1554     36.68         10.13       64.06       10.13     12
      1555     36.71         18.48       82.47       18.48     10
      1556     36.73          0.00       62.94        0.00      8
      1557     36.75          0.00       58.90        0.00     10
      1558     36.76          0.00       62.59        0.00     10
      1559     36.78          0.00       62.59        0.00     10
      1560     36.80          0.00       62.94        0.00     10
      1561     36.82          0.00       58.50        0.00      8
      1562     36.84          1.02       71.61        1.02     14
      1563     36.87          1.02       71.61        1.02     12
      1564     36.89          1.02       71.61        1.02     10
      1565     36.91          0.00       62.94        0.00     12
      1566     36.93         10.13       64.06       10.13     12
      1567     36.96          0.00       65.25        0.00     12
      1568     36.98          1.02       71.61        1.02     16
      1569     37.00          1.02       71.61        1.02     12
      1570     37.02         10.13       64.06       10.13     12
      1571     37.05          0.00       66.72        0.00      8
      1572     37.07         14.13       84.72       14.13      6
      1573     37.09          0.00       66.72        0.00     12
      1574     37.11          0.00       62.59        0.00     10
      1575     37.13         15.13       79.12       15.13     12
      1576     37.14          0.00       65.25        0.00      8
      1577     37.16          0.00       62.59        0.00     10
      1578     37.18          0.00       58.50        0.00      6
      1579     37.20         14.13       84.72       14.13      8
      1580     37.22          0.00       62.94        0.00     10
      1581     37.24          0.00       62.59        0.00     10
      1582     37.26         18.05       88.64       18.05      8
      1583     37.28          1.02       71.61        1.02     12
      1584     37.30          0.00       62.94        0.00     10
      1585     37.32          0.00       64.06        0.00     12
      1586     37.34         23.15       93.74       23.15      6
      1587     37.36          0.00       62.59        0.00      8
      1588     37.38          1.02       71.61        1.02     10
      1589     37.40         14.13       84.72       14.13      8
      1590     37.42          0.00       62.59        0.00     10
      1591     37.43          0.00       62.59        0.00      6
      1592     37.45          0.00       59.65        0.00      8
      1593     37.47          0.00       66.72        0.00     10
      1594     37.49          1.02       71.61        1.02     12
      1595     37.51          8.50       71.39        8.50     12
      1596     37.53         22.80       93.39       22.80      4
      1597     37.55          0.00       62.59        0.00      6
      1598     37.56          0.00       62.59        0.00      6
      1599     37.58          0.00       62.59        0.00      8
      1600     37.60         26.21       96.80       26.21      8
      1601     37.62         14.13       84.72       14.13      6
      1602     37.64          1.02       71.61        1.02     16
      1603     37.66          0.00       62.59        0.00      6
      1604     37.68          0.00       62.94        0.00     10
      1605     37.71         14.13       84.72       14.13     10
      1606     37.72          0.00       65.25        0.00     12
      1607     37.75         17.72       88.31       17.72      6
      1608     37.77         14.13       84.72       14.13      8
      1609     37.78          1.56       71.61        1.56     12
      1610     37.80         14.13       84.72       14.13      8
      1611     37.82          0.00       58.50        0.00      8
      1612     37.84          8.15       72.14        8.15     14
      1613     37.86          0.00       62.59        0.00     14
      1614     37.88          0.00       58.90        0.00      8
      1615     37.90         14.13       84.72       14.13      8
      1616     37.92          5.42       57.91        5.42     12
      1617     37.95          0.00       62.59        0.00     10
      1618     37.97          0.00       64.06        0.00     12
      1619     38.00          0.00       62.59        0.00      8
      1620     38.02          1.02       71.61        1.02     14
      1621     38.03         18.88       89.47       18.88     12
      1622     38.05         17.72       88.31       17.72      6
      1623     38.07         40.89       88.08       40.89      4
      1624     38.09          5.42       57.91        5.42     12
      1625     38.12          0.00       66.72        0.00     12
      1626     38.14          1.02       71.61        1.02     10
      1627     38.18         14.16       84.75       14.16      4
      1628     38.21         14.13       84.72       14.13      6
      1629     38.22          1.02       71.61        1.02     12
      1630     38.24          1.02       71.61        1.02     14
      1631     38.26          0.00       62.59        0.00      8
      1632     38.28          0.00       58.67        0.00     14
      1633     38.30          0.00       66.72        0.00     14
      1634     38.32          1.02       71.61        1.02     10
      1635     38.34         18.71       82.70       18.71      6
      1636     38.36         10.13       64.06       10.13     12
      1637     38.39          1.02       71.61        1.02     16
      1638     38.40         14.13       84.72       14.13     14
      1639     38.42         17.49       88.08       17.49      6
      1640     38.44          1.02       71.61        1.02     12
      1641     38.46          0.00       62.59        0.00      6
      1642     38.48          1.02       71.61        1.02     16
      1643     38.50         13.41       84.00       13.41      8
      1644     38.52          8.15       72.14        8.15     14
      1645     38.53          0.00       66.72        0.00     10
      1646     38.55         14.13       84.72       14.13     10
      1647     38.57          0.00       64.06        0.00     12
      1648     38.59         10.13       62.94       10.13     16
      1649     38.61         14.13       84.72       14.13      6
      1650     38.63         18.71       82.70       18.71     10
      1651     38.64          0.00       66.72        0.00     14
      1652     38.67         18.71       82.70       18.71     10
      1653     38.69         18.05       88.64       18.05     10
      1654     38.70          0.00       62.59        0.00      8
      1655     38.72         14.13       84.72       14.13      6
      1656     38.74          0.00       62.59        0.00      6
      1657     38.76          0.00       59.65        0.00      6
      1658     38.78          0.00       62.59        0.00     12
      1659     38.80         14.13       84.72       14.13      8
      1660     38.82          0.00       58.50        0.00     10
      1661     38.84          5.42       61.12        5.42     10
      1662     38.87         10.13       64.06       10.13     10
      1663     38.90          0.00       58.50        0.00     10
      1664     38.92          0.00       62.94        0.00     10
      1665     38.94         10.13       62.94       10.13     14
      1666     38.96          0.00       62.59        0.00      8
      1667     38.98          8.15       72.14        8.15     12
      1668     39.00          1.02       71.61        1.02     12
      1669     39.02          8.15       72.14        8.15     14
      1670     39.04          1.02       71.61        1.02     10
      1671     39.06          0.00       62.59        0.00      6
      1672     39.08          0.00       65.25        0.00     12
      1673     39.10          1.02       71.61        1.02     14
      1674     39.12         18.05       88.64       18.05      4
      1675     39.13         14.13       84.72       14.13      8
      1676     39.15          0.00       62.94        0.00     10
      1677     39.17          1.02       71.61        1.02     10
      1678     39.19         10.13       58.67       10.13     12
      1679     39.21          0.00       62.59        0.00      8
      1680     39.23          1.02       71.61        1.02     14
      1681     39.25         19.40       82.29       19.40     10
      1682     39.27         10.13       62.59       10.13     14
      1683     39.29          0.00       62.59        0.00      8
      1684     39.31         19.63       90.22       19.63      6
      1685     39.33          0.00       61.12        0.00     12
      1686     39.35          0.00       66.72        0.00     12
      1687     39.37         17.49       88.08       17.49      6
      1688     39.39          1.02       71.61        1.02     12
      1689     39.41          1.02       71.61        1.02     12
      1690     39.43         10.13       64.06       10.13     14
      1691     39.47          1.02       71.61        1.02     12
      1692     39.49          8.15       72.14        8.15     12
      1693     39.51          0.00       62.59        0.00     10
      1694     39.53         10.13       64.06       10.13     10
      1695     39.56         10.13       64.06       10.13     10
      1696     39.59          0.00       64.06        0.00     12
      1697     39.61          0.00       62.59        0.00      8
      1698     39.63          0.00       58.50        0.00      8
      1699     39.65          0.00       62.94        0.00     10
      1700     39.67          1.02       71.61        1.02     14
      1701     39.68         14.16       84.75       14.16      8
      1702     39.70         14.13       84.72       14.13      6
      1703     39.72         15.13       79.12       15.13     10
      1704     39.74          0.00       62.94        0.00     10
      1705     39.76         14.13       84.72       14.13      6
      1706     39.78          0.00       62.59        0.00      8
      1707     39.80          1.02       71.61        1.02     12
      1708     39.82         17.72       88.31       17.72      6
      1709     39.84          0.00       62.59        0.00     14
      1710     39.86         36.54       88.08       36.54      4
      1711     39.87         14.13       84.72       14.13      8
      1712     39.89          8.15       72.14        8.15     12
      1713     39.92          0.00       66.72        0.00     12
      1714     39.93         12.78       83.37       12.78      8
      1715     39.95          0.00       62.59        0.00     10
      1716     39.97         18.05       88.64       18.05     10
      1717     39.99          0.00       62.94        0.00     10
      1718     40.01          0.00       58.90        0.00      6
      1719     40.02         14.13       84.72       14.13     10
      1720     40.04          1.02       71.61        1.02     14
      1721     40.06          5.42       58.46        5.42     12
      1722     40.10          5.42       58.46        5.42     10
      1723     40.14          1.02       71.61        1.02     10
      1724     40.16          1.02       71.61        1.02     12
      1725     40.18         10.13       64.06       10.13     10
      1726     40.22         14.13       84.72       14.13     10
      1727     40.26          0.00       66.72        0.00     14
      1728     40.28          1.02       71.61        1.02     14
      1729     40.30          1.02       71.61        1.02     12
      1730     40.32          0.00       62.59        0.00     10
      1731     40.35         14.13       84.72       14.13      8
      1732     40.37          0.00       61.12        0.00     12
      1733     40.39          0.00       66.72        0.00     12
      1734     40.41          1.02       71.61        1.02     12
      1735     40.43          0.00       64.06        0.00     12
      1736     40.46          1.02       71.61        1.02     12
      1737     40.49          0.00       62.59        0.00     10
      1738     40.51          0.00       65.25        0.00     12
      1739     40.53          0.00       62.94        0.00     10
      1740     40.54          0.00       62.59        0.00      6
      1741     40.56          0.00       65.25        0.00     12
      1742     40.58          0.00       66.72        0.00     12
      1743     40.60         10.13       64.06       10.13     10
      1744     40.64          1.02       71.61        1.02     12
      1745     40.67         14.13       84.72       14.13     10
      1746     40.69         32.62       84.72       32.62      4
      1747     40.71          0.00       58.90        0.00      8
      1748     40.73          0.00       66.72        0.00     12
      1749     40.75          1.02       71.61        1.02     10
      1750     40.77         17.49       88.08       17.49      8
      1751     40.79          0.00       62.59        0.00      8
      1752     40.81         14.13       84.72       14.13      8
      1753     40.83          0.00       66.72        0.00     12
      1754     40.85         23.55       94.14       23.55      8
      1755     40.88         18.48       89.07       18.48      6
      1756     40.90         14.13       84.72       14.13      8
      1757     40.92          0.00       62.59        0.00      8
      1758     40.94          0.00       62.59        0.00      8
      1759     40.96         10.13       64.06       10.13     12
      1760     40.99         18.05       88.64       18.05      8
      1761     41.01          1.02       71.61        1.02     14
      1762     41.03          1.02       71.61        1.02     16
      1763     41.05         13.41       84.00       13.41      8
      1764     41.07          0.00       65.25        0.00     10
      1765     41.09          0.00       62.59        0.00      8
      1766     41.11          1.02       71.61        1.02     12
      1767     41.13         10.13       64.06       10.13     12
      1768     41.17          0.00       58.90        0.00     10
      1769     41.19          1.02       71.61        1.02     14
      1770     41.21          8.15       72.14        8.15     16
      1771     41.23          0.00       62.59        0.00      8
      1772     41.25         10.13       64.06       10.13     10
      1773     41.28         17.49       88.08       17.49      6
      1774     41.30         13.41       84.00       13.41      2
      1775     41.32          1.02       71.61        1.02     16
      1776     41.34         10.13       64.06       10.13     12
      1777     41.37          0.00       62.59        0.00     10
      1778     41.39         10.13       58.67       10.13     10
      1779     41.41          8.15       72.14        8.15     16
      1780     41.43          1.02       71.61        1.02     14
      1781     41.45         19.05       83.04       19.05      8
      1782     41.47          0.00       62.59        0.00      8
      1783     41.49          0.00       62.59        0.00      6
      1784     41.51         14.13       84.72       14.13      6
      1785     41.53         10.13       64.06       10.13     10
      1786     41.57          1.02       71.61        1.02     12
      1787     41.59         18.48       82.47       18.48     12
      1788     41.61          0.00       58.90        0.00      6
      1789     41.63          0.00       58.50        0.00     12
      1790     41.65         14.13       84.72       14.13      6
      1791     41.67         14.13       84.72       14.13     10
      1792     41.69         14.13       84.72       14.13      6
      1793     41.70          0.00       66.72        0.00     12
      1794     41.72          1.02       71.61        1.02     12
      1795     41.74          0.00       62.94        0.00     10
      1796     41.76          0.00       66.72        0.00     14
      1797     41.78         10.13       64.06       10.13     10
      1798     41.81          0.00       58.90        0.00      8
      1799     41.83          1.02       71.61        1.02     16
      1800     41.85          8.15       72.14        8.15     14
      1801     41.87          0.00       62.59        0.00     10
      1802     41.89         14.13       84.72       14.13      8
      1803     41.92          0.00       61.12        0.00     12
      1804     41.94          0.00       62.59        0.00     12
      1805     41.96          1.02       71.61        1.02     12
      1806     41.98          0.00       62.59        0.00     12
      1807     42.00          1.02       71.61        1.02     10
      1808     42.02          0.00       59.65        0.00     10
      1809     42.05          0.00       62.94        0.00     10
      1810     42.07          0.00       62.59        0.00      8
      1811     42.10          8.15       72.14        8.15     16
      1812     42.12         15.13       79.12       15.13     10
      1813     42.14          1.02       71.61        1.02     14
      1814     42.17         17.72       88.31       17.72      8
      1815     42.19         10.13       64.06       10.13     10
      1816     42.22          0.00       66.72        0.00     12
      1817     42.24          1.02       71.61        1.02     14
      1818     42.26         14.13       84.72       14.13      8
      1819     42.28         14.13       84.72       14.13      8
      1820     42.30          0.00       62.94        0.00     10
      1821     42.32         17.72       88.31       17.72     12
      1822     42.34         18.48       82.47       18.48     12
      1823     42.36         14.13       84.72       14.13      8
      1824     42.38          0.00       62.94        0.00      8
      1825     42.40          0.00       65.25        0.00     12
      1826     42.42          1.02       71.61        1.02     12
      1827     42.44          1.02       71.61        1.02     10
      1828     42.46          0.00       66.72        0.00     12
      1829     42.48          0.00       66.72        0.00     12
      1830     42.50         10.13       64.06       10.13     12
      1831     42.52          0.00       62.59        0.00      6
      1832     42.54          0.00       62.59        0.00      8
      1833     42.55          1.02       71.61        1.02     12
      1834     42.57          0.00       58.50        0.00     14
      1835     42.59          0.00       58.67        0.00      8
      1836     42.61         14.13       84.72       14.13      8
      1837     42.63          0.00       62.94        0.00     10
      1838     42.66          1.02       71.61        1.02     14
      1839     42.68          0.00       66.72        0.00     10
      1840     42.70          0.00       62.94        0.00     10
      1841     42.71         14.16       84.75       14.16      8
      1842     42.73         13.41       84.00       13.41      6
      1843     42.75         10.13       58.67       10.13     14
      1844     42.78          0.00       66.72        0.00      8
      1845     42.79          1.02       71.61        1.02     12
      1846     42.83          0.00       58.90        0.00     10
      1847     42.84         14.16       84.75       14.16      4
      1848     42.87          1.02       71.61        1.02     14
      1849     42.89          0.00       62.94        0.00     10
      1850     42.91          8.15       72.14        8.15     14
      1851     42.93          1.02       71.61        1.02     10
      1852     42.95          0.00       66.72        0.00     14
      1853     42.97         14.13       84.72       14.13     10
      1854     42.99          0.00       62.59        0.00      8
      1855     43.01          0.00       62.59        0.00     10
      1856     43.03         14.13       84.72       14.13      8
      1857     43.05          1.02       71.61        1.02     12
      1858     43.07          0.00       66.72        0.00     16
      1859     43.09          0.00       66.72        0.00     12
      1860     43.11         17.49       88.08       17.49      8
      1861     43.13         17.49       88.08       17.49     12
      1862     43.15          1.02       71.61        1.02     12
      1863     43.17         14.13       84.72       14.13      8
      1864     43.19         17.49       88.08       17.49      8
      1865     43.21          1.02       71.61        1.02     16
      1866     43.23          0.00       64.06        0.00     12
      1867     43.25          0.00       62.59        0.00     10
      1868     43.27          1.02       71.61        1.02     16
      1869     43.28          0.00       62.94        0.00     10
      1870     43.30         17.49       88.08       17.49      8
      1871     43.32         23.80       87.79       23.80     10
      1872     43.34         14.13       84.72       14.13     10
      1873     43.36          8.15       72.14        8.15     12
      1874     43.38         26.21       96.80       26.21      6
      1875     43.40         10.13       64.06       10.13     12
      1876     43.43         14.13       84.72       14.13      8
      1877     43.45          8.15       72.14        8.15     12
      1878     43.48          0.00       64.06        0.00     10
      1879     43.50          1.02       71.61        1.02     12
      1880     43.52          1.02       71.61        1.02     14
      1881     43.55          1.02       71.61        1.02     14
      1882     43.57          1.02       71.61        1.02     12
      1883     43.59          1.02       71.61        1.02     16
      1884     43.61         13.01       83.60       13.01      6
      1885     43.63         12.78       83.37       12.78      8
      1886     43.65          0.00       62.59        0.00     12
      1887     43.68         17.49       88.08       17.49      8
      1888     43.69          0.00       62.59        0.00      8
      1889     43.72          0.00       62.94        0.00     10
      1890     43.74         10.13       62.94       10.13     16
      1891     43.76          0.00       66.72        0.00     10
      1892     43.78         14.13       84.72       14.13      8
      1893     43.79          0.00       58.90        0.00     12
      1894     43.81          0.00       66.72        0.00     12
      1895     43.83         19.83       82.72       19.83      2
      1896     43.85          0.00       66.72        0.00     14
      1897     43.88          8.15       72.14        8.15     12
      1898     43.90         14.16       84.75       14.16     12
      1899     43.92          8.15       72.14        8.15     12
      1900     43.94          0.00       62.59        0.00      8
      1901     43.96          8.15       72.14        8.15     16
      1902     43.98          0.00       58.90        0.00      6
      1903     44.00         13.01       83.60       13.01      4
      1904     44.02         17.72       88.31       17.72      8
      1905     44.03          0.00       62.59        0.00      8
      1906     44.05         25.46       96.05       25.46      8
      1907     44.07          0.00       58.90        0.00     12
      1908     44.09         30.68       83.01       30.68     14
      1909     44.11          0.00       62.59        0.00      8
      1910     44.13          0.00       62.59        0.00      8
      1911     44.15          0.00       62.94        0.00     10
      1912     44.17         17.72       88.31       17.72      8
      1913     44.19          0.00       58.50        0.00      8
      1914     44.21          0.00       62.59        0.00     14
      1915     44.23         10.13       64.06       10.13     12
      1916     44.26          0.00       62.94        0.00     10
      1917     44.28          8.15       72.14        8.15     14
      1918     44.30         18.48       82.47       18.48      8
      1919     44.32          0.00       66.72        0.00     14
      1920     44.34          0.00       64.06        0.00     12
      1921     44.35          0.00       58.50        0.00     10
      1922     44.37          0.00       62.59        0.00     10
      1923     44.39         17.49       88.08       17.49      8
      1924     44.41          0.00       58.90        0.00     10
      1925     44.43          1.02       71.61        1.02     12
      1926     44.45          8.15       72.14        8.15     14
      1927     44.47         10.13       64.06       10.13     12
      1928     44.50          8.15       72.14        8.15     14
      1929     44.52         14.13       84.72       14.13      6
      1930     44.54         14.13       84.72       14.13      8
      1931     44.56          8.15       72.14        8.15     14
      1932     44.58          0.00       62.59        0.00     10
      1933     44.60          0.00       62.94        0.00     10
      1934     44.61          8.15       72.14        8.15     12
      1935     44.63          0.00       65.25        0.00     14
      1936     44.65         10.13       64.06       10.13     14
      1937     44.68          8.15       72.14        8.15     14
      1938     44.70          0.00       58.90        0.00     14
      1939     44.72         10.13       64.06       10.13     12
      1940     44.75          1.02       71.61        1.02     12
      1941     44.77         26.06       90.05       26.06     10
      1942     44.79         14.13       84.72       14.13      8
      1943     44.81          8.50       71.39        8.50     12
      1944     44.82          1.02       71.61        1.02     12
      1945     44.84          0.00       62.59        0.00      8
      1946     44.87         14.13       84.72       14.13      6
      1947     44.89         10.13       64.06       10.13     12
      1948     44.92         28.31       81.66       28.31      8
      1949     44.93         14.16       84.75       14.16      8
      1950     44.95          0.00       62.94        0.00     12
      1951     44.97          0.00       62.94        0.00     10
      1952     44.99         18.25       88.84       18.25      4
      1953     45.01          0.00       62.94        0.00     10
      1954     45.03         14.13       84.72       14.13      6
      1955     45.05          0.00       62.59        0.00      8
      1956     45.07          0.00       62.59        0.00      6
      1957     45.10          0.00       62.59        0.00     10
      1958     45.13         14.13       84.72       14.13      8
      1959     45.16         17.72       88.31       17.72      6
      1960     45.18         14.13       84.72       14.13     10
      1961     45.28          1.02       71.61        1.02     12
      1962     45.33         18.05       88.64       18.05     10
      1963     45.35         10.13       64.06       10.13     10
      1964     45.40          0.00       66.72        0.00     12
      1965     45.42          0.00       62.59        0.00      6
      1966     45.45          0.00       66.72        0.00     14
      1967     45.48         14.13       84.72       14.13      6
      1968     45.50          1.02       71.61        1.02     10
      1969     45.53         15.13       79.12       15.13     10
      1970     45.55         18.48       82.47       18.48     10
      1971     45.57         10.13       64.06       10.13     12
      1972     45.61          0.00       62.59        0.00     10
      1973     45.63          0.00       66.72        0.00     12
      1974     45.65         14.13       84.72       14.13      6
      1975     45.67          2.37       65.26        2.37     12
      1976     45.69          1.02       71.61        1.02     12
      1977     45.72          0.00       59.65        0.00      6
      1978     45.74          0.00       62.94        0.00     10
      1979     45.76          8.15       72.14        8.15     14
      1980     45.78          0.00       62.59        0.00      6
      1981     45.80         17.49       88.08       17.49     10
      1982     45.81         14.16       84.75       14.16      8
      1983     45.83          1.02       71.61        1.02     10
      1984     45.85          0.00       58.90        0.00      8
      1985     45.87          1.02       71.61        1.02     10
      1986     45.89          0.00       58.50        0.00     12
      1987     45.91          0.00       64.06        0.00     10
      1988     45.93          0.00       65.25        0.00     14
      1989     45.95          0.00       62.94        0.00     10
      1990     45.97          0.00       58.50        0.00     10
      1991     45.98          0.00       62.59        0.00     10
      1992     46.00          1.02       71.61        1.02     12
      1993     46.02          8.15       72.14        8.15     12
      1994     46.04         14.13       84.72       14.13      6
      1995     46.06          0.00       62.59        0.00      6
      1996     46.09          8.50       71.39        8.50     16
      1997     46.11         17.72       88.31       17.72      2
      1998     46.13         17.72       88.31       17.72      6
      1999     46.15          0.00       61.12        0.00     12
      2000     46.17         10.13       64.06       10.13     12
      2001     46.21          1.02       71.61        1.02     10
      2002     46.23         10.13       58.67       10.13     16
      2003     46.25          8.15       72.14        8.15     14
      2004     46.27         10.13       64.06       10.13     10
      2005     46.30          0.00       66.72        0.00     14
      2006     46.32          0.00       62.59        0.00     10
      2007     46.34          1.02       71.61        1.02     16
      2008     46.36          1.02       71.61        1.02     16
      2009     46.38          0.00       62.59        0.00     16
      2010     46.40          0.00       58.90        0.00     12
      2011     46.41          0.00       62.59        0.00     10
      2012     46.44          0.00       62.94        0.00     10
      2013     46.45          0.00       62.59        0.00     14
      2014     46.47         15.13       79.12       15.13     10
      2015     46.49         10.13       64.06       10.13     10
      2016     46.52          0.00       62.94        0.00     10
      2017     46.54          0.00       66.72        0.00     12
      2018     46.56          1.02       71.61        1.02     10
      2019     46.58         14.13       84.72       14.13      8
      2020     46.60          0.00       62.59        0.00     12
      2021     46.61          1.02       71.61        1.02     12
      2022     46.63          1.02       71.61        1.02     10
      2023     46.65          0.00       66.72        0.00     12
      2024     46.67          1.02       71.61        1.02     12
      2025     46.69          1.02       71.61        1.02     14
      2026     46.71          1.02       71.61        1.02     12
      2027     46.73          1.02       71.61        1.02     12
      2028     46.75         14.13       84.72       14.13      6
      2029     46.76          0.00       58.50        0.00     12
      2030     46.78         14.13       84.72       14.13      6
      2031     46.80          1.02       71.61        1.02     12
      2032     46.82          0.00       62.94        0.00     10
      2033     46.84          1.02       71.61        1.02     10
      2034     46.86          0.00       65.25        0.00     12
      2035     46.88          0.00       66.72        0.00     12
      2036     46.90         18.48       82.47       18.48      8
      2037     46.92          0.00       66.72        0.00      8
      2038     46.94          1.02       71.61        1.02     14
      2039     46.96          8.15       72.14        8.15     12
      2040     46.98          8.50       71.39        8.50     12
      2041     47.00          0.00       64.06        0.00     10
      2042     47.02          0.00       58.67        0.00      8
      2043     47.04         17.49       88.08       17.49      8
      2044     47.06          0.00       62.94        0.00     10
      2045     47.08          0.00       62.94        0.00     10
      2046     47.09          0.00       66.72        0.00     12
      2047     47.11          0.00       62.59        0.00      8
      2048     47.13          1.02       71.61        1.02     12
      2049     47.15          0.00       59.65        0.00     10
      2050     47.17         14.13       84.72       14.13      6
      2051     47.19          8.15       72.14        8.15     12
      2052     47.22          1.02       71.61        1.02     12
      2053     47.23          0.00       65.25        0.00     12
      2054     47.25         14.13       84.72       14.13      8
      2055     47.27          0.00       62.59        0.00      8
      2056     47.29          0.00       62.59        0.00      8
      2057     47.31          1.02       71.61        1.02     12
      2058     47.33          8.15       72.14        8.15     12
      2059     47.35          0.00       62.59        0.00     12
      2060     47.37          1.02       71.61        1.02     12
      2061     47.38          0.00       62.94        0.00     10
      2062     47.40          0.00       62.59        0.00     14
      2063     47.42          0.00       66.72        0.00     12
      2064     47.44          0.00       58.90        0.00     10
      2065     47.46          0.00       64.06        0.00     12
      2066     47.48          1.02       71.61        1.02     12
      2067     47.50         10.13       64.06       10.13     14
      2068     47.53         18.05       88.64       18.05      8
      2069     47.54         14.13       84.72       14.13      8
      2070     47.56          1.02       71.61        1.02     14
      2071     47.58          0.00       62.94        0.00      8
      2072     47.60          8.15       72.14        8.15     12
      2073     47.62          0.00       62.94        0.00     10
      2074     47.64          0.00       66.72        0.00      8
      2075     47.66          0.00       62.59        0.00     12
      2076     47.68          8.50       71.39        8.50     16
      2077     47.70          1.02       71.61        1.02     14
      2078     47.72          0.00       58.67        0.00      8
      2079     47.73          0.00       66.72        0.00     12
      2080     47.75          0.00       66.72        0.00     12
      2081     47.77          0.00       66.72        0.00     12
      2082     47.79         14.13       84.72       14.13      6
      2083     47.81          0.00       62.59        0.00      8
      2084     47.83          4.67       62.59        4.67     14
      2085     47.85          0.00       66.72        0.00     12
      2086     47.87          0.00       66.72        0.00     12
      2087     47.89         18.88       89.47       18.88     12
      2088     47.91          0.00       65.25        0.00      8
      2089     47.93          1.02       71.61        1.02     12
      2090     47.95          1.02       71.61        1.02     16
      2091     47.97          0.00       62.59        0.00      6
      2092     47.98         18.05       88.64       18.05     12
      2093     48.00          8.15       72.14        8.15     14
      2094     48.02          0.00       59.65        0.00     12
      2095     48.05          1.02       71.61        1.02     10
      2096     48.07          0.00       62.94        0.00     12
      2097     48.09          1.02       71.61        1.02     12
      2098     48.10          0.00       58.67        0.00     12
      2099     48.12          1.02       71.61        1.02     12
      2100     48.14          0.00       58.50        0.00     12
      2101     48.16          0.00       62.59        0.00      8
      2102     48.18          0.00       62.94        0.00     10
      2103     48.20          8.15       72.14        8.15     14
      2104     48.22         14.13       84.72       14.13      8
      2105     48.24          0.00       62.59        0.00     10
      2106     48.26          0.00       66.72        0.00      8
      2107     48.28          0.00       58.90        0.00     10
      2108     48.30          1.02       71.61        1.02     14
      2109     48.32          1.02       71.61        1.02     14
      2110     48.34         14.13       84.72       14.13      8
      2111     48.35          0.00       66.72        0.00     10
      2112     48.37          0.00       58.90        0.00     10
      2113     48.39          0.00       62.59        0.00     10
      2114     48.41          0.00       58.50        0.00      8
      2115     48.43         14.13       84.72       14.13     10
      2116     48.45          0.00       65.25        0.00     12
      2117     48.47          0.00       65.25        0.00     12
      2118     48.49          0.00       58.50        0.00      6
      2119     48.51          1.02       71.61        1.02     12
      2120     48.53          0.00       62.94        0.00     10
      2121     48.55          0.00       62.94        0.00     10
      2122     48.57          1.02       71.61        1.02     12
      2123     48.59          0.00       62.59        0.00     12
      2124     48.61          1.02       71.61        1.02     12
      2125     48.62          0.00       62.59        0.00     10
      2126     48.64         18.05       88.64       18.05      8
      2127     48.67          1.02       71.61        1.02     16
      2128     48.68          1.02       71.61        1.02     12
      2129     48.70          0.00       65.25        0.00     10
      2130     48.72          0.00       66.72        0.00     14
      2131     48.74          1.02       71.61        1.02     12
      2132     48.76         17.49       88.08       17.49     12
      2133     48.78         14.13       84.72       14.13      8
      2134     48.80          0.00       62.59        0.00      8
      2135     48.81          1.02       71.61        1.02     16
      2136     48.83          0.00       66.72        0.00     12
      2137     48.86          0.00       62.59        0.00      8
      2138     48.88          0.00       62.59        0.00      8
      2139     48.90          8.15       72.14        8.15     12
      2140     48.92          0.00       65.25        0.00     12
      2141     48.94          0.00       65.25        0.00     12
      2142     48.96          8.15       72.14        8.15     14
      2143     48.98          0.00       58.50        0.00     10
      2144     48.99          0.00       58.90        0.00     10
      2145     49.01          1.02       71.61        1.02     12
      2146     49.03          1.02       71.61        1.02     12
      2147     49.05         14.13       84.72       14.13      6
      2148     49.07          1.02       71.61        1.02     10
      2149     49.09         15.13       79.12       15.13     10
      2150     49.11          0.00       62.94        0.00      8
      2151     49.13          0.00       58.50        0.00      8
      2152     49.15         10.13       64.06       10.13     10
      2153     49.18          0.00       66.72        0.00     14
      2154     49.20          8.15       72.14        8.15     14
      2155     49.22          0.00       65.25        0.00     12
      2156     49.24          1.02       71.61        1.02     12
      2157     49.26         10.13       64.06       10.13     14
      2158     49.29          0.00       58.90        0.00      8
      2159     49.31          1.02       71.61        1.02     14
      2160     49.33         14.13       84.72       14.13      8
      2161     49.35          0.00       58.90        0.00      6
      2162     49.37          0.00       58.90        0.00     10
      2163     49.39          1.02       71.61        1.02     12
      2164     49.41          0.00       62.94        0.00     10
      2165     49.43          1.02       71.61        1.02     12
      2166     49.45         10.13       64.06       10.13     10
      2167     49.48          0.00       66.72        0.00     12
      2168     49.50          1.02       71.61        1.02     12
      2169     49.51         10.13       64.06       10.13     12
      2170     49.55          0.00       62.59        0.00     12
      2171     49.56          1.02       71.61        1.02     14
      2172     49.58          0.00       62.59        0.00      8
      2173     49.60         14.13       84.72       14.13     10
      2174     49.62         17.72       88.31       17.72      8
      2175     49.64          0.00       62.59        0.00     12
      2176     49.66          0.00       62.94        0.00      8
      2177     49.68         10.13       58.67       10.13     16
      2178     49.71          8.15       72.14        8.15     12
      2179     49.72         14.13       84.72       14.13      6
      2180     49.74         18.88       89.47       18.88      6
      2181     49.76          8.15       72.14        8.15     14
      2182     49.78          2.01       62.59        2.01     12
      2183     49.80          1.02       71.61        1.02     10
      2184     49.82         14.16       84.75       14.16      4
      2185     49.84         19.05       83.04       19.05     12
      2186     49.85          0.00       66.72        0.00     10
      2187     49.87         18.05       88.64       18.05      8
      2188     49.89          0.00       62.94        0.00     10
      2189     49.91         17.49       88.08       17.49      8
      2190     49.93          8.15       72.14        8.15     14
      2191     49.95         10.13       64.06       10.13     10
      2192     49.98         14.13       84.72       14.13      6
      2193     50.00          8.15       72.14        8.15     16
      2194     50.02          1.02       71.61        1.02     12
      2195     50.04          0.00       62.94        0.00     10
      2196     50.06          0.00       64.06        0.00      8
      2197     50.08         14.13       84.72       14.13      6
      2198     50.10         17.49       88.08       17.49      2
      2199     50.12         10.13       64.06       10.13     12
      2200     50.15          0.00       65.25        0.00     12
      2201     50.17          1.02       71.61        1.02     12
      2202     50.19          0.00       66.72        0.00     14
      2203     50.21         18.25       88.84       18.25      8
      2204     50.23          0.00       62.59        0.00      8
      2205     50.25         10.13       64.06       10.13     10
      2206     50.28          1.02       71.61        1.02     16
      2207     50.30          1.02       71.61        1.02     14
      2208     50.32          0.00       66.72        0.00     10
      2209     50.34          0.00       62.59        0.00     12
      2210     50.36         14.16       84.75       14.16      8
      2211     50.38          0.00       66.72        0.00     14
      2212     50.40         19.63       90.22       19.63      2
      2213     50.42          1.02       71.61        1.02     14
      2214     50.44          1.02       71.61        1.02     12
      2215     50.46          1.02       71.61        1.02     14
      2216     50.48          0.00       58.90        0.00      8
      2217     50.50          0.00       62.59        0.00     10
      2218     50.52          1.02       71.61        1.02     12
      2219     50.54          1.02       71.61        1.02     14
      2220     50.56         22.80       93.39       22.80      6
      2221     50.58         10.13       64.06       10.13     10
      2222     50.61          0.00       66.72        0.00     10
      2223     50.63         14.13       84.72       14.13      6
      2224     50.65         18.48       82.47       18.48      4
      2225     50.67         10.13       64.06       10.13     14
      2226     50.70          0.00       62.94        0.00     12
      2227     50.72          0.00       65.25        0.00     12
      2228     50.74         18.48       82.47       18.48      6
      2229     50.76          1.02       71.61        1.02     16
      2230     50.78          1.02       71.61        1.02     12
      2231     50.80          0.00       66.72        0.00     12
      2232     50.82         17.72       88.31       17.72      8
      2233     50.83         17.72       88.31       17.72      8
      2234     50.85          1.02       71.61        1.02     16
      2235     50.87         14.13       84.72       14.13      8
      2236     50.89          0.00       62.59        0.00     12
      2237     50.91         18.48       89.07       18.48      8
      2238     50.93         14.13       84.72       14.13      6
      2239     50.95          0.00       62.94        0.00     10
      2240     50.96         14.13       84.72       14.13      6
      2241     50.98          0.00       66.72        0.00     12
      2242     51.00          0.00       62.59        0.00      8
      2243     51.02          0.00       66.72        0.00     10
      2244     51.04          1.02       71.61        1.02     14
      2245     51.06         25.06       95.65       25.06      6
      2246     51.07          0.00       62.59        0.00     12
      2247     51.09         18.05       88.64       18.05      8
      2248     51.11          0.00       64.06        0.00     10
      2249     51.14         18.05       88.64       18.05      8
      2250     51.17         14.13       84.72       14.13      8
      2251     51.19          0.00       62.59        0.00      8
      2252     51.22          8.15       72.14        8.15     14
      2253     51.24         25.06       95.65       25.06      8
      2254     51.26          1.02       71.61        1.02     10
      2255     51.28         17.49       88.08       17.49      8
      2256     51.30         17.72       88.31       17.72      6
      2257     51.32          1.02       71.61        1.02     12
      2258     51.34          8.15       72.14        8.15     14
      2259     51.36         18.48       82.47       18.48      8
      2260     51.37          1.02       71.61        1.02     16
      2261     51.41         17.49       88.08       17.49      6
      2262     51.43          0.00       66.72        0.00     12
      2263     51.44          0.00       62.59        0.00      6
      2264     51.46          0.00       58.50        0.00     10
      2265     51.48          0.00       62.59        0.00     10
      2266     51.50          1.02       71.61        1.02     12
      2267     51.52         14.13       84.72       14.13      8
      2268     51.54          0.00       66.72        0.00     12
      2269     51.56          0.00       64.06        0.00     12
      2270     51.58          8.15       72.14        8.15     14
      2271     51.60          1.02       71.61        1.02     14
      2272     51.62          1.02       71.61        1.02     14
      2273     51.63          1.02       71.61        1.02     12
      2274     51.65          0.00       62.94        0.00     10
      2275     51.67         14.13       84.72       14.13      8
      2276     51.69          8.15       72.14        8.15     14
      2277     51.71          0.00       66.72        0.00     12
      2278     51.73          0.00       65.25        0.00     12
      2279     51.75          1.02       71.61        1.02     12
      2280     51.77          0.00       65.25        0.00     14
      2281     51.79          1.02       71.61        1.02     10
      2282     51.81          1.02       71.61        1.02     14
      2283     51.82         19.11       83.11       19.11      6
      2284     51.84          1.02       71.61        1.02     12
      2285     51.86         10.13       64.06       10.13      8
      2286     51.90         10.13       64.06       10.13     16
      2287     51.93          1.02       71.61        1.02     14
      2288     51.95          5.42       57.91        5.42     10
      2289     51.98          1.02       71.61        1.02     12
      2290     52.00          1.02       71.61        1.02     12
      2291     52.02         14.13       84.72       14.13      6
      2292     52.04          5.42       57.91        5.42      4
      2293     52.07          0.00       66.72        0.00     12
      2294     52.09          0.00       62.94        0.00     10
      2295     52.11         14.13       84.72       14.13      6
      2296     52.13          1.02       71.61        1.02     10
      2297     52.15          0.00       64.06        0.00     12
      2298     52.17         10.13       64.06       10.13     12
      2299     52.20          0.00       62.59        0.00     10
      2300     52.22         18.05       88.64       18.05     10
      2301     52.24          0.00       58.50        0.00     12
      2302     52.26          8.15       72.14        8.15     14
      2303     52.28          0.00       62.94        0.00     12
      2304     52.30          8.15       72.14        8.15     14
      2305     52.32          0.00       66.72        0.00     10
      2306     52.34          1.02       71.61        1.02     12
      2307     52.36         15.13       79.12       15.13     10
      2308     52.38          0.00       62.59        0.00      6
      2309     52.40          0.00       58.67        0.00      8
      2310     52.41          0.00       58.67        0.00      8
      2311     52.43          0.00       62.59        0.00      8
      2312     52.45          0.00       64.06        0.00     14
      2313     52.47          1.02       71.61        1.02     12
      2314     52.49         14.13       84.72       14.13      6
      2315     52.51          0.00       62.59        0.00      8
      2316     52.53          1.02       71.61        1.02     14
      2317     52.55          8.15       72.14        8.15     16
      2318     52.57          1.02       71.61        1.02     12
      2319     52.58          1.02       71.61        1.02     14
      2320     52.61          1.02       71.61        1.02     12
      2321     52.63         14.13       84.72       14.13      8
      2322     52.65          1.02       71.61        1.02     12
      2323     52.67          0.00       62.94        0.00     10
      2324     52.69          1.02       71.61        1.02     12
      2325     52.71         18.48       89.07       18.48      4
      2326     52.73          0.00       62.59        0.00      8
      2327     52.75          0.00       66.72        0.00     10
      2328     52.77         10.13       62.59       10.13     16
      2329     52.79          0.00       66.72        0.00     12
      2330     52.81          0.00       62.59        0.00     10
      2331     52.83          1.02       71.61        1.02     10
      2332     52.85          8.15       72.14        8.15     14
      2333     52.87          8.15       72.14        8.15     12
      2334     52.89         18.83       81.72       18.83     10
      2335     52.90          0.00       66.72        0.00     14
      2336     52.92         15.13       79.12       15.13     10
      2337     52.94         17.49       88.08       17.49      8
      2338     52.96         17.49       88.08       17.49      8
      2339     52.97         10.13       64.06       10.13     10
      2340     53.00          1.02       71.61        1.02     16
      2341     53.02          1.02       71.61        1.02     16
      2342     53.04          1.02       71.61        1.02     12
      2343     53.06         15.48       78.37       15.48     10
      2344     53.08          0.00       58.90        0.00      8
      2345     53.10          0.00       62.59        0.00     10
      2346     53.12         14.13       84.72       14.13      6
      2347     53.14         14.13       84.72       14.13      8
      2348     53.16          1.02       71.61        1.02     10
      2349     53.18          1.02       71.61        1.02     12
      2350     53.20         10.13       64.06       10.13     12
      2351     53.24          0.00       62.94        0.00     10
      2352     53.26         14.13       84.72       14.13      6
      2353     53.28          0.00       62.59        0.00      8
      2354     53.30          0.00       65.25        0.00     10
      2355     53.32         10.13       64.06       10.13     10
      2356     53.35         10.13       64.06       10.13      8
      2357     53.38          0.00       62.94        0.00     10
      2358     53.40          0.00       62.94        0.00     10
      2359     53.42          1.02       71.61        1.02     12
      2360     53.44          1.02       71.61        1.02     12
      2361     53.46          0.00       62.59        0.00     10
      2362     53.48         23.40       87.39       23.40     10
      2363     53.50         14.13       84.72       14.13      8
      2364     53.52          0.00       66.72        0.00     10
      2365     53.54          0.00       62.59        0.00     10
      2366     53.56          1.02       71.61        1.02     16
      2367     53.58         18.05       88.64       18.05      8
      2368     53.59          0.00       58.50        0.00      8
      2369     53.61          0.00       58.67        0.00      8
      2370     53.63         13.01       83.60       13.01      2
      2371     53.65         14.13       84.72       14.13      4
      2372     53.67          0.00       58.90        0.00      8
      2373     53.69         17.72       88.31       17.72      8
      2374     53.71          1.02       71.61        1.02     14
      2375     53.73          0.00       61.12        0.00     12
      2376     53.75          0.00       66.72        0.00     10
      2377     53.77          1.02       71.61        1.02     10
      2378     53.78         10.13       64.06       10.13     12
      2379     53.82          0.00       58.67        0.00      8
      2380     53.84          8.15       72.14        8.15     12
      2381     53.86          0.00       65.25        0.00     12
      2382     53.88          1.02       71.61        1.02     12
      2383     53.89          0.00       66.72        0.00     14
      2384     53.91          0.00       66.72        0.00     12
      2385     53.93          1.02       71.61        1.02     14
      2386     53.95          0.00       58.50        0.00     12
      2387     53.97          0.00       62.59        0.00     12
      2388     53.99          0.00       62.59        0.00     14
      2389     54.01          0.00       62.59        0.00      8
      2390     54.03          0.00       66.72        0.00     12
      2391     54.05          1.02       71.61        1.02     10
      2392     54.07          0.00       64.06        0.00     12
      2393     54.09          1.02       71.61        1.02     12
      2394     54.11          1.02       71.61        1.02     12
      2395     54.13         14.13       84.72       14.13      8
      2396     54.15          0.00       62.94        0.00     12
      2397     54.17          1.02       71.61        1.02     12
      2398     54.19         13.41       84.00       13.41     10
      2399     54.21          1.02       71.61        1.02     14
      2400     54.23         14.13       84.72       14.13      8
      2401     54.24         14.13       84.72       14.13      8
      2402     54.26          0.00       62.94        0.00     10
      2403     54.28          0.00       62.94        0.00     10
      2404     54.30         14.13       84.72       14.13     10
      2405     54.32          0.00       62.94        0.00     10
      2406     54.34         14.13       84.72       14.13     10
      2407     54.36          0.00       58.50        0.00     12
      2408     54.38          0.00       66.72        0.00     12
      2409     54.40          0.00       62.59        0.00      6
      2410     54.42          1.02       71.61        1.02     10
      2411     54.43         14.13       84.72       14.13      6
      2412     54.46          1.02       71.61        1.02     14
      2413     54.48          1.02       71.61        1.02     12
      2414     54.49         18.83       81.72       18.83      8
      2415     54.51          1.02       71.61        1.02     12
      2416     54.53          0.00       62.94        0.00      8
      2417     54.54          0.00       59.65        0.00      8
      2418     54.56         14.13       84.72       14.13      8
      2419     54.57          0.00       62.94        0.00     10
      2420     54.59          0.00       62.59        0.00     14
      2421     54.60          0.00       64.06        0.00     12
      2422     54.62          1.02       71.61        1.02     12
      2423     54.63          0.00       62.59        0.00      6
      2424     54.65          0.00       66.72        0.00     12
      2425     54.67          1.02       71.61        1.02     10
      2426     54.68         17.49       88.08       17.49     12
      2427     54.70         18.05       88.64       18.05     12
      2428     54.71          0.00       62.59        0.00     10
      2429     54.73         18.25       88.84       18.25      6
      2430     54.75         14.13       84.72       14.13      8
      2431     54.76          5.42       58.46        5.42     12
      2432     54.80          0.00       62.94        0.00     10
      2433     54.82          0.00       62.59        0.00      8
      2434     54.83          0.00       61.12        0.00     12
      2435     54.85          0.00       66.72        0.00     14
      2436     54.87         17.72       88.31       17.72     10
      2437     54.88          0.00       66.72        0.00     14
      2438     54.90          0.00       66.72        0.00     14
      2439     54.91         17.72       88.31       17.72      6
      2440     54.93         19.11       83.11       19.11      6
      2441     54.95         15.13       79.12       15.13     10
      2442     54.97         14.13       84.72       14.13      6
      2443     54.98          0.00       61.12        0.00     12
      2444     55.00          8.15       72.14        8.15     14
      2445     55.01          1.02       71.61        1.02     12
      2446     55.03          0.00       62.59        0.00     10
      2447     55.05          1.02       71.61        1.02     16
      2448     55.06          8.15       72.14        8.15     12
      2449     55.08          1.02       71.61        1.02     12
      2450     55.09          1.02       71.61        1.02     12
      2451     55.11          0.00       62.59        0.00     10
      2452     55.13         10.13       62.94       10.13     16
      2453     55.14         14.13       84.72       14.13      6
      2454     55.16         14.13       84.72       14.13     10
      2455     55.17         18.48       89.07       18.48      8
      2456     55.19          1.02       71.61        1.02     16
      2457     55.21          0.00       66.72        0.00     12
      2458     55.22          0.00       62.59        0.00      8
      2459     55.24          0.00       62.59        0.00     12
      2460     55.25          1.02       71.61        1.02     14
      2461     55.27         10.13       62.59       10.13     14
      2462     55.29         10.13       64.06       10.13     12
      2463     55.31         14.13       84.72       14.13      8
      2464     55.33         18.05       88.64       18.05     12
      2465     55.35          1.02       71.61        1.02     12
      2466     55.36          0.00       66.72        0.00     12
      2467     55.38          0.00       66.72        0.00     14
      2468     55.40          0.00       62.59        0.00     12
      2469     55.42         14.13       84.72       14.13      8
      2470     55.43          0.00       62.94        0.00     12
      2471     55.45          1.02       71.61        1.02     12
      2472     55.47          8.15       72.14        8.15     12
      2473     55.49          0.00       66.72        0.00     14
      2474     55.51         14.13       84.72       14.13      6
      2475     55.53          8.15       72.14        8.15     14
      2476     55.55         10.13       64.06       10.13     12
      2477     55.58          0.00       62.59        0.00     14
      2478     55.60          0.00       62.59        0.00      6
      2479     55.62          0.00       62.59        0.00      8
      2480     55.64          1.02       71.61        1.02     14
      2481     55.66         17.49       88.08       17.49     10
      2482     55.68          1.02       71.61        1.02     14
      2483     55.70          1.02       71.61        1.02     14
      2484     55.72          0.00       58.67        0.00      8
      2485     55.74          0.00       62.94        0.00      8
      2486     55.76          1.02       71.61        1.02     12
      2487     55.78          8.15       72.14        8.15     16
      2488     55.80         14.13       84.72       14.13      6
      2489     55.82          8.15       72.14        8.15     16
      2490     55.84          8.15       72.14        8.15     12
      2491     55.86          8.15       72.14        8.15     16
      2492     55.88          0.00       64.06        0.00     10
      2493     55.90          0.00       62.94        0.00     10
      2494     55.92          1.02       71.61        1.02     10
      2495     55.94         18.05       88.64       18.05      8
      2496     55.96         14.13       84.72       14.13      6
      2497     55.98          0.00       66.72        0.00     14
      2498     55.99          8.15       72.14        8.15     16
      2499     56.02         14.13       84.72       14.13      8
      2500     56.03          8.15       72.14        8.15     14
      2501     56.05          0.00       62.59        0.00     16
      2502     56.07          1.02       71.61        1.02     14
      2503     56.09          8.15       72.14        8.15     14
      2504     56.12          0.00       62.59        0.00     16
      2505     56.13          1.02       71.61        1.02     12
      2506     56.15          8.15       72.14        8.15     14
      2507     56.18          0.00       66.72        0.00     12
      2508     56.20          8.15       72.14        8.15     14
      2509     56.22          1.02       71.61        1.02     14
      2510     56.24         14.13       84.72       14.13     10
      2511     56.26          1.02       71.61        1.02     14
      2512     56.28          1.02       71.61        1.02     12
      2513     56.30         14.13       84.72       14.13      4
      2514     56.32          1.02       71.61        1.02     12
      2515     56.34          1.02       71.61        1.02     16
      2516     56.36          0.00       62.59        0.00     10
      2517     56.37          0.00       65.25        0.00     12
      2518     56.39         18.05       88.64       18.05     10
      2519     56.42         18.05       88.64       18.05      8
      2520     56.43          0.00       62.94        0.00     10
      2521     56.45         10.13       64.06       10.13     10
      2522     56.49         18.12       88.70       18.12      6
      2523     56.51          1.02       71.61        1.02     14
      2524     56.53          0.00       62.59        0.00     12
      2525     56.55          8.50       71.39        8.50     14
      2526     56.57          8.15       72.14        8.15     14
      2527     56.59          1.02       71.61        1.02     12
      2528     56.61          0.00       62.59        0.00      8
      2529     56.63          1.02       71.61        1.02     14
      2530     56.65          0.00       58.50        0.00     12
      2531     56.67         17.72       88.31       17.72     10
      2532     56.69          1.02       71.61        1.02     12
      2533     56.71         14.13       84.72       14.13      8
      2534     56.73         18.48       82.47       18.48     12
      2535     56.75          0.00       66.72        0.00      8
      2536     56.77          0.00       65.25        0.00      8
      2537     56.79          1.02       71.61        1.02     12
      2538     56.81         10.13       64.06       10.13     12
      2539     56.84          0.00       66.72        0.00     14
      2540     56.86          1.02       71.61        1.02     14
      2541     56.88          0.00       59.65        0.00     10
      2542     56.90         12.78       83.37       12.78      8
      2543     56.92         17.49       88.08       17.49      8
      2544     56.94          0.00       64.06        0.00     12
      2545     56.96         14.13       84.72       14.13      8
      2546     56.98         14.13       84.72       14.13     10
      2547     57.00          0.00       58.67        0.00      8
      2548     57.02          1.02       71.61        1.02     12
      2549     57.04          0.00       66.72        0.00     12
      2550     57.06          5.42       61.12        5.42     10
      2551     57.09          0.00       66.72        0.00     12
      2552     57.11          0.00       58.67        0.00     10
      2553     57.13          0.00       62.59        0.00      6
      2554     57.15          0.00       59.65        0.00     14
      2555     57.17          0.00       64.06        0.00     12
      2556     57.19         10.13       64.06       10.13      6
      2557     57.21          0.00       58.67        0.00      8
      2558     57.23         14.13       84.72       14.13      6
      2559     57.25          1.02       71.61        1.02     16
      2560     57.27          0.00       64.06        0.00     10
      2561     57.29         22.80       93.39       22.80      8
      2562     57.31          0.00       64.06        0.00     10
      2563     57.33         14.13       84.72       14.13      6
      2564     57.35         14.13       84.72       14.13      8
      2565     57.37         14.13       84.72       14.13      8
      2566     57.38          1.02       71.61        1.02     12
      2567     57.41          0.00       62.59        0.00     10
      2568     57.43         14.13       84.72       14.13      8
      2569     57.45          1.02       71.61        1.02     12
      2570     57.47         17.49       88.08       17.49      8
      2571     57.49         10.13       64.06       10.13     10
      2572     57.52          0.00       64.06        0.00     10
      2573     57.54          5.42       57.91        5.42     10
      2574     57.58          0.00       65.25        0.00     12
      2575     57.60          0.00       62.59        0.00      8
      2576     57.62          0.00       62.59        0.00      8
      2577     57.64         14.13       84.72       14.13      4
      2578     57.66          0.00       62.94        0.00     10
      2579     57.68          0.00       58.50        0.00     10
      2580     57.70         14.16       84.75       14.16      4
      2581     57.71         19.63       90.22       19.63      8
      2582     57.73         14.16       84.75       14.16      4
      2583     57.75          0.00       66.72        0.00     12
      2584     57.77          0.00       58.67        0.00      8
      2585     57.79          1.02       71.61        1.02     12
      2586     57.81          0.00       62.94        0.00     10
      2587     57.83          0.00       66.72        0.00     14
      2588     57.85          5.42       57.91        5.42     10
      2589     57.88         10.13       62.94       10.13     14
      2590     57.91         10.13       62.94       10.13     14
      2591     57.93          0.00       62.59        0.00      8
      2592     57.95          0.00       66.72        0.00     12
      2593     57.96          8.15       72.14        8.15     16
      2594     57.98         18.25       88.84       18.25     10
      2595     58.00          0.00       62.94        0.00     10
      2596     58.02          0.00       62.59        0.00      8
      2597     58.04          0.00       65.25        0.00     12
      2598     58.06         17.49       88.08       17.49      8
      2599     58.07          0.00       62.94        0.00     10
      2600     58.09         15.13       79.12       15.13     10
      2601     58.11          8.15       72.14        8.15     16
      2602     58.13          0.00       62.59        0.00      8
      2603     58.15          0.00       66.72        0.00     12
      2604     58.17          1.02       71.61        1.02     14
      2605     58.19         10.13       64.06       10.13     12
      2606     58.22          1.02       71.61        1.02     14
      2607     58.24          5.42       61.12        5.42     10
      2608     58.28          0.00       65.25        0.00     10
      2609     58.30         14.16       84.75       14.16      2
      2610     58.32         10.13       64.06       10.13     10
      2611     58.35          0.00       62.94        0.00     10
      2612     58.37          1.02       71.61        1.02     12
      2613     58.39          0.00       62.59        0.00     10
      2614     58.41          8.15       72.14        8.15     14
      2615     58.43         10.13       64.06       10.13      8
      2616     58.46          0.00       66.72        0.00     12
      2617     58.48         14.13       84.72       14.13      6
      2618     58.50          1.02       71.61        1.02     12
      2619     58.52          0.00       65.25        0.00     12
      2620     58.54          1.02       71.61        1.02     16
      2621     58.56          0.00       62.59        0.00      6
      2622     58.58          1.02       71.61        1.02     12
      2623     58.60          0.00       58.90        0.00     10
      2624     58.62          1.02       71.61        1.02     14
      2625     58.64          0.00       58.90        0.00     12
      2626     58.66          0.00       62.59        0.00      8
      2627     58.68         14.13       84.72       14.13      8
      2628     58.70          0.00       65.25        0.00     12
      2629     58.72         18.88       89.47       18.88      4
      2630     58.74         36.54       88.08       36.54      4
      2631     58.76          1.02       71.61        1.02     16
      2632     58.78          0.00       62.94        0.00     12
      2633     58.79          0.00       58.90        0.00     10
      2634     58.81          1.02       71.61        1.02     14
      2635     58.83         14.13       84.72       14.13      6
      2636     58.85         10.13       64.06       10.13     12
      2637     58.89          1.02       71.61        1.02     12
      2638     58.91          0.00       62.59        0.00      8
      2639     58.92          0.00       65.25        0.00     12
      2640     58.94         23.55       94.14       23.55      8
      2641     58.96          0.00       62.59        0.00      8
      2642     58.98         14.13       84.72       14.13      8
      2643     59.00         10.13       64.06       10.13      8
      2644     59.03          1.02       71.61        1.02     10
      2645     59.05          0.00       66.72        0.00     14
      2646     59.07          0.00       62.94        0.00     10
      2647     59.09          0.00       62.94        0.00     10
      2648     59.10          8.15       72.14        8.15     14
      2649     59.12          0.00       66.72        0.00     12
      2650     59.14         15.13       79.12       15.13     10
      2651     59.16          0.00       65.25        0.00     10
      2652     59.18          0.00       62.59        0.00      8
      2653     59.20          0.00       62.59        0.00     10
      2654     59.22          1.02       71.61        1.02     10
      2655     59.24         14.13       84.72       14.13     10
      2656     59.26         14.13       84.72       14.13      8
      2657     59.28          1.02       71.61        1.02     12
      2658     59.30         37.93       87.79       37.93      4
      2659     59.31         10.13       62.94       10.13     18
      2660     59.34         10.13       64.06       10.13     12
      2661     59.37          1.02       71.61        1.02     12
      2662     59.39          1.02       71.61        1.02     12
      2663     59.41          0.00       62.59        0.00      6
      2664     59.43          0.00       58.90        0.00     10
      2665     59.44          1.02       71.61        1.02     10
      2666     59.46          0.00       58.50        0.00      8
      2667     59.48         13.01       83.60       13.01     10
      2668     59.50         23.90       94.49       23.90      8
      2669     59.52          1.02       71.61        1.02     12
      2670     59.54         10.13       64.06       10.13      8
      2671     59.57          0.00       62.59        0.00      8
      2672     59.59          0.00       58.50        0.00      8
      2673     59.60         17.72       88.31       17.72      6
      2674     59.62         14.13       84.72       14.13     10
      2675     59.64          1.02       71.61        1.02     12
      2676     59.66          0.00       62.94        0.00     10
      2677     59.68          1.02       71.61        1.02     12
      2678     59.70          8.15       72.14        8.15     14
      2679     59.72          0.00       62.59        0.00      8
      2680     59.74          0.00       62.59        0.00      6
      2681     59.75          5.42       57.91        5.42      4
      2682     59.79          0.00       62.59        0.00      8
      2683     59.81          1.02       71.61        1.02     14
      2684     59.83          1.02       71.61        1.02     12
      2685     59.85         14.13       84.72       14.13      6
      2686     59.87         14.13       84.72       14.13      8
      2687     59.89          0.00       66.72        0.00     12
      2688     59.91          1.02       71.61        1.02     12
      2689     59.93          1.02       71.61        1.02     16
      2690     59.94          0.00       66.72        0.00     12
      2691     59.96          0.00       66.72        0.00     10
      2692     59.98          8.15       72.14        8.15     14
      2693     60.00          1.02       71.61        1.02     16
  ------------------------------------------------------------
