========================================================================
  ConstructiveHeuristic — unknown
========================================================================
  alpha=0.7  time_limit=60s  seed=None  min_sep=10.0
  weights: makespan=10.0  delay=100.0  movements=1.0

  Instance: 20 aircraft  5 positions  3 blocking arcs
  Blocking arcs: P3→P4  P3→P5  P4→P5

────────────────────────────────────────────────────────────────────────
  Best construction detail  (iter 360  obj=17925.3000)
────────────────────────────────────────────────────────────────────────
Blocking arcs: P3→P4  P3→P5  P4→P5

Aircraft initial ranking (target_finish ASC, total_duration ASC):
  Rank   ID       earliest     target    duration
  ----------------------------------------------
  [ 0]  R12          8.13      26.68        5.78
  [ 1]  R16         13.56      33.59        6.63
  [ 2]  R18         21.73      36.67        8.07
  [ 3]  R19         24.49      40.61        9.19
  [ 4]  R20         23.48      41.03        9.78
  [ 5]  R1           0.00      44.30       18.30
  [ 6]  R2           0.00      45.31       15.20
  [ 7]  R6           1.33      48.84       17.28
  [ 8]  R4           0.00      50.96       16.65
  [ 9]  R7           1.21      51.55       13.93
  [10]  R9           5.74      52.76       12.59
  [11]  R8           3.72      55.02       15.47
  [12]  R13         12.70      58.93       21.38
  [13]  R10          6.71      60.59       11.87
  [14]  R15         14.34      60.60       13.77
  [15]  R14         11.68      65.28       21.00
  [16]  R5           0.00      66.94       21.24
  [17]  R3           0.00      69.01       24.82
  [18]  R11         11.01      72.99       29.10
  [19]  R17         18.00      75.72       22.10

========================================================================
  STEP 1/20
========================================================================

  Pair evaluation  (100 pairs):
    Rank   ID      Pos     t_start   t_finish    delay      gap   blocking      score    weight     P(%)   cum(%)
    ---------------------------------------------------------------------------------------------------------
    [ 0]  R12     P1         8.13      13.91     0.00     0.00       none     139.15    1.0000   70.00%   70.00%
    [ 1]  R12     P2         8.13      13.91     0.00     0.00       none     139.15    0.3000   21.00%   91.00%
    [ 2]  R12     P3         8.13      13.91     0.00     0.00       none     139.15    0.0900    6.30%   97.30%
    [ 3]  R12     P4         8.13      13.91     0.00     0.00       none     139.15    0.0270    1.89%   99.19%
    [ 4]  R12     P5         8.13      13.91     0.00     0.00       none     139.15    0.0081    0.57%   99.76%
    [ 5]  R7      P1         1.21      15.14     0.00     0.00       none     151.39    0.0024    0.17%   99.93%
    [ 6]  R7      P2         1.21      15.14     0.00     0.00       none     151.39    0.0007    0.05%   99.98%
    [ 7]  R7      P3         1.21      15.14     0.00     0.00       none     151.39    0.0002    0.02%   99.99%
    [ 8]  R7      P4         1.21      15.14     0.00     0.00       none     151.39    0.0001    0.00%  100.00%
    [ 9]  R7      P5         1.21      15.14     0.00     0.00       none     151.39    0.0000    0.00%  100.00%
    [10]  R2      P1         0.00      15.20     0.00     0.00       none     152.00    0.0000    0.00%  100.00%
    [11]  R2      P2         0.00      15.20     0.00     0.00       none     152.00    0.0000    0.00%  100.00%
    [12]  R2      P3         0.00      15.20     0.00     0.00       none     152.00    0.0000    0.00%  100.00%
    [13]  R2      P4         0.00      15.20     0.00     0.00       none     152.00    0.0000    0.00%  100.00%
    [14]  R2      P5         0.00      15.20     0.00     0.00       none     152.00    0.0000    0.00%  100.00%
    [15]  R4      P1         0.00      16.65     0.00     0.00       none     166.50    0.0000    0.00%  100.00%
    [16]  R4      P2         0.00      16.65     0.00     0.00       none     166.50    0.0000    0.00%  100.00%
    [17]  R4      P3         0.00      16.65     0.00     0.00       none     166.50    0.0000    0.00%  100.00%
    [18]  R4      P4         0.00      16.65     0.00     0.00       none     166.50    0.0000    0.00%  100.00%
    [19]  R4      P5         0.00      16.65     0.00     0.00       none     166.50    0.0000    0.00%  100.00%
    [20]  R1      P1         0.00      18.30     0.00     0.00       none     183.00    0.0000    0.00%  100.00%
    [21]  R1      P2         0.00      18.30     0.00     0.00       none     183.00    0.0000    0.00%  100.00%
    [22]  R1      P3         0.00      18.30     0.00     0.00       none     183.00    0.0000    0.00%  100.00%
    [23]  R1      P4         0.00      18.30     0.00     0.00       none     183.00    0.0000    0.00%  100.00%
    [24]  R1      P5         0.00      18.30     0.00     0.00       none     183.00    0.0000    0.00%  100.00%
    [25]  R9      P1         5.74      18.33     0.00     0.00       none     183.34    0.0000    0.00%  100.00%
    [26]  R9      P2         5.74      18.33     0.00     0.00       none     183.34    0.0000    0.00%  100.00%
    [27]  R9      P3         5.74      18.33     0.00     0.00       none     183.34    0.0000    0.00%  100.00%
    [28]  R9      P4         5.74      18.33     0.00     0.00       none     183.34    0.0000    0.00%  100.00%
    [29]  R9      P5         5.74      18.33     0.00     0.00       none     183.34    0.0000    0.00%  100.00%
    [30]  R10     P1         6.71      18.58     0.00     0.00       none     185.81    0.0000    0.00%  100.00%
    [31]  R10     P2         6.71      18.58     0.00     0.00       none     185.81    0.0000    0.00%  100.00%
    [32]  R10     P3         6.71      18.58     0.00     0.00       none     185.81    0.0000    0.00%  100.00%
    [33]  R10     P4         6.71      18.58     0.00     0.00       none     185.81    0.0000    0.00%  100.00%
    [34]  R10     P5         6.71      18.58     0.00     0.00       none     185.81    0.0000    0.00%  100.00%
    [35]  R6      P1         1.33      18.61     0.00     0.00       none     186.06    0.0000    0.00%  100.00%
    [36]  R6      P2         1.33      18.61     0.00     0.00       none     186.06    0.0000    0.00%  100.00%
    [37]  R6      P3         1.33      18.61     0.00     0.00       none     186.06    0.0000    0.00%  100.00%
    [38]  R6      P4         1.33      18.61     0.00     0.00       none     186.06    0.0000    0.00%  100.00%
    [39]  R6      P5         1.33      18.61     0.00     0.00       none     186.06    0.0000    0.00%  100.00%
    [40]  R8      P1         3.72      19.19     0.00     0.00       none     191.89    0.0000    0.00%  100.00%
    [41]  R8      P2         3.72      19.19     0.00     0.00       none     191.89    0.0000    0.00%  100.00%
    [42]  R8      P3         3.72      19.19     0.00     0.00       none     191.89    0.0000    0.00%  100.00%
    [43]  R8      P4         3.72      19.19     0.00     0.00       none     191.89    0.0000    0.00%  100.00%
    [44]  R8      P5         3.72      19.19     0.00     0.00       none     191.89    0.0000    0.00%  100.00%
    [45]  R16     P1        13.56      20.19     0.00     0.00       none     201.93    0.0000    0.00%  100.00%
    [46]  R16     P2        13.56      20.19     0.00     0.00       none     201.93    0.0000    0.00%  100.00%
    [47]  R16     P3        13.56      20.19     0.00     0.00       none     201.93    0.0000    0.00%  100.00%
    [48]  R16     P4        13.56      20.19     0.00     0.00       none     201.93    0.0000    0.00%  100.00%
    [49]  R16     P5        13.56      20.19     0.00     0.00       none     201.93    0.0000    0.00%  100.00%
    [50]  R5      P1         0.00      21.24     0.00     0.00       none     212.40    0.0000    0.00%  100.00%
    [51]  R5      P2         0.00      21.24     0.00     0.00       none     212.40    0.0000    0.00%  100.00%
    [52]  R5      P3         0.00      21.24     0.00     0.00       none     212.40    0.0000    0.00%  100.00%
    [53]  R5      P4         0.00      21.24     0.00     0.00       none     212.40    0.0000    0.00%  100.00%
    [54]  R5      P5         0.00      21.24     0.00     0.00       none     212.40    0.0000    0.00%  100.00%
    [55]  R3      P1         0.00      24.82     0.00     0.00       none     248.20    0.0000    0.00%  100.00%
    [56]  R3      P2         0.00      24.82     0.00     0.00       none     248.20    0.0000    0.00%  100.00%
    [57]  R3      P3         0.00      24.82     0.00     0.00       none     248.20    0.0000    0.00%  100.00%
    [58]  R3      P4         0.00      24.82     0.00     0.00       none     248.20    0.0000    0.00%  100.00%
    [59]  R3      P5         0.00      24.82     0.00     0.00       none     248.20    0.0000    0.00%  100.00%
    [60]  R15     P1        14.34      28.11     0.00     0.00       none     281.07    0.0000    0.00%  100.00%
    [61]  R15     P2        14.34      28.11     0.00     0.00       none     281.07    0.0000    0.00%  100.00%
    [62]  R15     P3        14.34      28.11     0.00     0.00       none     281.07    0.0000    0.00%  100.00%
    [63]  R15     P4        14.34      28.11     0.00     0.00       none     281.07    0.0000    0.00%  100.00%
    [64]  R15     P5        14.34      28.11     0.00     0.00       none     281.07    0.0000    0.00%  100.00%
    [65]  R18     P1        21.73      29.80     0.00     0.00       none     298.04    0.0000    0.00%  100.00%
    [66]  R18     P2        21.73      29.80     0.00     0.00       none     298.04    0.0000    0.00%  100.00%
    [67]  R18     P3        21.73      29.80     0.00     0.00       none     298.04    0.0000    0.00%  100.00%
    [68]  R18     P4        21.73      29.80     0.00     0.00       none     298.04    0.0000    0.00%  100.00%
    [69]  R18     P5        21.73      29.80     0.00     0.00       none     298.04    0.0000    0.00%  100.00%
    [70]  R14     P1        11.68      32.68     0.00     0.00       none     326.82    0.0000    0.00%  100.00%
    [71]  R14     P2        11.68      32.68     0.00     0.00       none     326.82    0.0000    0.00%  100.00%
    [72]  R14     P3        11.68      32.68     0.00     0.00       none     326.82    0.0000    0.00%  100.00%
    [73]  R14     P4        11.68      32.68     0.00     0.00       none     326.82    0.0000    0.00%  100.00%
    [74]  R14     P5        11.68      32.68     0.00     0.00       none     326.82    0.0000    0.00%  100.00%
    [75]  R20     P1        23.48      33.26     0.00     0.00       none     332.63    0.0000    0.00%  100.00%
    [76]  R20     P2        23.48      33.26     0.00     0.00       none     332.63    0.0000    0.00%  100.00%
    [77]  R20     P3        23.48      33.26     0.00     0.00       none     332.63    0.0000    0.00%  100.00%
    [78]  R20     P4        23.48      33.26     0.00     0.00       none     332.63    0.0000    0.00%  100.00%
    [79]  R20     P5        23.48      33.26     0.00     0.00       none     332.63    0.0000    0.00%  100.00%
    [80]  R19     P1        24.49      33.68     0.00     0.00       none     336.83    0.0000    0.00%  100.00%
    [81]  R19     P2        24.49      33.68     0.00     0.00       none     336.83    0.0000    0.00%  100.00%
    [82]  R19     P3        24.49      33.68     0.00     0.00       none     336.83    0.0000    0.00%  100.00%
    [83]  R19     P4        24.49      33.68     0.00     0.00       none     336.83    0.0000    0.00%  100.00%
    [84]  R19     P5        24.49      33.68     0.00     0.00       none     336.83    0.0000    0.00%  100.00%
    [85]  R13     P1        12.70      34.08     0.00     0.00       none     340.81    0.0000    0.00%  100.00%
    [86]  R13     P2        12.70      34.08     0.00     0.00       none     340.81    0.0000    0.00%  100.00%
    [87]  R13     P3        12.70      34.08     0.00     0.00       none     340.81    0.0000    0.00%  100.00%
    [88]  R13     P4        12.70      34.08     0.00     0.00       none     340.81    0.0000    0.00%  100.00%
    [89]  R13     P5        12.70      34.08     0.00     0.00       none     340.81    0.0000    0.00%  100.00%
    [90]  R17     P1        18.00      40.11     0.00     0.00       none     401.05    0.0000    0.00%  100.00%
    [91]  R17     P2        18.00      40.11     0.00     0.00       none     401.05    0.0000    0.00%  100.00%
    [92]  R17     P3        18.00      40.11     0.00     0.00       none     401.05    0.0000    0.00%  100.00%
    [93]  R17     P4        18.00      40.11     0.00     0.00       none     401.05    0.0000    0.00%  100.00%
    [94]  R17     P5        18.00      40.11     0.00     0.00       none     401.05    0.0000    0.00%  100.00%
    [95]  R11     P1        11.01      40.11     0.00     0.00       none     401.06    0.0000    0.00%  100.00%
    [96]  R11     P2        11.01      40.11     0.00     0.00       none     401.06    0.0000    0.00%  100.00%
    [97]  R11     P3        11.01      40.11     0.00     0.00       none     401.06    0.0000    0.00%  100.00%
    [98]  R11     P4        11.01      40.11     0.00     0.00       none     401.06    0.0000    0.00%  100.00%
    [99]  R11     P5        11.01      40.11     0.00     0.00       none     401.06    0.0000    0.00%  100.00%
    draw=0.6021  →  (R12, P1) (rank 0) selected

  Assignment: R12 → P1  [8.13 → 13.91]  delay=0.00
    J12-1      [8.13 → 13.91]

  Assigned so far:
    ID      Pos       start    finish    delay
    ----------------------------------------
    R12     P1         8.13     13.91     0.00

========================================================================
  STEP 2/20
========================================================================

  Pair evaluation  (95 pairs):
    Rank   ID      Pos     t_start   t_finish    delay      gap   blocking      score    weight     P(%)   cum(%)
    ---------------------------------------------------------------------------------------------------------
    [ 0]  R7      P2         1.21      15.14     0.00     0.00       none     151.39    1.0000   70.00%   70.00%
    [ 1]  R7      P3         1.21      15.14     0.00     0.00       none     151.39    0.3000   21.00%   91.00%
    [ 2]  R7      P4         1.21      15.14     0.00     0.00       none     151.39    0.0900    6.30%   97.30%
    [ 3]  R7      P5         1.21      15.14     0.00     0.00       none     151.39    0.0270    1.89%   99.19%
    [ 4]  R2      P2         0.00      15.20     0.00     0.00       none     152.00    0.0081    0.57%   99.76%
    [ 5]  R2      P3         0.00      15.20     0.00     0.00       none     152.00    0.0024    0.17%   99.93%
    [ 6]  R2      P4         0.00      15.20     0.00     0.00       none     152.00    0.0007    0.05%   99.98%
    [ 7]  R2      P5         0.00      15.20     0.00     0.00       none     152.00    0.0002    0.02%   99.99%
    [ 8]  R4      P2         0.00      16.65     0.00     0.00       none     166.50    0.0001    0.00%  100.00%
    [ 9]  R4      P3         0.00      16.65     0.00     0.00       none     166.50    0.0000    0.00%  100.00%
    [10]  R4      P4         0.00      16.65     0.00     0.00       none     166.50    0.0000    0.00%  100.00%
    [11]  R4      P5         0.00      16.65     0.00     0.00       none     166.50    0.0000    0.00%  100.00%
    [12]  R1      P2         0.00      18.30     0.00     0.00       none     183.00    0.0000    0.00%  100.00%
    [13]  R1      P3         0.00      18.30     0.00     0.00       none     183.00    0.0000    0.00%  100.00%
    [14]  R1      P4         0.00      18.30     0.00     0.00       none     183.00    0.0000    0.00%  100.00%
    [15]  R1      P5         0.00      18.30     0.00     0.00       none     183.00    0.0000    0.00%  100.00%
    [16]  R9      P2         5.74      18.33     0.00     0.00       none     183.34    0.0000    0.00%  100.00%
    [17]  R9      P3         5.74      18.33     0.00     0.00       none     183.34    0.0000    0.00%  100.00%
    [18]  R9      P4         5.74      18.33     0.00     0.00       none     183.34    0.0000    0.00%  100.00%
    [19]  R9      P5         5.74      18.33     0.00     0.00       none     183.34    0.0000    0.00%  100.00%
    [20]  R10     P2         6.71      18.58     0.00     0.00       none     185.81    0.0000    0.00%  100.00%
    [21]  R10     P3         6.71      18.58     0.00     0.00       none     185.81    0.0000    0.00%  100.00%
    [22]  R10     P4         6.71      18.58     0.00     0.00       none     185.81    0.0000    0.00%  100.00%
    [23]  R10     P5         6.71      18.58     0.00     0.00       none     185.81    0.0000    0.00%  100.00%
    [24]  R6      P2         1.33      18.61     0.00     0.00       none     186.06    0.0000    0.00%  100.00%
    [25]  R6      P3         1.33      18.61     0.00     0.00       none     186.06    0.0000    0.00%  100.00%
    [26]  R6      P4         1.33      18.61     0.00     0.00       none     186.06    0.0000    0.00%  100.00%
    [27]  R6      P5         1.33      18.61     0.00     0.00       none     186.06    0.0000    0.00%  100.00%
    [28]  R8      P2         3.72      19.19     0.00     0.00       none     191.89    0.0000    0.00%  100.00%
    [29]  R8      P3         3.72      19.19     0.00     0.00       none     191.89    0.0000    0.00%  100.00%
    [30]  R8      P4         3.72      19.19     0.00     0.00       none     191.89    0.0000    0.00%  100.00%
    [31]  R8      P5         3.72      19.19     0.00     0.00       none     191.89    0.0000    0.00%  100.00%
    [32]  R16     P2        13.56      20.19     0.00     0.00       none     201.93    0.0000    0.00%  100.00%
    [33]  R16     P3        13.56      20.19     0.00     0.00       none     201.93    0.0000    0.00%  100.00%
    [34]  R16     P4        13.56      20.19     0.00     0.00       none     201.93    0.0000    0.00%  100.00%
    [35]  R16     P5        13.56      20.19     0.00     0.00       none     201.93    0.0000    0.00%  100.00%
    [36]  R5      P2         0.00      21.24     0.00     0.00       none     212.40    0.0000    0.00%  100.00%
    [37]  R5      P3         0.00      21.24     0.00     0.00       none     212.40    0.0000    0.00%  100.00%
    [38]  R5      P4         0.00      21.24     0.00     0.00       none     212.40    0.0000    0.00%  100.00%
    [39]  R5      P5         0.00      21.24     0.00     0.00       none     212.40    0.0000    0.00%  100.00%
    [40]  R3      P2         0.00      24.82     0.00     0.00       none     248.20    0.0000    0.00%  100.00%
    [41]  R3      P3         0.00      24.82     0.00     0.00       none     248.20    0.0000    0.00%  100.00%
    [42]  R3      P4         0.00      24.82     0.00     0.00       none     248.20    0.0000    0.00%  100.00%
    [43]  R3      P5         0.00      24.82     0.00     0.00       none     248.20    0.0000    0.00%  100.00%
    [44]  R15     P2        14.34      28.11     0.00     0.00       none     281.07    0.0000    0.00%  100.00%
    [45]  R15     P3        14.34      28.11     0.00     0.00       none     281.07    0.0000    0.00%  100.00%
    [46]  R15     P4        14.34      28.11     0.00     0.00       none     281.07    0.0000    0.00%  100.00%
    [47]  R15     P5        14.34      28.11     0.00     0.00       none     281.07    0.0000    0.00%  100.00%
    [48]  R18     P2        21.73      29.80     0.00     0.00       none     298.04    0.0000    0.00%  100.00%
    [49]  R18     P3        21.73      29.80     0.00     0.00       none     298.04    0.0000    0.00%  100.00%
    [50]  R18     P4        21.73      29.80     0.00     0.00       none     298.04    0.0000    0.00%  100.00%
    [51]  R18     P5        21.73      29.80     0.00     0.00       none     298.04    0.0000    0.00%  100.00%
    [52]  R14     P2        11.68      32.68     0.00     0.00       none     326.82    0.0000    0.00%  100.00%
    [53]  R14     P3        11.68      32.68     0.00     0.00       none     326.82    0.0000    0.00%  100.00%
    [54]  R14     P4        11.68      32.68     0.00     0.00       none     326.82    0.0000    0.00%  100.00%
    [55]  R14     P5        11.68      32.68     0.00     0.00       none     326.82    0.0000    0.00%  100.00%
    [56]  R20     P2        23.48      33.26     0.00     0.00       none     332.63    0.0000    0.00%  100.00%
    [57]  R20     P3        23.48      33.26     0.00     0.00       none     332.63    0.0000    0.00%  100.00%
    [58]  R20     P4        23.48      33.26     0.00     0.00       none     332.63    0.0000    0.00%  100.00%
    [59]  R20     P5        23.48      33.26     0.00     0.00       none     332.63    0.0000    0.00%  100.00%
    [60]  R19     P2        24.49      33.68     0.00     0.00       none     336.83    0.0000    0.00%  100.00%
    [61]  R19     P3        24.49      33.68     0.00     0.00       none     336.83    0.0000    0.00%  100.00%
    [62]  R19     P4        24.49      33.68     0.00     0.00       none     336.83    0.0000    0.00%  100.00%
    [63]  R19     P5        24.49      33.68     0.00     0.00       none     336.83    0.0000    0.00%  100.00%
    [64]  R13     P2        12.70      34.08     0.00     0.00       none     340.81    0.0000    0.00%  100.00%
    [65]  R13     P3        12.70      34.08     0.00     0.00       none     340.81    0.0000    0.00%  100.00%
    [66]  R13     P4        12.70      34.08     0.00     0.00       none     340.81    0.0000    0.00%  100.00%
    [67]  R13     P5        12.70      34.08     0.00     0.00       none     340.81    0.0000    0.00%  100.00%
    [68]  R17     P2        18.00      40.11     0.00     0.00       none     401.05    0.0000    0.00%  100.00%
    [69]  R17     P3        18.00      40.11     0.00     0.00       none     401.05    0.0000    0.00%  100.00%
    [70]  R17     P4        18.00      40.11     0.00     0.00       none     401.05    0.0000    0.00%  100.00%
    [71]  R17     P5        18.00      40.11     0.00     0.00       none     401.05    0.0000    0.00%  100.00%
    [72]  R11     P2        11.01      40.11     0.00     0.00       none     401.06    0.0000    0.00%  100.00%
    [73]  R11     P3        11.01      40.11     0.00     0.00       none     401.06    0.0000    0.00%  100.00%
    [74]  R11     P4        11.01      40.11     0.00     0.00       none     401.06    0.0000    0.00%  100.00%
    [75]  R11     P5        11.01      40.11     0.00     0.00       none     401.06    0.0000    0.00%  100.00%
    [76]  R16     P1        23.91      30.54     0.00    10.00       none     405.45    0.0000    0.00%  100.00%
    [77]  R18     P1        23.91      31.98     0.00    10.00       none     419.85    0.0000    0.00%  100.00%
    [78]  R20     P1        23.91      33.70     0.00    10.00       none     436.95    0.0000    0.00%  100.00%
    [79]  R19     P1        24.49      33.68     0.00    10.58       none     442.61    0.0000    0.00%  100.00%
    [80]  R10     P1        23.91      35.78     0.00    10.00       none     457.85    0.0000    0.00%  100.00%
    [81]  R9      P1        23.91      36.50     0.00    10.00       none     465.05    0.0000    0.00%  100.00%
    [82]  R15     P1        23.91      37.69     0.00    10.00       none     476.85    0.0000    0.00%  100.00%
    [83]  R7      P1        23.91      37.84     0.00    10.00       none     478.45    0.0000    0.00%  100.00%
    [84]  R2      P1        23.91      39.11     0.00    10.00       none     491.15    0.0000    0.00%  100.00%
    [85]  R8      P1        23.91      39.38     0.00    10.00       none     493.85    0.0000    0.00%  100.00%
    [86]  R4      P1        23.91      40.56     0.00    10.00       none     505.65    0.0000    0.00%  100.00%
    [87]  R6      P1        23.91      41.20     0.00    10.00       none     511.95    0.0000    0.00%  100.00%
    [88]  R1      P1        23.91      42.22     0.00    10.00       none     522.15    0.0000    0.00%  100.00%
    [89]  R14     P1        23.91      44.91     0.00    10.00       none     549.15    0.0000    0.00%  100.00%
    [90]  R5      P1        23.91      45.16     0.00    10.00       none     551.55    0.0000    0.00%  100.00%
    [91]  R13     P1        23.91      45.30     0.00    10.00       none     552.95    0.0000    0.00%  100.00%
    [92]  R17     P1        23.91      46.02     0.00    10.00       none     560.15    0.0000    0.00%  100.00%
    [93]  R3      P1        23.91      48.73     0.00    10.00       none     587.35    0.0000    0.00%  100.00%
    [94]  R11     P1        23.91      53.02     0.00    10.00       none     630.15    0.0000    0.00%  100.00%
    draw=0.6477  →  (R7, P2) (rank 0) selected

  Assignment: R7 → P2  [1.21 → 15.14]  delay=0.00
    J7-1       [1.21 → 7.65]
    J7-2       [7.65 → 15.14]

  Assigned so far:
    ID      Pos       start    finish    delay
    ----------------------------------------
    R12     P1         8.13     13.91     0.00
    R7      P2         1.21     15.14     0.00

========================================================================
  STEP 3/20
========================================================================

  Pair evaluation  (90 pairs):
    Rank   ID      Pos     t_start   t_finish    delay      gap   blocking      score    weight     P(%)   cum(%)
    ---------------------------------------------------------------------------------------------------------
    [ 0]  R2      P3         0.00      15.20     0.00     0.00       none     152.00    1.0000   70.00%   70.00%
    [ 1]  R2      P4         0.00      15.20     0.00     0.00       none     152.00    0.3000   21.00%   91.00%
    [ 2]  R2      P5         0.00      15.20     0.00     0.00       none     152.00    0.0900    6.30%   97.30%
    [ 3]  R4      P3         0.00      16.65     0.00     0.00       none     166.50    0.0270    1.89%   99.19%
    [ 4]  R4      P4         0.00      16.65     0.00     0.00       none     166.50    0.0081    0.57%   99.76%
    [ 5]  R4      P5         0.00      16.65     0.00     0.00       none     166.50    0.0024    0.17%   99.93%
    [ 6]  R1      P3         0.00      18.30     0.00     0.00       none     183.00    0.0007    0.05%   99.98%
    [ 7]  R1      P4         0.00      18.30     0.00     0.00       none     183.00    0.0002    0.02%   99.99%
    [ 8]  R1      P5         0.00      18.30     0.00     0.00       none     183.00    0.0001    0.00%  100.00%
    [ 9]  R9      P3         5.74      18.33     0.00     0.00       none     183.34    0.0000    0.00%  100.00%
    [10]  R9      P4         5.74      18.33     0.00     0.00       none     183.34    0.0000    0.00%  100.00%
    [11]  R9      P5         5.74      18.33     0.00     0.00       none     183.34    0.0000    0.00%  100.00%
    [12]  R10     P3         6.71      18.58     0.00     0.00       none     185.81    0.0000    0.00%  100.00%
    [13]  R10     P4         6.71      18.58     0.00     0.00       none     185.81    0.0000    0.00%  100.00%
    [14]  R10     P5         6.71      18.58     0.00     0.00       none     185.81    0.0000    0.00%  100.00%
    [15]  R6      P3         1.33      18.61     0.00     0.00       none     186.06    0.0000    0.00%  100.00%
    [16]  R6      P4         1.33      18.61     0.00     0.00       none     186.06    0.0000    0.00%  100.00%
    [17]  R6      P5         1.33      18.61     0.00     0.00       none     186.06    0.0000    0.00%  100.00%
    [18]  R8      P3         3.72      19.19     0.00     0.00       none     191.89    0.0000    0.00%  100.00%
    [19]  R8      P4         3.72      19.19     0.00     0.00       none     191.89    0.0000    0.00%  100.00%
    [20]  R8      P5         3.72      19.19     0.00     0.00       none     191.89    0.0000    0.00%  100.00%
    [21]  R16     P3        13.56      20.19     0.00     0.00       none     201.93    0.0000    0.00%  100.00%
    [22]  R16     P4        13.56      20.19     0.00     0.00       none     201.93    0.0000    0.00%  100.00%
    [23]  R16     P5        13.56      20.19     0.00     0.00       none     201.93    0.0000    0.00%  100.00%
    [24]  R5      P3         0.00      21.24     0.00     0.00       none     212.40    0.0000    0.00%  100.00%
    [25]  R5      P4         0.00      21.24     0.00     0.00       none     212.40    0.0000    0.00%  100.00%
    [26]  R5      P5         0.00      21.24     0.00     0.00       none     212.40    0.0000    0.00%  100.00%
    [27]  R3      P3         0.00      24.82     0.00     0.00       none     248.20    0.0000    0.00%  100.00%
    [28]  R3      P4         0.00      24.82     0.00     0.00       none     248.20    0.0000    0.00%  100.00%
    [29]  R3      P5         0.00      24.82     0.00     0.00       none     248.20    0.0000    0.00%  100.00%
    [30]  R15     P3        14.34      28.11     0.00     0.00       none     281.07    0.0000    0.00%  100.00%
    [31]  R15     P4        14.34      28.11     0.00     0.00       none     281.07    0.0000    0.00%  100.00%
    [32]  R15     P5        14.34      28.11     0.00     0.00       none     281.07    0.0000    0.00%  100.00%
    [33]  R18     P3        21.73      29.80     0.00     0.00       none     298.04    0.0000    0.00%  100.00%
    [34]  R18     P4        21.73      29.80     0.00     0.00       none     298.04    0.0000    0.00%  100.00%
    [35]  R18     P5        21.73      29.80     0.00     0.00       none     298.04    0.0000    0.00%  100.00%
    [36]  R14     P3        11.68      32.68     0.00     0.00       none     326.82    0.0000    0.00%  100.00%
    [37]  R14     P4        11.68      32.68     0.00     0.00       none     326.82    0.0000    0.00%  100.00%
    [38]  R14     P5        11.68      32.68     0.00     0.00       none     326.82    0.0000    0.00%  100.00%
    [39]  R20     P3        23.48      33.26     0.00     0.00       none     332.63    0.0000    0.00%  100.00%
    [40]  R20     P4        23.48      33.26     0.00     0.00       none     332.63    0.0000    0.00%  100.00%
    [41]  R20     P5        23.48      33.26     0.00     0.00       none     332.63    0.0000    0.00%  100.00%
    [42]  R19     P3        24.49      33.68     0.00     0.00       none     336.83    0.0000    0.00%  100.00%
    [43]  R19     P4        24.49      33.68     0.00     0.00       none     336.83    0.0000    0.00%  100.00%
    [44]  R19     P5        24.49      33.68     0.00     0.00       none     336.83    0.0000    0.00%  100.00%
    [45]  R13     P3        12.70      34.08     0.00     0.00       none     340.81    0.0000    0.00%  100.00%
    [46]  R13     P4        12.70      34.08     0.00     0.00       none     340.81    0.0000    0.00%  100.00%
    [47]  R13     P5        12.70      34.08     0.00     0.00       none     340.81    0.0000    0.00%  100.00%
    [48]  R17     P3        18.00      40.11     0.00     0.00       none     401.05    0.0000    0.00%  100.00%
    [49]  R17     P4        18.00      40.11     0.00     0.00       none     401.05    0.0000    0.00%  100.00%
    [50]  R17     P5        18.00      40.11     0.00     0.00       none     401.05    0.0000    0.00%  100.00%
    [51]  R11     P3        11.01      40.11     0.00     0.00       none     401.06    0.0000    0.00%  100.00%
    [52]  R11     P4        11.01      40.11     0.00     0.00       none     401.06    0.0000    0.00%  100.00%
    [53]  R11     P5        11.01      40.11     0.00     0.00       none     401.06    0.0000    0.00%  100.00%
    [54]  R16     P1        23.91      30.54     0.00    10.00       none     405.45    0.0000    0.00%  100.00%
    [55]  R16     P2        25.14      31.77     0.00    10.00       none     417.69    0.0000    0.00%  100.00%
    [56]  R18     P1        23.91      31.98     0.00    10.00       none     419.85    0.0000    0.00%  100.00%
    [57]  R18     P2        25.14      33.21     0.00    10.00       none     432.09    0.0000    0.00%  100.00%
    [58]  R20     P1        23.91      33.70     0.00    10.00       none     436.95    0.0000    0.00%  100.00%
    [59]  R19     P1        24.49      33.68     0.00    10.58       none     442.61    0.0000    0.00%  100.00%
    [60]  R19     P2        25.14      34.33     0.00    10.00       none     443.29    0.0000    0.00%  100.00%
    [61]  R20     P2        25.14      34.92     0.00    10.00       none     449.19    0.0000    0.00%  100.00%
    [62]  R10     P1        23.91      35.78     0.00    10.00       none     457.85    0.0000    0.00%  100.00%
    [63]  R9      P1        23.91      36.50     0.00    10.00       none     465.05    0.0000    0.00%  100.00%
    [64]  R10     P2        25.14      37.01     0.00    10.00       none     470.09    0.0000    0.00%  100.00%
    [65]  R15     P1        23.91      37.69     0.00    10.00       none     476.85    0.0000    0.00%  100.00%
    [66]  R9      P2        25.14      37.73     0.00    10.00       none     477.29    0.0000    0.00%  100.00%
    [67]  R15     P2        25.14      38.91     0.00    10.00       none     489.09    0.0000    0.00%  100.00%
    [68]  R2      P1        23.91      39.11     0.00    10.00       none     491.15    0.0000    0.00%  100.00%
    [69]  R8      P1        23.91      39.38     0.00    10.00       none     493.85    0.0000    0.00%  100.00%
    [70]  R2      P2        25.14      40.34     0.00    10.00       none     503.39    0.0000    0.00%  100.00%
    [71]  R4      P1        23.91      40.56     0.00    10.00       none     505.65    0.0000    0.00%  100.00%
    [72]  R8      P2        25.14      40.61     0.00    10.00       none     506.09    0.0000    0.00%  100.00%
    [73]  R6      P1        23.91      41.20     0.00    10.00       none     511.95    0.0000    0.00%  100.00%
    [74]  R4      P2        25.14      41.79     0.00    10.00       none     517.89    0.0000    0.00%  100.00%
    [75]  R1      P1        23.91      42.22     0.00    10.00       none     522.15    0.0000    0.00%  100.00%
    [76]  R6      P2        25.14      42.42     0.00    10.00       none     524.19    0.0000    0.00%  100.00%
    [77]  R1      P2        25.14      43.44     0.00    10.00       none     534.39    0.0000    0.00%  100.00%
    [78]  R14     P1        23.91      44.91     0.00    10.00       none     549.15    0.0000    0.00%  100.00%
    [79]  R5      P1        23.91      45.16     0.00    10.00       none     551.55    0.0000    0.00%  100.00%
    [80]  R13     P1        23.91      45.30     0.00    10.00       none     552.95    0.0000    0.00%  100.00%
    [81]  R17     P1        23.91      46.02     0.00    10.00       none     560.15    0.0000    0.00%  100.00%
    [82]  R14     P2        25.14      46.14     0.00    10.00       none     561.39    0.0000    0.00%  100.00%
    [83]  R5      P2        25.14      46.38     0.00    10.00       none     563.79    0.0000    0.00%  100.00%
    [84]  R13     P2        25.14      46.52     0.00    10.00       none     565.19    0.0000    0.00%  100.00%
    [85]  R17     P2        25.14      47.24     0.00    10.00       none     572.39    0.0000    0.00%  100.00%
    [86]  R3      P1        23.91      48.73     0.00    10.00       none     587.35    0.0000    0.00%  100.00%
    [87]  R3      P2        25.14      49.96     0.00    10.00       none     599.59    0.0000    0.00%  100.00%
    [88]  R11     P1        23.91      53.02     0.00    10.00       none     630.15    0.0000    0.00%  100.00%
    [89]  R11     P2        25.14      54.24     0.00    10.00       none     642.39    0.0000    0.00%  100.00%
    draw=0.7614  →  (R2, P3) (rank 0) selected

  Assignment: R2 → P3  [0.00 → 15.20]  delay=0.00
    J2-1       [0.00 → 5.39]
    J2-2       [5.39 → 15.20]

  Assigned so far:
    ID      Pos       start    finish    delay
    ----------------------------------------
    R12     P1         8.13     13.91     0.00
    R7      P2         1.21     15.14     0.00
    R2      P3         0.00     15.20     0.00

========================================================================
  STEP 4/20
========================================================================

  Pair evaluation  (85 pairs):
    Rank   ID      Pos     t_start   t_finish    delay      gap   blocking      score    weight     P(%)   cum(%)
    ---------------------------------------------------------------------------------------------------------
    [ 0]  R4      P4         0.00      16.65     0.00     0.00       none     166.50    1.0000   70.00%   70.00%
    [ 1]  R4      P5         0.00      16.65     0.00     0.00       none     166.50    0.3000   21.00%   91.00%
    [ 2]  R1      P4         0.00      18.30     0.00     0.00       none     183.00    0.0900    6.30%   97.30%
    [ 3]  R1      P5         0.00      18.30     0.00     0.00       none     183.00    0.0270    1.89%   99.19%
    [ 4]  R9      P4         5.74      18.33     0.00     0.00      2 mov     187.34    0.0081    0.57%   99.76%
    [ 5]  R9      P5         5.74      18.33     0.00     0.00      2 mov     187.34    0.0024    0.17%   99.93%
    [ 6]  R10     P4         6.71      18.58     0.00     0.00      2 mov     189.81    0.0007    0.05%   99.98%
    [ 7]  R10     P5         6.71      18.58     0.00     0.00      2 mov     189.81    0.0002    0.02%   99.99%
    [ 8]  R6      P4         1.33      18.61     0.00     0.00      2 mov     190.06    0.0001    0.00%  100.00%
    [ 9]  R6      P5         1.33      18.61     0.00     0.00      2 mov     190.06    0.0000    0.00%  100.00%
    [10]  R8      P4         3.72      19.19     0.00     0.00      2 mov     195.89    0.0000    0.00%  100.00%
    [11]  R8      P5         3.72      19.19     0.00     0.00      2 mov     195.89    0.0000    0.00%  100.00%
    [12]  R16     P4        13.56      20.19     0.00     0.00      2 mov     205.93    0.0000    0.00%  100.00%
    [13]  R16     P5        13.56      20.19     0.00     0.00      2 mov     205.93    0.0000    0.00%  100.00%
    [14]  R5      P4         0.00      21.24     0.00     0.00       none     212.40    0.0000    0.00%  100.00%
    [15]  R5      P5         0.00      21.24     0.00     0.00       none     212.40    0.0000    0.00%  100.00%
    [16]  R3      P4         0.00      24.82     0.00     0.00       none     248.20    0.0000    0.00%  100.00%
    [17]  R3      P5         0.00      24.82     0.00     0.00       none     248.20    0.0000    0.00%  100.00%
    [18]  R15     P4        14.34      28.11     0.00     0.00      2 mov     285.07    0.0000    0.00%  100.00%
    [19]  R15     P5        14.34      28.11     0.00     0.00      2 mov     285.07    0.0000    0.00%  100.00%
    [20]  R18     P4        21.73      29.80     0.00     0.00       none     298.04    0.0000    0.00%  100.00%
    [21]  R18     P5        21.73      29.80     0.00     0.00       none     298.04    0.0000    0.00%  100.00%
    [22]  R14     P4        11.68      32.68     0.00     0.00      2 mov     330.82    0.0000    0.00%  100.00%
    [23]  R14     P5        11.68      32.68     0.00     0.00      2 mov     330.82    0.0000    0.00%  100.00%
    [24]  R20     P4        23.48      33.26     0.00     0.00       none     332.63    0.0000    0.00%  100.00%
    [25]  R20     P5        23.48      33.26     0.00     0.00       none     332.63    0.0000    0.00%  100.00%
    [26]  R19     P4        24.49      33.68     0.00     0.00       none     336.83    0.0000    0.00%  100.00%
    [27]  R19     P5        24.49      33.68     0.00     0.00       none     336.83    0.0000    0.00%  100.00%
    [28]  R13     P4        12.70      34.08     0.00     0.00      2 mov     344.81    0.0000    0.00%  100.00%
    [29]  R13     P5        12.70      34.08     0.00     0.00      2 mov     344.81    0.0000    0.00%  100.00%
    [30]  R17     P4        18.00      40.11     0.00     0.00       none     401.05    0.0000    0.00%  100.00%
    [31]  R17     P5        18.00      40.11     0.00     0.00       none     401.05    0.0000    0.00%  100.00%
    [32]  R11     P4        11.01      40.11     0.00     0.00      2 mov     405.06    0.0000    0.00%  100.00%
    [33]  R11     P5        11.01      40.11     0.00     0.00      2 mov     405.06    0.0000    0.00%  100.00%
    [34]  R16     P1        23.91      30.54     0.00    10.00       none     405.45    0.0000    0.00%  100.00%
    [35]  R16     P2        25.14      31.77     0.00    10.00       none     417.69    0.0000    0.00%  100.00%
    [36]  R16     P3        25.20      31.83     0.00    10.00       none     418.30    0.0000    0.00%  100.00%
    [37]  R18     P1        23.91      31.98     0.00    10.00       none     419.85    0.0000    0.00%  100.00%
    [38]  R18     P2        25.14      33.21     0.00    10.00       none     432.09    0.0000    0.00%  100.00%
    [39]  R18     P3        25.20      33.27     0.00    10.00       none     432.70    0.0000    0.00%  100.00%
    [40]  R20     P1        23.91      33.70     0.00    10.00       none     436.95    0.0000    0.00%  100.00%
    [41]  R19     P1        24.49      33.68     0.00    10.58       none     442.61    0.0000    0.00%  100.00%
    [42]  R19     P2        25.14      34.33     0.00    10.00       none     443.29    0.0000    0.00%  100.00%
    [43]  R19     P3        25.20      34.39     0.00    10.00       none     443.90    0.0000    0.00%  100.00%
    [44]  R20     P2        25.14      34.92     0.00    10.00       none     449.19    0.0000    0.00%  100.00%
    [45]  R20     P3        25.20      34.98     0.00    10.00       none     449.80    0.0000    0.00%  100.00%
    [46]  R10     P1        23.91      35.78     0.00    10.00       none     457.85    0.0000    0.00%  100.00%
    [47]  R9      P1        23.91      36.50     0.00    10.00       none     465.05    0.0000    0.00%  100.00%
    [48]  R10     P2        25.14      37.01     0.00    10.00       none     470.09    0.0000    0.00%  100.00%
    [49]  R10     P3        25.20      37.07     0.00    10.00       none     470.70    0.0000    0.00%  100.00%
    [50]  R15     P1        23.91      37.69     0.00    10.00       none     476.85    0.0000    0.00%  100.00%
    [51]  R9      P2        25.14      37.73     0.00    10.00       none     477.29    0.0000    0.00%  100.00%
    [52]  R9      P3        25.20      37.79     0.00    10.00       none     477.90    0.0000    0.00%  100.00%
    [53]  R15     P2        25.14      38.91     0.00    10.00       none     489.09    0.0000    0.00%  100.00%
    [54]  R15     P3        25.20      38.97     0.00    10.00       none     489.70    0.0000    0.00%  100.00%
    [55]  R8      P1        23.91      39.38     0.00    10.00       none     493.85    0.0000    0.00%  100.00%
    [56]  R4      P1        23.91      40.56     0.00    10.00       none     505.65    0.0000    0.00%  100.00%
    [57]  R8      P2        25.14      40.61     0.00    10.00       none     506.09    0.0000    0.00%  100.00%
    [58]  R8      P3        25.20      40.67     0.00    10.00       none     506.70    0.0000    0.00%  100.00%
    [59]  R6      P1        23.91      41.20     0.00    10.00       none     511.95    0.0000    0.00%  100.00%
    [60]  R4      P2        25.14      41.79     0.00    10.00       none     517.89    0.0000    0.00%  100.00%
    [61]  R4      P3        25.20      41.85     0.00    10.00       none     518.50    0.0000    0.00%  100.00%
    [62]  R1      P1        23.91      42.22     0.00    10.00       none     522.15    0.0000    0.00%  100.00%
    [63]  R6      P2        25.14      42.42     0.00    10.00       none     524.19    0.0000    0.00%  100.00%
    [64]  R6      P3        25.20      42.48     0.00    10.00       none     524.80    0.0000    0.00%  100.00%
    [65]  R1      P2        25.14      43.44     0.00    10.00       none     534.39    0.0000    0.00%  100.00%
    [66]  R1      P3        25.20      43.50     0.00    10.00       none     535.00    0.0000    0.00%  100.00%
    [67]  R14     P1        23.91      44.91     0.00    10.00       none     549.15    0.0000    0.00%  100.00%
    [68]  R5      P1        23.91      45.16     0.00    10.00       none     551.55    0.0000    0.00%  100.00%
    [69]  R13     P1        23.91      45.30     0.00    10.00       none     552.95    0.0000    0.00%  100.00%
    [70]  R17     P1        23.91      46.02     0.00    10.00       none     560.15    0.0000    0.00%  100.00%
    [71]  R14     P2        25.14      46.14     0.00    10.00       none     561.39    0.0000    0.00%  100.00%
    [72]  R14     P3        25.20      46.20     0.00    10.00       none     562.00    0.0000    0.00%  100.00%
    [73]  R5      P2        25.14      46.38     0.00    10.00       none     563.79    0.0000    0.00%  100.00%
    [74]  R5      P3        25.20      46.44     0.00    10.00       none     564.40    0.0000    0.00%  100.00%
    [75]  R13     P2        25.14      46.52     0.00    10.00       none     565.19    0.0000    0.00%  100.00%
    [76]  R13     P3        25.20      46.58     0.00    10.00       none     565.80    0.0000    0.00%  100.00%
    [77]  R17     P2        25.14      47.24     0.00    10.00       none     572.39    0.0000    0.00%  100.00%
    [78]  R17     P3        25.20      47.30     0.00    10.00       none     573.00    0.0000    0.00%  100.00%
    [79]  R3      P1        23.91      48.73     0.00    10.00       none     587.35    0.0000    0.00%  100.00%
    [80]  R3      P2        25.14      49.96     0.00    10.00       none     599.59    0.0000    0.00%  100.00%
    [81]  R3      P3        25.20      50.02     0.00    10.00       none     600.20    0.0000    0.00%  100.00%
    [82]  R11     P1        23.91      53.02     0.00    10.00       none     630.15    0.0000    0.00%  100.00%
    [83]  R11     P2        25.14      54.24     0.00    10.00       none     642.39    0.0000    0.00%  100.00%
    [84]  R11     P3        25.20      54.30     0.00    10.00       none     643.00    0.0000    0.00%  100.00%
    draw=0.4679  →  (R4, P4) (rank 0) selected

  Assignment: R4 → P4  [0.00 → 16.65]  delay=0.00
    J4-1       [0.00 → 8.59]
    J4-2       [8.59 → 16.65]

  Assigned so far:
    ID      Pos       start    finish    delay
    ----------------------------------------
    R12     P1         8.13     13.91     0.00
    R7      P2         1.21     15.14     0.00
    R2      P3         0.00     15.20     0.00
    R4      P4         0.00     16.65     0.00

========================================================================
  STEP 5/20
========================================================================

  Pair evaluation  (80 pairs):
    Rank   ID      Pos     t_start   t_finish    delay      gap   blocking      score    weight     P(%)   cum(%)
    ---------------------------------------------------------------------------------------------------------
    [ 0]  R1      P5         0.00      18.30     0.00     0.00       none     183.00    1.0000   70.00%   70.00%
    [ 1]  R9      P5         5.74      18.33     0.00     0.00      4 mov     191.34    0.3000   21.00%   91.00%
    [ 2]  R10     P5         6.71      18.58     0.00     0.00      4 mov     193.81    0.0900    6.30%   97.30%
    [ 3]  R6      P5         1.33      18.61     0.00     0.00      4 mov     194.06    0.0270    1.89%   99.19%
    [ 4]  R8      P5         3.72      19.19     0.00     0.00      4 mov     199.89    0.0081    0.57%   99.76%
    [ 5]  R16     P5        13.56      20.19     0.00     0.00      4 mov     209.93    0.0024    0.17%   99.93%
    [ 6]  R5      P5         0.00      21.24     0.00     0.00       none     212.40    0.0007    0.05%   99.98%
    [ 7]  R3      P5         0.00      24.82     0.00     0.00       none     248.20    0.0002    0.02%   99.99%
    [ 8]  R15     P5        14.34      28.11     0.00     0.00      4 mov     289.07    0.0001    0.00%  100.00%
    [ 9]  R18     P5        21.73      29.80     0.00     0.00       none     298.04    0.0000    0.00%  100.00%
    [10]  R20     P5        23.48      33.26     0.00     0.00       none     332.63    0.0000    0.00%  100.00%
    [11]  R14     P5        11.68      32.68     0.00     0.00      4 mov     334.82    0.0000    0.00%  100.00%
    [12]  R19     P5        24.49      33.68     0.00     0.00       none     336.83    0.0000    0.00%  100.00%
    [13]  R13     P5        12.70      34.08     0.00     0.00      4 mov     348.81    0.0000    0.00%  100.00%
    [14]  R17     P5        18.00      40.11     0.00     0.00       none     401.05    0.0000    0.00%  100.00%
    [15]  R16     P1        23.91      30.54     0.00    10.00       none     405.45    0.0000    0.00%  100.00%
    [16]  R11     P5        11.01      40.11     0.00     0.00      4 mov     409.06    0.0000    0.00%  100.00%
    [17]  R16     P2        25.14      31.77     0.00    10.00       none     417.69    0.0000    0.00%  100.00%
    [18]  R16     P3        25.20      31.83     0.00    10.00       none     418.30    0.0000    0.00%  100.00%
    [19]  R18     P1        23.91      31.98     0.00    10.00       none     419.85    0.0000    0.00%  100.00%
    [20]  R18     P2        25.14      33.21     0.00    10.00       none     432.09    0.0000    0.00%  100.00%
    [21]  R18     P3        25.20      33.27     0.00    10.00       none     432.70    0.0000    0.00%  100.00%
    [22]  R16     P4        26.65      33.28     0.00    10.00       none     432.80    0.0000    0.00%  100.00%
    [23]  R20     P1        23.91      33.70     0.00    10.00       none     436.95    0.0000    0.00%  100.00%
    [24]  R19     P1        24.49      33.68     0.00    10.58       none     442.61    0.0000    0.00%  100.00%
    [25]  R19     P2        25.14      34.33     0.00    10.00       none     443.29    0.0000    0.00%  100.00%
    [26]  R19     P3        25.20      34.39     0.00    10.00       none     443.90    0.0000    0.00%  100.00%
    [27]  R18     P4        26.65      34.72     0.00    10.00       none     447.20    0.0000    0.00%  100.00%
    [28]  R20     P2        25.14      34.92     0.00    10.00       none     449.19    0.0000    0.00%  100.00%
    [29]  R20     P3        25.20      34.98     0.00    10.00       none     449.80    0.0000    0.00%  100.00%
    [30]  R10     P1        23.91      35.78     0.00    10.00       none     457.85    0.0000    0.00%  100.00%
    [31]  R19     P4        26.65      35.84     0.00    10.00       none     458.40    0.0000    0.00%  100.00%
    [32]  R20     P4        26.65      36.43     0.00    10.00       none     464.30    0.0000    0.00%  100.00%
    [33]  R9      P1        23.91      36.50     0.00    10.00       none     465.05    0.0000    0.00%  100.00%
    [34]  R10     P2        25.14      37.01     0.00    10.00       none     470.09    0.0000    0.00%  100.00%
    [35]  R10     P3        25.20      37.07     0.00    10.00       none     470.70    0.0000    0.00%  100.00%
    [36]  R15     P1        23.91      37.69     0.00    10.00       none     476.85    0.0000    0.00%  100.00%
    [37]  R9      P2        25.14      37.73     0.00    10.00       none     477.29    0.0000    0.00%  100.00%
    [38]  R9      P3        25.20      37.79     0.00    10.00       none     477.90    0.0000    0.00%  100.00%
    [39]  R10     P4        26.65      38.52     0.00    10.00       none     485.20    0.0000    0.00%  100.00%
    [40]  R15     P2        25.14      38.91     0.00    10.00       none     489.09    0.0000    0.00%  100.00%
    [41]  R15     P3        25.20      38.97     0.00    10.00       none     489.70    0.0000    0.00%  100.00%
    [42]  R9      P4        26.65      39.24     0.00    10.00       none     492.40    0.0000    0.00%  100.00%
    [43]  R8      P1        23.91      39.38     0.00    10.00       none     493.85    0.0000    0.00%  100.00%
    [44]  R15     P4        26.65      40.42     0.00    10.00       none     504.20    0.0000    0.00%  100.00%
    [45]  R8      P2        25.14      40.61     0.00    10.00       none     506.09    0.0000    0.00%  100.00%
    [46]  R8      P3        25.20      40.67     0.00    10.00       none     506.70    0.0000    0.00%  100.00%
    [47]  R6      P1        23.91      41.20     0.00    10.00       none     511.95    0.0000    0.00%  100.00%
    [48]  R8      P4        26.65      42.12     0.00    10.00       none     521.20    0.0000    0.00%  100.00%
    [49]  R1      P1        23.91      42.22     0.00    10.00       none     522.15    0.0000    0.00%  100.00%
    [50]  R6      P2        25.14      42.42     0.00    10.00       none     524.19    0.0000    0.00%  100.00%
    [51]  R6      P3        25.20      42.48     0.00    10.00       none     524.80    0.0000    0.00%  100.00%
    [52]  R1      P2        25.14      43.44     0.00    10.00       none     534.39    0.0000    0.00%  100.00%
    [53]  R1      P3        25.20      43.50     0.00    10.00       none     535.00    0.0000    0.00%  100.00%
    [54]  R6      P4        26.65      43.93     0.00    10.00       none     539.30    0.0000    0.00%  100.00%
    [55]  R14     P1        23.91      44.91     0.00    10.00       none     549.15    0.0000    0.00%  100.00%
    [56]  R5      P1        23.91      45.16     0.00    10.00       none     551.55    0.0000    0.00%  100.00%
    [57]  R13     P1        23.91      45.30     0.00    10.00       none     552.95    0.0000    0.00%  100.00%
    [58]  R17     P1        23.91      46.02     0.00    10.00       none     560.15    0.0000    0.00%  100.00%
    [59]  R14     P2        25.14      46.14     0.00    10.00       none     561.39    0.0000    0.00%  100.00%
    [60]  R14     P3        25.20      46.20     0.00    10.00       none     562.00    0.0000    0.00%  100.00%
    [61]  R5      P2        25.14      46.38     0.00    10.00       none     563.79    0.0000    0.00%  100.00%
    [62]  R5      P3        25.20      46.44     0.00    10.00       none     564.40    0.0000    0.00%  100.00%
    [63]  R13     P2        25.14      46.52     0.00    10.00       none     565.19    0.0000    0.00%  100.00%
    [64]  R13     P3        25.20      46.58     0.00    10.00       none     565.80    0.0000    0.00%  100.00%
    [65]  R17     P2        25.14      47.24     0.00    10.00       none     572.39    0.0000    0.00%  100.00%
    [66]  R17     P3        25.20      47.30     0.00    10.00       none     573.00    0.0000    0.00%  100.00%
    [67]  R14     P4        26.65      47.65     0.00    10.00       none     576.50    0.0000    0.00%  100.00%
    [68]  R5      P4        26.65      47.89     0.00    10.00       none     578.90    0.0000    0.00%  100.00%
    [69]  R13     P4        26.65      48.03     0.00    10.00       none     580.30    0.0000    0.00%  100.00%
    [70]  R3      P1        23.91      48.73     0.00    10.00       none     587.35    0.0000    0.00%  100.00%
    [71]  R17     P4        26.65      48.75     0.00    10.00       none     587.50    0.0000    0.00%  100.00%
    [72]  R3      P2        25.14      49.96     0.00    10.00       none     599.59    0.0000    0.00%  100.00%
    [73]  R3      P3        25.20      50.02     0.00    10.00       none     600.20    0.0000    0.00%  100.00%
    [74]  R3      P4        26.65      51.47     0.00    10.00       none     614.70    0.0000    0.00%  100.00%
    [75]  R1      P4        26.65      44.95     0.66    10.00       none     615.00    0.0000    0.00%  100.00%
    [76]  R11     P1        23.91      53.02     0.00    10.00       none     630.15    0.0000    0.00%  100.00%
    [77]  R11     P2        25.14      54.24     0.00    10.00       none     642.39    0.0000    0.00%  100.00%
    [78]  R11     P3        25.20      54.30     0.00    10.00       none     643.00    0.0000    0.00%  100.00%
    [79]  R11     P4        26.65      55.75     0.00    10.00       none     657.50    0.0000    0.00%  100.00%
    draw=0.2268  →  (R1, P5) (rank 0) selected

  Assignment: R1 → P5  [0.00 → 18.30]  delay=0.00
    J1-1       [0.00 → 9.64]
    J1-2       [9.64 → 18.30]

  Assigned so far:
    ID      Pos       start    finish    delay
    ----------------------------------------
    R12     P1         8.13     13.91     0.00
    R7      P2         1.21     15.14     0.00
    R2      P3         0.00     15.20     0.00
    R4      P4         0.00     16.65     0.00
    R1      P5         0.00     18.30     0.00

========================================================================
  STEP 6/20
========================================================================

  Pair evaluation  (75 pairs):
    Rank   ID      Pos     t_start   t_finish    delay      gap   blocking      score    weight     P(%)   cum(%)
    ---------------------------------------------------------------------------------------------------------
    [ 0]  R16     P1        23.91      30.54     0.00    10.00       none     405.45    1.0000   70.00%   70.00%
    [ 1]  R16     P2        25.14      31.77     0.00    10.00       none     417.69    0.3000   21.00%   91.00%
    [ 2]  R16     P3        25.20      31.83     0.00    10.00       none     418.30    0.0900    6.30%   97.30%
    [ 3]  R18     P1        23.91      31.98     0.00    10.00       none     419.85    0.0270    1.89%   99.19%
    [ 4]  R18     P2        25.14      33.21     0.00    10.00       none     432.09    0.0081    0.57%   99.76%
    [ 5]  R18     P3        25.20      33.27     0.00    10.00       none     432.70    0.0024    0.17%   99.93%
    [ 6]  R16     P4        26.65      33.28     0.00    10.00       none     432.80    0.0007    0.05%   99.98%
    [ 7]  R20     P1        23.91      33.70     0.00    10.00       none     436.95    0.0002    0.02%   99.99%
    [ 8]  R19     P1        24.49      33.68     0.00    10.58       none     442.61    0.0001    0.00%  100.00%
    [ 9]  R19     P2        25.14      34.33     0.00    10.00       none     443.29    0.0000    0.00%  100.00%
    [10]  R19     P3        25.20      34.39     0.00    10.00       none     443.90    0.0000    0.00%  100.00%
    [11]  R18     P4        26.65      34.72     0.00    10.00       none     447.20    0.0000    0.00%  100.00%
    [12]  R20     P2        25.14      34.92     0.00    10.00       none     449.19    0.0000    0.00%  100.00%
    [13]  R20     P3        25.20      34.98     0.00    10.00       none     449.80    0.0000    0.00%  100.00%
    [14]  R10     P1        23.91      35.78     0.00    10.00       none     457.85    0.0000    0.00%  100.00%
    [15]  R19     P4        26.65      35.84     0.00    10.00       none     458.40    0.0000    0.00%  100.00%
    [16]  R18     P5        28.30      36.37     0.00    10.00       none     463.70    0.0000    0.00%  100.00%
    [17]  R20     P4        26.65      36.43     0.00    10.00       none     464.30    0.0000    0.00%  100.00%
    [18]  R9      P1        23.91      36.50     0.00    10.00       none     465.05    0.0000    0.00%  100.00%
    [19]  R10     P2        25.14      37.01     0.00    10.00       none     470.09    0.0000    0.00%  100.00%
    [20]  R10     P3        25.20      37.07     0.00    10.00       none     470.70    0.0000    0.00%  100.00%
    [21]  R19     P5        28.30      37.49     0.00    10.00       none     474.90    0.0000    0.00%  100.00%
    [22]  R15     P1        23.91      37.69     0.00    10.00       none     476.85    0.0000    0.00%  100.00%
    [23]  R9      P2        25.14      37.73     0.00    10.00       none     477.29    0.0000    0.00%  100.00%
    [24]  R9      P3        25.20      37.79     0.00    10.00       none     477.90    0.0000    0.00%  100.00%
    [25]  R20     P5        28.30      38.08     0.00    10.00       none     480.80    0.0000    0.00%  100.00%
    [26]  R10     P4        26.65      38.52     0.00    10.00       none     485.20    0.0000    0.00%  100.00%
    [27]  R15     P2        25.14      38.91     0.00    10.00       none     489.09    0.0000    0.00%  100.00%
    [28]  R15     P3        25.20      38.97     0.00    10.00       none     489.70    0.0000    0.00%  100.00%
    [29]  R9      P4        26.65      39.24     0.00    10.00       none     492.40    0.0000    0.00%  100.00%
    [30]  R8      P1        23.91      39.38     0.00    10.00       none     493.85    0.0000    0.00%  100.00%
    [31]  R10     P5        28.30      40.17     0.00    10.00       none     501.70    0.0000    0.00%  100.00%
    [32]  R15     P4        26.65      40.42     0.00    10.00       none     504.20    0.0000    0.00%  100.00%
    [33]  R8      P2        25.14      40.61     0.00    10.00       none     506.09    0.0000    0.00%  100.00%
    [34]  R8      P3        25.20      40.67     0.00    10.00       none     506.70    0.0000    0.00%  100.00%
    [35]  R9      P5        28.30      40.89     0.00    10.00       none     508.90    0.0000    0.00%  100.00%
    [36]  R6      P1        23.91      41.20     0.00    10.00       none     511.95    0.0000    0.00%  100.00%
    [37]  R15     P5        28.30      42.07     0.00    10.00       none     520.70    0.0000    0.00%  100.00%
    [38]  R8      P4        26.65      42.12     0.00    10.00       none     521.20    0.0000    0.00%  100.00%
    [39]  R6      P2        25.14      42.42     0.00    10.00       none     524.19    0.0000    0.00%  100.00%
    [40]  R6      P3        25.20      42.48     0.00    10.00       none     524.80    0.0000    0.00%  100.00%
    [41]  R8      P5        28.30      43.77     0.00    10.00       none     537.70    0.0000    0.00%  100.00%
    [42]  R6      P4        26.65      43.93     0.00    10.00       none     539.30    0.0000    0.00%  100.00%
    [43]  R14     P1        23.91      44.91     0.00    10.00       none     549.15    0.0000    0.00%  100.00%
    [44]  R5      P1        23.91      45.16     0.00    10.00       none     551.55    0.0000    0.00%  100.00%
    [45]  R13     P1        23.91      45.30     0.00    10.00       none     552.95    0.0000    0.00%  100.00%
    [46]  R6      P5        28.30      45.58     0.00    10.00       none     555.80    0.0000    0.00%  100.00%
    [47]  R17     P1        23.91      46.02     0.00    10.00       none     560.15    0.0000    0.00%  100.00%
    [48]  R14     P2        25.14      46.14     0.00    10.00       none     561.39    0.0000    0.00%  100.00%
    [49]  R14     P3        25.20      46.20     0.00    10.00       none     562.00    0.0000    0.00%  100.00%
    [50]  R5      P2        25.14      46.38     0.00    10.00       none     563.79    0.0000    0.00%  100.00%
    [51]  R5      P3        25.20      46.44     0.00    10.00       none     564.40    0.0000    0.00%  100.00%
    [52]  R13     P2        25.14      46.52     0.00    10.00       none     565.19    0.0000    0.00%  100.00%
    [53]  R13     P3        25.20      46.58     0.00    10.00       none     565.80    0.0000    0.00%  100.00%
    [54]  R17     P2        25.14      47.24     0.00    10.00       none     572.39    0.0000    0.00%  100.00%
    [55]  R17     P3        25.20      47.30     0.00    10.00       none     573.00    0.0000    0.00%  100.00%
    [56]  R14     P4        26.65      47.65     0.00    10.00       none     576.50    0.0000    0.00%  100.00%
    [57]  R5      P4        26.65      47.89     0.00    10.00       none     578.90    0.0000    0.00%  100.00%
    [58]  R13     P4        26.65      48.03     0.00    10.00       none     580.30    0.0000    0.00%  100.00%
    [59]  R16     P5        28.30      34.93     1.34    10.00       none     583.30    0.0000    0.00%  100.00%
    [60]  R3      P1        23.91      48.73     0.00    10.00       none     587.35    0.0000    0.00%  100.00%
    [61]  R17     P4        26.65      48.75     0.00    10.00       none     587.50    0.0000    0.00%  100.00%
    [62]  R14     P5        28.30      49.30     0.00    10.00       none     593.00    0.0000    0.00%  100.00%
    [63]  R5      P5        28.30      49.54     0.00    10.00       none     595.40    0.0000    0.00%  100.00%
    [64]  R13     P5        28.30      49.68     0.00    10.00       none     596.80    0.0000    0.00%  100.00%
    [65]  R3      P2        25.14      49.96     0.00    10.00       none     599.59    0.0000    0.00%  100.00%
    [66]  R3      P3        25.20      50.02     0.00    10.00       none     600.20    0.0000    0.00%  100.00%
    [67]  R17     P5        28.30      50.40     0.00    10.00       none     604.00    0.0000    0.00%  100.00%
    [68]  R3      P4        26.65      51.47     0.00    10.00       none     614.70    0.0000    0.00%  100.00%
    [69]  R11     P1        23.91      53.02     0.00    10.00       none     630.15    0.0000    0.00%  100.00%
    [70]  R3      P5        28.30      53.12     0.00    10.00       none     631.20    0.0000    0.00%  100.00%
    [71]  R11     P2        25.14      54.24     0.00    10.00       none     642.39    0.0000    0.00%  100.00%
    [72]  R11     P3        25.20      54.30     0.00    10.00       none     643.00    0.0000    0.00%  100.00%
    [73]  R11     P4        26.65      55.75     0.00    10.00       none     657.50    0.0000    0.00%  100.00%
    [74]  R11     P5        28.30      57.40     0.00    10.00       none     674.00    0.0000    0.00%  100.00%
    draw=0.2892  →  (R16, P1) (rank 0) selected

  Assignment: R16 → P1  [23.91 → 30.54]  delay=0.00
    J16-1      [23.91 → 30.55]

  Assigned so far:
    ID      Pos       start    finish    delay
    ----------------------------------------
    R12     P1         8.13     13.91     0.00
    R7      P2         1.21     15.14     0.00
    R2      P3         0.00     15.20     0.00
    R4      P4         0.00     16.65     0.00
    R1      P5         0.00     18.30     0.00
    R16     P1        23.91     30.55     0.00

========================================================================
  STEP 7/20
========================================================================

  Pair evaluation  (70 pairs):
    Rank   ID      Pos     t_start   t_finish    delay      gap   blocking      score    weight     P(%)   cum(%)
    ---------------------------------------------------------------------------------------------------------
    [ 0]  R18     P2        25.14      33.21     0.00    10.00       none     432.09    1.0000   70.00%   70.00%
    [ 1]  R18     P3        25.20      33.27     0.00    10.00       none     432.70    0.3000   21.00%   91.00%
    [ 2]  R19     P2        25.14      34.33     0.00    10.00       none     443.29    0.0900    6.30%   97.30%
    [ 3]  R19     P3        25.20      34.39     0.00    10.00       none     443.90    0.0270    1.89%   99.19%
    [ 4]  R18     P4        26.65      34.72     0.00    10.00       none     447.20    0.0081    0.57%   99.76%
    [ 5]  R20     P2        25.14      34.92     0.00    10.00       none     449.19    0.0024    0.17%   99.93%
    [ 6]  R20     P3        25.20      34.98     0.00    10.00       none     449.80    0.0007    0.05%   99.98%
    [ 7]  R19     P4        26.65      35.84     0.00    10.00       none     458.40    0.0002    0.02%   99.99%
    [ 8]  R18     P5        28.30      36.37     0.00    10.00       none     463.70    0.0001    0.00%  100.00%
    [ 9]  R20     P4        26.65      36.43     0.00    10.00       none     464.30    0.0000    0.00%  100.00%
    [10]  R10     P2        25.14      37.01     0.00    10.00       none     470.09    0.0000    0.00%  100.00%
    [11]  R10     P3        25.20      37.07     0.00    10.00       none     470.70    0.0000    0.00%  100.00%
    [12]  R19     P5        28.30      37.49     0.00    10.00       none     474.90    0.0000    0.00%  100.00%
    [13]  R9      P2        25.14      37.73     0.00    10.00       none     477.29    0.0000    0.00%  100.00%
    [14]  R9      P3        25.20      37.79     0.00    10.00       none     477.90    0.0000    0.00%  100.00%
    [15]  R20     P5        28.30      38.08     0.00    10.00       none     480.80    0.0000    0.00%  100.00%
    [16]  R10     P4        26.65      38.52     0.00    10.00       none     485.20    0.0000    0.00%  100.00%
    [17]  R15     P2        25.14      38.91     0.00    10.00       none     489.09    0.0000    0.00%  100.00%
    [18]  R15     P3        25.20      38.97     0.00    10.00       none     489.70    0.0000    0.00%  100.00%
    [19]  R9      P4        26.65      39.24     0.00    10.00       none     492.40    0.0000    0.00%  100.00%
    [20]  R10     P5        28.30      40.17     0.00    10.00       none     501.70    0.0000    0.00%  100.00%
    [21]  R15     P4        26.65      40.42     0.00    10.00       none     504.20    0.0000    0.00%  100.00%
    [22]  R8      P2        25.14      40.61     0.00    10.00       none     506.09    0.0000    0.00%  100.00%
    [23]  R8      P3        25.20      40.67     0.00    10.00       none     506.70    0.0000    0.00%  100.00%
    [24]  R9      P5        28.30      40.89     0.00    10.00       none     508.90    0.0000    0.00%  100.00%
    [25]  R15     P5        28.30      42.07     0.00    10.00       none     520.70    0.0000    0.00%  100.00%
    [26]  R8      P4        26.65      42.12     0.00    10.00       none     521.20    0.0000    0.00%  100.00%
    [27]  R6      P2        25.14      42.42     0.00    10.00       none     524.19    0.0000    0.00%  100.00%
    [28]  R6      P3        25.20      42.48     0.00    10.00       none     524.80    0.0000    0.00%  100.00%
    [29]  R8      P5        28.30      43.77     0.00    10.00       none     537.70    0.0000    0.00%  100.00%
    [30]  R6      P4        26.65      43.93     0.00    10.00       none     539.30    0.0000    0.00%  100.00%
    [31]  R6      P5        28.30      45.58     0.00    10.00       none     555.80    0.0000    0.00%  100.00%
    [32]  R14     P2        25.14      46.14     0.00    10.00       none     561.39    0.0000    0.00%  100.00%
    [33]  R14     P3        25.20      46.20     0.00    10.00       none     562.00    0.0000    0.00%  100.00%
    [34]  R5      P2        25.14      46.38     0.00    10.00       none     563.79    0.0000    0.00%  100.00%
    [35]  R5      P3        25.20      46.44     0.00    10.00       none     564.40    0.0000    0.00%  100.00%
    [36]  R13     P2        25.14      46.52     0.00    10.00       none     565.19    0.0000    0.00%  100.00%
    [37]  R13     P3        25.20      46.58     0.00    10.00       none     565.80    0.0000    0.00%  100.00%
    [38]  R17     P2        25.14      47.24     0.00    10.00       none     572.39    0.0000    0.00%  100.00%
    [39]  R17     P3        25.20      47.30     0.00    10.00       none     573.00    0.0000    0.00%  100.00%
    [40]  R14     P4        26.65      47.65     0.00    10.00       none     576.50    0.0000    0.00%  100.00%
    [41]  R5      P4        26.65      47.89     0.00    10.00       none     578.90    0.0000    0.00%  100.00%
    [42]  R13     P4        26.65      48.03     0.00    10.00       none     580.30    0.0000    0.00%  100.00%
    [43]  R17     P4        26.65      48.75     0.00    10.00       none     587.50    0.0000    0.00%  100.00%
    [44]  R14     P5        28.30      49.30     0.00    10.00       none     593.00    0.0000    0.00%  100.00%
    [45]  R5      P5        28.30      49.54     0.00    10.00       none     595.40    0.0000    0.00%  100.00%
    [46]  R13     P5        28.30      49.68     0.00    10.00       none     596.80    0.0000    0.00%  100.00%
    [47]  R3      P2        25.14      49.96     0.00    10.00       none     599.59    0.0000    0.00%  100.00%
    [48]  R3      P3        25.20      50.02     0.00    10.00       none     600.20    0.0000    0.00%  100.00%
    [49]  R17     P5        28.30      50.40     0.00    10.00       none     604.00    0.0000    0.00%  100.00%
    [50]  R3      P4        26.65      51.47     0.00    10.00       none     614.70    0.0000    0.00%  100.00%
    [51]  R10     P1        40.55      52.42     0.00    10.00       none     624.15    0.0000    0.00%  100.00%
    [52]  R3      P5        28.30      53.12     0.00    10.00       none     631.20    0.0000    0.00%  100.00%
    [53]  R11     P2        25.14      54.24     0.00    10.00       none     642.39    0.0000    0.00%  100.00%
    [54]  R11     P3        25.20      54.30     0.00    10.00       none     643.00    0.0000    0.00%  100.00%
    [55]  R15     P1        40.55      54.31     0.00    10.00       none     643.15    0.0000    0.00%  100.00%
    [56]  R11     P4        26.65      55.75     0.00    10.00       none     657.50    0.0000    0.00%  100.00%
    [57]  R9      P1        40.55      53.14     0.37    10.00       none     668.65    0.0000    0.00%  100.00%
    [58]  R11     P5        28.30      57.40     0.00    10.00       none     674.00    0.0000    0.00%  100.00%
    [59]  R14     P1        40.55      61.55     0.00    10.00       none     715.45    0.0000    0.00%  100.00%
    [60]  R5      P1        40.55      61.79     0.00    10.00       none     717.85    0.0000    0.00%  100.00%
    [61]  R17     P1        40.55      62.65     0.00    10.00       none     726.45    0.0000    0.00%  100.00%
    [62]  R3      P1        40.55      65.37     0.00    10.00       none     753.65    0.0000    0.00%  100.00%
    [63]  R8      P1        40.55      56.02     1.00    10.00       none     760.15    0.0000    0.00%  100.00%
    [64]  R11     P1        40.55      69.65     0.00    10.00       none     796.45    0.0000    0.00%  100.00%
    [65]  R13     P1        40.55      61.92     2.99    10.00       none    1018.45    0.0000    0.00%  100.00%
    [66]  R19     P1        40.55      49.73     9.13    10.00       none    1510.25    0.0000    0.00%  100.00%
    [67]  R20     P1        40.55      50.33     9.30    10.00       none    1533.15    0.0000    0.00%  100.00%
    [68]  R6      P1        40.55      57.83     8.98    10.00       none    1576.55    0.0000    0.00%  100.00%
    [69]  R18     P1        40.55      48.62    11.95    10.00       none    1780.85    0.0000    0.00%  100.00%
    draw=0.5578  →  (R18, P2) (rank 0) selected

  Assignment: R18 → P2  [25.14 → 33.21]  delay=0.00
    J18-1      [25.14 → 33.21]

  Assigned so far:
    ID      Pos       start    finish    delay
    ----------------------------------------
    R12     P1         8.13     13.91     0.00
    R7      P2         1.21     15.14     0.00
    R2      P3         0.00     15.20     0.00
    R4      P4         0.00     16.65     0.00
    R1      P5         0.00     18.30     0.00
    R16     P1        23.91     30.55     0.00
    R18     P2        25.14     33.21     0.00

========================================================================
  STEP 8/20
========================================================================

  Pair evaluation  (65 pairs):
    Rank   ID      Pos     t_start   t_finish    delay      gap   blocking      score    weight     P(%)   cum(%)
    ---------------------------------------------------------------------------------------------------------
    [ 0]  R19     P3        25.20      34.39     0.00    10.00       none     443.90    1.0000   70.00%   70.00%
    [ 1]  R20     P3        25.20      34.98     0.00    10.00       none     449.80    0.3000   21.00%   91.00%
    [ 2]  R19     P4        26.65      35.84     0.00    10.00       none     458.40    0.0900    6.30%   97.30%
    [ 3]  R20     P4        26.65      36.43     0.00    10.00       none     464.30    0.0270    1.89%   99.19%
    [ 4]  R10     P3        25.20      37.07     0.00    10.00       none     470.70    0.0081    0.57%   99.76%
    [ 5]  R19     P5        28.30      37.49     0.00    10.00       none     474.90    0.0024    0.17%   99.93%
    [ 6]  R9      P3        25.20      37.79     0.00    10.00       none     477.90    0.0007    0.05%   99.98%
    [ 7]  R20     P5        28.30      38.08     0.00    10.00       none     480.80    0.0002    0.02%   99.99%
    [ 8]  R10     P4        26.65      38.52     0.00    10.00       none     485.20    0.0001    0.00%  100.00%
    [ 9]  R15     P3        25.20      38.97     0.00    10.00       none     489.70    0.0000    0.00%  100.00%
    [10]  R9      P4        26.65      39.24     0.00    10.00       none     492.40    0.0000    0.00%  100.00%
    [11]  R10     P5        28.30      40.17     0.00    10.00       none     501.70    0.0000    0.00%  100.00%
    [12]  R15     P4        26.65      40.42     0.00    10.00       none     504.20    0.0000    0.00%  100.00%
    [13]  R8      P3        25.20      40.67     0.00    10.00       none     506.70    0.0000    0.00%  100.00%
    [14]  R9      P5        28.30      40.89     0.00    10.00       none     508.90    0.0000    0.00%  100.00%
    [15]  R15     P5        28.30      42.07     0.00    10.00       none     520.70    0.0000    0.00%  100.00%
    [16]  R8      P4        26.65      42.12     0.00    10.00       none     521.20    0.0000    0.00%  100.00%
    [17]  R6      P3        25.20      42.48     0.00    10.00       none     524.80    0.0000    0.00%  100.00%
    [18]  R8      P5        28.30      43.77     0.00    10.00       none     537.70    0.0000    0.00%  100.00%
    [19]  R6      P4        26.65      43.93     0.00    10.00       none     539.30    0.0000    0.00%  100.00%
    [20]  R6      P5        28.30      45.58     0.00    10.00       none     555.80    0.0000    0.00%  100.00%
    [21]  R14     P3        25.20      46.20     0.00    10.00       none     562.00    0.0000    0.00%  100.00%
    [22]  R5      P3        25.20      46.44     0.00    10.00       none     564.40    0.0000    0.00%  100.00%
    [23]  R13     P3        25.20      46.58     0.00    10.00       none     565.80    0.0000    0.00%  100.00%
    [24]  R17     P3        25.20      47.30     0.00    10.00       none     573.00    0.0000    0.00%  100.00%
    [25]  R14     P4        26.65      47.65     0.00    10.00       none     576.50    0.0000    0.00%  100.00%
    [26]  R5      P4        26.65      47.89     0.00    10.00       none     578.90    0.0000    0.00%  100.00%
    [27]  R13     P4        26.65      48.03     0.00    10.00       none     580.30    0.0000    0.00%  100.00%
    [28]  R17     P4        26.65      48.75     0.00    10.00       none     587.50    0.0000    0.00%  100.00%
    [29]  R14     P5        28.30      49.30     0.00    10.00       none     593.00    0.0000    0.00%  100.00%
    [30]  R5      P5        28.30      49.54     0.00    10.00       none     595.40    0.0000    0.00%  100.00%
    [31]  R13     P5        28.30      49.68     0.00    10.00       none     596.80    0.0000    0.00%  100.00%
    [32]  R3      P3        25.20      50.02     0.00    10.00       none     600.20    0.0000    0.00%  100.00%
    [33]  R17     P5        28.30      50.40     0.00    10.00       none     604.00    0.0000    0.00%  100.00%
    [34]  R3      P4        26.65      51.47     0.00    10.00       none     614.70    0.0000    0.00%  100.00%
    [35]  R10     P1        40.55      52.42     0.00    10.00       none     624.15    0.0000    0.00%  100.00%
    [36]  R3      P5        28.30      53.12     0.00    10.00       none     631.20    0.0000    0.00%  100.00%
    [37]  R11     P3        25.20      54.30     0.00    10.00       none     643.00    0.0000    0.00%  100.00%
    [38]  R15     P1        40.55      54.31     0.00    10.00       none     643.15    0.0000    0.00%  100.00%
    [39]  R10     P2        43.21      55.08     0.00    10.00       none     650.79    0.0000    0.00%  100.00%
    [40]  R11     P4        26.65      55.75     0.00    10.00       none     657.50    0.0000    0.00%  100.00%
    [41]  R9      P1        40.55      53.14     0.37    10.00       none     668.65    0.0000    0.00%  100.00%
    [42]  R15     P2        43.21      56.98     0.00    10.00       none     669.79    0.0000    0.00%  100.00%
    [43]  R11     P5        28.30      57.40     0.00    10.00       none     674.00    0.0000    0.00%  100.00%
    [44]  R14     P1        40.55      61.55     0.00    10.00       none     715.45    0.0000    0.00%  100.00%
    [45]  R5      P1        40.55      61.79     0.00    10.00       none     717.85    0.0000    0.00%  100.00%
    [46]  R17     P1        40.55      62.65     0.00    10.00       none     726.45    0.0000    0.00%  100.00%
    [47]  R14     P2        43.21      64.21     0.00    10.00       none     742.09    0.0000    0.00%  100.00%
    [48]  R5      P2        43.21      64.45     0.00    10.00       none     744.49    0.0000    0.00%  100.00%
    [49]  R17     P2        43.21      65.31     0.00    10.00       none     753.09    0.0000    0.00%  100.00%
    [50]  R3      P1        40.55      65.37     0.00    10.00       none     753.65    0.0000    0.00%  100.00%
    [51]  R8      P1        40.55      56.02     1.00    10.00       none     760.15    0.0000    0.00%  100.00%
    [52]  R3      P2        43.21      68.03     0.00    10.00       none     780.29    0.0000    0.00%  100.00%
    [53]  R11     P1        40.55      69.65     0.00    10.00       none     796.45    0.0000    0.00%  100.00%
    [54]  R11     P2        43.21      72.31     0.00    10.00       none     823.09    0.0000    0.00%  100.00%
    [55]  R9      P2        43.21      55.80     3.04    10.00       none     961.69    0.0000    0.00%  100.00%
    [56]  R13     P1        40.55      61.92     2.99    10.00       none    1018.45    0.0000    0.00%  100.00%
    [57]  R8      P2        43.21      58.68     3.66    10.00       none    1053.19    0.0000    0.00%  100.00%
    [58]  R13     P2        43.21      64.59     5.66    10.00       none    1311.49    0.0000    0.00%  100.00%
    [59]  R19     P1        40.55      49.73     9.13    10.00       none    1510.25    0.0000    0.00%  100.00%
    [60]  R20     P1        40.55      50.33     9.30    10.00       none    1533.15    0.0000    0.00%  100.00%
    [61]  R6      P1        40.55      57.83     8.98    10.00       none    1576.55    0.0000    0.00%  100.00%
    [62]  R19     P2        43.21      52.40    11.79    10.00       none    1803.29    0.0000    0.00%  100.00%
    [63]  R20     P2        43.21      52.99    11.96    10.00       none    1826.19    0.0000    0.00%  100.00%
    [64]  R6      P2        43.21      60.49    11.65    10.00       none    1869.59    0.0000    0.00%  100.00%
    draw=1.2146  →  (R20, P3) (rank 1) selected

  Assignment: R20 → P3  [25.20 → 34.98]  delay=0.00
    J20-1      [25.20 → 34.98]

  Assigned so far:
    ID      Pos       start    finish    delay
    ----------------------------------------
    R12     P1         8.13     13.91     0.00
    R7      P2         1.21     15.14     0.00
    R2      P3         0.00     15.20     0.00
    R4      P4         0.00     16.65     0.00
    R1      P5         0.00     18.30     0.00
    R16     P1        23.91     30.55     0.00
    R18     P2        25.14     33.21     0.00
    R20     P3        25.20     34.98     0.00

========================================================================
  STEP 9/20
========================================================================

  Pair evaluation  (60 pairs):
    Rank   ID      Pos     t_start   t_finish    delay      gap   blocking      score    weight     P(%)   cum(%)
    ---------------------------------------------------------------------------------------------------------
    [ 0]  R19     P4        26.65      35.84     0.00    10.00      2 mov     462.40    1.0000   70.00%   70.00%
    [ 1]  R19     P5        28.30      37.49     0.00    10.00      2 mov     478.90    0.3000   21.00%   91.00%
    [ 2]  R10     P4        26.65      38.52     0.00    10.00      2 mov     489.20    0.0900    6.30%   97.30%
    [ 3]  R9      P4        26.65      39.24     0.00    10.00      2 mov     496.40    0.0270    1.89%   99.19%
    [ 4]  R10     P5        28.30      40.17     0.00    10.00      2 mov     505.70    0.0081    0.57%   99.76%
    [ 5]  R15     P4        26.65      40.42     0.00    10.00      2 mov     508.20    0.0024    0.17%   99.93%
    [ 6]  R9      P5        28.30      40.89     0.00    10.00      2 mov     512.90    0.0007    0.05%   99.98%
    [ 7]  R15     P5        28.30      42.07     0.00    10.00      2 mov     524.70    0.0002    0.02%   99.99%
    [ 8]  R8      P4        26.65      42.12     0.00    10.00      2 mov     525.20    0.0001    0.00%  100.00%
    [ 9]  R8      P5        28.30      43.77     0.00    10.00      2 mov     541.70    0.0000    0.00%  100.00%
    [10]  R6      P4        26.65      43.93     0.00    10.00      2 mov     543.30    0.0000    0.00%  100.00%
    [11]  R6      P5        28.30      45.58     0.00    10.00      2 mov     559.80    0.0000    0.00%  100.00%
    [12]  R14     P4        26.65      47.65     0.00    10.00      2 mov     580.50    0.0000    0.00%  100.00%
    [13]  R5      P4        26.65      47.89     0.00    10.00      2 mov     582.90    0.0000    0.00%  100.00%
    [14]  R13     P4        26.65      48.03     0.00    10.00      2 mov     584.30    0.0000    0.00%  100.00%
    [15]  R17     P4        26.65      48.75     0.00    10.00      2 mov     591.50    0.0000    0.00%  100.00%
    [16]  R14     P5        28.30      49.30     0.00    10.00      2 mov     597.00    0.0000    0.00%  100.00%
    [17]  R5      P5        28.30      49.54     0.00    10.00      2 mov     599.40    0.0000    0.00%  100.00%
    [18]  R13     P5        28.30      49.68     0.00    10.00      2 mov     600.80    0.0000    0.00%  100.00%
    [19]  R17     P5        28.30      50.40     0.00    10.00      2 mov     608.00    0.0000    0.00%  100.00%
    [20]  R3      P4        26.65      51.47     0.00    10.00      2 mov     618.70    0.0000    0.00%  100.00%
    [21]  R10     P1        40.55      52.42     0.00    10.00       none     624.15    0.0000    0.00%  100.00%
    [22]  R3      P5        28.30      53.12     0.00    10.00      2 mov     635.20    0.0000    0.00%  100.00%
    [23]  R15     P1        40.55      54.31     0.00    10.00       none     643.15    0.0000    0.00%  100.00%
    [24]  R10     P2        43.21      55.08     0.00    10.00       none     650.79    0.0000    0.00%  100.00%
    [25]  R11     P4        26.65      55.75     0.00    10.00      2 mov     661.50    0.0000    0.00%  100.00%
    [26]  R10     P3        44.98      56.85     0.00    10.00       none     668.50    0.0000    0.00%  100.00%
    [27]  R9      P1        40.55      53.14     0.37    10.00       none     668.65    0.0000    0.00%  100.00%
    [28]  R15     P2        43.21      56.98     0.00    10.00       none     669.79    0.0000    0.00%  100.00%
    [29]  R11     P5        28.30      57.40     0.00    10.00      2 mov     678.00    0.0000    0.00%  100.00%
    [30]  R15     P3        44.98      58.75     0.00    10.00       none     687.50    0.0000    0.00%  100.00%
    [31]  R14     P1        40.55      61.55     0.00    10.00       none     715.45    0.0000    0.00%  100.00%
    [32]  R5      P1        40.55      61.79     0.00    10.00       none     717.85    0.0000    0.00%  100.00%
    [33]  R17     P1        40.55      62.65     0.00    10.00       none     726.45    0.0000    0.00%  100.00%
    [34]  R14     P2        43.21      64.21     0.00    10.00       none     742.09    0.0000    0.00%  100.00%
    [35]  R5      P2        43.21      64.45     0.00    10.00       none     744.49    0.0000    0.00%  100.00%
    [36]  R17     P2        43.21      65.31     0.00    10.00       none     753.09    0.0000    0.00%  100.00%
    [37]  R3      P1        40.55      65.37     0.00    10.00       none     753.65    0.0000    0.00%  100.00%
    [38]  R8      P1        40.55      56.02     1.00    10.00       none     760.15    0.0000    0.00%  100.00%
    [39]  R5      P3        44.98      66.22     0.00    10.00       none     762.20    0.0000    0.00%  100.00%
    [40]  R17     P3        44.98      67.08     0.00    10.00       none     770.80    0.0000    0.00%  100.00%
    [41]  R3      P2        43.21      68.03     0.00    10.00       none     780.29    0.0000    0.00%  100.00%
    [42]  R11     P1        40.55      69.65     0.00    10.00       none     796.45    0.0000    0.00%  100.00%
    [43]  R11     P2        43.21      72.31     0.00    10.00       none     823.09    0.0000    0.00%  100.00%
    [44]  R14     P3        44.98      65.98     0.70    10.00       none     830.20    0.0000    0.00%  100.00%
    [45]  R3      P3        44.98      69.80     0.79    10.00       none     876.80    0.0000    0.00%  100.00%
    [46]  R11     P3        44.98      74.08     1.09    10.00       none     950.10    0.0000    0.00%  100.00%
    [47]  R9      P2        43.21      55.80     3.04    10.00       none     961.69    0.0000    0.00%  100.00%
    [48]  R13     P1        40.55      61.92     2.99    10.00       none    1018.45    0.0000    0.00%  100.00%
    [49]  R8      P2        43.21      58.68     3.66    10.00       none    1053.19    0.0000    0.00%  100.00%
    [50]  R9      P3        44.98      57.57     4.81    10.00       none    1156.50    0.0000    0.00%  100.00%
    [51]  R8      P3        44.98      60.45     5.43    10.00       none    1248.00    0.0000    0.00%  100.00%
    [52]  R13     P2        43.21      64.59     5.66    10.00       none    1311.49    0.0000    0.00%  100.00%
    [53]  R13     P3        44.98      66.36     7.43    10.00       none    1506.30    0.0000    0.00%  100.00%
    [54]  R19     P1        40.55      49.73     9.13    10.00       none    1510.25    0.0000    0.00%  100.00%
    [55]  R6      P1        40.55      57.83     8.98    10.00       none    1576.55    0.0000    0.00%  100.00%
    [56]  R19     P2        43.21      52.40    11.79    10.00       none    1803.29    0.0000    0.00%  100.00%
    [57]  R6      P2        43.21      60.49    11.65    10.00       none    1869.59    0.0000    0.00%  100.00%
    [58]  R19     P3        44.98      54.17    13.56    10.00       none    1998.10    0.0000    0.00%  100.00%
    [59]  R6      P3        44.98      62.26    13.42    10.00       none    2064.40    0.0000    0.00%  100.00%
    draw=0.3806  →  (R19, P4) (rank 0) selected
  start-time compare  R19 → P4:  t_imm=26.65 cost=362.40 (2 new movs)  vs  t_nob=34.98 cost=798.10

  Assignment: R19 → P4  [26.65 → 35.84]  delay=0.00
    J19-1      [26.65 → 35.84]

  Assigned so far:
    ID      Pos       start    finish    delay
    ----------------------------------------
    R12     P1         8.13     13.91     0.00
    R7      P2         1.21     15.14     0.00
    R2      P3         0.00     15.20     0.00
    R4      P4         0.00     16.65     0.00
    R1      P5         0.00     18.30     0.00
    R16     P1        23.91     30.55     0.00
    R18     P2        25.14     33.21     0.00
    R20     P3        25.20     34.98     0.00
    R19     P4        26.65     35.84     0.00

========================================================================
  STEP 10/20
========================================================================

  Pair evaluation  (55 pairs):
    Rank   ID      Pos     t_start   t_finish    delay      gap   blocking      score    weight     P(%)   cum(%)
    ---------------------------------------------------------------------------------------------------------
    [ 0]  R10     P5        28.30      40.17     0.00    10.00      6 mov     513.70    1.0000   70.00%   70.00%
    [ 1]  R9      P5        28.30      40.89     0.00    10.00      6 mov     520.90    0.3000   21.00%   91.00%
    [ 2]  R15     P5        28.30      42.07     0.00    10.00      6 mov     532.70    0.0900    6.30%   97.30%
    [ 3]  R8      P5        28.30      43.77     0.00    10.00      6 mov     549.70    0.0270    1.89%   99.19%
    [ 4]  R6      P5        28.30      45.58     0.00    10.00      6 mov     567.80    0.0081    0.57%   99.76%
    [ 5]  R14     P5        28.30      49.30     0.00    10.00      6 mov     605.00    0.0024    0.17%   99.93%
    [ 6]  R5      P5        28.30      49.54     0.00    10.00      6 mov     607.40    0.0007    0.05%   99.98%
    [ 7]  R13     P5        28.30      49.68     0.00    10.00      6 mov     608.80    0.0002    0.02%   99.99%
    [ 8]  R17     P5        28.30      50.40     0.00    10.00      6 mov     616.00    0.0001    0.00%  100.00%
    [ 9]  R10     P1        40.55      52.42     0.00    10.00      2 mov     628.15    0.0000    0.00%  100.00%
    [10]  R3      P5        28.30      53.12     0.00    10.00      6 mov     643.20    0.0000    0.00%  100.00%
    [11]  R15     P1        40.55      54.31     0.00    10.00      2 mov     647.15    0.0000    0.00%  100.00%
    [12]  R10     P2        43.21      55.08     0.00    10.00      2 mov     654.79    0.0000    0.00%  100.00%
    [13]  R10     P3        44.98      56.85     0.00    10.00      2 mov     672.50    0.0000    0.00%  100.00%
    [14]  R9      P1        40.55      53.14     0.37    10.00      2 mov     672.65    0.0000    0.00%  100.00%
    [15]  R15     P2        43.21      56.98     0.00    10.00      2 mov     673.79    0.0000    0.00%  100.00%
    [16]  R10     P4        45.84      57.71     0.00    10.00      2 mov     681.10    0.0000    0.00%  100.00%
    [17]  R11     P5        28.30      57.40     0.00    10.00      6 mov     686.00    0.0000    0.00%  100.00%
    [18]  R15     P3        44.98      58.75     0.00    10.00      2 mov     691.50    0.0000    0.00%  100.00%
    [19]  R15     P4        45.84      59.61     0.00    10.00      2 mov     700.10    0.0000    0.00%  100.00%
    [20]  R14     P1        40.55      61.55     0.00    10.00      2 mov     719.45    0.0000    0.00%  100.00%
    [21]  R5      P1        40.55      61.79     0.00    10.00      2 mov     721.85    0.0000    0.00%  100.00%
    [22]  R17     P1        40.55      62.65     0.00    10.00      2 mov     730.45    0.0000    0.00%  100.00%
    [23]  R14     P2        43.21      64.21     0.00    10.00      2 mov     746.09    0.0000    0.00%  100.00%
    [24]  R5      P2        43.21      64.45     0.00    10.00      2 mov     748.49    0.0000    0.00%  100.00%
    [25]  R17     P2        43.21      65.31     0.00    10.00      2 mov     757.09    0.0000    0.00%  100.00%
    [26]  R3      P1        40.55      65.37     0.00    10.00      2 mov     757.65    0.0000    0.00%  100.00%
    [27]  R8      P1        40.55      56.02     1.00    10.00      2 mov     764.15    0.0000    0.00%  100.00%
    [28]  R5      P3        44.98      66.22     0.00    10.00      2 mov     766.20    0.0000    0.00%  100.00%
    [29]  R17     P3        44.98      67.08     0.00    10.00      2 mov     774.80    0.0000    0.00%  100.00%
    [30]  R17     P4        45.84      67.94     0.00    10.00      2 mov     783.40    0.0000    0.00%  100.00%
    [31]  R3      P2        43.21      68.03     0.00    10.00      2 mov     784.29    0.0000    0.00%  100.00%
    [32]  R5      P4        45.84      67.08     0.14    10.00      2 mov     789.30    0.0000    0.00%  100.00%
    [33]  R11     P1        40.55      69.65     0.00    10.00      2 mov     800.45    0.0000    0.00%  100.00%
    [34]  R11     P2        43.21      72.31     0.00    10.00      2 mov     827.09    0.0000    0.00%  100.00%
    [35]  R14     P3        44.98      65.98     0.70    10.00      2 mov     834.20    0.0000    0.00%  100.00%
    [36]  R3      P3        44.98      69.80     0.79    10.00      2 mov     880.80    0.0000    0.00%  100.00%
    [37]  R14     P4        45.84      66.84     1.56    10.00      2 mov     928.80    0.0000    0.00%  100.00%
    [38]  R11     P3        44.98      74.08     1.09    10.00      2 mov     954.10    0.0000    0.00%  100.00%
    [39]  R9      P2        43.21      55.80     3.04    10.00      2 mov     965.69    0.0000    0.00%  100.00%
    [40]  R3      P4        45.84      70.66     1.65    10.00      2 mov     975.40    0.0000    0.00%  100.00%
    [41]  R13     P1        40.55      61.92     2.99    10.00      2 mov    1022.45    0.0000    0.00%  100.00%
    [42]  R11     P4        45.84      74.94     1.95    10.00      2 mov    1048.70    0.0000    0.00%  100.00%
    [43]  R8      P2        43.21      58.68     3.66    10.00      2 mov    1057.19    0.0000    0.00%  100.00%
    [44]  R9      P3        44.98      57.57     4.81    10.00      2 mov    1160.50    0.0000    0.00%  100.00%
    [45]  R8      P3        44.98      60.45     5.43    10.00      2 mov    1252.00    0.0000    0.00%  100.00%
    [46]  R9      P4        45.84      58.43     5.67    10.00      2 mov    1255.10    0.0000    0.00%  100.00%
    [47]  R13     P2        43.21      64.59     5.66    10.00      2 mov    1315.49    0.0000    0.00%  100.00%
    [48]  R8      P4        45.84      61.31     6.29    10.00      2 mov    1346.60    0.0000    0.00%  100.00%
    [49]  R13     P3        44.98      66.36     7.43    10.00      2 mov    1510.30    0.0000    0.00%  100.00%
    [50]  R6      P1        40.55      57.83     8.98    10.00      2 mov    1580.55    0.0000    0.00%  100.00%
    [51]  R13     P4        45.84      67.22     8.29    10.00      2 mov    1604.90    0.0000    0.00%  100.00%
    [52]  R6      P2        43.21      60.49    11.65    10.00      2 mov    1873.59    0.0000    0.00%  100.00%
    [53]  R6      P3        44.98      62.26    13.42    10.00      2 mov    2068.40    0.0000    0.00%  100.00%
    [54]  R6      P4        45.84      63.12    14.28    10.00      2 mov    2163.00    0.0000    0.00%  100.00%
    draw=0.2098  →  (R10, P5) (rank 0) selected
  start-time compare  R10 → P5:  t_imm=28.30 cost=409.70 (4 new movs)  vs  t_nob=35.84 cost=477.10

  Assignment: R10 → P5  [28.30 → 40.17]  delay=0.00
    J10-1      [28.30 → 32.52]
    J10-2      [32.52 → 40.17]

  Assigned so far:
    ID      Pos       start    finish    delay
    ----------------------------------------
    R12     P1         8.13     13.91     0.00
    R7      P2         1.21     15.14     0.00
    R2      P3         0.00     15.20     0.00
    R4      P4         0.00     16.65     0.00
    R1      P5         0.00     18.30     0.00
    R16     P1        23.91     30.55     0.00
    R18     P2        25.14     33.21     0.00
    R20     P3        25.20     34.98     0.00
    R19     P4        26.65     35.84     0.00
    R10     P5        28.30     40.17     0.00

========================================================================
  STEP 11/20
========================================================================

  Pair evaluation  (50 pairs):
    Rank   ID      Pos     t_start   t_finish    delay      gap   blocking      score    weight     P(%)   cum(%)
    ---------------------------------------------------------------------------------------------------------
    [ 0]  R15     P1        40.55      54.31     0.00    10.00      6 mov     655.15    1.0000   70.00%   70.00%
    [ 1]  R9      P1        40.55      53.14     0.37    10.00      6 mov     680.65    0.3000   21.00%   91.00%
    [ 2]  R15     P2        43.21      56.98     0.00    10.00      6 mov     681.79    0.0900    6.30%   97.30%
    [ 3]  R15     P3        44.98      58.75     0.00    10.00      6 mov     699.50    0.0270    1.89%   99.19%
    [ 4]  R15     P4        45.84      59.61     0.00    10.00      6 mov     708.10    0.0081    0.57%   99.76%
    [ 5]  R14     P1        40.55      61.55     0.00    10.00      6 mov     727.45    0.0024    0.17%   99.93%
    [ 6]  R5      P1        40.55      61.79     0.00    10.00      6 mov     729.85    0.0007    0.05%   99.98%
    [ 7]  R17     P1        40.55      62.65     0.00    10.00      6 mov     738.45    0.0002    0.02%   99.99%
    [ 8]  R14     P2        43.21      64.21     0.00    10.00      6 mov     754.09    0.0001    0.00%  100.00%
    [ 9]  R5      P2        43.21      64.45     0.00    10.00      6 mov     756.49    0.0000    0.00%  100.00%
    [10]  R17     P2        43.21      65.31     0.00    10.00      6 mov     765.09    0.0000    0.00%  100.00%
    [11]  R3      P1        40.55      65.37     0.00    10.00      6 mov     765.65    0.0000    0.00%  100.00%
    [12]  R8      P1        40.55      56.02     1.00    10.00      6 mov     772.15    0.0000    0.00%  100.00%
    [13]  R5      P3        44.98      66.22     0.00    10.00      6 mov     774.20    0.0000    0.00%  100.00%
    [14]  R17     P3        44.98      67.08     0.00    10.00      6 mov     782.80    0.0000    0.00%  100.00%
    [15]  R17     P4        45.84      67.94     0.00    10.00      6 mov     791.40    0.0000    0.00%  100.00%
    [16]  R3      P2        43.21      68.03     0.00    10.00      6 mov     792.29    0.0000    0.00%  100.00%
    [17]  R5      P4        45.84      67.08     0.14    10.00      6 mov     797.30    0.0000    0.00%  100.00%
    [18]  R11     P1        40.55      69.65     0.00    10.00      6 mov     808.45    0.0000    0.00%  100.00%
    [19]  R17     P5        50.17      72.27     0.00    10.00      6 mov     834.70    0.0000    0.00%  100.00%
    [20]  R11     P2        43.21      72.31     0.00    10.00      6 mov     835.09    0.0000    0.00%  100.00%
    [21]  R14     P3        44.98      65.98     0.70    10.00      6 mov     842.20    0.0000    0.00%  100.00%
    [22]  R3      P3        44.98      69.80     0.79    10.00      6 mov     888.80    0.0000    0.00%  100.00%
    [23]  R14     P4        45.84      66.84     1.56    10.00      6 mov     936.80    0.0000    0.00%  100.00%
    [24]  R11     P3        44.98      74.08     1.09    10.00      6 mov     962.10    0.0000    0.00%  100.00%
    [25]  R9      P2        43.21      55.80     3.04    10.00      6 mov     973.69    0.0000    0.00%  100.00%
    [26]  R3      P4        45.84      70.66     1.65    10.00      6 mov     983.40    0.0000    0.00%  100.00%
    [27]  R13     P1        40.55      61.92     2.99    10.00      6 mov    1030.45    0.0000    0.00%  100.00%
    [28]  R11     P4        45.84      74.94     1.95    10.00      6 mov    1056.70    0.0000    0.00%  100.00%
    [29]  R8      P2        43.21      58.68     3.66    10.00      6 mov    1065.19    0.0000    0.00%  100.00%
    [30]  R15     P5        50.17      63.94     3.34    10.00      6 mov    1085.20    0.0000    0.00%  100.00%
    [31]  R9      P3        44.98      57.57     4.81    10.00      6 mov    1168.50    0.0000    0.00%  100.00%
    [32]  R8      P3        44.98      60.45     5.43    10.00      6 mov    1260.00    0.0000    0.00%  100.00%
    [33]  R9      P4        45.84      58.43     5.67    10.00      6 mov    1263.10    0.0000    0.00%  100.00%
    [34]  R5      P5        50.17      71.41     4.47    10.00      6 mov    1273.60    0.0000    0.00%  100.00%
    [35]  R13     P2        43.21      64.59     5.66    10.00      6 mov    1323.49    0.0000    0.00%  100.00%
    [36]  R8      P4        45.84      61.31     6.29    10.00      6 mov    1354.60    0.0000    0.00%  100.00%
    [37]  R14     P5        50.17      71.17     5.89    10.00      6 mov    1413.10    0.0000    0.00%  100.00%
    [38]  R3      P5        50.17      74.99     5.98    10.00      6 mov    1459.70    0.0000    0.00%  100.00%
    [39]  R13     P3        44.98      66.36     7.43    10.00      6 mov    1518.30    0.0000    0.00%  100.00%
    [40]  R11     P5        50.17      79.27     6.28    10.00      6 mov    1533.00    0.0000    0.00%  100.00%
    [41]  R6      P1        40.55      57.83     8.98    10.00      6 mov    1588.55    0.0000    0.00%  100.00%
    [42]  R13     P4        45.84      67.22     8.29    10.00      6 mov    1612.90    0.0000    0.00%  100.00%
    [43]  R9      P5        50.17      62.76    10.00    10.00      6 mov    1739.40    0.0000    0.00%  100.00%
    [44]  R8      P5        50.17      65.64    10.62    10.00      6 mov    1830.90    0.0000    0.00%  100.00%
    [45]  R6      P2        43.21      60.49    11.65    10.00      6 mov    1881.59    0.0000    0.00%  100.00%
    [46]  R6      P3        44.98      62.26    13.42    10.00      6 mov    2076.40    0.0000    0.00%  100.00%
    [47]  R13     P5        50.17      71.55    12.62    10.00      6 mov    2089.20    0.0000    0.00%  100.00%
    [48]  R6      P4        45.84      63.12    14.28    10.00      6 mov    2171.00    0.0000    0.00%  100.00%
    [49]  R6      P5        50.17      67.45    18.61    10.00      6 mov    2647.30    0.0000    0.00%  100.00%
    draw=1.1985  →  (R9, P1) (rank 1) selected

  Assignment: R9 → P1  [40.55 → 53.13]  delay=0.37
    J9-1       [40.55 → 50.55]
    J9-2       [50.55 → 53.13]

  Assigned so far:
    ID      Pos       start    finish    delay
    ----------------------------------------
    R12     P1         8.13     13.91     0.00
    R7      P2         1.21     15.14     0.00
    R2      P3         0.00     15.20     0.00
    R4      P4         0.00     16.65     0.00
    R1      P5         0.00     18.30     0.00
    R16     P1        23.91     30.55     0.00
    R18     P2        25.14     33.21     0.00
    R20     P3        25.20     34.98     0.00
    R19     P4        26.65     35.84     0.00
    R10     P5        28.30     40.17     0.00
    R9      P1        40.55     53.13     0.37

========================================================================
  STEP 12/20
========================================================================

  Pair evaluation  (45 pairs):
    Rank   ID      Pos     t_start   t_finish    delay      gap   blocking      score    weight     P(%)   cum(%)
    ---------------------------------------------------------------------------------------------------------
    [ 0]  R15     P2        43.21      56.98     0.00    10.00      6 mov     681.79    1.0000   70.00%   70.00%
    [ 1]  R15     P3        44.98      58.75     0.00    10.00      6 mov     699.50    0.3000   21.00%   91.00%
    [ 2]  R15     P4        45.84      59.61     0.00    10.00      6 mov     708.10    0.0900    6.30%   97.30%
    [ 3]  R14     P2        43.21      64.21     0.00    10.00      6 mov     754.09    0.0270    1.89%   99.19%
    [ 4]  R5      P2        43.21      64.45     0.00    10.00      6 mov     756.49    0.0081    0.57%   99.76%
    [ 5]  R17     P2        43.21      65.31     0.00    10.00      6 mov     765.09    0.0024    0.17%   99.93%
    [ 6]  R5      P3        44.98      66.22     0.00    10.00      6 mov     774.20    0.0007    0.05%   99.98%
    [ 7]  R17     P3        44.98      67.08     0.00    10.00      6 mov     782.80    0.0002    0.02%   99.99%
    [ 8]  R17     P4        45.84      67.94     0.00    10.00      6 mov     791.40    0.0001    0.00%  100.00%
    [ 9]  R3      P2        43.21      68.03     0.00    10.00      6 mov     792.29    0.0000    0.00%  100.00%
    [10]  R5      P4        45.84      67.08     0.14    10.00      6 mov     797.30    0.0000    0.00%  100.00%
    [11]  R17     P5        50.17      72.27     0.00    10.00      6 mov     834.70    0.0000    0.00%  100.00%
    [12]  R11     P2        43.21      72.31     0.00    10.00      6 mov     835.09    0.0000    0.00%  100.00%
    [13]  R14     P3        44.98      65.98     0.70    10.00      6 mov     842.20    0.0000    0.00%  100.00%
    [14]  R3      P3        44.98      69.80     0.79    10.00      6 mov     888.80    0.0000    0.00%  100.00%
    [15]  R14     P4        45.84      66.84     1.56    10.00      6 mov     936.80    0.0000    0.00%  100.00%
    [16]  R11     P3        44.98      74.08     1.09    10.00      6 mov     962.10    0.0000    0.00%  100.00%
    [17]  R3      P4        45.84      70.66     1.65    10.00      6 mov     983.40    0.0000    0.00%  100.00%
    [18]  R11     P4        45.84      74.94     1.95    10.00      6 mov    1056.70    0.0000    0.00%  100.00%
    [19]  R8      P2        43.21      58.68     3.66    10.00      6 mov    1065.19    0.0000    0.00%  100.00%
    [20]  R15     P5        50.17      63.94     3.34    10.00      6 mov    1085.20    0.0000    0.00%  100.00%
    [21]  R8      P3        44.98      60.45     5.43    10.00      6 mov    1260.00    0.0000    0.00%  100.00%
    [22]  R5      P5        50.17      71.41     4.47    10.00      6 mov    1273.60    0.0000    0.00%  100.00%
    [23]  R13     P2        43.21      64.59     5.66    10.00      6 mov    1323.49    0.0000    0.00%  100.00%
    [24]  R8      P4        45.84      61.31     6.29    10.00      6 mov    1354.60    0.0000    0.00%  100.00%
    [25]  R14     P5        50.17      71.17     5.89    10.00      6 mov    1413.10    0.0000    0.00%  100.00%
    [26]  R3      P5        50.17      74.99     5.98    10.00      6 mov    1459.70    0.0000    0.00%  100.00%
    [27]  R13     P3        44.98      66.36     7.43    10.00      6 mov    1518.30    0.0000    0.00%  100.00%
    [28]  R11     P5        50.17      79.27     6.28    10.00      6 mov    1533.00    0.0000    0.00%  100.00%
    [29]  R13     P4        45.84      67.22     8.29    10.00      6 mov    1612.90    0.0000    0.00%  100.00%
    [30]  R8      P5        50.17      65.64    10.62    10.00      6 mov    1830.90    0.0000    0.00%  100.00%
    [31]  R6      P2        43.21      60.49    11.65    10.00      6 mov    1881.59    0.0000    0.00%  100.00%
    [32]  R17     P1        63.13      85.23     9.52    10.00      6 mov    1916.25    0.0000    0.00%  100.00%
    [33]  R6      P3        44.98      62.26    13.42    10.00      6 mov    2076.40    0.0000    0.00%  100.00%
    [34]  R13     P5        50.17      71.55    12.62    10.00      6 mov    2089.20    0.0000    0.00%  100.00%
    [35]  R6      P4        45.84      63.12    14.28    10.00      6 mov    2171.00    0.0000    0.00%  100.00%
    [36]  R15     P1        63.13      76.91    16.30    10.00      6 mov    2511.35    0.0000    0.00%  100.00%
    [37]  R6      P5        50.17      67.45    18.61    10.00      6 mov    2647.30    0.0000    0.00%  100.00%
    [38]  R5      P1        63.13      84.38    17.44    10.00      6 mov    2699.75    0.0000    0.00%  100.00%
    [39]  R14     P1        63.13      84.13    18.86    10.00      6 mov    2839.25    0.0000    0.00%  100.00%
    [40]  R3      P1        63.13      87.95    18.94    10.00      6 mov    2885.85    0.0000    0.00%  100.00%
    [41]  R11     P1        63.13      92.23    19.25    10.00      6 mov    2959.15    0.0000    0.00%  100.00%
    [42]  R8      P1        63.13      78.60    23.59    10.00      6 mov    3257.05    0.0000    0.00%  100.00%
    [43]  R13     P1        63.13      84.52    25.58    10.00      6 mov    3515.35    0.0000    0.00%  100.00%
    [44]  R6      P1        63.13      80.41    31.57    10.00      6 mov    4073.45    0.0000    0.00%  100.00%
    draw=1.3011  →  (R15, P4) (rank 2) selected

  Assignment: R15 → P4  [45.84 → 59.61]  delay=0.00
    J15-1      [45.84 → 54.06]
    J15-2      [54.06 → 59.61]

  Assigned so far:
    ID      Pos       start    finish    delay
    ----------------------------------------
    R12     P1         8.13     13.91     0.00
    R7      P2         1.21     15.14     0.00
    R2      P3         0.00     15.20     0.00
    R4      P4         0.00     16.65     0.00
    R1      P5         0.00     18.30     0.00
    R16     P1        23.91     30.55     0.00
    R18     P2        25.14     33.21     0.00
    R20     P3        25.20     34.98     0.00
    R19     P4        26.65     35.84     0.00
    R10     P5        28.30     40.17     0.00
    R9      P1        40.55     53.13     0.37
    R15     P4        45.84     59.61     0.00

========================================================================
  STEP 13/20
========================================================================

  Pair evaluation  (40 pairs):
    Rank   ID      Pos     t_start   t_finish    delay      gap   blocking      score    weight     P(%)   cum(%)
    ---------------------------------------------------------------------------------------------------------
    [ 0]  R14     P2        43.21      64.21     0.00    10.00      6 mov     754.09    1.0000   70.00%   70.00%
    [ 1]  R5      P2        43.21      64.45     0.00    10.00      6 mov     756.49    0.3000   21.00%   91.00%
    [ 2]  R17     P2        43.21      65.31     0.00    10.00      6 mov     765.09    0.0900    6.30%   97.30%
    [ 3]  R5      P3        44.98      66.22     0.00    10.00     10 mov     782.20    0.0270    1.89%   99.19%
    [ 4]  R17     P3        44.98      67.08     0.00    10.00     10 mov     790.80    0.0081    0.57%   99.76%
    [ 5]  R3      P2        43.21      68.03     0.00    10.00      6 mov     792.29    0.0024    0.17%   99.93%
    [ 6]  R11     P2        43.21      72.31     0.00    10.00      6 mov     835.09    0.0007    0.05%   99.98%
    [ 7]  R17     P5        50.17      72.27     0.00    10.00      8 mov     838.70    0.0002    0.02%   99.99%
    [ 8]  R14     P3        44.98      65.98     0.70    10.00     10 mov     850.20    0.0001    0.00%  100.00%
    [ 9]  R3      P3        44.98      69.80     0.79    10.00     10 mov     896.80    0.0000    0.00%  100.00%
    [10]  R11     P3        44.98      74.08     1.09    10.00     10 mov     970.10    0.0000    0.00%  100.00%
    [11]  R8      P2        43.21      58.68     3.66    10.00      6 mov    1065.19    0.0000    0.00%  100.00%
    [12]  R8      P3        44.98      60.45     5.43    10.00     10 mov    1268.00    0.0000    0.00%  100.00%
    [13]  R5      P5        50.17      71.41     4.47    10.00      8 mov    1277.60    0.0000    0.00%  100.00%
    [14]  R13     P2        43.21      64.59     5.66    10.00      6 mov    1323.49    0.0000    0.00%  100.00%
    [15]  R14     P5        50.17      71.17     5.89    10.00      8 mov    1417.10    0.0000    0.00%  100.00%
    [16]  R3      P5        50.17      74.99     5.98    10.00      8 mov    1463.70    0.0000    0.00%  100.00%
    [17]  R13     P3        44.98      66.36     7.43    10.00     10 mov    1526.30    0.0000    0.00%  100.00%
    [18]  R11     P5        50.17      79.27     6.28    10.00      8 mov    1537.00    0.0000    0.00%  100.00%
    [19]  R8      P5        50.17      65.64    10.62    10.00      8 mov    1834.90    0.0000    0.00%  100.00%
    [20]  R6      P2        43.21      60.49    11.65    10.00      6 mov    1881.59    0.0000    0.00%  100.00%
    [21]  R17     P1        63.13      85.23     9.52    10.00      6 mov    1916.25    0.0000    0.00%  100.00%
    [22]  R6      P3        44.98      62.26    13.42    10.00     10 mov    2084.40    0.0000    0.00%  100.00%
    [23]  R13     P5        50.17      71.55    12.62    10.00      8 mov    2093.20    0.0000    0.00%  100.00%
    [24]  R17     P4        69.61      91.71    15.99    10.00      6 mov    2628.50    0.0000    0.00%  100.00%
    [25]  R6      P5        50.17      67.45    18.61    10.00      8 mov    2651.30    0.0000    0.00%  100.00%
    [26]  R5      P1        63.13      84.38    17.44    10.00      6 mov    2699.75    0.0000    0.00%  100.00%
    [27]  R14     P1        63.13      84.13    18.86    10.00      6 mov    2839.25    0.0000    0.00%  100.00%
    [28]  R3      P1        63.13      87.95    18.94    10.00      6 mov    2885.85    0.0000    0.00%  100.00%
    [29]  R11     P1        63.13      92.23    19.25    10.00      6 mov    2959.15    0.0000    0.00%  100.00%
    [30]  R8      P1        63.13      78.60    23.59    10.00      6 mov    3257.05    0.0000    0.00%  100.00%
    [31]  R5      P4        69.61      90.85    23.91    10.00      6 mov    3412.00    0.0000    0.00%  100.00%
    [32]  R13     P1        63.13      84.52    25.58    10.00      6 mov    3515.35    0.0000    0.00%  100.00%
    [33]  R14     P4        69.61      90.61    25.33    10.00      6 mov    3551.50    0.0000    0.00%  100.00%
    [34]  R3      P4        69.61      94.43    25.42    10.00      6 mov    3598.10    0.0000    0.00%  100.00%
    [35]  R11     P4        69.61      98.71    25.72    10.00      6 mov    3671.40    0.0000    0.00%  100.00%
    [36]  R8      P4        69.61      85.08    30.06    10.00      6 mov    3969.30    0.0000    0.00%  100.00%
    [37]  R6      P1        63.13      80.41    31.57    10.00      6 mov    4073.45    0.0000    0.00%  100.00%
    [38]  R13     P4        69.61      90.99    32.06    10.00      6 mov    4227.60    0.0000    0.00%  100.00%
    [39]  R6      P4        69.61      86.89    38.05    10.00      6 mov    4785.70    0.0000    0.00%  100.00%
    draw=0.0704  →  (R14, P2) (rank 0) selected

  Assignment: R14 → P2  [43.21 → 64.21]  delay=0.00
    J14-1      [43.21 → 52.54]
    J14-2      [52.54 → 59.51]
    J14-3      [59.51 → 64.21]

  Assigned so far:
    ID      Pos       start    finish    delay
    ----------------------------------------
    R12     P1         8.13     13.91     0.00
    R7      P2         1.21     15.14     0.00
    R2      P3         0.00     15.20     0.00
    R4      P4         0.00     16.65     0.00
    R1      P5         0.00     18.30     0.00
    R16     P1        23.91     30.55     0.00
    R18     P2        25.14     33.21     0.00
    R20     P3        25.20     34.98     0.00
    R19     P4        26.65     35.84     0.00
    R10     P5        28.30     40.17     0.00
    R9      P1        40.55     53.13     0.37
    R15     P4        45.84     59.61     0.00
    R14     P2        43.21     64.21     0.00

========================================================================
  STEP 14/20
========================================================================

  Pair evaluation  (35 pairs):
    Rank   ID      Pos     t_start   t_finish    delay      gap   blocking      score    weight     P(%)   cum(%)
    ---------------------------------------------------------------------------------------------------------
    [ 0]  R5      P3        44.98      66.22     0.00    10.00     10 mov     782.20    1.0000   70.00%   70.00%
    [ 1]  R17     P3        44.98      67.08     0.00    10.00     10 mov     790.80    0.3000   21.00%   91.00%
    [ 2]  R17     P5        50.17      72.27     0.00    10.00      8 mov     838.70    0.0900    6.30%   97.30%
    [ 3]  R3      P3        44.98      69.80     0.79    10.00     10 mov     896.80    0.0270    1.89%   99.19%
    [ 4]  R11     P3        44.98      74.08     1.09    10.00     10 mov     970.10    0.0081    0.57%   99.76%
    [ 5]  R8      P3        44.98      60.45     5.43    10.00     10 mov    1268.00    0.0024    0.17%   99.93%
    [ 6]  R5      P5        50.17      71.41     4.47    10.00      8 mov    1277.60    0.0007    0.05%   99.98%
    [ 7]  R3      P5        50.17      74.99     5.98    10.00      8 mov    1463.70    0.0002    0.02%   99.99%
    [ 8]  R13     P3        44.98      66.36     7.43    10.00     10 mov    1526.30    0.0001    0.00%  100.00%
    [ 9]  R11     P5        50.17      79.27     6.28    10.00      8 mov    1537.00    0.0000    0.00%  100.00%
    [10]  R8      P5        50.17      65.64    10.62    10.00      8 mov    1834.90    0.0000    0.00%  100.00%
    [11]  R17     P1        63.13      85.23     9.52    10.00      6 mov    1916.25    0.0000    0.00%  100.00%
    [12]  R6      P3        44.98      62.26    13.42    10.00     10 mov    2084.40    0.0000    0.00%  100.00%
    [13]  R13     P5        50.17      71.55    12.62    10.00      8 mov    2093.20    0.0000    0.00%  100.00%
    [14]  R17     P4        69.61      91.71    15.99    10.00      6 mov    2628.50    0.0000    0.00%  100.00%
    [15]  R6      P5        50.17      67.45    18.61    10.00      8 mov    2651.30    0.0000    0.00%  100.00%
    [16]  R5      P1        63.13      84.38    17.44    10.00      6 mov    2699.75    0.0000    0.00%  100.00%
    [17]  R3      P1        63.13      87.95    18.94    10.00      6 mov    2885.85    0.0000    0.00%  100.00%
    [18]  R11     P1        63.13      92.23    19.25    10.00      6 mov    2959.15    0.0000    0.00%  100.00%
    [19]  R17     P2        74.21      96.31    20.59    10.00      6 mov    3134.39    0.0000    0.00%  100.00%
    [20]  R8      P1        63.13      78.60    23.59    10.00      6 mov    3257.05    0.0000    0.00%  100.00%
    [21]  R5      P4        69.61      90.85    23.91    10.00      6 mov    3412.00    0.0000    0.00%  100.00%
    [22]  R13     P1        63.13      84.52    25.58    10.00      6 mov    3515.35    0.0000    0.00%  100.00%
    [23]  R3      P4        69.61      94.43    25.42    10.00      6 mov    3598.10    0.0000    0.00%  100.00%
    [24]  R11     P4        69.61      98.71    25.72    10.00      6 mov    3671.40    0.0000    0.00%  100.00%
    [25]  R5      P2        74.21      95.45    28.51    10.00      6 mov    3917.89    0.0000    0.00%  100.00%
    [26]  R8      P4        69.61      85.08    30.06    10.00      6 mov    3969.30    0.0000    0.00%  100.00%
    [27]  R6      P1        63.13      80.41    31.57    10.00      6 mov    4073.45    0.0000    0.00%  100.00%
    [28]  R3      P2        74.21      99.03    30.02    10.00      6 mov    4103.99    0.0000    0.00%  100.00%
    [29]  R11     P2        74.21     103.31    30.32    10.00      6 mov    4177.29    0.0000    0.00%  100.00%
    [30]  R13     P4        69.61      90.99    32.06    10.00      6 mov    4227.60    0.0000    0.00%  100.00%
    [31]  R8      P2        74.21      89.68    34.66    10.00      6 mov    4475.19    0.0000    0.00%  100.00%
    [32]  R13     P2        74.21      95.59    36.66    10.00      6 mov    4733.49    0.0000    0.00%  100.00%
    [33]  R6      P4        69.61      86.89    38.05    10.00      6 mov    4785.70    0.0000    0.00%  100.00%
    [34]  R6      P2        74.21      91.49    42.65    10.00      6 mov    5291.59    0.0000    0.00%  100.00%
    draw=0.0745  →  (R5, P3) (rank 0) selected
  start-time compare  R5 → P3:  t_imm=44.98 cost=670.20 (4 new movs)  vs  t_nob=59.61 cost=2200.00

  Assignment: R5 → P3  [44.98 → 66.22]  delay=0.00
    J5-1       [44.98 → 51.51]
    J5-2       [51.51 → 59.18]
    J5-3       [59.18 → 66.22]

  Assigned so far:
    ID      Pos       start    finish    delay
    ----------------------------------------
    R12     P1         8.13     13.91     0.00
    R7      P2         1.21     15.14     0.00
    R2      P3         0.00     15.20     0.00
    R4      P4         0.00     16.65     0.00
    R1      P5         0.00     18.30     0.00
    R16     P1        23.91     30.55     0.00
    R18     P2        25.14     33.21     0.00
    R20     P3        25.20     34.98     0.00
    R19     P4        26.65     35.84     0.00
    R10     P5        28.30     40.17     0.00
    R9      P1        40.55     53.13     0.37
    R15     P4        45.84     59.61     0.00
    R14     P2        43.21     64.21     0.00
    R5      P3        44.98     66.22     0.00

========================================================================
  STEP 15/20
========================================================================

  Pair evaluation  (30 pairs):
    Rank   ID      Pos     t_start   t_finish    delay      gap   blocking      score    weight     P(%)   cum(%)
    ---------------------------------------------------------------------------------------------------------
    [ 0]  R17     P5        50.17      72.27     0.00    10.00     14 mov     850.70    1.0000   70.00%   70.00%
    [ 1]  R3      P5        50.17      74.99     5.98    10.00     14 mov    1475.70    0.3000   21.00%   91.00%
    [ 2]  R11     P5        50.17      79.27     6.28    10.00     14 mov    1549.00    0.0900    6.30%   97.30%
    [ 3]  R8      P5        50.17      65.64    10.62    10.00     16 mov    1850.90    0.0270    1.89%   99.19%
    [ 4]  R17     P1        63.13      85.23     9.52    10.00     10 mov    1924.25    0.0081    0.57%   99.76%
    [ 5]  R13     P5        50.17      71.55    12.62    10.00     14 mov    2105.20    0.0024    0.17%   99.93%
    [ 6]  R17     P4        69.61      91.71    15.99    10.00     10 mov    2636.50    0.0007    0.05%   99.98%
    [ 7]  R6      P5        50.17      67.45    18.61    10.00     14 mov    2663.30    0.0002    0.02%   99.99%
    [ 8]  R3      P1        63.13      87.95    18.94    10.00     10 mov    2893.85    0.0001    0.00%  100.00%
    [ 9]  R11     P1        63.13      92.23    19.25    10.00     10 mov    2967.15    0.0000    0.00%  100.00%
    [10]  R17     P2        74.21      96.31    20.59    10.00     10 mov    3142.39    0.0000    0.00%  100.00%
    [11]  R8      P1        63.13      78.60    23.59    10.00     10 mov    3265.05    0.0000    0.00%  100.00%
    [12]  R17     P3        76.22      98.32    22.60    10.00     10 mov    3363.60    0.0000    0.00%  100.00%
    [13]  R13     P1        63.13      84.52    25.58    10.00     10 mov    3523.35    0.0000    0.00%  100.00%
    [14]  R3      P4        69.61      94.43    25.42    10.00     10 mov    3606.10    0.0000    0.00%  100.00%
    [15]  R11     P4        69.61      98.71    25.72    10.00     10 mov    3679.40    0.0000    0.00%  100.00%
    [16]  R8      P4        69.61      85.08    30.06    10.00     10 mov    3977.30    0.0000    0.00%  100.00%
    [17]  R6      P1        63.13      80.41    31.57    10.00     10 mov    4081.45    0.0000    0.00%  100.00%
    [18]  R3      P2        74.21      99.03    30.02    10.00     10 mov    4111.99    0.0000    0.00%  100.00%
    [19]  R11     P2        74.21     103.31    30.32    10.00     10 mov    4185.29    0.0000    0.00%  100.00%
    [20]  R13     P4        69.61      90.99    32.06    10.00     10 mov    4235.60    0.0000    0.00%  100.00%
    [21]  R3      P3        76.22     101.04    32.03    10.00     10 mov    4333.20    0.0000    0.00%  100.00%
    [22]  R11     P3        76.22     105.32    32.33    10.00     10 mov    4406.50    0.0000    0.00%  100.00%
    [23]  R8      P2        74.21      89.68    34.66    10.00     10 mov    4483.19    0.0000    0.00%  100.00%
    [24]  R8      P3        76.22      91.69    36.67    10.00     10 mov    4704.40    0.0000    0.00%  100.00%
    [25]  R13     P2        74.21      95.59    36.66    10.00     10 mov    4741.49    0.0000    0.00%  100.00%
    [26]  R6      P4        69.61      86.89    38.05    10.00     10 mov    4793.70    0.0000    0.00%  100.00%
    [27]  R13     P3        76.22      97.60    38.67    10.00     10 mov    4962.70    0.0000    0.00%  100.00%
    [28]  R6      P2        74.21      91.49    42.65    10.00     10 mov    5299.59    0.0000    0.00%  100.00%
    [29]  R6      P3        76.22      93.50    44.66    10.00     10 mov    5520.80    0.0000    0.00%  100.00%
    draw=0.1332  →  (R17, P5) (rank 0) selected
  start-time compare  R17 → P5:  t_imm=50.17 cost=730.70 (4 new movs)  vs  t_nob=66.22 cost=2143.60

  Assignment: R17 → P5  [50.17 → 72.27]  delay=0.00
    J17-1      [50.17 → 56.28]
    J17-2      [56.28 → 64.08]
    J17-3      [64.08 → 72.27]

  Assigned so far:
    ID      Pos       start    finish    delay
    ----------------------------------------
    R12     P1         8.13     13.91     0.00
    R7      P2         1.21     15.14     0.00
    R2      P3         0.00     15.20     0.00
    R4      P4         0.00     16.65     0.00
    R1      P5         0.00     18.30     0.00
    R16     P1        23.91     30.55     0.00
    R18     P2        25.14     33.21     0.00
    R20     P3        25.20     34.98     0.00
    R19     P4        26.65     35.84     0.00
    R10     P5        28.30     40.17     0.00
    R9      P1        40.55     53.13     0.37
    R15     P4        45.84     59.61     0.00
    R14     P2        43.21     64.21     0.00
    R5      P3        44.98     66.22     0.00
    R17     P5        50.17     72.27     0.00

========================================================================
  STEP 16/20
========================================================================

  Pair evaluation  (25 pairs):
    Rank   ID      Pos     t_start   t_finish    delay      gap   blocking      score    weight     P(%)   cum(%)
    ---------------------------------------------------------------------------------------------------------
    [ 0]  R3      P1        63.13      87.95    18.94    10.00     14 mov    2901.85    1.0000   70.00%   70.00%
    [ 1]  R11     P1        63.13      92.23    19.25    10.00     14 mov    2975.15    0.3000   21.00%   91.00%
    [ 2]  R8      P1        63.13      78.60    23.59    10.00     14 mov    3273.05    0.0900    6.30%   97.30%
    [ 3]  R13     P1        63.13      84.52    25.58    10.00     14 mov    3531.35    0.0270    1.89%   99.19%
    [ 4]  R3      P4        69.61      94.43    25.42    10.00     16 mov    3618.10    0.0081    0.57%   99.76%
    [ 5]  R11     P4        69.61      98.71    25.72    10.00     16 mov    3691.40    0.0024    0.17%   99.93%
    [ 6]  R8      P4        69.61      85.08    30.06    10.00     16 mov    3989.30    0.0007    0.05%   99.98%
    [ 7]  R6      P1        63.13      80.41    31.57    10.00     14 mov    4089.45    0.0002    0.02%   99.99%
    [ 8]  R3      P2        74.21      99.03    30.02    10.00     14 mov    4119.99    0.0001    0.00%  100.00%
    [ 9]  R11     P2        74.21     103.31    30.32    10.00     14 mov    4193.29    0.0000    0.00%  100.00%
    [10]  R13     P4        69.61      90.99    32.06    10.00     16 mov    4247.60    0.0000    0.00%  100.00%
    [11]  R3      P3        76.22     101.04    32.03    10.00     14 mov    4341.20    0.0000    0.00%  100.00%
    [12]  R11     P3        76.22     105.32    32.33    10.00     14 mov    4414.50    0.0000    0.00%  100.00%
    [13]  R8      P2        74.21      89.68    34.66    10.00     14 mov    4491.19    0.0000    0.00%  100.00%
    [14]  R8      P3        76.22      91.69    36.67    10.00     14 mov    4712.40    0.0000    0.00%  100.00%
    [15]  R13     P2        74.21      95.59    36.66    10.00     14 mov    4749.49    0.0000    0.00%  100.00%
    [16]  R6      P4        69.61      86.89    38.05    10.00     16 mov    4805.70    0.0000    0.00%  100.00%
    [17]  R13     P3        76.22      97.60    38.67    10.00     14 mov    4970.70    0.0000    0.00%  100.00%
    [18]  R3      P5        82.27     107.09    38.08    10.00     14 mov    5006.70    0.0000    0.00%  100.00%
    [19]  R11     P5        82.27     111.37    38.38    10.00     14 mov    5080.00    0.0000    0.00%  100.00%
    [20]  R6      P2        74.21      91.49    42.65    10.00     14 mov    5307.59    0.0000    0.00%  100.00%
    [21]  R8      P5        82.27      97.74    42.72    10.00     14 mov    5377.90    0.0000    0.00%  100.00%
    [22]  R6      P3        76.22      93.50    44.66    10.00     14 mov    5528.80    0.0000    0.00%  100.00%
    [23]  R13     P5        82.27     103.65    44.72    10.00     14 mov    5636.20    0.0000    0.00%  100.00%
    [24]  R6      P5        82.27      99.55    50.71    10.00     14 mov    6194.30    0.0000    0.00%  100.00%
    draw=1.1154  →  (R11, P1) (rank 1) selected

  Assignment: R11 → P1  [63.13 → 92.23]  delay=19.25
    J11-1      [63.13 → 71.56]
    J11-2      [71.56 → 80.00]
    J11-3      [80.00 → 92.23]

  Assigned so far:
    ID      Pos       start    finish    delay
    ----------------------------------------
    R12     P1         8.13     13.91     0.00
    R7      P2         1.21     15.14     0.00
    R2      P3         0.00     15.20     0.00
    R4      P4         0.00     16.65     0.00
    R1      P5         0.00     18.30     0.00
    R16     P1        23.91     30.55     0.00
    R18     P2        25.14     33.21     0.00
    R20     P3        25.20     34.98     0.00
    R19     P4        26.65     35.84     0.00
    R10     P5        28.30     40.17     0.00
    R9      P1        40.55     53.13     0.37
    R15     P4        45.84     59.61     0.00
    R14     P2        43.21     64.21     0.00
    R5      P3        44.98     66.22     0.00
    R17     P5        50.17     72.27     0.00
    R11     P1        63.13     92.23    19.25

========================================================================
  STEP 17/20
========================================================================

  Pair evaluation  (20 pairs):
    Rank   ID      Pos     t_start   t_finish    delay      gap   blocking      score    weight     P(%)   cum(%)
    ---------------------------------------------------------------------------------------------------------
    [ 0]  R3      P4        69.61      94.43    25.42    10.00     16 mov    3618.10    1.0000   70.00%   70.00%
    [ 1]  R8      P4        69.61      85.08    30.06    10.00     16 mov    3989.30    0.3000   21.00%   91.00%
    [ 2]  R3      P2        74.21      99.03    30.02    10.00     14 mov    4119.99    0.0900    6.30%   97.30%
    [ 3]  R13     P4        69.61      90.99    32.06    10.00     16 mov    4247.60    0.0270    1.89%   99.19%
    [ 4]  R3      P3        76.22     101.04    32.03    10.00     14 mov    4341.20    0.0081    0.57%   99.76%
    [ 5]  R8      P2        74.21      89.68    34.66    10.00     14 mov    4491.19    0.0024    0.17%   99.93%
    [ 6]  R8      P3        76.22      91.69    36.67    10.00     14 mov    4712.40    0.0007    0.05%   99.98%
    [ 7]  R13     P2        74.21      95.59    36.66    10.00     14 mov    4749.49    0.0002    0.02%   99.99%
    [ 8]  R6      P4        69.61      86.89    38.05    10.00     16 mov    4805.70    0.0001    0.00%  100.00%
    [ 9]  R13     P3        76.22      97.60    38.67    10.00     14 mov    4970.70    0.0000    0.00%  100.00%
    [10]  R3      P5        82.27     107.09    38.08    10.00     14 mov    5006.70    0.0000    0.00%  100.00%
    [11]  R6      P2        74.21      91.49    42.65    10.00     14 mov    5307.59    0.0000    0.00%  100.00%
    [12]  R8      P5        82.27      97.74    42.72    10.00     14 mov    5377.90    0.0000    0.00%  100.00%
    [13]  R6      P3        76.22      93.50    44.66    10.00     14 mov    5528.80    0.0000    0.00%  100.00%
    [14]  R13     P5        82.27     103.65    44.72    10.00     14 mov    5636.20    0.0000    0.00%  100.00%
    [15]  R6      P5        82.27      99.55    50.71    10.00     14 mov    6194.30    0.0000    0.00%  100.00%
    [16]  R3      P1       102.23     127.06    58.04    10.00     14 mov    7202.85    0.0000    0.00%  100.00%
    [17]  R8      P1       102.23     117.70    62.69    10.00     14 mov    7574.05    0.0000    0.00%  100.00%
    [18]  R13     P1       102.23     123.61    64.68    10.00     14 mov    7832.35    0.0000    0.00%  100.00%
    [19]  R6      P1       102.23     119.52    70.67    10.00     14 mov    8390.45    0.0000    0.00%  100.00%
    draw=0.5849  →  (R3, P4) (rank 0) selected
  start-time compare  R3 → P4:  t_imm=69.61 cost=3490.10 (2 new movs)  vs  t_nob=72.27 cost=3778.70

  Assignment: R3 → P4  [69.61 → 94.43]  delay=25.42
    J3-1       [69.61 → 76.54]
    J3-2       [76.54 → 85.70]
    J3-3       [85.70 → 94.43]

  Assigned so far:
    ID      Pos       start    finish    delay
    ----------------------------------------
    R12     P1         8.13     13.91     0.00
    R7      P2         1.21     15.14     0.00
    R2      P3         0.00     15.20     0.00
    R4      P4         0.00     16.65     0.00
    R1      P5         0.00     18.30     0.00
    R16     P1        23.91     30.55     0.00
    R18     P2        25.14     33.21     0.00
    R20     P3        25.20     34.98     0.00
    R19     P4        26.65     35.84     0.00
    R10     P5        28.30     40.17     0.00
    R9      P1        40.55     53.13     0.37
    R15     P4        45.84     59.61     0.00
    R14     P2        43.21     64.21     0.00
    R5      P3        44.98     66.22     0.00
    R17     P5        50.17     72.27     0.00
    R11     P1        63.13     92.23    19.25
    R3      P4        69.61     94.43    25.42

========================================================================
  STEP 18/20
========================================================================

  Pair evaluation  (15 pairs):
    Rank   ID      Pos     t_start   t_finish    delay      gap   blocking      score    weight     P(%)   cum(%)
    ---------------------------------------------------------------------------------------------------------
    [ 0]  R8      P2        74.21      89.68    34.66    10.00     16 mov    4495.19    1.0000   70.00%   70.00%
    [ 1]  R8      P3        76.22      91.69    36.67    10.00     16 mov    4716.40    0.3000   21.00%   91.00%
    [ 2]  R13     P2        74.21      95.59    36.66    10.00     16 mov    4753.49    0.0900    6.30%   97.30%
    [ 3]  R13     P3        76.22      97.60    38.67    10.00     18 mov    4978.70    0.0270    1.89%   99.19%
    [ 4]  R6      P2        74.21      91.49    42.65    10.00     16 mov    5311.59    0.0081    0.57%   99.76%
    [ 5]  R8      P5        82.27      97.74    42.72    10.00     18 mov    5385.90    0.0024    0.17%   99.93%
    [ 6]  R6      P3        76.22      93.50    44.66    10.00     16 mov    5532.80    0.0007    0.05%   99.98%
    [ 7]  R13     P5        82.27     103.65    44.72    10.00     18 mov    5644.20    0.0002    0.02%   99.99%
    [ 8]  R6      P5        82.27      99.55    50.71    10.00     18 mov    6202.30    0.0001    0.00%  100.00%
    [ 9]  R8      P1       102.23     117.70    62.69    10.00     16 mov    7578.05    0.0000    0.00%  100.00%
    [10]  R8      P4       104.43     119.90    64.88    10.00     16 mov    7819.50    0.0000    0.00%  100.00%
    [11]  R13     P1       102.23     123.61    64.68    10.00     16 mov    7836.35    0.0000    0.00%  100.00%
    [12]  R13     P4       104.43     125.81    66.88    10.00     16 mov    8077.80    0.0000    0.00%  100.00%
    [13]  R6      P1       102.23     119.52    70.67    10.00     16 mov    8394.45    0.0000    0.00%  100.00%
    [14]  R6      P4       104.43     121.71    72.87    10.00     16 mov    8635.90    0.0000    0.00%  100.00%
    draw=0.6283  →  (R8, P2) (rank 0) selected

  Assignment: R8 → P2  [74.21 → 89.68]  delay=34.66
    J8-1       [74.21 → 82.23]
    J8-2       [82.23 → 89.68]

  Assigned so far:
    ID      Pos       start    finish    delay
    ----------------------------------------
    R12     P1         8.13     13.91     0.00
    R7      P2         1.21     15.14     0.00
    R2      P3         0.00     15.20     0.00
    R4      P4         0.00     16.65     0.00
    R1      P5         0.00     18.30     0.00
    R16     P1        23.91     30.55     0.00
    R18     P2        25.14     33.21     0.00
    R20     P3        25.20     34.98     0.00
    R19     P4        26.65     35.84     0.00
    R10     P5        28.30     40.17     0.00
    R9      P1        40.55     53.13     0.37
    R15     P4        45.84     59.61     0.00
    R14     P2        43.21     64.21     0.00
    R5      P3        44.98     66.22     0.00
    R17     P5        50.17     72.27     0.00
    R11     P1        63.13     92.23    19.25
    R3      P4        69.61     94.43    25.42
    R8      P2        74.21     89.68    34.66

========================================================================
  STEP 19/20
========================================================================

  Pair evaluation  (10 pairs):
    Rank   ID      Pos     t_start   t_finish    delay      gap   blocking      score    weight     P(%)   cum(%)
    ---------------------------------------------------------------------------------------------------------
    [ 0]  R13     P3        76.22      97.60    38.67    10.00     18 mov    4978.70    1.0000   70.00%   70.00%
    [ 1]  R6      P3        76.22      93.50    44.66    10.00     16 mov    5532.80    0.3000   21.00%   91.00%
    [ 2]  R13     P5        82.27     103.65    44.72    10.00     18 mov    5644.20    0.0900    6.30%   97.30%
    [ 3]  R6      P5        82.27      99.55    50.71    10.00     18 mov    6202.30    0.0270    1.89%   99.19%
    [ 4]  R13     P2        99.68     121.06    62.13    10.00     16 mov    7555.19    0.0081    0.57%   99.76%
    [ 5]  R13     P1       102.23     123.61    64.68    10.00     16 mov    7836.35    0.0024    0.17%   99.93%
    [ 6]  R13     P4       104.43     125.81    66.88    10.00     16 mov    8077.80    0.0007    0.05%   99.98%
    [ 7]  R6      P2        99.68     116.96    68.12    10.00     16 mov    8113.29    0.0002    0.02%   99.99%
    [ 8]  R6      P1       102.23     119.52    70.67    10.00     16 mov    8394.45    0.0001    0.00%  100.00%
    [ 9]  R6      P4       104.43     121.71    72.87    10.00     16 mov    8635.90    0.0000    0.00%  100.00%
    draw=0.2532  →  (R13, P3) (rank 0) selected
  start-time compare  R13 → P3:  t_imm=76.22 cost=4846.70 (2 new movs)  vs  t_nob=94.43 cost=6845.80

  Assignment: R13 → P3  [76.22 → 97.60]  delay=38.67
    J13-1      [76.22 → 88.31]
    J13-2      [88.31 → 97.60]

  Assigned so far:
    ID      Pos       start    finish    delay
    ----------------------------------------
    R12     P1         8.13     13.91     0.00
    R7      P2         1.21     15.14     0.00
    R2      P3         0.00     15.20     0.00
    R4      P4         0.00     16.65     0.00
    R1      P5         0.00     18.30     0.00
    R16     P1        23.91     30.55     0.00
    R18     P2        25.14     33.21     0.00
    R20     P3        25.20     34.98     0.00
    R19     P4        26.65     35.84     0.00
    R10     P5        28.30     40.17     0.00
    R9      P1        40.55     53.13     0.37
    R15     P4        45.84     59.61     0.00
    R14     P2        43.21     64.21     0.00
    R5      P3        44.98     66.22     0.00
    R17     P5        50.17     72.27     0.00
    R11     P1        63.13     92.23    19.25
    R3      P4        69.61     94.43    25.42
    R8      P2        74.21     89.68    34.66
    R13     P3        76.22     97.60    38.67

========================================================================
  STEP 20/20
========================================================================

  Pair evaluation  (5 pairs):
    Rank   ID      Pos     t_start   t_finish    delay      gap   blocking      score    weight     P(%)   cum(%)
    ---------------------------------------------------------------------------------------------------------
    [ 0]  R6      P5        82.27      99.55    50.71    10.00     22 mov    6210.30    1.0000   70.17%   70.17%
    [ 1]  R6      P2        99.68     116.96    68.12    10.00     18 mov    8117.29    0.3000   21.05%   91.22%
    [ 2]  R6      P1       102.23     119.52    70.67    10.00     18 mov    8398.45    0.0900    6.32%   97.54%
    [ 3]  R6      P4       104.43     121.71    72.87    10.00     18 mov    8639.90    0.0270    1.89%   99.43%
    [ 4]  R6      P3       107.60     124.88    76.04    10.00     18 mov    8988.60    0.0081    0.57%  100.00%
    draw=0.1332  →  (R6, P5) (rank 0) selected
  start-time compare  R6 → P5:  t_imm=82.27 cost=6074.30 (4 new movs)  vs  t_nob=97.60 cost=7752.60

  Assignment: R6 → P5  [82.27 → 99.55]  delay=50.71
    J6-1       [82.27 → 91.47]
    J6-2       [91.47 → 99.55]

  Assigned so far:
    ID      Pos       start    finish    delay
    ----------------------------------------
    R12     P1         8.13     13.91     0.00
    R7      P2         1.21     15.14     0.00
    R2      P3         0.00     15.20     0.00
    R4      P4         0.00     16.65     0.00
    R1      P5         0.00     18.30     0.00
    R16     P1        23.91     30.55     0.00
    R18     P2        25.14     33.21     0.00
    R20     P3        25.20     34.98     0.00
    R19     P4        26.65     35.84     0.00
    R10     P5        28.30     40.17     0.00
    R9      P1        40.55     53.13     0.37
    R15     P4        45.84     59.61     0.00
    R14     P2        43.21     64.21     0.00
    R5      P3        44.98     66.22     0.00
    R17     P5        50.17     72.27     0.00
    R11     P1        63.13     92.23    19.25
    R3      P4        69.61     94.43    25.42
    R8      P2        74.21     89.68    34.66
    R13     P3        76.22     97.60    38.67
    R6      P5        82.27     99.55    50.71

========================================================================
  Iteration result:  makespan=99.55  movements=22  delay=169.08
========================================================================

========================================================================
  Local search start  obj=17925.30
========================================================================
  Local search end    obj=17925.30

────────────────────────────────────────────────────────────────────────
  Iteration history
────────────────────────────────────────────────────────────────────────
      Iter   Time(s)           Obj    Makespan       Delay    Mov
  ------------------------------------------------------------
         1      0.00      22232.15      112.59      210.92     14  *
         2      0.11      18073.10      100.11      170.50     22  *
         3      0.22      20136.00      102.27      190.93     20
         4      0.33      20207.50      102.27      191.67     18
         5      0.46      18554.69      103.55      174.97     22
         6      0.58      18739.00      100.97      177.05     24
         7      0.70      21658.55      103.19      206.03     24
         8      0.81      22299.70      118.40      211.00     16
         9      0.94      20704.35      118.80      195.00     16
        10      1.06      19898.05      104.19      188.38     18
        11      1.18      19767.60      102.63      187.19     22
        12      1.31      20348.05      115.23      191.76     20
        13      1.43      21997.79      114.32      208.37     18
        14      1.55      22160.20      120.69      209.35     18
        15      1.66      19997.19      103.55      189.40     22
        16      1.77      24177.41      104.74      231.06     24
        17      1.88      22096.75      108.08      209.94     22
        18      2.00      22892.20      116.23      217.12     18
        19      2.10      18623.10       99.17      176.05     26
        20      2.21      19443.10      104.74      183.74     22
        21      2.32      18509.70       98.45      174.97     28
        22      2.44      22213.65      114.30      210.51     20
        23      2.54      21795.69      120.40      205.70     22
        24      2.65      20632.50      102.17      195.83     28
        25      2.76      19677.80       99.55      186.60     22
        26      2.87      21753.40      105.32      206.74     26
        27      2.99      19012.20      107.63      179.14     22
        28      3.10      20296.40      102.27      192.50     24
        29      3.21      20147.70      104.90      190.75     24
        30      3.32      22890.05      115.31      217.17     20
        31      3.42      22105.15      106.19      210.19     24
        32      3.53      18378.40       99.91      173.55     24
        33      3.64      21274.54      101.48      202.32     28
        34      3.76      19218.00      103.37      181.58     26
        35      3.88      23260.89      118.42      220.53     24
        36      3.99      21694.84      106.58      206.01     28
        37      4.10      20207.50      102.27      191.67     18
        38      4.21      21302.80      124.29      200.44     16
        39      4.33      21743.24       98.40      207.33     26
        40      4.44      24251.15      126.11      229.66     24
        41      4.55      21570.49      114.08      204.12     18
        42      4.65      20177.00      106.37      190.93     20
        43      4.77      20165.50      102.52      191.18     22
        44      4.87      21264.51      103.82      202.00     26
        45      4.98      18965.80      101.34      179.28     24
        46      5.09      22047.84      107.60      209.46     26
        47      5.20      21479.61      100.89      204.45     26
        48      5.31      18520.30       99.91      174.97     24
        49      5.42      19772.69      105.26      186.92     28
        50      5.53      20608.80      106.55      195.21     22
        51      5.64      23568.80      119.40      223.57     18
        52      5.76      22413.50      103.83      213.51     24
        53      5.87      21581.34      102.30      205.32     26
        54      5.98      18531.60      101.04      174.97     24
        55      6.09      18597.20      104.73      175.32     18
        56      6.20      23043.70      103.79      219.78     28
        57      6.31      22035.64      106.58      209.46     24
        58      6.42      23630.70      120.09      224.10     20
        59      6.53      18602.10      101.14      175.71     20
        60      6.64      20868.40      105.47      197.94     20
        61      6.75      20195.39      100.53      191.72     18
        62      6.86      21784.04      105.22      207.08     24
        63      6.97      18569.70       98.81      175.54     28
        64      7.08      20148.39      103.31      190.93     22
        65      7.19      20368.60      104.73      193.01     20
        66      7.31      22102.95      106.91      210.10     24
        67      7.42      20134.00      102.27      190.93     18
        68      7.53      19963.90      101.56      189.28     20
        69      7.64      22164.69      108.46      210.54     26
        70      7.75      21649.60      100.62      206.21     22
        71      7.87      19976.85      102.33      189.34     20
        72      7.98      20136.00      102.27      190.93     20
        73      8.09      20965.20      109.79      198.45     22
        74      8.20      20461.15      108.28      193.58     20
        75      8.32      21065.20      106.55      199.74     26
        76      8.43      21623.59      119.54      204.10     18
        77      8.54      23427.65      121.72      221.93     18
        78      8.64      18015.50      104.73      169.44     24  *
        79      8.76      22044.00      106.53      209.57     22
        80      8.87      21956.79      106.12      208.68     28
        81      8.99      22446.85      112.97      212.99     18
        82      9.11      20250.50      106.37      191.67     20
        83      9.22      20471.30      103.09      194.14     26
        84      9.34      20737.05      104.19      196.65     30
        85      9.45      20389.24      103.34      193.28     28
        86      9.56      20149.40      102.27      191.05     22
        87      9.67      20136.00      102.27      190.93     20
        88      9.79      21432.99      114.08      202.74     18
        89      9.90      21394.25      102.08      203.49     24
        90     10.02      19971.04      105.15      188.91     28
        91     10.13      18755.69       99.41      177.40     22
        92     10.24      18989.80       97.65      179.93     20
        93     10.36      20568.40      104.17      194.99     28
        94     10.48      20175.00      106.37      190.93     18
        95     10.59      20305.80      103.61      192.50     20
        96     10.71      20608.80      106.55      195.21     22
        97     10.83      20093.99      118.32      188.91     20
        98     10.95      25450.40      105.92      243.67     24
        99     11.06      20207.50      102.27      191.67     18
       100     11.18      20703.40      105.47      196.29     20
       101     11.29      20491.29      105.41      194.07     30
       102     11.41      21432.15      102.08      203.87     24
       103     11.54      21910.30      118.40      207.06     20
       104     11.65      19759.10      109.58      186.39     24
       105     11.76      23024.25      114.00      218.64     20
       106     11.88      20543.59      115.76      193.62     24
       107     11.99      23667.55      121.72      224.30     20
       108     12.09      18727.60      106.77      176.40     20
       109     12.20      20347.10      116.76      191.59     20
       110     12.32      22765.19      117.38      215.73     18
       111     12.43      20476.36      100.92      194.43     24
       112     12.55      21596.80      103.54      205.39     22
       113     12.66      20806.05      115.23      196.30     24
       114     12.78      21434.99      114.08      202.74     20
       115     12.89      21814.84      108.30      207.08     24
       116     13.00      20146.39      103.31      190.93     20
       117     13.12      17973.20      103.61      169.13     24  *
       118     13.23      21918.80      104.90      208.48     22
       119     13.34      20218.90      102.27      191.78     18
       120     13.46      20134.00      102.27      190.93     18
       121     13.57      20290.10      102.04      192.50     20
       122     13.69      23332.35      116.83      221.36     28
       123     13.80      18188.10      104.37      171.20     24
       124     13.92      21582.34      103.32      205.23     26
       125     14.04      20342.05      115.23      191.76     14
       126     14.16      19989.70      103.61      189.34     20
       127     14.28      21081.75      113.95      199.24     18
       128     14.39      20175.80      106.91      190.75     32
       129     14.51      20765.41      100.55      197.36     24
       130     14.63      18924.10      109.01      178.18     16
       131     14.74      19581.55      105.89      185.05     18
       132     14.85      21202.35      112.86      200.50     24
       133     14.96      20175.00      106.37      190.93     18
       134     15.08      20138.00      102.27      190.93     22
       135     15.20      20828.70      119.83      196.12     18
       136     15.31      20394.10      100.59      193.68     20
       137     15.43      18865.70      109.28      177.49     24
       138     15.54      20160.60      104.73      190.93     20
       139     15.66      21247.20      110.65      201.19     22
       140     15.78      21617.79      115.76      204.42     18
       141     15.91      20336.90      100.62      193.09     22
       142     16.02      21564.84      102.30      205.18     24
       143     16.13      21278.81      101.57      202.37     26
       144     16.25      26186.30      114.92      250.15     22
       145     16.36      18445.09      103.31      173.90     22
       146     16.47      22076.99      114.08      209.20     16
       147     16.58      20788.80      102.81      197.37     24
       148     16.71      19396.70      106.55      183.07     24
       149     16.82      22561.79      118.42      213.64     14
       150     16.93      21596.75      118.80      203.95     14
       151     17.04      18685.30      105.59      176.05     24
       152     17.16      21613.15      115.73      204.40     16
       153     17.27      22137.11      104.74      210.68     22
       154     17.38      18562.10       99.17      175.46     24
       155     17.50      20193.80      100.70      191.67     20
       156     17.61      19429.60      116.06      182.53     16
       157     17.73      18967.60      102.29      179.15     30
       158     17.85      19036.20      101.56      179.99     22
       159     17.96      21385.80      101.64      203.49     20
       160     18.08      19772.39      103.31      187.19     20
       161     18.19      20753.39      118.91      195.40     24
       162     18.31      20429.30      104.90      193.56     24
       163     18.42      19929.14      115.00      187.51     28
       164     18.53      21332.94      100.21      203.09     22
       165     18.65      21575.04      103.32      205.18     24
       166     18.77      22324.30      120.46      211.00     20
       167     18.89      21359.64      101.23      203.23     24
       168     19.01      19024.99      113.02      178.73     22
       169     19.13      23165.55      119.33      219.50     22
       170     19.24      20136.00      102.27      190.93     20
       171     19.37      23103.10      129.28      217.94     16
       172     19.48      19979.99      100.53      189.57     18
       173     19.60      18963.80      102.99      179.14     20
       174     19.72      18720.10       99.32      177.05     22
       175     19.84      18786.50      101.56      177.49     22
       176     19.95      21584.59      115.44      204.10     20
       177     20.07      19973.70      109.79      188.46     30
       178     20.18      22242.95      108.50      211.38     20
       179     20.30      20068.95      114.52      189.06     18
       180     20.41      22072.90      107.82      209.73     22
       181     20.52      20134.51      107.17      190.37     26
       182     20.65      20238.00      104.72      191.67     24
       183     20.76      23576.95      121.25      223.44     20
       184     20.87      21573.04      103.32      205.18     22
       185     20.99      19383.80      102.36      183.36     24
       186     21.10      20179.00      106.37      190.93     22
       187     21.22      18265.90      101.56      172.30     20
       188     21.33      19436.60      107.27      183.42     22
       189     21.45      21745.65      119.81      205.24     24
       190     21.56      20146.10      107.96      190.43     24
       191     21.67      21947.10      122.48      207.04     18
       192     21.78      21462.90      115.51      202.88     20
       193     21.90      21629.70      101.64      205.91     22
       194     22.01      22337.94      108.48      212.27     26
       195     22.12      22506.69      116.96      213.17     20
       196     22.23      20138.00      102.27      190.93     22
       197     22.35      22040.50      106.64      209.46     28
       198     22.46      18413.10       99.91      173.90     24
       199     22.58      19771.30      111.50      186.36     20
       200     22.70      21491.29      121.06      202.63     18
       201     22.81      18938.50       97.58      179.41     22
       202     22.92      18037.00      103.37      169.81     22
       203     23.04      19985.39      103.31      189.28     24
       204     23.15      22986.75      115.31      218.14     20
       205     23.27      18410.10       99.41      173.90     26
       206     23.39      22456.11      107.55      213.55     26
       207     23.50      18948.20      102.29      179.03     22
       208     23.62      20809.70      104.90      197.37     24
       209     23.75      20138.00      102.27      190.93     22
       210     23.86      19211.56      103.58      181.50     26
       211     23.98      19811.35      110.69      186.84     20
       212     24.10      20347.00      104.17      192.83     22
       213     24.22      21022.30      110.65      198.94     22
       214     24.33      19947.10      104.28      188.84     20
       215     24.45      22242.34      105.51      211.61     26
       216     24.57      23660.05      115.97      224.82     18
       217     24.69      21445.49      114.08      202.89     16
       218     24.80      21794.04      105.22      207.08     34
       219     24.92      20942.90      104.47      198.82     16
       220     25.03      19982.99      116.02      188.07     16
       221     25.14      18714.70      100.35      176.87     24
       222     25.26      20358.55      103.19      193.09     18
       223     25.38      21946.14      108.30      208.39     24
       224     25.50      21432.99      114.08      202.74     18
       225     25.61      19937.39      103.31      188.84     20
       226     25.73      20871.90      103.81      198.16     18
       227     25.85      21506.49      114.08      203.48     18
       228     25.97      18670.10      104.47      176.05     20
       229     26.09      22439.25      120.69      212.18     14
       230     26.20      18514.20      102.63      174.68     20
       231     26.32      20216.70      102.79      191.67     22
       232     26.43      20659.45      107.06      195.73     16
       233     26.55      21645.49      116.03      204.69     16
       234     26.66      21352.80      102.00      203.09     24
       235     26.78      25344.00      106.80      242.50     26
       236     26.90      22760.01      108.46      216.49     26
       237     27.01      20144.80      103.65      190.88     20
       238     27.13      20134.00      102.27      190.93     18
       239     27.25      21831.00      102.63      207.85     20
       240     27.37      20642.70      102.79      195.95     20
       241     27.48      21311.55      112.97      201.64     18
       242     27.61      20164.89      103.31      191.08     24
       243     27.73      21945.21      105.47      208.66     24
       244     27.86      20160.89      103.31      191.08     20
       245     27.99      20236.20      104.73      191.67     22
       246     28.15      19767.60      102.63      187.19     22
       247     28.29      19995.50      104.72      189.28     20
       248     28.43      19925.85      111.42      187.94     18
       249     28.56      21782.79      103.31      207.26     24
       250     28.71      23191.50      116.82      220.05     18
       251     28.85      18555.00       99.91      175.32     24
       252     29.00      21771.91      103.27      207.11     28
       253     29.15      21439.70      114.14      202.80     18
       254     29.28      20828.35      108.89      197.13     26
       255     29.39      18361.20      100.90      173.32     20
       256     29.51      20118.40      100.41      190.88     26
       257     29.63      21231.40       99.55      202.16     20
       258     29.75      21577.04      103.32      205.18     26
       259     29.87      19542.95      102.33      184.96     24
       260     29.99      20661.40      104.46      195.95     22
       261     30.11      21985.75      118.80      207.84     14
       262     30.23      20136.00      102.27      190.93     20
       263     30.35      20179.00      106.37      190.93     22
       264     30.48      20865.50      111.37      197.34     18
       265     30.60      20136.00      102.27      190.93     20
       266     30.72      20138.00      102.27      190.93     22
       267     30.84      20379.04      102.32      193.28     28
       268     30.96      19995.50      104.72      189.28     20
       269     31.08      18510.50       98.53      175.05     20
       270     31.20      23181.09      117.98      219.83     18
       271     31.33      21291.85      111.17      201.62     18
       272     31.44      20177.00      106.37      190.93     20
       273     31.56      21579.04      103.32      205.18     28
       274     31.68      24533.20      124.79      232.65     20
       275     31.80      18406.50      101.56      173.67     24
       276     31.91      20134.00      102.27      190.93     18
       277     32.04      24778.90      123.95      235.13     26
       278     32.16      20427.30      104.90      193.56     22
       279     32.28      18468.65      101.92      174.29     20
       280     32.39      18328.80       97.46      173.32     22
       281     32.51      23979.85      117.86      227.77     24
       282     32.63      20316.90      104.72      192.50     20
       283     32.75      18514.40       99.32      174.97     24
       284     32.87      18093.80      101.04      170.61     22
       285     32.98      18980.30      102.99      179.28     22
       286     33.11      18447.00      111.37      173.09     24
       287     33.22      21780.11      104.29      207.11     26
       288     33.34      20073.76      108.60      189.60     28
       289     33.46      20294.10      102.04      192.50     24
       290     33.58      22846.31      108.57      217.37     24
       291     33.70      23572.80      119.40      223.57     22
       292     33.82      21279.25      100.89      202.42     28
       293     33.94      20163.39      105.26      190.95     16
       294     34.06      20136.00      102.27      190.93     20
       295     34.18      20740.05      104.19      196.78     20
       296     34.31      22505.05      121.89      212.70     16
       297     34.43      18565.89      104.67      174.97     22
       298     34.55      22892.05      115.31      217.17     22
       299     34.67      22221.10      121.28      209.94     14
       300     34.79      20661.45      107.06      195.73     18
       301     34.91      21469.80      114.14      203.10     18
       302     35.03      20036.35      115.52      188.67     14
       303     35.14      19085.70      102.05      180.45     20
       304     35.26      18555.00       99.91      175.32     24
       305     35.38      19958.00      100.97      189.28     20
       306     35.50      23982.71      105.47      229.02     26
       307     35.61      20416.50      104.17      193.57     18
       308     35.74      18541.60       99.17      175.32     18
       309     35.86      18545.60       99.17      175.32     22
       310     35.97      24563.60      113.80      234.04     22
       311     36.09      20819.80      108.45      197.11     24
       312     36.21      20975.70      121.28      197.43     20
       313     36.32      20345.00      104.17      192.83     20
       314     36.44      21159.80       99.80      201.38     24
       315     36.56      18204.10       98.62      171.92     26
       316     36.68      22032.79      109.73      209.16     20
       317     36.80      20063.65      114.52      189.00     18
       318     36.92      20556.26      101.87      195.16     22
       319     37.04      18420.50       99.91      174.01     20
       320     37.16      20627.49      101.87      195.83     26
       321     37.27      21981.31      103.27      209.27     22
       322     37.39      22093.60      104.22      210.31     20
       323     37.51      22892.05      115.31      217.17     22
       324     37.62      20591.59      117.18      193.98     22
       325     37.75      18433.00      104.41      173.67     22
       326     37.86      19151.09      109.73      180.32     22
       327     37.98      21788.04      105.22      207.08     28
       328     38.10      20204.30      102.27      191.58     24
       329     38.22      23410.59      117.98      222.11     20
       330     38.34      18989.20      106.39      179.03     22
       331     38.45      20136.00      102.27      190.93     20
       332     38.57      21573.04      103.32      205.18     22
       333     38.69      20384.60      105.59      193.09     20
       334     38.81      21620.10      106.18      205.32     26
       335     38.93      21387.80      101.64      203.49     22
       336     39.05      23714.35      121.22      224.78     24
       337     39.17      21536.35      112.86      203.80     28
       338     39.29      19440.60      107.27      183.42     26
       339     39.41      20213.50      102.27      191.67     24
       340     39.54      21435.70      114.14      202.80     14
       341     39.65      21784.04      105.22      207.08     24
       342     39.78      21487.80      101.34      204.54     20
       343     39.89      19603.79      116.36      184.22     18
       344     40.00      18997.40      102.27      179.53     22
       345     40.13      20608.80      106.55      195.21     22
       346     40.24      20147.30      102.27      190.99     26
       347     40.36      18545.60       99.17      175.32     22
       348     40.47      20610.80      106.55      195.21     24
       349     40.59      19503.20      105.35      184.26     24
       350     40.71      22321.50      120.18      211.00     20
       351     40.83      20009.50      105.32      189.28     28
       352     40.95      21575.04      103.32      205.18     24
       353     41.07      22458.20      124.29      211.93     22
       354     41.18      19984.00      103.37      189.28     22
       355     41.30      20856.80      112.55      197.11     20
       356     41.42      19019.90      104.72      179.53     20
       357     41.54      23585.85      120.69      223.57     22
       358     41.65      20153.65      104.03      190.93     20
       359     41.76      21904.44      105.22      208.26     26
       360     41.88      17925.30       99.55      169.08     22  *
       361     42.00      20359.50      104.17      192.98     20
       362     42.12      18603.20      104.73      175.32     24
       363     42.23      21215.81      101.57      201.78     22
       364     42.34      18269.70      100.27      172.43     24
       365     42.46      22076.80      108.86      209.66     22
       366     42.57      19139.55      103.19      180.86     22
       367     42.69      22619.49      109.73      215.02     20
       368     42.80      21340.09      130.65      200.18     16
       369     42.91      19763.60      102.63      187.19     18
       370     43.03      26011.59      117.23      248.17     22
       371     43.15      17966.30      103.65      169.08     22
       372     43.27      21783.70      103.54      207.22     26
       373     43.39      21527.60      114.14      203.68     18
       374     43.51      18277.50      100.46      172.51     22
       375     43.62      20542.20      102.00      195.02     20
       376     43.74      23022.51      111.45      218.80     28
       377     43.87      21781.04      102.58      207.33     22
       378     43.99      21482.95      114.52      203.18     20
       379     44.10      20512.80      122.24      192.74     16
       380     44.22      20812.81      101.46      197.76     22
       381     44.35      20379.15      113.69      192.28     14
       382     44.47      21639.04      101.23      206.03     24
       383     44.60      20047.00      100.55      190.16     26
       384     44.72      23384.99      115.52      222.12     18
       385     44.84      20345.00      104.17      192.83     20
       386     44.96      20134.00      102.27      190.93     18
       387     45.09      20665.05      115.23      194.99     14
       388     45.20      21717.65      101.75      206.74     26
       389     45.32      22467.14      106.58      213.77     24
       390     45.44      19778.90      102.63      187.25     28
       391     45.55      21350.35      116.42      201.72     14
       392     45.67      21582.59      115.44      204.10     18
       393     45.79      20146.39      103.31      190.93     20
       394     45.91      19775.90      109.76      186.60     18
       395     46.03      18820.00       99.32      177.99     28
       396     46.14      22322.21      107.17      212.25     26
       397     46.26      20856.70      109.00      197.37     30
       398     46.38      18361.50       97.46      173.67     20
       399     46.50      21780.11      104.29      207.11     26
       400     46.62      20063.65      114.52      189.00     18
       401     46.73      21619.50      100.62      205.91     22
       402     46.85      20171.50      106.32      190.88     20
       403     46.97      20811.00      114.86      196.42     20
       404     47.10      20882.65      112.83      197.32     22
       405     47.21      18571.40       97.87      175.71     22
       406     47.32      21573.04      103.32      205.18     22
       407     47.44      21470.79      114.32      203.10     18
       408     47.55      18513.80       99.55      174.96     22
       409     47.67      20358.20      102.55      193.09     24
       410     47.79      21988.10      103.83      209.24     26
       411     47.90      24344.40      109.52      232.19     30
       412     48.03      21825.51      101.48      207.85     26
       413     48.14      20830.20      106.55      197.37     28
       414     48.27      18593.50      107.63      174.97     20
       415     48.39      20555.45      107.06      194.71     14
       416     48.50      21203.30      104.73      201.32     24
       417     48.62      19763.60      102.63      187.19     18
       418     48.74      21669.49      114.08      205.13     16
       419     48.86      23979.85      121.72      227.41     22
       420     48.97      21522.95      112.97      203.79     14
       421     49.09      21198.39      123.36      199.51     14
       422     49.20      21367.85      112.86      202.25     14
       423     49.31      20119.90      100.46      190.93     22
       424     49.43      20011.59      113.60      188.58     18
       425     49.55      21906.10      118.38      207.04     18
       426     49.67      21734.30      103.61      206.74     24
       427     49.79      21748.70       99.55      207.33     20
       428     49.95      21771.54      101.23      207.33     26
       429     50.13      22059.24      107.60      209.57     26
       430     50.27      18731.20      100.35      177.02     26
       431     50.40      17968.70      100.27      169.44     22
       432     50.52      21215.81      101.57      201.78     22
       433     50.65      24919.80      121.21      236.90     18
       434     50.77      22872.60      126.60      215.91     16
       435     50.89      21202.20      106.55      201.19     18
       436     51.02      18151.60      104.37      170.86     22
       437     51.14      21808.60      116.09      206.32     16
       438     51.27      19773.80      103.65      187.19     18
       439     51.40      21752.70       99.55      207.33     24
       440     51.52      18454.80       99.55      174.37     22
       441     51.64      21846.00      103.54      207.87     24
       442     51.76      20063.65      114.52      189.00     18
       443     51.88      18790.50      101.56      177.49     26
       444     52.00      22263.79      114.32      211.05     16
       445     52.11      20903.29      116.96      197.12     22
       446     52.24      21573.04      103.32      205.18     22
       447     52.36      21841.09      117.64      206.45     20
       448     52.48      20123.90      100.46      190.93     26
       449     52.60      18235.30      101.56      172.02     18
       450     52.72      19257.10      105.62      181.77     24
       451     52.84      18602.10       97.87      176.05     18
       452     52.96      21542.55      105.89      204.60     24
       453     53.09      20134.00      102.27      190.93     18
       454     53.21      20345.00      104.17      192.83     20
       455     53.33      21781.04      102.58      207.33     22
       456     53.45      21587.30      115.50      204.16     16
       457     53.56      20138.00      100.62      191.08     24
       458     53.68      19985.39      103.31      189.28     24
       459     53.81      20429.30      104.90      193.56     24
       460     53.92      21259.89      119.08      200.55     14
       461     54.04      20197.80      100.70      191.67     24
       462     54.17      23665.55      121.72      224.30     18
       463     54.29      20413.65      114.52      192.44     24
       464     54.41      18192.50      104.73      171.23     22
       465     54.52      18408.50      101.56      173.67     26
       466     54.65      22061.40      106.80      209.67     26
       467     54.77      21800.39      101.21      207.60     28
       468     54.89      18387.10      103.29      173.32     22
       469     55.03      18560.10       99.17      175.46     22
       470     55.15      21054.49      103.60      199.94     24
       471     55.27      21929.55      120.94      207.06     14
       472     55.39      21343.14      101.23      203.09     22
       473     55.51      20824.20      106.55      197.37     22
       474     55.62      21508.49      114.08      203.48     20
       475     55.75      21594.80      103.54      205.39     20
       476     55.87      18626.30      107.04      175.32     24
       477     55.99      20191.50      106.37      191.08     20
       478     56.11      20138.00      102.27      190.93     22
       479     56.23      21851.61      104.29      207.85     24
       480     56.35      23595.29      118.22      223.91     22
       481     56.47      21749.79      116.96      205.62     18
       482     56.58      19938.40       98.81      189.28     22
       483     56.70      18164.70      103.37      171.09     22
       484     56.82      19949.10      104.28      188.84     22
       485     56.95      21906.10      118.38      207.04     18
       486     57.07      23495.69      117.98      222.96     20
       487     57.18      19983.39      103.31      189.28     22
       488     57.29      21575.04      103.32      205.18     24
       489     57.41      23300.45      113.61      221.44     20
       490     57.53      21176.95      115.97      200.03     14
       491     57.65      21815.44      105.22      207.35     28
       492     57.78      21381.60      100.62      203.49     26
       493     57.90      21982.09      103.55      209.27     20
       494     58.02      21999.44      105.22      209.23     24
       495     58.13      21393.80      101.64      203.49     28
       496     58.26      19817.79      117.27      186.25     20
       497     58.38      20250.50      106.37      191.67     20
       498     58.51      23651.99      119.08      224.37     24
       499     58.66      20348.05      115.23      191.76     20
       500     58.80      18112.40      100.45      170.86     22
       501     58.96      18774.60      104.73      177.05     22
       502     59.10      20750.24      103.10      196.97     22
       503     59.25      20230.50      102.63      191.78     26
       504     59.40      18977.20      101.14      179.44     22
       505     59.52      21264.61      100.55      202.37     22
       506     59.64      20136.00      102.27      190.93     20
       507     59.76      22047.84      107.60      209.46     26
       508     59.89      18408.10       99.41      173.90     24
  ------------------------------------------------------------
