========================================================================
  ConstructiveHeuristic — unknown
========================================================================
  alpha=0.7  time_limit=60s  seed=None  min_sep=10.0
  weights: makespan=0.0  delay=0.0  movements=1.0

  Instance: 10 aircraft  5 positions  3 blocking arcs
  Blocking arcs: P3→P4  P3→P5  P4→P5

────────────────────────────────────────────────────────────────────────
  Best construction detail  (iter 1  obj=0.0000)
────────────────────────────────────────────────────────────────────────
Blocking arcs: P3→P4  P3→P5  P4→P5

Aircraft initial ranking (target_finish ASC, total_duration ASC):
  Rank   ID       earliest     target    duration
  ----------------------------------------------
  [ 0]  R8          13.02      21.99        7.74
  [ 1]  R10         18.84      29.89        9.26
  [ 2]  R3           0.00      35.63       16.05
  [ 3]  R1           0.00      51.06       21.52
  [ 4]  R2           0.00      53.35       25.44
  [ 5]  R4           5.62      55.07       20.17
  [ 6]  R5           6.51      60.01       20.40
  [ 7]  R6           8.77      62.89       20.80
  [ 8]  R7          12.91      63.99       21.55
  [ 9]  R9          13.44      70.59       27.15

========================================================================
  STEP 1/10
========================================================================

  Pair evaluation  (50 pairs):
    Rank   ID      Pos     t_start   t_finish    delay      gap   blocking      score    weight     P(%)   cum(%)
    ---------------------------------------------------------------------------------------------------------
    [ 0]  R8      P1        13.02      20.76     0.00     0.00       none       0.00    1.0000   70.00%   70.00%
    [ 1]  R8      P2        13.02      20.76     0.00     0.00       none       0.00    0.3000   21.00%   91.00%
    [ 2]  R8      P3        13.02      20.76     0.00     0.00       none       0.00    0.0900    6.30%   97.30%
    [ 3]  R8      P4        13.02      20.76     0.00     0.00       none       0.00    0.0270    1.89%   99.19%
    [ 4]  R8      P5        13.02      20.76     0.00     0.00       none       0.00    0.0081    0.57%   99.76%
    [ 5]  R10     P1        18.84      28.10     0.00     0.00       none       0.00    0.0024    0.17%   99.93%
    [ 6]  R10     P2        18.84      28.10     0.00     0.00       none       0.00    0.0007    0.05%   99.98%
    [ 7]  R10     P3        18.84      28.10     0.00     0.00       none       0.00    0.0002    0.02%   99.99%
    [ 8]  R10     P4        18.84      28.10     0.00     0.00       none       0.00    0.0001    0.00%  100.00%
    [ 9]  R10     P5        18.84      28.10     0.00     0.00       none       0.00    0.0000    0.00%  100.00%
    [10]  R3      P1         0.00      16.05     0.00     0.00       none       0.00    0.0000    0.00%  100.00%
    [11]  R3      P2         0.00      16.05     0.00     0.00       none       0.00    0.0000    0.00%  100.00%
    [12]  R3      P3         0.00      16.05     0.00     0.00       none       0.00    0.0000    0.00%  100.00%
    [13]  R3      P4         0.00      16.05     0.00     0.00       none       0.00    0.0000    0.00%  100.00%
    [14]  R3      P5         0.00      16.05     0.00     0.00       none       0.00    0.0000    0.00%  100.00%
    [15]  R1      P1         0.00      21.52     0.00     0.00       none       0.00    0.0000    0.00%  100.00%
    [16]  R1      P2         0.00      21.52     0.00     0.00       none       0.00    0.0000    0.00%  100.00%
    [17]  R1      P3         0.00      21.52     0.00     0.00       none       0.00    0.0000    0.00%  100.00%
    [18]  R1      P4         0.00      21.52     0.00     0.00       none       0.00    0.0000    0.00%  100.00%
    [19]  R1      P5         0.00      21.52     0.00     0.00       none       0.00    0.0000    0.00%  100.00%
    [20]  R2      P1         0.00      25.44     0.00     0.00       none       0.00    0.0000    0.00%  100.00%
    [21]  R2      P2         0.00      25.44     0.00     0.00       none       0.00    0.0000    0.00%  100.00%
    [22]  R2      P3         0.00      25.44     0.00     0.00       none       0.00    0.0000    0.00%  100.00%
    [23]  R2      P4         0.00      25.44     0.00     0.00       none       0.00    0.0000    0.00%  100.00%
    [24]  R2      P5         0.00      25.44     0.00     0.00       none       0.00    0.0000    0.00%  100.00%
    [25]  R4      P1         5.62      25.79     0.00     0.00       none       0.00    0.0000    0.00%  100.00%
    [26]  R4      P2         5.62      25.79     0.00     0.00       none       0.00    0.0000    0.00%  100.00%
    [27]  R4      P3         5.62      25.79     0.00     0.00       none       0.00    0.0000    0.00%  100.00%
    [28]  R4      P4         5.62      25.79     0.00     0.00       none       0.00    0.0000    0.00%  100.00%
    [29]  R4      P5         5.62      25.79     0.00     0.00       none       0.00    0.0000    0.00%  100.00%
    [30]  R5      P1         6.51      26.91     0.00     0.00       none       0.00    0.0000    0.00%  100.00%
    [31]  R5      P2         6.51      26.91     0.00     0.00       none       0.00    0.0000    0.00%  100.00%
    [32]  R5      P3         6.51      26.91     0.00     0.00       none       0.00    0.0000    0.00%  100.00%
    [33]  R5      P4         6.51      26.91     0.00     0.00       none       0.00    0.0000    0.00%  100.00%
    [34]  R5      P5         6.51      26.91     0.00     0.00       none       0.00    0.0000    0.00%  100.00%
    [35]  R6      P1         8.77      29.57     0.00     0.00       none       0.00    0.0000    0.00%  100.00%
    [36]  R6      P2         8.77      29.57     0.00     0.00       none       0.00    0.0000    0.00%  100.00%
    [37]  R6      P3         8.77      29.57     0.00     0.00       none       0.00    0.0000    0.00%  100.00%
    [38]  R6      P4         8.77      29.57     0.00     0.00       none       0.00    0.0000    0.00%  100.00%
    [39]  R6      P5         8.77      29.57     0.00     0.00       none       0.00    0.0000    0.00%  100.00%
    [40]  R7      P1        12.91      34.46     0.00     0.00       none       0.00    0.0000    0.00%  100.00%
    [41]  R7      P2        12.91      34.46     0.00     0.00       none       0.00    0.0000    0.00%  100.00%
    [42]  R7      P3        12.91      34.46     0.00     0.00       none       0.00    0.0000    0.00%  100.00%
    [43]  R7      P4        12.91      34.46     0.00     0.00       none       0.00    0.0000    0.00%  100.00%
    [44]  R7      P5        12.91      34.46     0.00     0.00       none       0.00    0.0000    0.00%  100.00%
    [45]  R9      P1        13.44      40.59     0.00     0.00       none       0.00    0.0000    0.00%  100.00%
    [46]  R9      P2        13.44      40.59     0.00     0.00       none       0.00    0.0000    0.00%  100.00%
    [47]  R9      P3        13.44      40.59     0.00     0.00       none       0.00    0.0000    0.00%  100.00%
    [48]  R9      P4        13.44      40.59     0.00     0.00       none       0.00    0.0000    0.00%  100.00%
    [49]  R9      P5        13.44      40.59     0.00     0.00       none       0.00    0.0000    0.00%  100.00%
    draw=1.4002  →  (R8, P4) (rank 3) selected

  Assignment: R8 → P4  [13.02 → 20.76]  delay=0.00
    J8-1       [13.02 → 20.75]

  Assigned so far:
    ID      Pos       start    finish    delay
    ----------------------------------------
    R8      P4        13.02     20.75     0.00

========================================================================
  STEP 2/10
========================================================================

  Pair evaluation  (45 pairs):
    Rank   ID      Pos     t_start   t_finish    delay      gap   blocking      score    weight     P(%)   cum(%)
    ---------------------------------------------------------------------------------------------------------
    [ 0]  R10     P1        18.84      28.10     0.00     0.00       none       0.00    1.0000   70.00%   70.00%
    [ 1]  R10     P2        18.84      28.10     0.00     0.00       none       0.00    0.3000   21.00%   91.00%
    [ 2]  R10     P3        20.76      30.02     0.13     0.00       none       0.00    0.0900    6.30%   97.30%
    [ 3]  R10     P4        30.76      40.02    10.13    10.00       none       0.00    0.0270    1.89%   99.19%
    [ 4]  R10     P5        20.76      30.02     0.13     0.00       none       0.00    0.0081    0.57%   99.76%
    [ 5]  R3      P1         0.00      16.05     0.00     0.00       none       0.00    0.0024    0.17%   99.93%
    [ 6]  R3      P2         0.00      16.05     0.00     0.00       none       0.00    0.0007    0.05%   99.98%
    [ 7]  R3      P3        20.76      36.80     1.18     0.00       none       0.00    0.0002    0.02%   99.99%
    [ 8]  R3      P4        30.76      46.80    11.18    10.00       none       0.00    0.0001    0.00%  100.00%
    [ 9]  R3      P5         4.71      20.76     0.00     0.00       none       0.00    0.0000    0.00%  100.00%
    [10]  R1      P1         0.00      21.52     0.00     0.00       none       0.00    0.0000    0.00%  100.00%
    [11]  R1      P2         0.00      21.52     0.00     0.00       none       0.00    0.0000    0.00%  100.00%
    [12]  R1      P3        20.76      42.28     0.00     0.00       none       0.00    0.0000    0.00%  100.00%
    [13]  R1      P4        30.76      52.28     1.21    10.00       none       0.00    0.0000    0.00%  100.00%
    [14]  R1      P5         0.00      21.52     0.00     0.00       none       0.00    0.0000    0.00%  100.00%
    [15]  R2      P1         0.00      25.44     0.00     0.00       none       0.00    0.0000    0.00%  100.00%
    [16]  R2      P2         0.00      25.44     0.00     0.00       none       0.00    0.0000    0.00%  100.00%
    [17]  R2      P3        20.76      46.20     0.00     0.00       none       0.00    0.0000    0.00%  100.00%
    [18]  R2      P4        30.76      56.20     2.84    10.00       none       0.00    0.0000    0.00%  100.00%
    [19]  R2      P5         0.00      25.44     0.00     0.00       none       0.00    0.0000    0.00%  100.00%
    [20]  R4      P1         5.62      25.79     0.00     0.00       none       0.00    0.0000    0.00%  100.00%
    [21]  R4      P2         5.62      25.79     0.00     0.00       none       0.00    0.0000    0.00%  100.00%
    [22]  R4      P3        20.76      40.93     0.00     0.00       none       0.00    0.0000    0.00%  100.00%
    [23]  R4      P4        30.76      50.93     0.00    10.00       none       0.00    0.0000    0.00%  100.00%
    [24]  R4      P5         5.62      25.79     0.00     0.00       none       0.00    0.0000    0.00%  100.00%
    [25]  R5      P1         6.51      26.91     0.00     0.00       none       0.00    0.0000    0.00%  100.00%
    [26]  R5      P2         6.51      26.91     0.00     0.00       none       0.00    0.0000    0.00%  100.00%
    [27]  R5      P3        20.76      41.16     0.00     0.00       none       0.00    0.0000    0.00%  100.00%
    [28]  R5      P4        30.76      51.16     0.00    10.00       none       0.00    0.0000    0.00%  100.00%
    [29]  R5      P5         6.51      26.91     0.00     0.00       none       0.00    0.0000    0.00%  100.00%
    [30]  R6      P1         8.77      29.57     0.00     0.00       none       0.00    0.0000    0.00%  100.00%
    [31]  R6      P2         8.77      29.57     0.00     0.00       none       0.00    0.0000    0.00%  100.00%
    [32]  R6      P3        20.76      41.56     0.00     0.00       none       0.00    0.0000    0.00%  100.00%
    [33]  R6      P4        30.76      51.56     0.00    10.00       none       0.00    0.0000    0.00%  100.00%
    [34]  R6      P5         8.77      29.57     0.00     0.00       none       0.00    0.0000    0.00%  100.00%
    [35]  R7      P1        12.91      34.46     0.00     0.00       none       0.00    0.0000    0.00%  100.00%
    [36]  R7      P2        12.91      34.46     0.00     0.00       none       0.00    0.0000    0.00%  100.00%
    [37]  R7      P3        20.76      42.31     0.00     0.00       none       0.00    0.0000    0.00%  100.00%
    [38]  R7      P4        30.76      52.31     0.00    10.00       none       0.00    0.0000    0.00%  100.00%
    [39]  R7      P5        12.91      34.46     0.00     0.00       none       0.00    0.0000    0.00%  100.00%
    [40]  R9      P1        13.44      40.59     0.00     0.00       none       0.00    0.0000    0.00%  100.00%
    [41]  R9      P2        13.44      40.59     0.00     0.00       none       0.00    0.0000    0.00%  100.00%
    [42]  R9      P3        20.76      47.91     0.00     0.00       none       0.00    0.0000    0.00%  100.00%
    [43]  R9      P4        30.76      57.91     0.00    10.00       none       0.00    0.0000    0.00%  100.00%
    [44]  R9      P5        20.76      47.91     0.00     0.00       none       0.00    0.0000    0.00%  100.00%
    draw=0.3187  →  (R10, P1) (rank 0) selected

  Assignment: R10 → P1  [18.84 → 28.10]  delay=0.00
    J10-1      [18.84 → 28.10]

  Assigned so far:
    ID      Pos       start    finish    delay
    ----------------------------------------
    R8      P4        13.02     20.75     0.00
    R10     P1        18.84     28.10     0.00

========================================================================
  STEP 3/10
========================================================================

  Pair evaluation  (40 pairs):
    Rank   ID      Pos     t_start   t_finish    delay      gap   blocking      score    weight     P(%)   cum(%)
    ---------------------------------------------------------------------------------------------------------
    [ 0]  R3      P1        38.10      54.15    18.52    10.00       none       0.00    1.0000   70.00%   70.00%
    [ 1]  R3      P2         0.00      16.05     0.00     0.00       none       0.00    0.3000   21.00%   91.00%
    [ 2]  R3      P3        20.76      36.80     1.18     0.00       none       0.00    0.0900    6.30%   97.30%
    [ 3]  R3      P4        30.76      46.80    11.18    10.00       none       0.00    0.0270    1.89%   99.19%
    [ 4]  R3      P5         4.71      20.76     0.00     0.00       none       0.00    0.0081    0.57%   99.76%
    [ 5]  R1      P1        38.10      59.62     8.56    10.00       none       0.00    0.0024    0.17%   99.93%
    [ 6]  R1      P2         0.00      21.52     0.00     0.00       none       0.00    0.0007    0.05%   99.98%
    [ 7]  R1      P3        20.76      42.28     0.00     0.00       none       0.00    0.0002    0.02%   99.99%
    [ 8]  R1      P4        30.76      52.28     1.21    10.00       none       0.00    0.0001    0.00%  100.00%
    [ 9]  R1      P5         0.00      21.52     0.00     0.00       none       0.00    0.0000    0.00%  100.00%
    [10]  R2      P1        38.10      63.54    10.19    10.00       none       0.00    0.0000    0.00%  100.00%
    [11]  R2      P2         0.00      25.44     0.00     0.00       none       0.00    0.0000    0.00%  100.00%
    [12]  R2      P3        20.76      46.20     0.00     0.00       none       0.00    0.0000    0.00%  100.00%
    [13]  R2      P4        30.76      56.20     2.84    10.00       none       0.00    0.0000    0.00%  100.00%
    [14]  R2      P5         0.00      25.44     0.00     0.00       none       0.00    0.0000    0.00%  100.00%
    [15]  R4      P1        38.10      58.27     3.20    10.00       none       0.00    0.0000    0.00%  100.00%
    [16]  R4      P2         5.62      25.79     0.00     0.00       none       0.00    0.0000    0.00%  100.00%
    [17]  R4      P3        20.76      40.93     0.00     0.00       none       0.00    0.0000    0.00%  100.00%
    [18]  R4      P4        30.76      50.93     0.00    10.00       none       0.00    0.0000    0.00%  100.00%
    [19]  R4      P5         5.62      25.79     0.00     0.00       none       0.00    0.0000    0.00%  100.00%
    [20]  R5      P1        38.10      58.50     0.00    10.00       none       0.00    0.0000    0.00%  100.00%
    [21]  R5      P2         6.51      26.91     0.00     0.00       none       0.00    0.0000    0.00%  100.00%
    [22]  R5      P3        20.76      41.16     0.00     0.00       none       0.00    0.0000    0.00%  100.00%
    [23]  R5      P4        30.76      51.16     0.00    10.00       none       0.00    0.0000    0.00%  100.00%
    [24]  R5      P5         6.51      26.91     0.00     0.00       none       0.00    0.0000    0.00%  100.00%
    [25]  R6      P1        38.10      58.90     0.00    10.00       none       0.00    0.0000    0.00%  100.00%
    [26]  R6      P2         8.77      29.57     0.00     0.00       none       0.00    0.0000    0.00%  100.00%
    [27]  R6      P3        20.76      41.56     0.00     0.00       none       0.00    0.0000    0.00%  100.00%
    [28]  R6      P4        30.76      51.56     0.00    10.00       none       0.00    0.0000    0.00%  100.00%
    [29]  R6      P5         8.77      29.57     0.00     0.00       none       0.00    0.0000    0.00%  100.00%
    [30]  R7      P1        38.10      59.65     0.00    10.00       none       0.00    0.0000    0.00%  100.00%
    [31]  R7      P2        12.91      34.46     0.00     0.00       none       0.00    0.0000    0.00%  100.00%
    [32]  R7      P3        20.76      42.31     0.00     0.00       none       0.00    0.0000    0.00%  100.00%
    [33]  R7      P4        30.76      52.31     0.00    10.00       none       0.00    0.0000    0.00%  100.00%
    [34]  R7      P5        12.91      34.46     0.00     0.00       none       0.00    0.0000    0.00%  100.00%
    [35]  R9      P1        38.10      65.25     0.00    10.00       none       0.00    0.0000    0.00%  100.00%
    [36]  R9      P2        13.44      40.59     0.00     0.00       none       0.00    0.0000    0.00%  100.00%
    [37]  R9      P3        20.76      47.91     0.00     0.00       none       0.00    0.0000    0.00%  100.00%
    [38]  R9      P4        30.76      57.91     0.00    10.00       none       0.00    0.0000    0.00%  100.00%
    [39]  R9      P5        20.76      47.91     0.00     0.00       none       0.00    0.0000    0.00%  100.00%
    draw=0.7137  →  (R3, P1) (rank 0) selected

  Assignment: R3 → P1  [38.10 → 54.15]  delay=18.52
    J3-1       [38.10 → 47.05]
    J3-2       [47.05 → 54.15]

  Assigned so far:
    ID      Pos       start    finish    delay
    ----------------------------------------
    R8      P4        13.02     20.75     0.00
    R10     P1        18.84     28.10     0.00
    R3      P1        38.10     54.15    18.52

========================================================================
  STEP 4/10
========================================================================

  Pair evaluation  (35 pairs):
    Rank   ID      Pos     t_start   t_finish    delay      gap   blocking      score    weight     P(%)   cum(%)
    ---------------------------------------------------------------------------------------------------------
    [ 0]  R1      P1        64.15      85.67    34.61    10.00       none       0.00    1.0000   70.00%   70.00%
    [ 1]  R1      P2         0.00      21.52     0.00     0.00       none       0.00    0.3000   21.00%   91.00%
    [ 2]  R1      P3        20.76      42.28     0.00     0.00       none       0.00    0.0900    6.30%   97.30%
    [ 3]  R1      P4        30.76      52.28     1.21    10.00       none       0.00    0.0270    1.89%   99.19%
    [ 4]  R1      P5         0.00      21.52     0.00     0.00       none       0.00    0.0081    0.57%   99.76%
    [ 5]  R2      P1        64.15      89.59    36.24    10.00       none       0.00    0.0024    0.17%   99.93%
    [ 6]  R2      P2         0.00      25.44     0.00     0.00       none       0.00    0.0007    0.05%   99.98%
    [ 7]  R2      P3        20.76      46.20     0.00     0.00       none       0.00    0.0002    0.02%   99.99%
    [ 8]  R2      P4        30.76      56.20     2.84    10.00       none       0.00    0.0001    0.00%  100.00%
    [ 9]  R2      P5         0.00      25.44     0.00     0.00       none       0.00    0.0000    0.00%  100.00%
    [10]  R4      P1        64.15      84.32    29.25    10.00       none       0.00    0.0000    0.00%  100.00%
    [11]  R4      P2         5.62      25.79     0.00     0.00       none       0.00    0.0000    0.00%  100.00%
    [12]  R4      P3        20.76      40.93     0.00     0.00       none       0.00    0.0000    0.00%  100.00%
    [13]  R4      P4        30.76      50.93     0.00    10.00       none       0.00    0.0000    0.00%  100.00%
    [14]  R4      P5         5.62      25.79     0.00     0.00       none       0.00    0.0000    0.00%  100.00%
    [15]  R5      P1        64.15      84.55    24.54    10.00       none       0.00    0.0000    0.00%  100.00%
    [16]  R5      P2         6.51      26.91     0.00     0.00       none       0.00    0.0000    0.00%  100.00%
    [17]  R5      P3        20.76      41.16     0.00     0.00       none       0.00    0.0000    0.00%  100.00%
    [18]  R5      P4        30.76      51.16     0.00    10.00       none       0.00    0.0000    0.00%  100.00%
    [19]  R5      P5         6.51      26.91     0.00     0.00       none       0.00    0.0000    0.00%  100.00%
    [20]  R6      P1        64.15      84.95    22.06    10.00       none       0.00    0.0000    0.00%  100.00%
    [21]  R6      P2         8.77      29.57     0.00     0.00       none       0.00    0.0000    0.00%  100.00%
    [22]  R6      P3        20.76      41.56     0.00     0.00       none       0.00    0.0000    0.00%  100.00%
    [23]  R6      P4        30.76      51.56     0.00    10.00       none       0.00    0.0000    0.00%  100.00%
    [24]  R6      P5         8.77      29.57     0.00     0.00       none       0.00    0.0000    0.00%  100.00%
    [25]  R7      P1        64.15      85.70    21.71    10.00       none       0.00    0.0000    0.00%  100.00%
    [26]  R7      P2        12.91      34.46     0.00     0.00       none       0.00    0.0000    0.00%  100.00%
    [27]  R7      P3        20.76      42.31     0.00     0.00       none       0.00    0.0000    0.00%  100.00%
    [28]  R7      P4        30.76      52.31     0.00    10.00       none       0.00    0.0000    0.00%  100.00%
    [29]  R7      P5        12.91      34.46     0.00     0.00       none       0.00    0.0000    0.00%  100.00%
    [30]  R9      P1        64.15      91.30    20.71    10.00       none       0.00    0.0000    0.00%  100.00%
    [31]  R9      P2        13.44      40.59     0.00     0.00       none       0.00    0.0000    0.00%  100.00%
    [32]  R9      P3        20.76      47.91     0.00     0.00       none       0.00    0.0000    0.00%  100.00%
    [33]  R9      P4        30.76      57.91     0.00    10.00       none       0.00    0.0000    0.00%  100.00%
    [34]  R9      P5        20.76      47.91     0.00     0.00       none       0.00    0.0000    0.00%  100.00%
    draw=0.9128  →  (R1, P1) (rank 0) selected

  Assignment: R1 → P1  [64.15 → 85.67]  delay=34.61
    J1-1       [64.15 → 70.70]
    J1-2       [70.70 → 77.14]
    J1-3       [77.14 → 85.67]

  Assigned so far:
    ID      Pos       start    finish    delay
    ----------------------------------------
    R8      P4        13.02     20.75     0.00
    R10     P1        18.84     28.10     0.00
    R3      P1        38.10     54.15    18.52
    R1      P1        64.15     85.67    34.61

========================================================================
  STEP 5/10
========================================================================

  Pair evaluation  (30 pairs):
    Rank   ID      Pos     t_start   t_finish    delay      gap   blocking      score    weight     P(%)   cum(%)
    ---------------------------------------------------------------------------------------------------------
    [ 0]  R2      P1        95.67     121.11    67.76    10.00       none       0.00    1.0000   70.00%   70.00%
    [ 1]  R2      P2         0.00      25.44     0.00     0.00       none       0.00    0.3000   21.00%   91.00%
    [ 2]  R2      P3        20.76      46.20     0.00     0.00       none       0.00    0.0900    6.30%   97.30%
    [ 3]  R2      P4        30.76      56.20     2.84    10.00       none       0.00    0.0270    1.89%   99.19%
    [ 4]  R2      P5         0.00      25.44     0.00     0.00       none       0.00    0.0081    0.57%   99.76%
    [ 5]  R4      P1        95.67     115.84    60.77    10.00       none       0.00    0.0024    0.17%   99.93%
    [ 6]  R4      P2         5.62      25.79     0.00     0.00       none       0.00    0.0007    0.05%   99.98%
    [ 7]  R4      P3        20.76      40.93     0.00     0.00       none       0.00    0.0002    0.02%   99.99%
    [ 8]  R4      P4        30.76      50.93     0.00    10.00       none       0.00    0.0001    0.00%  100.00%
    [ 9]  R4      P5         5.62      25.79     0.00     0.00       none       0.00    0.0000    0.00%  100.00%
    [10]  R5      P1        95.67     116.07    56.06    10.00       none       0.00    0.0000    0.00%  100.00%
    [11]  R5      P2         6.51      26.91     0.00     0.00       none       0.00    0.0000    0.00%  100.00%
    [12]  R5      P3        20.76      41.16     0.00     0.00       none       0.00    0.0000    0.00%  100.00%
    [13]  R5      P4        30.76      51.16     0.00    10.00       none       0.00    0.0000    0.00%  100.00%
    [14]  R5      P5         6.51      26.91     0.00     0.00       none       0.00    0.0000    0.00%  100.00%
    [15]  R6      P1        95.67     116.47    53.58    10.00       none       0.00    0.0000    0.00%  100.00%
    [16]  R6      P2         8.77      29.57     0.00     0.00       none       0.00    0.0000    0.00%  100.00%
    [17]  R6      P3        20.76      41.56     0.00     0.00       none       0.00    0.0000    0.00%  100.00%
    [18]  R6      P4        30.76      51.56     0.00    10.00       none       0.00    0.0000    0.00%  100.00%
    [19]  R6      P5         8.77      29.57     0.00     0.00       none       0.00    0.0000    0.00%  100.00%
    [20]  R7      P1        95.67     117.22    53.23    10.00       none       0.00    0.0000    0.00%  100.00%
    [21]  R7      P2        12.91      34.46     0.00     0.00       none       0.00    0.0000    0.00%  100.00%
    [22]  R7      P3        20.76      42.31     0.00     0.00       none       0.00    0.0000    0.00%  100.00%
    [23]  R7      P4        30.76      52.31     0.00    10.00       none       0.00    0.0000    0.00%  100.00%
    [24]  R7      P5        12.91      34.46     0.00     0.00       none       0.00    0.0000    0.00%  100.00%
    [25]  R9      P1        95.67     122.82    52.23    10.00       none       0.00    0.0000    0.00%  100.00%
    [26]  R9      P2        13.44      40.59     0.00     0.00       none       0.00    0.0000    0.00%  100.00%
    [27]  R9      P3        20.76      47.91     0.00     0.00       none       0.00    0.0000    0.00%  100.00%
    [28]  R9      P4        30.76      57.91     0.00    10.00       none       0.00    0.0000    0.00%  100.00%
    [29]  R9      P5        20.76      47.91     0.00     0.00       none       0.00    0.0000    0.00%  100.00%
    draw=0.1880  →  (R2, P1) (rank 0) selected

  Assignment: R2 → P1  [95.67 → 121.11]  delay=67.76
    J2-1       [95.67 → 103.17]
    J2-2       [103.17 → 111.42]
    J2-3       [111.42 → 121.11]

  Assigned so far:
    ID      Pos       start    finish    delay
    ----------------------------------------
    R8      P4        13.02     20.75     0.00
    R10     P1        18.84     28.10     0.00
    R3      P1        38.10     54.15    18.52
    R1      P1        64.15     85.67    34.61
    R2      P1        95.67    121.11    67.76

========================================================================
  STEP 6/10
========================================================================

  Pair evaluation  (25 pairs):
    Rank   ID      Pos     t_start   t_finish    delay      gap   blocking      score    weight     P(%)   cum(%)
    ---------------------------------------------------------------------------------------------------------
    [ 0]  R4      P1       131.11     151.28    96.21    10.00       none       0.00    1.0000   70.00%   70.00%
    [ 1]  R4      P2         5.62      25.79     0.00     0.00       none       0.00    0.3000   21.00%   91.00%
    [ 2]  R4      P3        20.76      40.93     0.00     0.00       none       0.00    0.0900    6.30%   97.30%
    [ 3]  R4      P4        30.76      50.93     0.00    10.00       none       0.00    0.0270    1.89%   99.19%
    [ 4]  R4      P5         5.62      25.79     0.00     0.00       none       0.00    0.0081    0.57%   99.76%
    [ 5]  R5      P1       131.11     151.51    91.50    10.00       none       0.00    0.0024    0.17%   99.93%
    [ 6]  R5      P2         6.51      26.91     0.00     0.00       none       0.00    0.0007    0.05%   99.98%
    [ 7]  R5      P3        20.76      41.16     0.00     0.00       none       0.00    0.0002    0.02%   99.99%
    [ 8]  R5      P4        30.76      51.16     0.00    10.00       none       0.00    0.0001    0.00%  100.00%
    [ 9]  R5      P5         6.51      26.91     0.00     0.00       none       0.00    0.0000    0.00%  100.00%
    [10]  R6      P1       131.11     151.91    89.02    10.00       none       0.00    0.0000    0.00%  100.00%
    [11]  R6      P2         8.77      29.57     0.00     0.00       none       0.00    0.0000    0.00%  100.00%
    [12]  R6      P3        20.76      41.56     0.00     0.00       none       0.00    0.0000    0.00%  100.00%
    [13]  R6      P4        30.76      51.56     0.00    10.00       none       0.00    0.0000    0.00%  100.00%
    [14]  R6      P5         8.77      29.57     0.00     0.00       none       0.00    0.0000    0.00%  100.00%
    [15]  R7      P1       131.11     152.66    88.67    10.00       none       0.00    0.0000    0.00%  100.00%
    [16]  R7      P2        12.91      34.46     0.00     0.00       none       0.00    0.0000    0.00%  100.00%
    [17]  R7      P3        20.76      42.31     0.00     0.00       none       0.00    0.0000    0.00%  100.00%
    [18]  R7      P4        30.76      52.31     0.00    10.00       none       0.00    0.0000    0.00%  100.00%
    [19]  R7      P5        12.91      34.46     0.00     0.00       none       0.00    0.0000    0.00%  100.00%
    [20]  R9      P1       131.11     158.26    87.67    10.00       none       0.00    0.0000    0.00%  100.00%
    [21]  R9      P2        13.44      40.59     0.00     0.00       none       0.00    0.0000    0.00%  100.00%
    [22]  R9      P3        20.76      47.91     0.00     0.00       none       0.00    0.0000    0.00%  100.00%
    [23]  R9      P4        30.76      57.91     0.00    10.00       none       0.00    0.0000    0.00%  100.00%
    [24]  R9      P5        20.76      47.91     0.00     0.00       none       0.00    0.0000    0.00%  100.00%
    draw=0.6904  →  (R4, P1) (rank 0) selected

  Assignment: R4 → P1  [131.11 → 151.28]  delay=96.21
    J4-1       [131.11 → 137.60]
    J4-2       [137.60 → 143.97]
    J4-3       [143.97 → 151.28]

  Assigned so far:
    ID      Pos       start    finish    delay
    ----------------------------------------
    R8      P4        13.02     20.75     0.00
    R10     P1        18.84     28.10     0.00
    R3      P1        38.10     54.15    18.52
    R1      P1        64.15     85.67    34.61
    R2      P1        95.67    121.11    67.76
    R4      P1       131.11    151.28    96.21

========================================================================
  STEP 7/10
========================================================================

  Pair evaluation  (20 pairs):
    Rank   ID      Pos     t_start   t_finish    delay      gap   blocking      score    weight     P(%)   cum(%)
    ---------------------------------------------------------------------------------------------------------
    [ 0]  R5      P1       161.28     181.68   121.67    10.00       none       0.00    1.0000   70.00%   70.00%
    [ 1]  R5      P2         6.51      26.91     0.00     0.00       none       0.00    0.3000   21.00%   91.00%
    [ 2]  R5      P3        20.76      41.16     0.00     0.00       none       0.00    0.0900    6.30%   97.30%
    [ 3]  R5      P4        30.76      51.16     0.00    10.00       none       0.00    0.0270    1.89%   99.19%
    [ 4]  R5      P5         6.51      26.91     0.00     0.00       none       0.00    0.0081    0.57%   99.76%
    [ 5]  R6      P1       161.28     182.08   119.19    10.00       none       0.00    0.0024    0.17%   99.93%
    [ 6]  R6      P2         8.77      29.57     0.00     0.00       none       0.00    0.0007    0.05%   99.98%
    [ 7]  R6      P3        20.76      41.56     0.00     0.00       none       0.00    0.0002    0.02%   99.99%
    [ 8]  R6      P4        30.76      51.56     0.00    10.00       none       0.00    0.0001    0.00%  100.00%
    [ 9]  R6      P5         8.77      29.57     0.00     0.00       none       0.00    0.0000    0.00%  100.00%
    [10]  R7      P1       161.28     182.83   118.84    10.00       none       0.00    0.0000    0.00%  100.00%
    [11]  R7      P2        12.91      34.46     0.00     0.00       none       0.00    0.0000    0.00%  100.00%
    [12]  R7      P3        20.76      42.31     0.00     0.00       none       0.00    0.0000    0.00%  100.00%
    [13]  R7      P4        30.76      52.31     0.00    10.00       none       0.00    0.0000    0.00%  100.00%
    [14]  R7      P5        12.91      34.46     0.00     0.00       none       0.00    0.0000    0.00%  100.00%
    [15]  R9      P1       161.28     188.43   117.84    10.00       none       0.00    0.0000    0.00%  100.00%
    [16]  R9      P2        13.44      40.59     0.00     0.00       none       0.00    0.0000    0.00%  100.00%
    [17]  R9      P3        20.76      47.91     0.00     0.00       none       0.00    0.0000    0.00%  100.00%
    [18]  R9      P4        30.76      57.91     0.00    10.00       none       0.00    0.0000    0.00%  100.00%
    [19]  R9      P5        20.76      47.91     0.00     0.00       none       0.00    0.0000    0.00%  100.00%
    draw=1.2979  →  (R5, P2) (rank 1) selected

  Assignment: R5 → P2  [6.51 → 26.91]  delay=0.00
    J5-1       [6.51 → 12.57]
    J5-2       [12.57 → 18.30]
    J5-3       [18.30 → 26.91]

  Assigned so far:
    ID      Pos       start    finish    delay
    ----------------------------------------
    R8      P4        13.02     20.75     0.00
    R10     P1        18.84     28.10     0.00
    R3      P1        38.10     54.15    18.52
    R1      P1        64.15     85.67    34.61
    R2      P1        95.67    121.11    67.76
    R4      P1       131.11    151.28    96.21
    R5      P2         6.51     26.91     0.00

========================================================================
  STEP 8/10
========================================================================

  Pair evaluation  (15 pairs):
    Rank   ID      Pos     t_start   t_finish    delay      gap   blocking      score    weight     P(%)   cum(%)
    ---------------------------------------------------------------------------------------------------------
    [ 0]  R6      P1       161.28     182.08   119.19    10.00       none       0.00    1.0000   70.00%   70.00%
    [ 1]  R6      P2        36.91      57.71     0.00    10.00       none       0.00    0.3000   21.00%   91.00%
    [ 2]  R6      P3        20.76      41.56     0.00     0.00       none       0.00    0.0900    6.30%   97.30%
    [ 3]  R6      P4        30.76      51.56     0.00    10.00       none       0.00    0.0270    1.89%   99.19%
    [ 4]  R6      P5         8.77      29.57     0.00     0.00       none       0.00    0.0081    0.57%   99.76%
    [ 5]  R7      P1       161.28     182.83   118.84    10.00       none       0.00    0.0024    0.17%   99.93%
    [ 6]  R7      P2        36.91      58.46     0.00    10.00       none       0.00    0.0007    0.05%   99.98%
    [ 7]  R7      P3        20.76      42.31     0.00     0.00       none       0.00    0.0002    0.02%   99.99%
    [ 8]  R7      P4        30.76      52.31     0.00    10.00       none       0.00    0.0001    0.00%  100.00%
    [ 9]  R7      P5        12.91      34.46     0.00     0.00       none       0.00    0.0000    0.00%  100.00%
    [10]  R9      P1       161.28     188.43   117.84    10.00       none       0.00    0.0000    0.00%  100.00%
    [11]  R9      P2        36.91      64.06     0.00    10.00       none       0.00    0.0000    0.00%  100.00%
    [12]  R9      P3        20.76      47.91     0.00     0.00       none       0.00    0.0000    0.00%  100.00%
    [13]  R9      P4        30.76      57.91     0.00    10.00       none       0.00    0.0000    0.00%  100.00%
    [14]  R9      P5        20.76      47.91     0.00     0.00       none       0.00    0.0000    0.00%  100.00%
    draw=1.0937  →  (R6, P2) (rank 1) selected

  Assignment: R6 → P2  [36.91 → 57.71]  delay=0.00
    J6-1       [36.91 → 41.21]
    J6-2       [41.21 → 48.86]
    J6-3       [48.86 → 57.71]

  Assigned so far:
    ID      Pos       start    finish    delay
    ----------------------------------------
    R8      P4        13.02     20.75     0.00
    R10     P1        18.84     28.10     0.00
    R3      P1        38.10     54.15    18.52
    R1      P1        64.15     85.67    34.61
    R2      P1        95.67    121.11    67.76
    R4      P1       131.11    151.28    96.21
    R5      P2         6.51     26.91     0.00
    R6      P2        36.91     57.71     0.00

========================================================================
  STEP 9/10
========================================================================

  Pair evaluation  (10 pairs):
    Rank   ID      Pos     t_start   t_finish    delay      gap   blocking      score    weight     P(%)   cum(%)
    ---------------------------------------------------------------------------------------------------------
    [ 0]  R7      P1       161.28     182.83   118.84    10.00       none       0.00    1.0000   70.00%   70.00%
    [ 1]  R7      P2        67.71      89.26    25.27    10.00       none       0.00    0.3000   21.00%   91.00%
    [ 2]  R7      P3        20.76      42.31     0.00     0.00       none       0.00    0.0900    6.30%   97.30%
    [ 3]  R7      P4        30.76      52.31     0.00    10.00       none       0.00    0.0270    1.89%   99.19%
    [ 4]  R7      P5        12.91      34.46     0.00     0.00       none       0.00    0.0081    0.57%   99.76%
    [ 5]  R9      P1       161.28     188.43   117.84    10.00       none       0.00    0.0024    0.17%   99.93%
    [ 6]  R9      P2        67.71      94.86    24.27    10.00       none       0.00    0.0007    0.05%   99.98%
    [ 7]  R9      P3        20.76      47.91     0.00     0.00       none       0.00    0.0002    0.02%   99.99%
    [ 8]  R9      P4        30.76      57.91     0.00    10.00       none       0.00    0.0001    0.00%  100.00%
    [ 9]  R9      P5        20.76      47.91     0.00     0.00       none       0.00    0.0000    0.00%  100.00%
    draw=0.6020  →  (R7, P1) (rank 0) selected

  Assignment: R7 → P1  [161.28 → 182.83]  delay=118.84
    J7-1       [161.28 → 167.05]
    J7-2       [167.05 → 173.53]
    J7-3       [173.53 → 182.83]

  Assigned so far:
    ID      Pos       start    finish    delay
    ----------------------------------------
    R8      P4        13.02     20.75     0.00
    R10     P1        18.84     28.10     0.00
    R3      P1        38.10     54.15    18.52
    R1      P1        64.15     85.67    34.61
    R2      P1        95.67    121.11    67.76
    R4      P1       131.11    151.28    96.21
    R5      P2         6.51     26.91     0.00
    R6      P2        36.91     57.71     0.00
    R7      P1       161.28    182.83   118.84

========================================================================
  STEP 10/10
========================================================================

  Pair evaluation  (5 pairs):
    Rank   ID      Pos     t_start   t_finish    delay      gap   blocking      score    weight     P(%)   cum(%)
    ---------------------------------------------------------------------------------------------------------
    [ 0]  R9      P1       192.83     219.98   149.39    10.00       none       0.00    1.0000   70.17%   70.17%
    [ 1]  R9      P2        67.71      94.86    24.27    10.00       none       0.00    0.3000   21.05%   91.22%
    [ 2]  R9      P3        20.76      47.91     0.00     0.00       none       0.00    0.0900    6.32%   97.54%
    [ 3]  R9      P4        30.76      57.91     0.00    10.00       none       0.00    0.0270    1.89%   99.43%
    [ 4]  R9      P5        20.76      47.91     0.00     0.00       none       0.00    0.0081    0.57%  100.00%
    draw=0.4651  →  (R9, P1) (rank 0) selected

  Assignment: R9 → P1  [192.83 → 219.98]  delay=149.39
    J9-1       [192.83 → 199.98]
    J9-2       [199.98 → 210.01]
    J9-3       [210.01 → 219.98]

  Assigned so far:
    ID      Pos       start    finish    delay
    ----------------------------------------
    R8      P4        13.02     20.75     0.00
    R10     P1        18.84     28.10     0.00
    R3      P1        38.10     54.15    18.52
    R1      P1        64.15     85.67    34.61
    R2      P1        95.67    121.11    67.76
    R4      P1       131.11    151.28    96.21
    R5      P2         6.51     26.91     0.00
    R6      P2        36.91     57.71     0.00
    R7      P1       161.28    182.83   118.84
    R9      P1       192.83    219.98   149.39

========================================================================
  Iteration result:  makespan=219.98  movements=0  delay=485.33
========================================================================

========================================================================
  Local search start  obj=0.00
========================================================================
  Local search end    obj=0.00

────────────────────────────────────────────────────────────────────────
  Iteration history
────────────────────────────────────────────────────────────────────────
      Iter   Time(s)           Obj    Makespan       Delay    Mov
  ------------------------------------------------------------
         1      0.00          0.00      219.98      485.33      0  *
         2      0.02          0.00      261.55      760.93      0
         3      0.03          0.00      158.81      325.58      0
         4      0.04          0.00      242.28      615.98      0
         5      0.06          0.00      185.84      317.96      0
         6      0.07          0.00      213.23      488.00      0
         7      0.09          0.00      185.84      394.60      0
         8      0.10          0.00      146.90      182.04      0
         9      0.12          0.00      181.68      407.55      0
        10      0.13          0.00      212.48      488.36      0
        11      0.14          0.00      154.91      365.71      0
        12      0.16          0.00      262.30      761.33      0
        13      0.17          0.00      231.38      562.30      0
        14      0.18          0.00      211.88      440.86      0
        15      0.19          0.00      152.66      227.28      0
        16      0.21          0.00      293.10      984.44      0
        17      0.22          0.00      231.18      555.53      0
        18      0.23          0.00      200.97      421.83      0
        19      0.25          0.00      192.81      411.49      0
        20      0.26          0.00      206.88      407.94      0
        21      0.27          0.00      177.19      300.94      0
        22      0.28          0.00      195.71      380.56      0
        23      0.30          0.00      183.82      389.59      0
        24      0.31          0.00      205.93      441.47      0
        25      0.32          0.00      190.34      377.30      0
        26      0.33          0.00      208.00      456.65      0
        27      0.35          0.00      213.86      481.68      0
        28      0.36          0.00      143.41      165.02      0
        29      0.38          0.00      175.19      281.43      0
        30      0.39          0.00      217.98      504.75      0
        31      0.41          0.00      163.22      283.04      0
        32      0.42          0.00      267.05      771.65      0
        33      0.43          0.00      226.13      527.05      0
        34      0.44          0.00      250.38      667.80      0
        35      0.45          0.00      212.87      437.01      0
        36      0.47          0.00      293.10      984.44      0
        37      0.48          0.00      212.15      425.82      0
        38      0.49          0.00      120.85      172.15      0
        39      0.50          0.00      230.75      568.63      0
        40      0.52          0.00      216.24      488.74      0
        41      0.53          0.00      158.81      236.22      0
        42      0.55          0.00      181.09      324.27      0
        43      0.56          0.00      180.96      346.54      0
        44      0.57          0.00      255.13      689.29      0
        45      0.58          0.00      225.15      569.62      0
        46      0.60          0.00      194.59      366.90      0
        47      0.61          0.00      194.97      401.16      0
        48      0.63          0.00      208.59      484.48      0
        49      0.64          0.00      223.58      492.58      0
        50      0.66          0.00      281.18      878.99      0
        51      0.67          0.00      195.31      382.64      0
        52      0.68          0.00      182.31      349.30      0
        53      0.70          0.00      139.56      238.41      0
        54      0.71          0.00      195.31      406.43      0
        55      0.73          0.00      158.56      332.79      0
        56      0.74          0.00      200.81      398.61      0
        57      0.75          0.00      224.73      491.30      0
        58      0.77          0.00      184.54      335.00      0
        59      0.78          0.00      225.15      569.62      0
        60      0.79          0.00      231.60      540.83      0
        61      0.81          0.00      199.50      406.86      0
        62      0.82          0.00      144.24      229.52      0
        63      0.83          0.00      199.22      396.03      0
        64      0.85          0.00      224.96      487.27      0
        65      0.86          0.00      232.12      562.70      0
        66      0.87          0.00      201.72      422.58      0
        67      0.88          0.00      165.16      264.10      0
        68      0.90          0.00      184.02      325.08      0
        69      0.91          0.00      199.72      402.61      0
        70      0.92          0.00      195.38      399.08      0
        71      0.94          0.00      201.00      388.42      0
        72      0.95          0.00      134.74      175.04      0
        73      0.96          0.00      136.66      218.81      0
        74      0.98          0.00      243.08      607.39      0
        75      0.99          0.00      149.28      168.28      0
        76      1.00          0.00      151.78      362.82      0
        77      1.02          0.00      293.10      984.44      0
        78      1.03          0.00      262.30      761.33      0
        79      1.04          0.00      255.94      761.93      0
        80      1.05          0.00      163.85      280.08      0
        81      1.06          0.00      262.30      761.33      0
        82      1.07          0.00      261.55      760.93      0
        83      1.09          0.00      159.31      255.09      0
        84      1.10          0.00      261.55      766.40      0
        85      1.12          0.00      205.09      419.87      0
        86      1.13          0.00      215.57      486.72      0
        87      1.15          0.00      242.31      612.40      0
        88      1.17          0.00      261.55      760.93      0
        89      1.18          0.00      261.57      748.79      0
        90      1.19          0.00      218.11      496.24      0
        91      1.21          0.00      149.48      316.24      0
        92      1.22          0.00      138.37      214.40      0
        93      1.24          0.00      138.66      228.87      0
        94      1.25          0.00      231.41      551.51      0
        95      1.27          0.00      249.63      667.40      0
        96      1.29          0.00      206.84      455.10      0
        97      1.30          0.00      148.33      316.99      0
        98      1.32          0.00      199.50      406.86      0
        99      1.33          0.00      163.78      241.55      0
       100      1.34          0.00      150.91      257.82      0
       101      1.36          0.00      262.93      755.63      0
       102      1.37          0.00      243.66      613.88      0
       103      1.38          0.00      224.40      569.98      0
       104      1.39          0.00      255.13      678.11      0
       105      1.41          0.00      200.38      394.35      0
       106      1.42          0.00      293.10      984.44      0
       107      1.43          0.00      168.53      232.26      0
       108      1.45          0.00      162.94      233.25      0
       109      1.46          0.00      267.05      771.65      0
       110      1.47          0.00      257.65      727.56      0
       111      1.48          0.00      244.03      668.39      0
       112      1.50          0.00      206.84      413.81      0
       113      1.51          0.00      250.38      667.80      0
       114      1.52          0.00      250.78      666.12      0
       115      1.53          0.00      231.41      551.51      0
       116      1.54          0.00      195.97      361.60      0
       117      1.56          0.00      157.44      326.10      0
       118      1.57          0.00      236.88      568.89      0
       119      1.59          0.00      217.62      443.20      0
       120      1.60          0.00      208.22      411.71      0
       121      1.62          0.00      229.90      575.19      0
       122      1.63          0.00      281.18      878.99      0
       123      1.64          0.00      201.25      414.81      0
       124      1.65          0.00      225.78      563.29      0
       125      1.67          0.00      144.44      309.31      0
       126      1.68          0.00      217.38      447.23      0
       127      1.70          0.00      167.94      284.37      0
       128      1.71          0.00      189.71      383.63      0
       129      1.73          0.00      236.69      616.98      0
       130      1.74          0.00      182.18      289.90      0
       131      1.76          0.00      230.78      557.21      0
       132      1.77          0.00      293.10      984.44      0
       133      1.78          0.00      199.50      419.87      0
       134      1.79          0.00      205.84      406.26      0
       135      1.80          0.00      205.16      432.12      0
       136      1.82          0.00      167.94      284.37      0
       137      1.83          0.00      189.71      383.63      0
       138      1.84          0.00      199.62      393.95      0
       139      1.86          0.00      293.10      984.44      0
       140      1.87          0.00      211.56      440.60      0
       141      1.88          0.00      231.90      566.95      0
       142      1.89          0.00      169.32      264.44      0
       143      1.90          0.00      132.76      154.22      0
       144      1.92          0.00      255.94      761.93      0
       145      1.93          0.00      138.18      249.20      0
       146      1.94          0.00      215.57      453.12      0
       147      1.95          0.00      181.09      324.68      0
       148      1.97          0.00      243.08      597.26      0
       149      1.98          0.00      159.53      254.13      0
       150      2.00          0.00      145.92      295.14      0
       151      2.01          0.00      155.08      215.77      0
       152      2.02          0.00      212.87      466.39      0
       153      2.03          0.00      225.78      563.29      0
       154      2.05          0.00      231.90      566.95      0
       155      2.06          0.00      186.63      302.37      0
       156      2.07          0.00      255.94      761.93      0
       157      2.08          0.00      225.15      569.62      0
       158      2.10          0.00      168.21      258.84      0
       159      2.11          0.00      201.00      388.42      0
       160      2.13          0.00      250.38      667.80      0
       161      2.14          0.00      245.74      636.87      0
       162      2.15          0.00      230.03      556.81      0
       163      2.17          0.00      224.40      571.00      0
       164      2.18          0.00      185.44      394.60      0
       165      2.19          0.00      243.08      607.39      0
       166      2.20          0.00      255.13      678.11      0
       167      2.21          0.00      261.57      748.79      0
       168      2.23          0.00      145.95      165.67      0
       169      2.24          0.00      261.57      748.79      0
       170      2.25          0.00      199.09      422.35      0
       171      2.26          0.00      205.12      394.84      0
       172      2.28          0.00      255.94      761.93      0
       173      2.29          0.00      218.11      496.24      0
       174      2.30          0.00      242.28      615.98      0
       175      2.31          0.00      164.94      243.48      0
       176      2.32          0.00      165.16      255.22      0
       177      2.34          0.00      194.03      394.94      0
       178      2.35          0.00      205.13      470.50      0
       179      2.36          0.00      145.31      265.19      0
       180      2.38          0.00      224.40      571.00      0
       181      2.39          0.00      213.86      481.68      0
       182      2.40          0.00      212.34      415.13      0
       183      2.42          0.00      262.69      759.65      0
       184      2.43          0.00      178.19      324.61      0
       185      2.45          0.00      173.81      323.03      0
       186      2.46          0.00      226.85      539.90      0
       187      2.47          0.00      206.47      400.33      0
       188      2.48          0.00      262.30      761.33      0
       189      2.49          0.00      157.97      261.49      0
       190      2.51          0.00      212.12      465.64      0
       191      2.52          0.00      143.65      204.25      0
       192      2.54          0.00      220.61      500.71      0
       193      2.55          0.00      169.69      260.64      0
       194      2.56          0.00      250.78      666.12      0
       195      2.58          0.00      150.56      294.91      0
       196      2.59          0.00      200.81      398.61      0
       197      2.60          0.00      231.38      562.30      0
       198      2.61          0.00      212.28      424.17      0
       199      2.63          0.00      198.34      423.45      0
       200      2.64          0.00      125.46      154.41      0
       201      2.66          0.00      194.75      405.64      0
       202      2.67          0.00      224.43      557.81      0
       203      2.69          0.00      225.15      569.62      0
       204      2.70          0.00      200.57      400.17      0
       205      2.71          0.00      187.31      346.20      0
       206      2.73          0.00      211.91      429.84      0
       207      2.74          0.00      227.49      534.74      0
       208      2.76          0.00      150.62      230.31      0
       209      2.77          0.00      143.58      296.69      0
       210      2.78          0.00      214.22      441.82      0
       211      2.80          0.00      293.10      984.44      0
       212      2.81          0.00      257.65      727.56      0
       213      2.82          0.00      212.51      476.19      0
       214      2.83          0.00      174.29      270.01      0
       215      2.85          0.00      185.84      299.43      0
       216      2.86          0.00      243.08      597.26      0
       217      2.88          0.00      194.97      401.16      0
       218      2.89          0.00      169.88      242.21      0
       219      2.91          0.00      194.59      370.51      0
       220      2.92          0.00      231.18      555.53      0
       221      2.93          0.00      174.53      279.94      0
       222      2.95          0.00      205.32      401.61      0
       223      2.96          0.00      261.57      748.79      0
       224      2.97          0.00      273.83      820.23      0
       225      2.98          0.00      204.72      396.52      0
       226      3.00          0.00      247.78      645.22      0
       227      3.01          0.00      190.10      403.95      0
       228      3.02          0.00      190.10      381.55      0
       229      3.04          0.00      224.33      504.15      0
       230      3.05          0.00      262.69      759.65      0
       231      3.06          0.00      184.05      326.03      0
       232      3.08          0.00      293.10      984.44      0
       233      3.09          0.00      182.34      320.99      0
       234      3.10          0.00      219.23      484.93      0
       235      3.12          0.00      212.28      424.17      0
       236      3.13          0.00      168.69      285.36      0
       237      3.15          0.00      200.38      414.18      0
       238      3.17          0.00      250.78      666.12      0
       239      3.18          0.00      224.40      571.00      0
       240      3.19          0.00      224.40      571.00      0
       241      3.20          0.00      193.21      412.29      0
       242      3.22          0.00      226.85      539.90      0
       243      3.23          0.00      163.85      276.48      0
       244      3.25          0.00      205.16      432.12      0
       245      3.26          0.00      293.10      984.44      0
       246      3.27          0.00      128.32      122.38      0
       247      3.29          0.00      163.19      355.98      0
       248      3.30          0.00      220.21      499.91      0
       249      3.32          0.00      206.07      416.14      0
       250      3.33          0.00      146.64      278.55      0
       251      3.34          0.00      169.32      264.44      0
       252      3.36          0.00      187.22      336.96      0
       253      3.37          0.00      231.38      562.30      0
       254      3.39          0.00      159.12      280.01      0
       255      3.40          0.00      225.15      569.62      0
       256      3.41          0.00      144.53      184.45      0
       257      3.43          0.00      195.31      382.64      0
       258      3.44          0.00      148.69      266.86      0
       259      3.46          0.00      230.78      557.21      0
       260      3.47          0.00      190.34      400.01      0
       261      3.48          0.00      200.06      397.86      0
       262      3.50          0.00      150.79      242.16      0
       263      3.51          0.00      200.09      362.75      0
       264      3.53          0.00      225.54      567.55      0
       265      3.54          0.00      223.61      518.88      0
       266      3.55          0.00      205.93      424.76      0
       267      3.57          0.00      198.34      409.29      0
       268      3.58          0.00      126.45      173.21      0
       269      3.59          0.00      174.97      318.98      0
       270      3.61          0.00      144.19      198.37      0
       271      3.62          0.00      183.79      394.43      0
       272      3.64          0.00      205.12      394.84      0
       273      3.65          0.00      205.16      432.12      0
       274      3.66          0.00      226.10      539.50      0
       275      3.68          0.00      231.41      551.51      0
       276      3.69          0.00      201.44      373.51      0
       277      3.70          0.00      174.97      323.11      0
       278      3.72          0.00      243.08      597.26      0
       279      3.73          0.00      205.16      461.59      0
       280      3.74          0.00      185.44      320.04      0
       281      3.76          0.00      225.78      563.29      0
       282      3.77          0.00      227.25      538.22      0
       283      3.78          0.00      225.54      567.55      0
       284      3.79          0.00      186.09      398.29      0
       285      3.80          0.00      243.44      614.70      0
       286      3.82          0.00      192.88      397.37      0
       287      3.83          0.00      199.09      422.35      0
       288      3.84          0.00      196.46      380.96      0
       289      3.85          0.00      187.22      293.90      0
       290      3.87          0.00      212.51      496.24      0
       291      3.88          0.00      213.23      506.12      0
       292      3.89          0.00      243.08      607.39      0
       293      3.91          0.00      281.18      878.99      0
       294      3.92          0.00      226.10      539.50      0
       295      3.93          0.00      267.05      771.65      0
       296      3.94          0.00      194.22      425.41      0
       297      3.95          0.00      293.10      984.44      0
       298      3.96          0.00      201.44      373.51      0
       299      3.98          0.00      200.06      378.81      0
       300      3.99          0.00      261.57      748.79      0
       301      4.00          0.00      223.58      492.58      0
       302      4.01          0.00      236.65      572.92      0
       303      4.03          0.00      189.29      347.90      0
       304      4.04          0.00      262.93      755.63      0
       305      4.05          0.00      257.65      727.56      0
       306      4.06          0.00      255.94      761.93      0
       307      4.08          0.00      185.47      298.65      0
       308      4.09          0.00      167.94      272.38      0
       309      4.10          0.00      177.79      313.93      0
       310      4.12          0.00      243.03      616.38      0
       311      4.13          0.00      199.50      406.86      0
       312      4.14          0.00      155.06      281.73      0
       313      4.16          0.00      144.24      229.52      0
       314      4.17          0.00      195.97      397.26      0
       315      4.18          0.00      213.23      488.00      0
       316      4.20          0.00      208.22      411.71      0
       317      4.21          0.00      187.58      337.15      0
       318      4.23          0.00      186.43      364.36      0
       319      4.24          0.00      211.51      440.08      0
       320      4.26          0.00      243.03      616.38      0
       321      4.27          0.00      273.83      820.23      0
       322      4.28          0.00      163.85      280.75      0
       323      4.29          0.00      165.16      271.29      0
       324      4.30          0.00      158.56      278.99      0
       325      4.32          0.00      229.90      575.19      0
       326      4.33          0.00      155.63      286.10      0
       327      4.34          0.00      186.63      302.37      0
       328      4.36          0.00      227.49      534.20      0
       329      4.37          0.00      163.85      258.00      0
       330      4.38          0.00      183.79      337.45      0
       331      4.40          0.00      232.53      561.02      0
       332      4.41          0.00      182.54      398.98      0
       333      4.42          0.00      226.13      527.05      0
       334      4.43          0.00      267.05      771.65      0
       335      4.44          0.00      174.32      323.55      0
       336      4.46          0.00      175.68      287.94      0
       337      4.47          0.00      242.28      615.98      0
       338      4.48          0.00      261.57      748.79      0
       339      4.49          0.00      170.49      285.58      0
       340      4.51          0.00      255.94      761.93      0
       341      4.52          0.00      213.26      438.53      0
       342      4.53          0.00      171.07      379.97      0
       343      4.54          0.00      249.66      656.47      0
       344      4.56          0.00      225.15      569.62      0
       345      4.57          0.00      235.53      562.06      0
       346      4.58          0.00      217.98      518.12      0
       347      4.59          0.00      273.83      820.23      0
       348      4.60          0.00      143.00      170.09      0
       349      4.62          0.00      194.56      330.63      0
       350      4.63          0.00      230.03      556.81      0
       351      4.65          0.00      273.83      820.23      0
       352      4.66          0.00      250.38      667.80      0
       353      4.67          0.00      236.88      568.89      0
       354      4.68          0.00      148.31      267.31      0
       355      4.69          0.00      205.88      469.40      0
       356      4.71          0.00      153.62      364.96      0
       357      4.72          0.00      236.88      568.89      0
       358      4.73          0.00      151.74      361.04      0
       359      4.74          0.00      224.33      518.87      0
       360      4.75          0.00      205.35      390.82      0
       361      4.77          0.00      204.72      412.00      0
       362      4.78          0.00      151.02      188.22      0
       363      4.80          0.00      211.88      440.86      0
       364      4.81          0.00      145.29      294.91      0
       365      4.82          0.00      187.81      345.69      0
       366      4.84          0.00       92.99       63.58      0
       367      4.85          0.00      206.84      413.81      0
       368      4.87          0.00      243.44      614.70      0
       369      4.88          0.00      147.56      201.78      0
       370      4.89          0.00      236.65      572.92      0
       371      4.91          0.00      262.69      759.65      0
       372      4.92          0.00      177.47      329.84      0
       373      4.93          0.00      231.60      540.83      0
       374      4.94          0.00      193.59      408.47      0
       375      4.95          0.00      212.68      443.02      0
       376      4.97          0.00      201.00      388.42      0
       377      4.98          0.00      205.16      466.86      0
       378      4.99          0.00      186.63      335.30      0
       379      5.00          0.00      145.72      218.07      0
       380      5.02          0.00      117.17      147.13      0
       381      5.03          0.00      242.28      615.98      0
       382      5.05          0.00      174.76      288.51      0
       383      5.06          0.00      210.63      449.50      0
       384      5.08          0.00      212.12      436.61      0
       385      5.09          0.00      219.98      504.39      0
       386      5.10          0.00      249.66      656.47      0
       387      5.11          0.00      205.13      444.29      0
       388      5.13          0.00      176.04      317.49      0
       389      5.14          0.00      212.91      418.47      0
       390      5.15          0.00      226.85      539.90      0
       391      5.17          0.00      173.62      290.94      0
       392      5.18          0.00      163.46      328.73      0
       393      5.19          0.00      219.69      499.28      0
       394      5.20          0.00      200.38      394.35      0
       395      5.22          0.00      180.59      283.67      0
       396      5.23          0.00      148.02      269.85      0
       397      5.24          0.00      235.50      574.20      0
       398      5.26          0.00      137.15      193.98      0
       399      5.27          0.00      169.88      317.48      0
       400      5.28          0.00      262.30      761.33      0
       401      5.30          0.00      199.85      408.94      0
       402      5.31          0.00      165.53      271.28      0
       403      5.32          0.00      236.25      574.60      0
       404      5.34          0.00      176.84      328.35      0
       405      5.35          0.00      187.71      342.96      0
       406      5.36          0.00      293.10      984.44      0
       407      5.37          0.00      149.08      316.24      0
       408      5.38          0.00      255.94      761.93      0
       409      5.40          0.00      181.72      323.51      0
       410      5.41          0.00      281.18      878.99      0
       411      5.42          0.00      261.55      760.93      0
       412      5.43          0.00      207.59      455.85      0
       413      5.45          0.00      225.78      563.29      0
       414      5.46          0.00      195.74      365.62      0
       415      5.47          0.00      235.53      562.06      0
       416      5.49          0.00      188.17      328.62      0
       417      5.50          0.00      194.59      395.02      0
       418      5.51          0.00      205.32      449.70      0
       419      5.53          0.00      206.07      402.01      0
       420      5.54          0.00      293.10      984.44      0
       421      5.55          0.00      273.83      820.23      0
       422      5.56          0.00      112.46      119.61      0
       423      5.57          0.00      195.97      365.20      0
       424      5.59          0.00      165.53      271.28      0
       425      5.60          0.00      182.18      277.27      0
       426      5.62          0.00      243.66      610.68      0
       427      5.63          0.00      167.54      288.00      0
       428      5.64          0.00      132.76      140.41      0
       429      5.66          0.00      199.62      413.43      0
       430      5.67          0.00      198.34      410.31      0
       431      5.68          0.00      230.78      557.21      0
       432      5.70          0.00      181.59      352.25      0
       433      5.71          0.00      170.18      344.99      0
       434      5.72          0.00      244.03      668.39      0
       435      5.73          0.00      250.38      667.80      0
       436      5.74          0.00      137.18      155.97      0
       437      5.76          0.00      242.31      603.84      0
       438      5.77          0.00      262.93      755.63      0
       439      5.78          0.00      148.91      218.94      0
       440      5.80          0.00      220.61      479.40      0
       441      5.81          0.00      262.30      761.33      0
       442      5.82          0.00      201.00      388.42      0
       443      5.84          0.00      152.66      227.68      0
       444      5.85          0.00      273.83      820.23      0
       445      5.86          0.00      249.66      655.26      0
       446      5.88          0.00      198.38      397.12      0
       447      5.89          0.00      175.76      338.14      0
       448      5.90          0.00      262.93      755.63      0
       449      5.92          0.00      128.32      177.40      0
       450      5.93          0.00      194.97      424.31      0
       451      5.94          0.00      183.39      339.53      0
       452      5.96          0.00      175.76      292.85      0
       453      5.97          0.00      220.21      499.91      0
       454      5.98          0.00      183.79      337.45      0
       455      6.00          0.00      196.69      400.76      0
       456      6.01          0.00      164.94      326.10      0
       457      6.02          0.00      182.67      325.32      0
       458      6.04          0.00      211.88      440.86      0
       459      6.05          0.00      262.93      755.63      0
       460      6.06          0.00      261.55      760.93      0
       461      6.07          0.00      163.66      262.41      0
       462      6.08          0.00      243.44      614.70      0
       463      6.09          0.00      212.28      442.22      0
       464      6.11          0.00      243.44      614.70      0
       465      6.12          0.00      188.96      383.98      0
       466      6.13          0.00      267.05      771.65      0
       467      6.14          0.00      157.74      188.13      0
       468      6.16          0.00      152.37      261.49      0
       469      6.17          0.00      195.31      382.64      0
       470      6.18          0.00      212.68      422.49      0
       471      6.20          0.00      192.06      337.60      0
       472      6.21          0.00      194.03      413.43      0
       473      6.22          0.00      249.66      655.26      0
       474      6.24          0.00      158.19      271.03      0
       475      6.25          0.00      224.40      571.00      0
       476      6.26          0.00      200.60      390.10      0
       477      6.28          0.00      145.92      173.31      0
       478      6.29          0.00      186.81      395.58      0
       479      6.30          0.00      213.63      485.93      0
       480      6.32          0.00      267.05      771.65      0
       481      6.33          0.00      211.88      440.86      0
       482      6.34          0.00      238.40      582.61      0
       483      6.35          0.00      224.43      557.81      0
       484      6.36          0.00      257.65      727.56      0
       485      6.38          0.00      212.63      467.67      0
       486      6.39          0.00      190.34      377.30      0
       487      6.40          0.00      212.12      465.64      0
       488      6.41          0.00      200.09      362.75      0
       489      6.43          0.00      231.90      566.95      0
       490      6.44          0.00      217.38      465.75      0
       491      6.45          0.00      175.19      328.14      0
       492      6.47          0.00      215.34      456.60      0
       493      6.48          0.00      164.28      243.20      0
       494      6.49          0.00      242.28      615.98      0
       495      6.50          0.00      206.47      400.33      0
       496      6.52          0.00      179.12      304.82      0
       497      6.53          0.00      143.22      217.33      0
       498      6.55          0.00      205.16      432.12      0
       499      6.56          0.00      200.06      378.81      0
       500      6.57          0.00      231.15      566.55      0
       501      6.59          0.00      159.31      279.36      0
       502      6.60          0.00      214.22      445.43      0
       503      6.61          0.00      218.11      496.24      0
       504      6.63          0.00      168.18      324.99      0
       505      6.64          0.00      217.62      446.40      0
       506      6.65          0.00      261.55      760.93      0
       507      6.66          0.00      293.10      984.44      0
       508      6.67          0.00      185.84      299.43      0
       509      6.69          0.00      193.62      397.02      0
       510      6.70          0.00      213.63      503.64      0
       511      6.71          0.00      218.83      506.12      0
       512      6.73          0.00      200.60      390.10      0
       513      6.74          0.00      168.82      263.56      0
       514      6.75          0.00      281.18      878.99      0
       515      6.76          0.00      144.73      186.62      0
       516      6.78          0.00      145.68      265.94      0
       517      6.79          0.00      182.18      386.53      0
       518      6.81          0.00      261.55      760.93      0
       519      6.82          0.00      187.18      339.23      0
       520      6.83          0.00      219.98      504.39      0
       521      6.85          0.00      162.07      337.70      0
       522      6.86          0.00      144.57      248.00      0
       523      6.87          0.00      195.31      382.64      0
       524      6.89          0.00      139.69      174.80      0
       525      6.90          0.00      250.78      666.12      0
       526      6.92          0.00      163.78      270.03      0
       527      6.93          0.00      212.63      467.67      0
       528      6.94          0.00      218.11      476.40      0
       529      6.96          0.00      170.84      275.12      0
       530      6.97          0.00      262.69      759.65      0
       531      6.98          0.00      211.53      423.77      0
       532      6.99          0.00      170.49      278.95      0
       533      7.01          0.00      185.87      331.47      0
       534      7.02          0.00      236.69      616.98      0
       535      7.04          0.00      230.75      568.63      0
       536      7.05          0.00      243.66      613.88      0
       537      7.06          0.00      163.04      213.95      0
       538      7.08          0.00      249.63      667.40      0
       539      7.09          0.00      208.00      412.53      0
       540      7.10          0.00      220.50      540.50      0
       541      7.11          0.00      250.78      666.12      0
       542      7.13          0.00      293.10      984.44      0
       543      7.14          0.00      231.41      551.51      0
       544      7.15          0.00      179.09      302.86      0
       545      7.16          0.00      262.93      755.63      0
       546      7.17          0.00      174.53      289.67      0
       547      7.19          0.00      262.93      755.63      0
       548      7.20          0.00      182.34      398.58      0
       549      7.21          0.00      189.81      328.78      0
       550      7.22          0.00      159.53      274.67      0
       551      7.24          0.00      125.23      191.48      0
       552      7.25          0.00      217.03      481.52      0
       553      7.27          0.00      262.69      759.65      0
       554      7.28          0.00      180.59      286.47      0
       555      7.29          0.00      230.03      556.81      0
       556      7.31          0.00      199.09      408.94      0
       557      7.32          0.00      159.94      327.64      0
       558      7.33          0.00      177.24      261.20      0
       559      7.35          0.00      267.05      771.65      0
       560      7.36          0.00      145.03      230.31      0
       561      7.37          0.00      250.78      666.12      0
       562      7.38          0.00      236.88      568.89      0
       563      7.40          0.00      261.55      760.93      0
       564      7.41          0.00      243.08      607.39      0
       565      7.42          0.00      215.57      455.42      0
       566      7.43          0.00      197.09      401.56      0
       567      7.45          0.00      293.10      984.44      0
       568      7.46          0.00      174.41      269.02      0
       569      7.47          0.00      192.06      410.74      0
       570      7.49          0.00      149.48      249.39      0
       571      7.50          0.00      140.32      188.99      0
       572      7.51          0.00      157.44      262.53      0
       573      7.53          0.00      205.32      401.61      0
       574      7.54          0.00      128.38      231.69      0
       575      7.56          0.00      273.83      820.23      0
       576      7.57          0.00      267.05      771.65      0
       577      7.58          0.00      144.44      169.23      0
       578      7.59          0.00      199.85      408.94      0
       579      7.61          0.00      180.76      286.48      0
       580      7.62          0.00      250.38      667.80      0
       581      7.63          0.00      205.16      466.86      0
       582      7.64          0.00      175.32      269.02      0
       583      7.66          0.00      225.15      569.62      0
       584      7.67          0.00      161.89      275.86      0
       585      7.68          0.00      147.56      268.06      0
       586      7.70          0.00      229.90      575.19      0
       587      7.71          0.00      158.49      278.75      0
       588      7.72          0.00      255.13      689.29      0
       589      7.73          0.00      225.78      563.29      0
       590      7.75          0.00      163.78      269.68      0
       591      7.76          0.00      174.41      289.07      0
       592      7.77          0.00      262.30      761.33      0
       593      7.78          0.00      169.46      257.00      0
       594      7.80          0.00      180.73      299.18      0
       595      7.81          0.00      261.57      748.79      0
       596      7.83          0.00      262.93      755.63      0
       597      7.84          0.00      175.00      312.29      0
       598      7.85          0.00      145.91      181.07      0
       599      7.86          0.00      195.74      365.62      0
       600      7.88          0.00      183.79      340.28      0
       601      7.89          0.00      212.15      469.10      0
       602      7.90          0.00      126.94      189.86      0
       603      7.92          0.00      195.74      396.57      0
       604      7.93          0.00      175.19      291.43      0
       605      7.95          0.00      192.88      397.37      0
       606      7.96          0.00      176.71      305.43      0
       607      7.97          0.00      148.72      235.63      0
       608      7.99          0.00      236.88      568.89      0
       609      8.00          0.00      245.74      636.87      0
       610      8.01          0.00      212.51      476.19      0
       611      8.02          0.00      223.61      480.44      0
       612      8.04          0.00      200.38      394.35      0
       613      8.05          0.00      219.26      473.91      0
       614      8.06          0.00      199.62      393.95      0
       615      8.07          0.00      193.44      412.98      0
       616      8.09          0.00      194.25      408.94      0
       617      8.10          0.00      226.10      539.50      0
       618      8.11          0.00      144.24      162.06      0
       619      8.13          0.00      139.69      174.80      0
       620      8.14          0.00      147.07      169.75      0
       621      8.15          0.00      242.31      603.84      0
       622      8.17          0.00      223.58      518.12      0
       623      8.18          0.00      236.88      568.89      0
       624      8.19          0.00      243.44      614.70      0
       625      8.20          0.00      120.25      178.51      0
       626      8.22          0.00      152.27      255.79      0
       627      8.23          0.00      108.77      112.63      0
       628      8.25          0.00      293.10      984.44      0
       629      8.25          0.00      169.06      278.96      0
       630      8.27          0.00      151.31      230.65      0
       631      8.28          0.00      174.93      263.45      0
       632      8.30          0.00      199.22      396.03      0
       633      8.31          0.00      194.22      402.53      0
       634      8.32          0.00      235.50      574.20      0
       635      8.34          0.00      273.83      820.23      0
       636      8.35          0.00      262.93      755.63      0
       637      8.36          0.00      267.05      771.65      0
       638      8.37          0.00      193.62      397.02      0
       639      8.38          0.00      117.17      183.58      0
       640      8.40          0.00      132.31      228.87      0
       641      8.41          0.00      220.61      479.40      0
       642      8.43          0.00      200.38      414.18      0
       643      8.44          0.00      262.69      759.65      0
       644      8.45          0.00      195.31      406.43      0
       645      8.46          0.00      231.41      551.51      0
       646      8.47          0.00      212.91      421.67      0
       647      8.49          0.00      281.18      878.99      0
       648      8.50          0.00      230.78      557.21      0
       649      8.51          0.00      184.77      331.06      0
       650      8.53          0.00      188.96      383.98      0
       651      8.54          0.00      206.88      448.02      0
       652      8.55          0.00      262.93      755.63      0
       653      8.56          0.00      224.73      491.30      0
       654      8.57          0.00      231.90      566.95      0
       655      8.59          0.00      189.09      318.71      0
       656      8.60          0.00      176.04      379.74      0
       657      8.61          0.00      273.83      820.23      0
       658      8.62          0.00      262.93      755.63      0
       659      8.63          0.00      142.86      227.31      0
       660      8.65          0.00      243.44      614.70      0
       661      8.66          0.00      261.55      760.93      0
       662      8.67          0.00      219.26      473.91      0
       663      8.68          0.00      163.19      300.16      0
       664      8.69          0.00      215.57      486.72      0
       665      8.71          0.00      223.61      480.44      0
       666      8.72          0.00      257.65      727.56      0
       667      8.73          0.00      147.39      281.23      0
       668      8.74          0.00      226.85      539.90      0
       669      8.75          0.00      243.08      607.39      0
       670      8.77          0.00      224.33      518.87      0
       671      8.78          0.00      176.47      290.14      0
       672      8.79          0.00      158.49      260.20      0
       673      8.81          0.00      162.91      267.40      0
       674      8.82          0.00      180.96      399.10      0
       675      8.83          0.00      181.16      297.35      0
       676      8.85          0.00      249.66      655.26      0
       677      8.86          0.00      148.69      210.40      0
       678      8.87          0.00      245.74      634.03      0
       679      8.88          0.00      169.91      230.57      0
       680      8.90          0.00      203.97      396.12      0
       681      8.91          0.00      159.53      250.61      0
       682      8.93          0.00      212.51      477.40      0
       683      8.94          0.00      293.10      984.44      0
       684      8.95          0.00      231.60      540.83      0
       685      8.96          0.00      230.78      557.21      0
       686      8.97          0.00      189.81      350.09      0
       687      8.99          0.00      195.53      426.47      0
       688      9.00          0.00      175.53      305.46      0
       689      9.01          0.00      212.63      441.26      0
       690      9.02          0.00      238.40      592.80      0
       691      9.04          0.00      195.74      365.62      0
       692      9.05          0.00      155.83      316.99      0
       693      9.06          0.00      242.28      615.98      0
       694      9.07          0.00      220.50      540.50      0
       695      9.09          0.00      189.52      401.22      0
       696      9.10          0.00      192.88      397.37      0
       697      9.11          0.00      132.31      158.14      0
       698      9.13          0.00      262.30      761.33      0
       699      9.14          0.00      262.30      761.33      0
       700      9.15          0.00      293.10      984.44      0
       701      9.16          0.00      177.43      270.27      0
       702      9.17          0.00      174.56      270.94      0
       703      9.18          0.00      180.73      337.91      0
       704      9.20          0.00      174.38      293.98      0
       705      9.21          0.00      236.65      573.67      0
       706      9.22          0.00      220.50      540.50      0
       707      9.24          0.00      200.60      390.10      0
       708      9.25          0.00      273.83      820.23      0
       709      9.26          0.00      242.28      615.98      0
       710      9.27          0.00      226.85      539.90      0
       711      9.29          0.00      162.07      287.27      0
       712      9.30          0.00      262.93      755.63      0
       713      9.31          0.00      183.39      394.43      0
       714      9.32          0.00      121.02       89.89      0
       715      9.34          0.00      211.51      431.52      0
       716      9.35          0.00      219.98      504.39      0
       717      9.36          0.00      242.31      612.40      0
       718      9.38          0.00      262.69      759.65      0
       719      9.39          0.00      229.90      575.19      0
       720      9.40          0.00      185.87      331.47      0
       721      9.41          0.00      245.74      634.03      0
       722      9.42          0.00      293.10      984.44      0
       723      9.43          0.00      109.29      100.01      0
       724      9.45          0.00      211.49      442.94      0
       725      9.46          0.00      212.34      469.90      0
       726      9.47          0.00      231.38      562.30      0
       727      9.49          0.00      178.19      311.85      0
       728      9.50          0.00      214.22      443.03      0
       729      9.52          0.00      262.30      761.33      0
       730      9.53          0.00      200.34      429.92      0
       731      9.54          0.00      208.00      422.72      0
       732      9.55          0.00      162.07      295.07      0
       733      9.57          0.00      236.88      568.89      0
       734      9.58          0.00      163.76      284.02      0
       735      9.59          0.00      200.06      397.86      0
       736      9.60          0.00      212.48      488.36      0
       737      9.62          0.00      179.09      302.86      0
       738      9.63          0.00      236.69      616.98      0
       739      9.64          0.00      161.66      364.96      0
       740      9.65          0.00      212.15      425.82      0
       741      9.67          0.00      243.08      607.39      0
       742      9.68          0.00      133.38      228.33      0
       743      9.69          0.00      195.34      367.30      0
       744      9.70          0.00      194.22      401.51      0
       745      9.71          0.00      177.19      316.16      0
       746      9.73          0.00      184.05      295.50      0
       747      9.74          0.00      217.38      490.29      0
       748      9.75          0.00      140.32      214.42      0
       749      9.77          0.00      245.74      636.87      0
       750      9.78          0.00      230.03      556.81      0
       751      9.79          0.00      195.34      370.90      0
       752      9.80          0.00      194.16      410.27      0
       753      9.82          0.00      249.63      667.40      0
       754      9.83          0.00      153.02      273.28      0
       755      9.84          0.00      244.03      668.39      0
       756      9.85          0.00      180.82      310.74      0
       757      9.87          0.00      257.65      727.56      0
       758      9.88          0.00      212.63      441.26      0
       759      9.89          0.00      231.90      566.95      0
       760      9.90          0.00      236.88      568.89      0
       761      9.91          0.00      262.30      761.33      0
       762      9.92          0.00      231.41      551.51      0
       763      9.94          0.00      261.57      749.19      0
       764      9.95          0.00      196.69      376.70      0
       765      9.96          0.00      262.30      761.33      0
       766      9.97          0.00      218.86      475.59      0
       767      9.98          0.00      195.71      403.95      0
       768     10.00          0.00      216.24      467.03      0
       769     10.01          0.00      164.19      270.43      0
       770     10.02          0.00      229.90      575.19      0
       771     10.03          0.00      211.56      440.60      0
       772     10.05          0.00      155.29      282.19      0
       773     10.06          0.00      181.68      407.55      0
       774     10.07          0.00      150.66      269.07      0
       775     10.09          0.00      154.54      221.02      0
       776     10.10          0.00      236.25      574.60      0
       777     10.11          0.00      231.38      562.30      0
       778     10.12          0.00      167.57      276.52      0
       779     10.14          0.00      273.83      820.23      0
       780     10.15          0.00      212.15      469.10      0
       781     10.16          0.00      224.33      504.15      0
       782     10.17          0.00      255.94      761.93      0
       783     10.18          0.00      194.75      409.56      0
       784     10.20          0.00      152.27      208.28      0
       785     10.21          0.00      262.69      759.65      0
       786     10.22          0.00      236.69      616.98      0
       787     10.23          0.00      226.85      539.90      0
       788     10.24          0.00      231.38      562.30      0
       789     10.26          0.00      255.94      761.93      0
       790     10.27          0.00      235.50      574.20      0
       791     10.28          0.00      136.43      181.35      0
       792     10.29          0.00      261.55      760.93      0
       793     10.30          0.00      199.09      422.35      0
       794     10.32          0.00      227.25      538.22      0
       795     10.33          0.00      216.99      489.49      0
       796     10.34          0.00      192.88      417.01      0
       797     10.36          0.00      183.79      337.45      0
       798     10.37          0.00      162.91      272.90      0
       799     10.38          0.00      155.03      209.30      0
       800     10.40          0.00      243.66      613.88      0
       801     10.41          0.00      156.46      202.75      0
       802     10.42          0.00      194.97      424.31      0
       803     10.44          0.00      181.16      287.28      0
       804     10.45          0.00      244.03      668.39      0
       805     10.46          0.00      136.43      217.13      0
       806     10.47          0.00      200.57      400.17      0
       807     10.49          0.00      230.75      568.63      0
       808     10.50          0.00      231.90      566.95      0
       809     10.51          0.00      144.01      213.69      0
       810     10.52          0.00      211.88      440.86      0
       811     10.54          0.00      194.75      405.64      0
       812     10.55          0.00      232.12      562.70      0
       813     10.56          0.00      215.34      456.60      0
       814     10.57          0.00      189.71      383.63      0
       815     10.59          0.00      293.10      984.44      0
       816     10.60          0.00      197.09      375.03      0
       817     10.61          0.00      219.98      504.39      0
       818     10.62          0.00      227.49      534.74      0
       819     10.64          0.00      181.54      272.78      0
       820     10.65          0.00      261.55      760.93      0
       821     10.66          0.00      235.53      562.06      0
       822     10.67          0.00      267.05      771.65      0
       823     10.68          0.00      211.49      469.40      0
       824     10.70          0.00      236.69      616.98      0
       825     10.71          0.00      173.81      323.03      0
       826     10.72          0.00      226.13      527.05      0
       827     10.73          0.00      230.03      557.04      0
       828     10.74          0.00      185.48      319.06      0
       829     10.76          0.00      117.93      163.90      0
       830     10.77          0.00      225.54      567.55      0
       831     10.79          0.00      200.57      424.31      0
       832     10.80          0.00      170.44      318.84      0
       833     10.81          0.00      255.13      679.29      0
       834     10.82          0.00      217.62      443.20      0
       835     10.84          0.00      205.88      469.40      0
       836     10.85          0.00      238.40      592.80      0
       837     10.86          0.00      120.39      182.99      0
       838     10.88          0.00      261.55      760.93      0
       839     10.89          0.00      155.08      316.24      0
       840     10.90          0.00      207.64      400.59      0
       841     10.91          0.00      262.30      761.33      0
       842     10.92          0.00      148.33      203.17      0
       843     10.94          0.00      247.78      626.70      0
       844     10.95          0.00      210.63      488.74      0
       845     10.96          0.00      157.01      361.04      0
       846     10.97          0.00      159.31      277.89      0
       847     10.99          0.00      148.02      277.80      0
       848     11.00          0.00      226.10      539.50      0
       849     11.01          0.00      174.34      385.51      0
       850     11.03          0.00      143.22      260.41      0
       851     11.04          0.00      199.85      389.70      0
       852     11.05          0.00      205.88      469.40      0
       853     11.06          0.00      262.93      755.63      0
       854     11.07          0.00      194.75      405.64      0
       855     11.09          0.00      211.51      467.61      0
       856     11.10          0.00      293.10      984.44      0
       857     11.11          0.00      244.03      668.39      0
       858     11.12          0.00      159.53      251.15      0
       859     11.14          0.00      227.25      538.22      0
       860     11.15          0.00      243.66      613.88      0
       861     11.16          0.00      164.91      254.09      0
       862     11.17          0.00      242.31      612.40      0
       863     11.19          0.00      261.55      760.93      0
       864     11.20          0.00      224.43      557.81      0
       865     11.21          0.00      194.22      401.51      0
       866     11.22          0.00      121.47      182.59      0
       867     11.24          0.00      140.24      215.50      0
       868     11.25          0.00      216.26      436.37      0
       869     11.26          0.00      163.82      290.45      0
       870     11.27          0.00      157.97      361.27      0
       871     11.29          0.00      203.97      396.12      0
       872     11.30          0.00      219.49      498.48      0
       873     11.31          0.00      236.88      568.89      0
       874     11.32          0.00      161.26      224.65      0
       875     11.34          0.00      184.54      314.10      0
       876     11.35          0.00      187.31      345.44      0
       877     11.37          0.00      181.94      315.22      0
       878     11.38          0.00      261.55      760.93      0
       879     11.39          0.00      230.03      556.81      0
       880     11.40          0.00      262.69      759.65      0
       881     11.41          0.00      230.03      556.81      0
       882     11.42          0.00      261.55      760.93      0
       883     11.44          0.00      169.88      260.72      0
       884     11.45          0.00      273.83      820.23      0
       885     11.46          0.00      255.94      761.93      0
       886     11.47          0.00      139.09      164.82      0
       887     11.49          0.00      230.75      568.63      0
       888     11.50          0.00      177.07      325.32      0
       889     11.51          0.00      139.29      273.88      0
       890     11.52          0.00      181.36      292.85      0
       891     11.54          0.00      170.44      300.00      0
       892     11.55          0.00      175.00      312.29      0
       893     11.57          0.00      251.01      662.10      0
       894     11.58          0.00      231.41      551.51      0
       895     11.59          0.00      163.46      328.73      0
       896     11.61          0.00      273.83      820.23      0
       897     11.62          0.00      262.69      759.65      0
       898     11.63          0.00      179.88      304.64      0
       899     11.64          0.00      230.78      557.21      0
       900     11.65          0.00      207.59      455.85      0
       901     11.66          0.00      167.54      333.20      0
       902     11.68          0.00      168.82      283.39      0
       903     11.69          0.00      162.91      318.00      0
       904     11.70          0.00      213.23      488.00      0
       905     11.72          0.00      255.94      761.93      0
       906     11.73          0.00      242.28      615.98      0
       907     11.74          0.00      273.83      820.23      0
       908     11.75          0.00      281.18      878.99      0
       909     11.77          0.00      208.00      412.53      0
       910     11.78          0.00      267.05      771.65      0
       911     11.79          0.00      226.10      539.50      0
       912     11.80          0.00      224.40      569.98      0
       913     11.82          0.00      236.65      572.92      0
       914     11.83          0.00      236.69      616.98      0
       915     11.84          0.00      201.21      377.53      0
       916     11.85          0.00      194.59      366.90      0
       917     11.87          0.00      138.90      211.04      0
       918     11.88          0.00      212.12      436.61      0
       919     11.89          0.00      162.94      247.39      0
       920     11.90          0.00      235.53      562.06      0
       921     11.92          0.00      267.05      771.65      0
       922     11.93          0.00      176.12      324.51      0
       923     11.94          0.00      114.00      150.27      0
       924     11.95          0.00      162.71      329.48      0
       925     11.97          0.00      210.76      466.86      0
       926     11.98          0.00      182.34      322.20      0
       927     11.99          0.00      206.84      424.00      0
       928     12.01          0.00      189.71      383.63      0
       929     12.02          0.00      225.15      569.62      0
       930     12.03          0.00      177.07      299.40      0
       931     12.05          0.00      249.66      656.47      0
       932     12.06          0.00      108.00       93.12      0
       933     12.07          0.00      151.51      231.50      0
       934     12.09          0.00      226.10      539.50      0
       935     12.10          0.00      182.51      339.69      0
       936     12.11          0.00      262.93      755.63      0
       937     12.12          0.00      231.15      566.55      0
       938     12.13          0.00      168.21      274.31      0
       939     12.14          0.00      132.31      177.77      0
       940     12.16          0.00      217.38      490.29      0
       941     12.17          0.00      200.60      409.69      0
       942     12.18          0.00      185.87      296.97      0
       943     12.20          0.00      194.97      424.31      0
       944     12.21          0.00      155.31      316.47      0
       945     12.22          0.00      230.78      557.21      0
       946     12.24          0.00      225.78      563.29      0
       947     12.25          0.00      190.34      400.01      0
       948     12.26          0.00      231.38      562.30      0
       949     12.27          0.00      267.05      771.65      0
       950     12.28          0.00      164.91      254.09      0
       951     12.29          0.00      122.82      186.85      0
       952     12.31          0.00      185.84      299.43      0
       953     12.32          0.00      211.56      418.56      0
       954     12.33          0.00      127.78      174.00      0
       955     12.35          0.00      208.22      457.34      0
       956     12.36          0.00      231.90      566.95      0
       957     12.37          0.00      175.72      294.73      0
       958     12.38          0.00      214.94      485.23      0
       959     12.40          0.00      169.66      264.97      0
       960     12.41          0.00      162.07      286.27      0
       961     12.42          0.00      293.10      984.44      0
       962     12.43          0.00      255.13      689.29      0
       963     12.44          0.00      231.90      566.95      0
       964     12.46          0.00      232.12      562.70      0
       965     12.47          0.00      182.51      339.69      0
       966     12.48          0.00      262.30      761.33      0
       967     12.49          0.00      219.46      480.68      0
       968     12.50          0.00      181.31      379.74      0
       969     12.52          0.00      156.03      285.70      0
       970     12.53          0.00      206.88      448.02      0
       971     12.54          0.00      223.61      491.61      0
       972     12.56          0.00      262.30      761.33      0
       973     12.57          0.00      293.10      984.44      0
       974     12.58          0.00      293.10      984.44      0
       975     12.59          0.00      156.06      230.89      0
       976     12.60          0.00      150.99      272.46      0
       977     12.62          0.00      249.63      667.40      0
       978     12.63          0.00      247.78      645.22      0
       979     12.64          0.00      244.03      668.39      0
       980     12.65          0.00      184.54      338.20      0
       981     12.66          0.00      152.99      225.73      0
       982     12.68          0.00      159.53      273.32      0
       983     12.69          0.00      186.23      304.05      0
       984     12.70          0.00      174.29      270.01      0
       985     12.72          0.00      236.65      572.92      0
       986     12.73          0.00      169.32      264.44      0
       987     12.74          0.00      173.18      261.39      0
       988     12.76          0.00      180.01      303.76      0
       989     12.77          0.00      200.06      378.81      0
       990     12.78          0.00      205.32      415.39      0
       991     12.80          0.00      182.51      295.18      0
       992     12.81          0.00      219.98      490.93      0
       993     12.82          0.00      293.10      984.44      0
       994     12.83          0.00      176.04      276.21      0
       995     12.85          0.00      212.12      465.64      0
       996     12.86          0.00      195.71      393.95      0
       997     12.87          0.00      255.13      678.11      0
       998     12.89          0.00      235.53      562.06      0
       999     12.90          0.00      156.06      189.40      0
      1000     12.91          0.00      170.18      344.99      0
      1001     12.93          0.00      146.67      265.26      0
      1002     12.94          0.00      230.03      556.81      0
      1003     12.95          0.00      245.74      636.87      0
      1004     12.96          0.00      196.69      400.76      0
      1005     12.98          0.00      261.57      748.79      0
      1006     12.99          0.00      205.16      466.86      0
      1007     13.00          0.00      175.72      322.76      0
      1008     13.02          0.00      125.49      115.96      0
      1009     13.03          0.00      230.03      556.81      0
      1010     13.05          0.00      250.38      667.80      0
      1011     13.06          0.00      200.09      366.36      0
      1012     13.07          0.00      120.39      149.23      0
      1013     13.09          0.00      157.74      361.04      0
      1014     13.10          0.00      231.38      562.30      0
      1015     13.11          0.00      242.31      603.84      0
      1016     13.12          0.00      249.66      655.26      0
      1017     13.13          0.00      193.62      397.02      0
      1018     13.15          0.00      257.65      727.56      0
      1019     13.16          0.00      163.66      268.39      0
      1020     13.17          0.00      208.22      457.34      0
      1021     13.18          0.00      250.78      666.12      0
      1022     13.19          0.00      121.57      112.03      0
      1023     13.21          0.00      174.38      299.53      0
      1024     13.22          0.00      293.10      984.44      0
      1025     13.23          0.00      175.76      338.14      0
      1026     13.24          0.00      155.06      269.03      0
      1027     13.26          0.00      273.83      820.23      0
      1028     13.27          0.00      242.28      615.98      0
      1029     13.28          0.00      281.18      878.99      0
      1030     13.29          0.00      224.96      520.36      0
      1031     13.30          0.00      219.69      459.20      0
      1032     13.31          0.00      212.51      496.24      0
      1033     13.32          0.00      226.85      539.90      0
      1034     13.34          0.00      210.76      431.12      0
      1035     13.35          0.00      231.60      540.83      0
      1036     13.36          0.00      195.38      399.08      0
      1037     13.37          0.00      249.66      656.47      0
      1038     13.38          0.00      156.78      361.27      0
      1039     13.39          0.00      182.83      335.94      0
      1040     13.41          0.00      182.51      294.40      0
      1041     13.42          0.00      214.19      460.72      0
      1042     13.43          0.00      108.77      148.05      0
      1043     13.45          0.00      224.40      569.98      0
      1044     13.46          0.00      210.63      449.50      0
      1045     13.47          0.00      236.65      572.92      0
      1046     13.48          0.00      193.59      436.15      0
      1047     13.50          0.00      210.76      439.68      0
      1048     13.51          0.00      205.93      441.47      0
      1049     13.52          0.00      194.46      379.81      0
      1050     13.53          0.00      176.68      273.07      0
      1051     13.55          0.00      243.44      614.70      0
      1052     13.56          0.00      220.61      500.71      0
      1053     13.57          0.00      261.55      760.93      0
      1054     13.58          0.00      251.01      662.10      0
      1055     13.60          0.00      220.21      499.91      0
      1056     13.61          0.00      223.58      503.75      0
      1057     13.62          0.00      188.96      383.98      0
      1058     13.63          0.00      144.24      213.92      0
      1059     13.65          0.00      267.05      771.65      0
      1060     13.66          0.00      194.97      424.31      0
      1061     13.67          0.00      199.09      422.35      0
      1062     13.68          0.00      212.28      424.17      0
      1063     13.70          0.00      201.21      377.53      0
      1064     13.71          0.00      215.34      456.60      0
      1065     13.73          0.00      176.71      305.43      0
      1066     13.74          0.00      183.46      346.87      0
      1067     13.75          0.00      186.63      376.05      0
      1068     13.77          0.00      205.93      424.76      0
      1069     13.78          0.00      164.19      252.87      0
      1070     13.79          0.00      195.34      395.77      0
      1071     13.81          0.00      200.60      390.10      0
      1072     13.82          0.00      262.69      759.65      0
      1073     13.83          0.00      146.44      227.75      0
      1074     13.85          0.00      181.68      357.88      0
      1075     13.86          0.00      206.88      448.02      0
      1076     13.87          0.00      235.53      562.06      0
      1077     13.89          0.00      136.66      175.74      0
      1078     13.90          0.00      125.86      182.44      0
      1079     13.91          0.00      262.93      755.63      0
      1080     13.92          0.00      267.05      771.65      0
      1081     13.93          0.00      227.25      538.22      0
      1082     13.95          0.00      122.10      182.94      0
      1083     13.96          0.00      170.21      329.48      0
      1084     13.97          0.00      177.07      318.24      0
      1085     13.98          0.00      196.46      380.96      0
      1086     14.00          0.00      148.69      279.35      0
      1087     14.01          0.00      169.72      271.65      0
      1088     14.03          0.00      216.24      448.51      0
      1089     14.04          0.00      236.25      574.60      0
      1090     14.05          0.00      157.97      273.75      0
      1091     14.07          0.00      224.33      492.98      0
      1092     14.08          0.00      214.19      457.88      0
      1093     14.09          0.00      235.50      574.20      0
      1094     14.11          0.00      131.38      217.51      0
      1095     14.12          0.00      262.93      755.63      0
      1096     14.13          0.00      182.31      331.81      0
      1097     14.14          0.00      243.44      614.70      0
      1098     14.16          0.00      143.00      169.74      0
      1099     14.17          0.00      200.97      421.83      0
      1100     14.18          0.00      169.25      267.40      0
      1101     14.20          0.00      257.65      727.56      0
      1102     14.21          0.00      183.06      350.29      0
      1103     14.22          0.00      179.84      394.60      0
      1104     14.24          0.00      125.82      177.94      0
      1105     14.25          0.00      149.61      182.45      0
      1106     14.27          0.00      229.90      575.19      0
      1107     14.28          0.00      206.28      441.86      0
      1108     14.29          0.00      231.38      562.30      0
      1109     14.30          0.00      205.88      443.94      0
      1110     14.32          0.00      273.83      820.23      0
      1111     14.33          0.00      227.25      538.22      0
      1112     14.34          0.00      185.87      296.97      0
      1113     14.35          0.00      168.18      280.65      0
      1114     14.36          0.00      193.44      354.20      0
      1115     14.38          0.00      169.66      317.25      0
      1116     14.39          0.00      293.10      984.44      0
      1117     14.40          0.00      255.94      761.93      0
      1118     14.41          0.00      267.05      771.65      0
      1119     14.42          0.00      281.18      878.99      0
      1120     14.44          0.00      231.38      562.30      0
      1121     14.45          0.00      180.01      269.24      0
      1122     14.46          0.00      214.19      484.48      0
      1123     14.47          0.00      262.30      761.33      0
      1124     14.48          0.00      211.56      410.00      0
      1125     14.50          0.00      181.94      271.10      0
      1126     14.51          0.00      261.55      760.93      0
      1127     14.52          0.00      188.96      385.00      0
      1128     14.54          0.00      243.66      613.88      0
      1129     14.55          0.00      214.22      444.66      0
      1130     14.56          0.00      200.06      378.81      0
      1131     14.57          0.00      231.90      566.95      0
      1132     14.59          0.00      156.06      203.73      0
      1133     14.60          0.00      192.06      337.60      0
      1134     14.61          0.00      281.18      878.99      0
      1135     14.62          0.00      262.69      759.65      0
      1136     14.63          0.00      126.94      177.58      0
      1137     14.65          0.00      231.90      566.95      0
      1138     14.66          0.00      219.46      480.68      0
      1139     14.67          0.00      214.94      458.28      0
      1140     14.69          0.00      262.93      755.63      0
      1141     14.70          0.00      231.18      555.53      0
      1142     14.71          0.00      155.31      316.47      0
      1143     14.72          0.00      133.03      190.91      0
      1144     14.74          0.00      181.31      323.11      0
      1145     14.75          0.00      226.85      539.90      0
      1146     14.76          0.00      212.34      469.90      0
      1147     14.78          0.00      267.05      771.65      0
      1148     14.79          0.00      192.88      397.37      0
      1149     14.80          0.00      194.25      390.69      0
      1150     14.82          0.00      257.65      727.56      0
      1151     14.82          0.00      212.12      465.64      0
      1152     14.84          0.00      193.62      397.02      0
      1153     14.85          0.00      217.98      518.12      0
      1154     14.86          0.00      293.10      984.44      0
      1155     14.87          0.00      199.50      406.86      0
      1156     14.88          0.00      257.65      727.56      0
      1157     14.89          0.00      151.19      264.99      0
      1158     14.91          0.00      176.71      290.83      0
      1159     14.92          0.00      164.41      235.22      0
      1160     14.93          0.00      212.28      442.22      0
      1161     14.95          0.00      186.46      365.85      0
      1162     14.96          0.00      230.03      556.81      0
      1163     14.97          0.00      247.78      626.70      0
      1164     14.98          0.00      262.30      761.33      0
      1165     14.99          0.00      262.69      759.65      0
      1166     15.00          0.00      204.72      396.52      0
      1167     15.02          0.00      205.93      424.76      0
      1168     15.03          0.00      156.46      251.40      0
      1169     15.04          0.00      197.09      375.03      0
      1170     15.05          0.00      223.61      481.65      0
      1171     15.07          0.00      261.57      748.79      0
      1172     15.08          0.00      231.60      540.83      0
      1173     15.09          0.00      124.54      184.06      0
      1174     15.10          0.00      217.38      447.23      0
      1175     15.12          0.00      219.46      480.68      0
      1176     15.13          0.00      200.34      429.92      0
      1177     15.14          0.00      226.10      539.50      0
      1178     15.15          0.00      210.76      431.12      0
      1179     15.17          0.00      214.22      477.40      0
      1180     15.18          0.00      267.05      771.65      0
      1181     15.19          0.00      188.99      395.02      0
      1182     15.20          0.00      208.59      484.48      0
      1183     15.22          0.00      230.75      568.63      0
      1184     15.23          0.00      231.15      566.55      0
      1185     15.24          0.00      243.03      616.38      0
      1186     15.25          0.00      212.91      428.60      0
      1187     15.26          0.00      257.65      727.56      0
      1188     15.27          0.00      236.25      574.60      0
      1189     15.28          0.00      181.88      279.93      0
      1190     15.30          0.00      182.18      314.85      0
      1191     15.31          0.00      205.93      441.47      0
      1192     15.32          0.00      194.03      413.43      0
      1193     15.33          0.00      225.78      563.29      0
      1194     15.35          0.00      238.40      592.80      0
      1195     15.36          0.00      293.10      984.44      0
      1196     15.37          0.00      243.08      597.26      0
      1197     15.38          0.00      158.49      361.79      0
      1198     15.39          0.00      293.10      984.44      0
      1199     15.40          0.00      262.93      755.63      0
      1200     15.41          0.00      158.81      258.93      0
      1201     15.43          0.00      273.83      820.23      0
      1202     15.44          0.00      225.78      563.29      0
      1203     15.45          0.00      174.74      299.56      0
      1204     15.46          0.00      215.57      452.58      0
      1205     15.48          0.00      182.18      321.84      0
      1206     15.49          0.00      108.69       93.97      0
      1207     15.50          0.00      150.33      226.37      0
      1208     15.52          0.00      229.90      575.19      0
      1209     15.53          0.00      112.42      142.36      0
      1210     15.54          0.00      162.61      285.70      0
      1211     15.56          0.00      242.28      615.98      0
      1212     15.57          0.00      174.56      323.78      0
      1213     15.58          0.00      211.51      431.52      0
      1214     15.59          0.00      159.31      277.49      0
      1215     15.61          0.00      204.72      412.00      0
      1216     15.62          0.00      205.84      406.26      0
      1217     15.63          0.00      176.68      293.58      0
      1218     15.64          0.00      180.82      290.13      0
      1219     15.66          0.00      219.69      499.28      0
      1220     15.67          0.00      194.46      379.81      0
      1221     15.68          0.00      200.06      378.81      0
      1222     15.69          0.00      261.57      748.79      0
      1223     15.71          0.00      199.22      415.90      0
      1224     15.72          0.00      261.57      748.79      0
      1225     15.73          0.00      195.97      362.13      0
      1226     15.74          0.00      195.38      399.08      0
      1227     15.75          0.00      231.90      566.95      0
      1228     15.77          0.00      213.26      435.33      0
      1229     15.78          0.00      180.73      337.91      0
      1230     15.79          0.00      205.84      420.62      0
      1231     15.80          0.00      129.13      229.19      0
      1232     15.82          0.00      235.53      562.06      0
      1233     15.83          0.00      213.26      435.33      0
      1234     15.84          0.00      176.47      262.80      0
      1235     15.86          0.00      193.59      408.47      0
      1236     15.87          0.00      227.49      534.74      0
      1237     15.88          0.00      185.87      341.54      0
      1238     15.89          0.00      150.99      361.79      0
      1239     15.91          0.00      220.50      540.50      0
      1240     15.92          0.00      231.15      566.55      0
      1241     15.93          0.00      182.11      275.68      0
      1242     15.95          0.00      196.46      380.96      0
      1243     15.96          0.00      236.69      616.98      0
      1244     15.97          0.00      176.07      264.48      0
      1245     15.98          0.00      212.48      507.22      0
      1246     16.00          0.00      214.22      477.40      0
      1247     16.01          0.00      169.66      259.93      0
      1248     16.02          0.00      226.85      539.90      0
      1249     16.03          0.00      217.38      447.23      0
      1250     16.05          0.00      229.90      575.19      0
      1251     16.06          0.00      175.13      300.59      0
      1252     16.07          0.00      150.03      261.89      0
      1253     16.08          0.00      238.40      592.80      0
      1254     16.10          0.00      231.18      555.53      0
      1255     16.11          0.00      201.00      388.42      0
      1256     16.12          0.00      174.96      275.86      0
      1257     16.13          0.00      201.25      414.81      0
      1258     16.15          0.00      198.38      397.12      0
      1259     16.16          0.00      231.18      555.53      0
      1260     16.17          0.00      211.56      440.60      0
      1261     16.18          0.00      236.65      572.92      0
      1262     16.20          0.00      242.28      615.98      0
      1263     16.21          0.00      180.79      327.14      0
      1264     16.22          0.00      236.69      616.98      0
      1265     16.23          0.00      223.58      492.58      0
      1266     16.25          0.00      164.94      259.70      0
      1267     16.26          0.00      188.99      395.02      0
      1268     16.27          0.00      175.19      273.38      0
      1269     16.29          0.00      180.47      299.38      0
      1270     16.30          0.00      227.49      534.20      0
      1271     16.31          0.00      262.30      761.33      0
      1272     16.32          0.00      214.94      458.28      0
      1273     16.34          0.00      261.57      748.79      0
      1274     16.35          0.00      199.22      396.03      0
      1275     16.36          0.00      185.87      296.97      0
      1276     16.38          0.00      231.41      551.51      0
      1277     16.39          0.00      226.10      539.50      0
      1278     16.40          0.00      207.64      400.53      0
      1279     16.41          0.00      132.21      182.09      0
      1280     16.42          0.00      201.72      402.58      0
      1281     16.44          0.00      236.88      568.89      0
      1282     16.45          0.00      208.59      458.88      0
      1283     16.46          0.00      212.28      424.17      0
      1284     16.47          0.00      152.99      365.19      0
      1285     16.49          0.00      163.01      361.04      0
      1286     16.50          0.00      219.23      484.93      0
      1287     16.51          0.00      170.18      344.99      0
      1288     16.52          0.00      262.30      761.33      0
      1289     16.53          0.00      170.18      290.10      0
      1290     16.55          0.00      153.62      277.80      0
      1291     16.56          0.00      173.18      322.80      0
      1292     16.57          0.00      217.98      518.12      0
      1293     16.58          0.00      150.04      241.41      0
      1294     16.60          0.00      262.30      761.33      0
      1295     16.61          0.00      226.10      539.50      0
      1296     16.62          0.00      216.99      448.90      0
      1297     16.63          0.00      211.88      466.92      0
      1298     16.65          0.00      206.07      416.14      0
      1299     16.66          0.00      126.74      164.77      0
      1300     16.68          0.00      219.49      498.48      0
      1301     16.69          0.00      205.84      406.26      0
      1302     16.70          0.00      199.72      402.61      0
      1303     16.71          0.00      231.18      555.53      0
      1304     16.73          0.00      205.13      470.50      0
      1305     16.74          0.00      168.93      289.67      0
      1306     16.75          0.00      231.41      551.51      0
      1307     16.76          0.00      255.13      678.11      0
      1308     16.78          0.00      163.43      294.08      0
      1309     16.79          0.00      164.06      268.79      0
      1310     16.80          0.00      161.66      265.01      0
      1311     16.82          0.00      262.30      761.33      0
      1312     16.83          0.00      165.16      235.62      0
      1313     16.84          0.00      247.78      626.70      0
      1314     16.86          0.00      214.22      477.40      0
      1315     16.87          0.00      267.05      771.65      0
      1316     16.88          0.00      162.47      284.54      0
      1317     16.90          0.00      227.49      534.20      0
      1318     16.91          0.00      126.22      134.56      0
      1319     16.92          0.00      235.50      574.20      0
      1320     16.93          0.00      158.56      277.84      0
      1321     16.95          0.00      153.91      280.58      0
      1322     16.96          0.00      154.71      202.67      0
      1323     16.98          0.00      143.97      197.22      0
      1324     16.99          0.00      229.90      575.19      0
      1325     17.00          0.00      149.21      251.32      0
      1326     17.02          0.00      236.25      574.60      0
      1327     17.03          0.00      188.43      334.94      0
      1328     17.04          0.00      176.09      284.58      0
      1329     17.05          0.00      138.18      206.00      0
      1330     17.07          0.00      262.30      761.33      0
      1331     17.08          0.00      182.54      310.10      0
      1332     17.09          0.00      281.18      878.99      0
      1333     17.10          0.00      153.65      362.82      0
      1334     17.11          0.00      206.88      407.94      0
      1335     17.13          0.00      205.09      405.86      0
      1336     17.14          0.00      242.28      615.98      0
      1337     17.15          0.00      212.68      422.49      0
      1338     17.16          0.00      231.41      551.51      0
      1339     17.18          0.00      212.87      466.39      0
      1340     17.19          0.00      281.18      878.99      0
      1341     17.20          0.00      230.78      557.21      0
      1342     17.21          0.00      219.69      499.28      0
      1343     17.23          0.00      199.62      413.43      0
      1344     17.24          0.00      245.74      634.03      0
      1345     17.25          0.00      255.94      761.93      0
      1346     17.26          0.00      244.03      668.39      0
      1347     17.27          0.00      250.38      667.80      0
      1348     17.29          0.00      226.13      527.05      0
      1349     17.30          0.00      250.38      667.80      0
      1350     17.31          0.00      151.91      234.93      0
      1351     17.33          0.00      200.09      392.41      0
      1352     17.34          0.00      174.29      290.01      0
      1353     17.35          0.00      238.40      582.61      0
      1354     17.36          0.00      186.23      368.46      0
      1355     17.37          0.00      281.18      878.99      0
      1356     17.38          0.00      186.43      353.75      0
      1357     17.40          0.00      199.50      406.86      0
      1358     17.41          0.00      137.41      164.90      0
      1359     17.42          0.00      152.27      255.79      0
      1360     17.44          0.00      243.66      613.88      0
      1361     17.45          0.00      242.31      603.84      0
      1362     17.46          0.00      169.32      324.24      0
      1363     17.47          0.00      225.78      563.29      0
      1364     17.48          0.00      113.80      130.15      0
      1365     17.50          0.00      220.21      481.08      0
      1366     17.51          0.00      220.50      540.50      0
      1367     17.53          0.00      236.88      568.89      0
      1368     17.54          0.00      262.93      755.63      0
      1369     17.55          0.00      194.46      397.86      0
      1370     17.56          0.00      249.66      655.26      0
      1371     17.57          0.00      150.36      297.95      0
      1372     17.59          0.00      243.08      597.26      0
      1373     17.60          0.00      154.71      204.80      0
      1374     17.61          0.00      148.94      268.51      0
      1375     17.63          0.00      200.80      444.00      0
      1376     17.64          0.00      235.53      562.06      0
      1377     17.65          0.00      262.30      761.33      0
      1378     17.66          0.00      181.31      293.74      0
      1379     17.68          0.00      148.72      268.28      0
      1380     17.69          0.00      231.15      566.55      0
      1381     17.70          0.00      247.78      626.70      0
      1382     17.71          0.00      261.57      748.79      0
      1383     17.73          0.00      223.58      503.75      0
      1384     17.74          0.00      198.34      423.45      0
      1385     17.75          0.00      193.44      322.33      0
      1386     17.76          0.00      206.88      448.02      0
      1387     17.77          0.00      168.53      232.26      0
      1388     17.79          0.00      159.53      250.61      0
      1389     17.80          0.00      230.03      556.81      0
      1390     17.81          0.00      226.85      539.90      0
      1391     17.82          0.00      262.30      761.33      0
      1392     17.83          0.00      143.00      164.62      0
      1393     17.85          0.00      231.60      540.83      0
      1394     17.86          0.00      261.57      748.79      0
      1395     17.87          0.00      193.62      397.02      0
      1396     17.88          0.00      220.21      481.08      0
      1397     17.90          0.00      224.33      492.98      0
      1398     17.91          0.00      249.66      655.26      0
      1399     17.92          0.00      133.38      228.33      0
      1400     17.94          0.00      176.04      300.00      0
      1401     17.95          0.00      262.69      759.65      0
      1402     17.96          0.00      180.59      319.00      0
      1403     17.97          0.00      201.00      388.42      0
      1404     17.98          0.00      151.38      231.06      0
      1405     18.00          0.00      231.38      562.30      0
      1406     18.01          0.00      242.31      612.40      0
      1407     18.02          0.00      231.90      566.95      0
      1408     18.04          0.00      210.76      431.12      0
      1409     18.05          0.00      145.52      209.88      0
      1410     18.06          0.00      220.50      540.50      0
      1411     18.08          0.00      231.41      551.51      0
      1412     18.09          0.00      261.57      748.79      0
      1413     18.10          0.00      243.44      614.70      0
      1414     18.11          0.00      138.13      148.50      0
      1415     18.13          0.00      194.22      402.53      0
      1416     18.14          0.00      242.31      603.84      0
      1417     18.15          0.00      262.93      755.63      0
      1418     18.16          0.00      220.50      540.50      0
      1419     18.18          0.00      293.10      984.44      0
      1420     18.19          0.00      173.81      255.06      0
      1421     18.20          0.00      181.34      303.26      0
      1422     18.21          0.00      235.50      574.20      0
      1423     18.22          0.00      180.59      286.47      0
      1424     18.24          0.00      225.54      567.55      0
      1425     18.25          0.00      293.10      984.44      0
      1426     18.26          0.00      255.94      761.93      0
      1427     18.27          0.00      243.66      610.68      0
      1428     18.28          0.00      227.49      534.20      0
      1429     18.29          0.00      212.34      415.13      0
      1430     18.31          0.00      250.38      667.80      0
      1431     18.32          0.00      144.57      293.88      0
      1432     18.33          0.00      162.64      365.94      0
      1433     18.34          0.00      169.46      280.75      0
      1434     18.36          0.00      181.16      339.27      0
      1435     18.37          0.00      262.30      761.33      0
      1436     18.38          0.00      245.74      636.87      0
      1437     18.39          0.00      188.99      395.02      0
      1438     18.41          0.00      247.78      645.22      0
      1439     18.42          0.00      262.69      759.65      0
      1440     18.43          0.00      199.85      389.70      0
      1441     18.44          0.00      163.78      325.35      0
      1442     18.45          0.00      205.12      394.84      0
      1443     18.46          0.00      213.86      481.68      0
      1444     18.48          0.00      281.18      878.99      0
      1445     18.49          0.00      232.53      561.02      0
      1446     18.50          0.00      262.30      761.33      0
      1447     18.51          0.00      247.78      645.22      0
      1448     18.52          0.00      185.47      326.18      0
      1449     18.53          0.00      201.44      373.51      0
      1450     18.55          0.00      219.23      484.93      0
      1451     18.56          0.00      168.18      266.87      0
      1452     18.57          0.00      243.66      613.88      0
      1453     18.58          0.00      212.68      432.62      0
      1454     18.60          0.00      193.62      397.02      0
      1455     18.61          0.00      273.83      820.23      0
      1456     18.62          0.00      261.57      748.79      0
      1457     18.63          0.00      199.22      415.90      0
      1458     18.64          0.00      150.36      297.95      0
      1459     18.65          0.00      152.66      358.79      0
      1460     18.67          0.00      226.13      523.44      0
      1461     18.68          0.00      205.13      444.29      0
      1462     18.69          0.00      245.74      636.87      0
      1463     18.70          0.00      218.86      475.59      0
      1464     18.71          0.00      231.41      551.51      0
      1465     18.73          0.00      149.21      226.96      0
      1466     18.74          0.00      181.94      315.22      0
      1467     18.75          0.00      177.47      257.72      0
      1468     18.76          0.00      188.99      367.89      0
      1469     18.78          0.00      293.10      984.44      0
      1470     18.79          0.00      236.88      568.89      0
      1471     18.80          0.00      170.63      242.07      0
      1472     18.81          0.00      267.05      771.65      0
      1473     18.82          0.00      212.34      415.13      0
      1474     18.84          0.00      243.66      613.88      0
      1475     18.85          0.00      212.34      469.90      0
      1476     18.86          0.00      214.22      444.66      0
      1477     18.87          0.00      199.85      389.70      0
      1478     18.89          0.00      236.69      616.98      0
      1479     18.90          0.00      200.34      404.65      0
      1480     18.91          0.00      194.16      346.44      0
      1481     18.93          0.00      230.78      557.21      0
      1482     18.94          0.00      262.30      761.33      0
      1483     18.95          0.00      174.97      295.08      0
      1484     18.96          0.00      210.63      488.74      0
      1485     18.97          0.00      164.06      317.25      0
      1486     18.99          0.00      162.61      226.85      0
      1487     19.00          0.00      217.98      493.57      0
      1488     19.01          0.00      182.34      341.04      0
      1489     19.03          0.00      194.97      424.31      0
      1490     19.04          0.00      255.94      761.93      0
      1491     19.05          0.00      193.18      409.29      0
      1492     19.07          0.00      281.18      878.99      0
      1493     19.08          0.00      231.18      555.53      0
      1494     19.09          0.00      137.81      163.54      0
      1495     19.10          0.00      223.61      491.61      0
      1496     19.11          0.00      165.53      274.07      0
      1497     19.13          0.00      236.88      568.89      0
      1498     19.14          0.00      212.68      443.02      0
      1499     19.15          0.00      261.57      748.79      0
      1500     19.16          0.00      245.74      634.03      0
      1501     19.17          0.00      231.38      562.30      0
      1502     19.18          0.00      236.88      568.89      0
      1503     19.20          0.00      219.69      499.28      0
      1504     19.21          0.00      231.38      562.30      0
      1505     19.22          0.00      162.38      283.27      0
      1506     19.23          0.00      154.68      251.82      0
      1507     19.24          0.00      169.46      276.48      0
      1508     19.26          0.00      138.53      216.47      0
      1509     19.27          0.00      215.34      486.03      0
      1510     19.28          0.00      144.24      251.56      0
      1511     19.30          0.00      194.03      394.94      0
      1512     19.31          0.00      220.21      481.08      0
      1513     19.32          0.00      235.53      562.06      0
      1514     19.33          0.00      217.98      493.57      0
      1515     19.35          0.00      220.21      481.08      0
      1516     19.36          0.00      198.38      397.12      0
      1517     19.37          0.00      225.54      567.55      0
      1518     19.38          0.00      162.94      312.49      0
      1519     19.40          0.00      154.31      210.14      0
      1520     19.41          0.00      195.31      382.64      0
      1521     19.42          0.00      168.18      324.99      0
      1522     19.44          0.00      179.12      290.69      0
      1523     19.45          0.00      245.74      636.87      0
      1524     19.46          0.00      212.51      477.40      0
      1525     19.47          0.00      211.51      440.08      0
      1526     19.48          0.00      255.94      761.93      0
      1527     19.50          0.00      249.63      667.40      0
      1528     19.51          0.00      200.34      404.65      0
      1529     19.52          0.00      262.30      761.33      0
      1530     19.53          0.00      224.40      571.00      0
      1531     19.54          0.00      214.19      484.48      0
      1532     19.56          0.00      261.57      748.79      0
      1533     19.57          0.00      180.79      313.67      0
      1534     19.58          0.00      243.08      607.39      0
      1535     19.59          0.00      162.38      361.27      0
      1536     19.61          0.00      196.69      376.70      0
      1537     19.62          0.00      125.29      129.04      0
      1538     19.63          0.00      293.10      984.44      0
      1539     19.64          0.00      156.03      365.94      0
      1540     19.66          0.00      213.23      506.12      0
      1541     19.67          0.00      262.30      761.33      0
      1542     19.68          0.00      231.60      546.42      0
      1543     19.69          0.00      176.71      258.77      0
      1544     19.70          0.00      164.94      326.10      0
      1545     19.71          0.00      211.53      423.77      0
      1546     19.73          0.00      293.10      984.44      0
      1547     19.74          0.00      262.69      759.65      0
      1548     19.75          0.00      262.69      759.65      0
      1549     19.76          0.00      171.07      311.16      0
      1550     19.77          0.00      238.40      582.80      0
      1551     19.78          0.00      198.34      410.31      0
      1552     19.79          0.00      120.19      192.34      0
      1553     19.81          0.00      195.31      382.64      0
      1554     19.82          0.00      194.75      405.64      0
      1555     19.83          0.00      224.33      492.98      0
      1556     19.84          0.00      139.29      168.27      0
      1557     19.86          0.00      177.79      313.93      0
      1558     19.87          0.00      211.91      438.40      0
      1559     19.88          0.00      199.50      419.87      0
      1560     19.90          0.00      226.10      539.50      0
      1561     19.91          0.00      219.26      473.91      0
      1562     19.92          0.00      151.28      235.22      0
      1563     19.93          0.00      158.72      272.69      0
      1564     19.95          0.00      163.46      283.23      0
      1565     19.96          0.00      236.88      568.89      0
      1566     19.97          0.00      189.09      340.79      0
      1567     19.99          0.00      200.38      414.18      0
      1568     20.00          0.00      190.34      400.01      0
      1569     20.01          0.00      230.75      568.63      0
      1570     20.02          0.00      171.03      266.93      0
      1571     20.03          0.00      182.11      398.35      0
      1572     20.05          0.00      232.53      561.02      0
      1573     20.06          0.00      236.69      616.98      0
      1574     20.07          0.00      189.81      352.88      0
      1575     20.08          0.00      231.18      555.53      0
      1576     20.10          0.00      162.91      268.39      0
      1577     20.11          0.00      192.88      417.01      0
      1578     20.12          0.00      293.10      984.44      0
      1579     20.13          0.00      174.34      329.72      0
      1580     20.14          0.00      163.46      260.08      0
      1581     20.16          0.00      217.38      490.29      0
      1582     20.17          0.00      214.19      484.48      0
      1583     20.18          0.00      113.21      110.55      0
      1584     20.20          0.00      219.46      480.68      0
      1585     20.21          0.00      200.06      397.86      0
      1586     20.22          0.00      205.16      466.86      0
      1587     20.24          0.00      267.05      771.65      0
      1588     20.25          0.00      212.87      466.39      0
      1589     20.26          0.00      162.91      318.00      0
      1590     20.27          0.00      231.15      566.55      0
      1591     20.28          0.00      243.03      616.38      0
      1592     20.29          0.00      181.54      385.04      0
      1593     20.31          0.00      235.50      574.20      0
      1594     20.32          0.00      212.51      476.19      0
      1595     20.33          0.00      162.07      337.70      0
      1596     20.35          0.00      257.65      727.56      0
      1597     20.36          0.00      163.82      268.72      0
      1598     20.37          0.00      189.71      406.43      0
      1599     20.38          0.00      182.11      349.11      0
      1600     20.40          0.00      262.30      761.33      0
      1601     20.41          0.00      150.40      253.92      0
      1602     20.42          0.00      155.66      364.96      0
      1603     20.43          0.00      118.47      110.84      0
      1604     20.45          0.00      215.34      486.03      0
      1605     20.46          0.00      196.69      377.24      0
      1606     20.47          0.00      208.00      422.72      0
      1607     20.49          0.00      230.03      556.81      0
      1608     20.50          0.00      180.37      287.52      0
      1609     20.51          0.00      199.85      389.70      0
      1610     20.52          0.00      208.59      484.48      0
      1611     20.54          0.00      255.94      761.93      0
      1612     20.55          0.00      162.41      365.71      0
      1613     20.56          0.00      205.84      406.26      0
      1614     20.57          0.00      231.60      540.83      0
      1615     20.58          0.00      194.16      343.48      0
      1616     20.60          0.00      212.48      507.22      0
      1617     20.61          0.00      243.44      614.70      0
      1618     20.62          0.00      149.08      316.24      0
      1619     20.63          0.00      150.62      209.26      0
      1620     20.65          0.00      267.05      771.65      0
      1621     20.66          0.00      236.69      616.98      0
      1622     20.67          0.00      217.03      459.48      0
      1623     20.68          0.00      273.83      820.23      0
      1624     20.69          0.00      181.68      407.55      0
      1625     20.70          0.00      176.12      291.92      0
      1626     20.72          0.00      236.69      616.98      0
      1627     20.73          0.00      281.18      878.99      0
      1628     20.74          0.00      226.10      539.50      0
      1629     20.75          0.00      293.10      984.44      0
      1630     20.76          0.00      194.59      395.02      0
      1631     20.77          0.00      232.53      561.02      0
      1632     20.78          0.00      243.66      610.68      0
      1633     20.80          0.00      230.78      557.21      0
      1634     20.81          0.00      201.44      373.51      0
      1635     20.82          0.00      147.62      216.88      0
      1636     20.84          0.00      149.48      316.24      0
      1637     20.85          0.00      293.10      984.44      0
      1638     20.86          0.00      115.55      128.80      0
      1639     20.87          0.00      262.69      759.65      0
      1640     20.88          0.00      203.97      396.12      0
      1641     20.90          0.00      193.18      347.34      0
      1642     20.91          0.00      206.07      402.01      0
      1643     20.92          0.00      167.54      278.00      0
      1644     20.94          0.00      149.48      270.37      0
      1645     20.95          0.00      198.34      409.29      0
      1646     20.97          0.00      139.49      199.73      0
      1647     20.98          0.00      224.33      518.87      0
      1648     20.99          0.00      231.15      566.55      0
      1649     21.01          0.00      164.19      258.95      0
      1650     21.02          0.00      181.31      293.74      0
      1651     21.03          0.00      257.65      727.56      0
      1652     21.04          0.00      177.47      281.19      0
      1653     21.06          0.00      195.74      369.23      0
      1654     21.07          0.00      218.83      487.01      0
      1655     21.09          0.00      293.10      984.44      0
      1656     21.10          0.00      231.18      555.53      0
      1657     21.11          0.00      211.49      442.94      0
      1658     21.12          0.00      193.59      408.47      0
      1659     21.13          0.00      250.38      667.80      0
      1660     21.15          0.00      261.57      748.79      0
      1661     21.16          0.00      230.75      568.63      0
      1662     21.17          0.00      184.54      335.00      0
      1663     21.18          0.00      146.67      213.64      0
      1664     21.20          0.00      115.52       99.05      0
      1665     21.21          0.00      261.57      748.79      0
      1666     21.22          0.00      225.54      567.55      0
      1667     21.23          0.00      147.39      274.25      0
      1668     21.25          0.00      227.49      534.74      0
      1669     21.26          0.00      262.30      761.33      0
      1670     21.27          0.00      205.88      443.94      0
      1671     21.28          0.00      155.66      222.71      0
      1672     21.30          0.00      245.74      636.87      0
      1673     21.31          0.00      244.03      668.39      0
      1674     21.32          0.00      207.64      400.53      0
      1675     21.33          0.00      235.50      574.20      0
      1676     21.34          0.00      184.05      390.28      0
      1677     21.36          0.00      255.94      761.93      0
      1678     21.37          0.00      250.78      666.12      0
      1679     21.38          0.00      215.57      452.58      0
      1680     21.39          0.00      157.44      242.90      0
      1681     21.40          0.00      211.56      418.56      0
      1682     21.42          0.00      267.05      771.65      0
      1683     21.43          0.00      262.69      759.65      0
      1684     21.44          0.00      293.10      984.44      0
      1685     21.45          0.00      196.46      380.96      0
      1686     21.46          0.00      242.31      612.40      0
      1687     21.47          0.00      199.22      396.03      0
      1688     21.48          0.00      262.69      759.65      0
      1689     21.50          0.00      219.49      469.89      0
      1690     21.51          0.00      218.11      475.19      0
      1691     21.52          0.00      261.57      748.79      0
      1692     21.53          0.00      175.49      325.62      0
      1693     21.54          0.00      226.10      539.50      0
      1694     21.56          0.00      159.31      255.09      0
      1695     21.57          0.00      215.57      453.12      0
      1696     21.58          0.00      153.02      207.04      0
      1697     21.60          0.00      243.03      616.38      0
      1698     21.61          0.00      151.74      361.04      0
      1699     21.62          0.00      227.25      538.22      0
      1700     21.63          0.00      174.56      323.78      0
      1701     21.64          0.00      193.18      336.16      0
      1702     21.66          0.00      180.59      286.47      0
      1703     21.67          0.00      205.09      405.86      0
      1704     21.68          0.00      219.49      469.89      0
      1705     21.69          0.00      267.05      771.65      0
      1706     21.71          0.00      212.12      436.61      0
      1707     21.72          0.00      255.94      761.93      0
      1708     21.73          0.00      218.86      496.99      0
      1709     21.74          0.00      132.53      150.36      0
      1710     21.76          0.00      261.57      748.79      0
      1711     21.77          0.00      133.62      209.70      0
      1712     21.78          0.00      208.00      456.65      0
      1713     21.79          0.00      236.65      572.92      0
      1714     21.81          0.00      195.38      421.83      0
      1715     21.82          0.00      262.93      755.63      0
      1716     21.83          0.00      186.06      342.95      0
      1717     21.84          0.00      143.41      163.54      0
      1718     21.86          0.00      262.30      761.33      0
      1719     21.87          0.00      180.73      337.91      0
      1720     21.88          0.00      281.18      878.99      0
      1721     21.90          0.00      255.13      678.11      0
      1722     21.91          0.00      201.21      399.41      0
      1723     21.92          0.00      180.24      394.60      0
      1724     21.94          0.00      232.12      562.70      0
      1725     21.95          0.00      212.34      415.13      0
      1726     21.96          0.00      153.62      269.85      0
      1727     21.97          0.00      216.24      448.51      0
      1728     21.99          0.00      145.72      166.07      0
      1729     22.00          0.00      255.94      761.93      0
      1730     22.02          0.00      200.81      398.61      0
      1731     22.03          0.00      126.61      183.43      0
      1732     22.04          0.00      261.55      760.93      0
      1733     22.05          0.00      177.04      314.28      0
      1734     22.07          0.00      236.25      574.60      0
      1735     22.08          0.00      200.06      378.81      0
      1736     22.09          0.00      138.18      249.20      0
      1737     22.10          0.00      180.82      290.13      0
      1738     22.12          0.00      216.24      448.51      0
      1739     22.13          0.00      205.13      444.29      0
      1740     22.14          0.00      257.65      727.56      0
      1741     22.15          0.00      163.19      299.91      0
      1742     22.16          0.00      194.75      429.92      0
      1743     22.18          0.00      153.02      361.79      0
      1744     22.19          0.00      194.03      413.43      0
      1745     22.20          0.00      176.44      318.24      0
      1746     22.21          0.00      206.07      416.14      0
      1747     22.22          0.00      176.47      374.90      0
      1748     22.24          0.00      174.37      290.59      0
      1749     22.25          0.00      182.18      386.53      0
      1750     22.26          0.00      242.31      612.40      0
      1751     22.28          0.00      216.99      448.90      0
      1752     22.29          0.00      273.83      820.23      0
      1753     22.30          0.00      173.62      384.41      0
      1754     22.31          0.00      262.69      759.65      0
      1755     22.32          0.00      220.61      500.71      0
      1756     22.34          0.00      195.34      395.77      0
      1757     22.35          0.00      187.18      352.64      0
      1758     22.36          0.00      231.60      540.83      0
      1759     22.37          0.00      199.22      396.03      0
      1760     22.38          0.00      232.53      561.02      0
      1761     22.40          0.00      245.74      634.03      0
      1762     22.41          0.00      232.12      562.70      0
      1763     22.42          0.00      203.97      396.12      0
      1764     22.44          0.00      232.53      561.02      0
      1765     22.45          0.00      243.03      616.38      0
      1766     22.46          0.00      255.13      689.29      0
      1767     22.47          0.00      208.59      458.88      0
      1768     22.48          0.00      262.69      759.65      0
      1769     22.49          0.00      243.03      616.38      0
      1770     22.50          0.00      147.07      172.03      0
      1771     22.52          0.00      230.78      557.21      0
      1772     22.53          0.00      188.96      383.98      0
      1773     22.54          0.00      242.28      615.98      0
      1774     22.55          0.00      145.92      295.14      0
      1775     22.57          0.00      205.09      405.86      0
      1776     22.58          0.00      183.79      394.43      0
      1777     22.59          0.00      163.78      241.55      0
      1778     22.61          0.00      293.10      984.44      0
      1779     22.62          0.00      293.10      984.44      0
      1780     22.63          0.00      230.75      568.63      0
      1781     22.64          0.00      249.63      667.40      0
      1782     22.65          0.00      174.97      380.49      0
      1783     22.67          0.00      145.65      192.98      0
      1784     22.68          0.00      170.21      257.40      0
      1785     22.69          0.00      212.34      469.90      0
      1786     22.70          0.00      243.03      616.38      0
      1787     22.71          0.00      188.17      312.71      0
      1788     22.73          0.00      262.69      754.38      0
      1789     22.74          0.00      181.16      339.27      0
      1790     22.75          0.00      115.87      147.96      0
      1791     22.77          0.00      231.90      566.95      0
      1792     22.78          0.00      218.86      496.99      0
      1793     22.79          0.00      182.54      328.15      0
      1794     22.80          0.00      199.50      406.86      0
      1795     22.82          0.00      198.34      423.45      0
      1796     22.83          0.00      142.86      158.74      0
      1797     22.84          0.00      281.18      878.99      0
      1798     22.86          0.00      188.89      312.35      0
      1799     22.87          0.00      230.03      556.81      0
      1800     22.88          0.00      273.83      820.23      0
      1801     22.89          0.00      251.01      662.10      0
      1802     22.90          0.00      163.46      279.68      0
      1803     22.92          0.00      133.25      214.75      0
      1804     22.93          0.00      293.10      984.44      0
      1805     22.94          0.00      244.03      668.39      0
      1806     22.95          0.00      249.66      655.26      0
      1807     22.96          0.00      200.81      379.21      0
      1808     22.97          0.00      201.21      399.41      0
      1809     22.99          0.00      210.76      431.12      0
      1810     23.00          0.00      177.82      295.13      0
      1811     23.01          0.00      213.23      488.00      0
      1812     23.03          0.00      192.81      411.49      0
      1813     23.04          0.00      137.15      224.47      0
      1814     23.05          0.00      293.10      984.44      0
      1815     23.06          0.00      117.22      186.81      0
      1816     23.07          0.00      199.09      408.94      0
      1817     23.09          0.00      236.88      568.89      0
      1818     23.10          0.00      262.93      755.63      0
      1819     23.11          0.00      226.13      527.05      0
      1820     23.12          0.00      226.10      539.50      0
      1821     23.14          0.00      225.78      563.29      0
      1822     23.15          0.00      193.62      397.02      0
      1823     23.16          0.00      164.41      270.89      0
      1824     23.17          0.00      200.34      404.65      0
      1825     23.19          0.00      236.69      616.98      0
      1826     23.20          0.00      232.12      562.70      0
      1827     23.21          0.00      151.94      361.04      0
      1828     23.22          0.00      184.77      307.00      0
      1829     23.23          0.00      181.54      385.04      0
      1830     23.25          0.00      293.10      984.44      0
      1831     23.26          0.00      200.38      394.35      0
      1832     23.27          0.00      201.00      410.50      0
      1833     23.28          0.00      293.10      984.44      0
      1834     23.29          0.00      169.46      328.73      0
      1835     23.30          0.00      198.38      397.12      0
      1836     23.32          0.00      261.57      748.79      0
      1837     23.33          0.00      216.26      454.89      0
      1838     23.34          0.00      223.58      492.58      0
      1839     23.35          0.00      204.72      396.52      0
      1840     23.36          0.00      186.63      312.77      0
      1841     23.38          0.00      227.49      534.20      0
      1842     23.39          0.00      261.57      748.79      0
      1843     23.40          0.00      156.62      258.79      0
      1844     23.41          0.00      200.38      394.35      0
      1845     23.43          0.00      217.03      451.09      0
      1846     23.44          0.00      170.21      257.40      0
      1847     23.45          0.00      204.69      422.35      0
      1848     23.47          0.00      212.87      437.01      0
      1849     23.48          0.00      181.39      293.33      0
      1850     23.49          0.00      193.59      409.49      0
      1851     23.50          0.00      177.04      340.87      0
      1852     23.52          0.00      124.14      168.00      0
      1853     23.53          0.00      123.79      151.14      0
      1854     23.55          0.00      171.07      379.97      0
      1855     23.56          0.00      182.31      349.30      0
      1856     23.57          0.00      267.05      771.65      0
      1857     23.58          0.00      229.90      575.19      0
      1858     23.59          0.00      186.23      334.49      0
      1859     23.61          0.00      194.59      366.90      0
      1860     23.62          0.00      207.64      422.63      0
      1861     23.63          0.00      152.27      185.29      0
      1862     23.65          0.00      225.54      567.55      0
      1863     23.66          0.00      109.44      105.30      0
      1864     23.67          0.00      182.83      335.94      0
      1865     23.69          0.00      255.94      761.93      0
      1866     23.70          0.00      194.75      429.92      0
      1867     23.71          0.00      293.10      984.44      0
      1868     23.72          0.00      210.63      488.74      0
      1869     23.73          0.00      216.24      467.03      0
      1870     23.74          0.00      227.25      538.22      0
      1871     23.75          0.00      194.16      365.39      0
      1872     23.77          0.00      231.15      566.55      0
      1873     23.78          0.00      213.86      481.68      0
      1874     23.79          0.00      211.49      442.94      0
      1875     23.80          0.00      167.97      260.31      0
      1876     23.81          0.00      204.72      396.52      0
      1877     23.83          0.00      226.10      539.50      0
      1878     23.84          0.00      273.83      820.23      0
      1879     23.85          0.00      247.78      645.22      0
      1880     23.86          0.00      224.40      571.00      0
      1881     23.87          0.00      146.64      278.55      0
      1882     23.88          0.00      244.03      668.39      0
      1883     23.90          0.00      229.90      575.19      0
      1884     23.91          0.00      243.66      610.68      0
      1885     23.92          0.00      218.83      506.12      0
      1886     23.93          0.00      204.69      422.35      0
      1887     23.94          0.00      261.57      748.79      0
      1888     23.95          0.00      176.12      317.71      0
      1889     23.97          0.00      200.81      398.61      0
      1890     23.98          0.00      225.15      569.62      0
      1891     23.99          0.00      273.83      820.23      0
      1892     24.00          0.00      199.85      408.94      0
      1893     24.01          0.00      212.15      469.10      0
      1894     24.02          0.00      267.05      771.65      0
      1895     24.03          0.00      293.10      984.44      0
      1896     24.05          0.00      218.83      506.12      0
      1897     24.06          0.00      219.46      480.68      0
      1898     24.07          0.00      281.18      878.99      0
      1899     24.08          0.00      249.63      667.40      0
      1900     24.10          0.00      176.12      292.65      0
      1901     24.11          0.00      227.25      538.22      0
      1902     24.12          0.00      219.26      475.12      0
      1903     24.14          0.00      223.58      518.12      0
      1904     24.15          0.00      170.44      287.39      0
      1905     24.16          0.00      226.10      539.50      0
      1906     24.17          0.00      144.96      294.91      0
      1907     24.19          0.00      261.57      748.79      0
      1908     24.20          0.00      227.49      534.74      0
      1909     24.21          0.00      188.66      330.46      0
      1910     24.22          0.00      231.90      566.95      0
      1911     24.23          0.00      159.12      280.01      0
      1912     24.25          0.00      245.74      634.03      0
      1913     24.26          0.00      261.57      748.79      0
      1914     24.27          0.00      215.34      486.03      0
      1915     24.28          0.00      293.10      984.44      0
      1916     24.29          0.00      243.08      607.39      0
      1917     24.30          0.00      231.15      566.55      0
      1918     24.31          0.00      226.85      539.90      0
      1919     24.32          0.00      162.41      276.38      0
      1920     24.34          0.00      236.25      574.60      0
      1921     24.35          0.00      175.19      328.14      0
      1922     24.36          0.00      175.68      287.94      0
      1923     24.37          0.00      224.43      557.81      0
      1924     24.39          0.00      261.55      760.93      0
      1925     24.40          0.00      158.26      358.79      0
      1926     24.41          0.00      267.05      771.65      0
      1927     24.42          0.00      230.78      557.21      0
      1928     24.43          0.00      218.86      475.59      0
      1929     24.44          0.00      201.25      455.10      0
      1930     24.45          0.00      185.17      326.63      0
      1931     24.46          0.00      163.19      283.04      0
      1932     24.48          0.00      115.12      145.08      0
      1933     24.49          0.00      131.38      202.96      0
      1934     24.51          0.00      250.38      667.80      0
      1935     24.52          0.00      232.53      561.02      0
      1936     24.53          0.00      174.56      278.13      0
      1937     24.54          0.00      194.75      429.92      0
      1938     24.55          0.00      138.13      148.84      0
      1939     24.57          0.00      165.13      249.61      0
      1940     24.58          0.00      190.34      400.01      0
      1941     24.59          0.00      211.53      441.47      0
      1942     24.61          0.00      220.61      479.40      0
      1943     24.62          0.00      255.94      761.93      0
      1944     24.63          0.00      230.03      556.81      0
      1945     24.64          0.00      159.94      327.64      0
      1946     24.65          0.00      281.18      878.99      0
      1947     24.67          0.00      230.75      568.63      0
      1948     24.68          0.00      144.93      268.02      0
      1949     24.69          0.00      181.68      356.88      0
      1950     24.71          0.00      193.59      436.15      0
      1951     24.72          0.00      170.44      302.66      0
      1952     24.73          0.00      205.93      441.47      0
      1953     24.74          0.00      169.69      230.98      0
      1954     24.76          0.00      205.09      405.86      0
      1955     24.77          0.00      267.05      771.65      0
      1956     24.78          0.00      156.41      237.81      0
      1957     24.79          0.00      225.54      567.55      0
      1958     24.81          0.00      245.74      634.03      0
      1959     24.82          0.00      163.76      222.67      0
      1960     24.83          0.00      262.69      759.65      0
      1961     24.84          0.00      267.05      771.65      0
      1962     24.85          0.00      197.09      375.56      0
      1963     24.86          0.00      181.71      398.35      0
      1964     24.88          0.00      211.51      431.52      0
      1965     24.89          0.00      261.55      760.93      0
      1966     24.90          0.00      262.69      759.65      0
      1967     24.91          0.00      128.41      155.32      0
      1968     24.93          0.00      293.10      984.44      0
      1969     24.94          0.00      171.03      266.93      0
      1970     24.95          0.00      219.26      497.79      0
      1971     24.96          0.00      273.83      820.23      0
      1972     24.97          0.00      145.32      294.63      0
      1973     24.98          0.00      214.22      443.03      0
      1974     25.00          0.00      131.91      230.93      0
      1975     25.01          0.00      117.22      186.81      0
      1976     25.02          0.00      230.75      568.63      0
      1977     25.04          0.00      217.03      481.52      0
      1978     25.05          0.00      211.53      423.77      0
      1979     25.06          0.00      199.72      402.61      0
      1980     25.07          0.00      145.03      195.78      0
      1981     25.09          0.00      251.01      662.10      0
      1982     25.10          0.00      194.25      390.69      0
      1983     25.11          0.00      185.51      366.84      0
      1984     25.13          0.00      169.69      252.86      0
      1985     25.14          0.00      261.55      760.93      0
      1986     25.15          0.00      230.78      557.21      0
      1987     25.16          0.00      118.14      113.89      0
      1988     25.18          0.00      208.22      408.51      0
      1989     25.19          0.00      232.12      562.70      0
      1990     25.20          0.00      206.51      437.61      0
      1991     25.21          0.00      261.57      748.79      0
      1992     25.23          0.00      195.74      396.57      0
      1993     25.24          0.00      194.22      425.41      0
      1994     25.25          0.00      166.82      276.87      0
      1995     25.26          0.00      143.98      226.37      0
      1996     25.28          0.00      243.66      613.88      0
      1997     25.29          0.00      174.97      380.49      0
      1998     25.30          0.00      205.93      441.47      0
      1999     25.31          0.00      188.96      383.98      0
      2000     25.33          0.00      231.41      551.51      0
      2001     25.34          0.00      257.65      727.56      0
      2002     25.35          0.00      293.10      984.44      0
      2003     25.36          0.00      175.76      304.18      0
      2004     25.37          0.00      214.22      441.82      0
      2005     25.38          0.00      293.10      984.44      0
      2006     25.40          0.00      232.53      561.02      0
      2007     25.41          0.00      168.53      312.49      0
      2008     25.42          0.00      163.85      276.25      0
      2009     25.43          0.00      180.24      394.60      0
      2010     25.44          0.00      219.98      504.39      0
      2011     25.46          0.00      249.63      667.40      0
      2012     25.47          0.00      214.22      477.40      0
      2013     25.48          0.00      196.69      377.24      0
      2014     25.49          0.00      247.78      645.22      0
      2015     25.50          0.00      262.69      759.65      0
      2016     25.51          0.00      189.29      337.25      0
      2017     25.53          0.00      293.10      984.44      0
      2018     25.54          0.00      273.83      820.23      0
      2019     25.55          0.00      192.81      326.82      0
      2020     25.56          0.00      189.52      303.81      0
      2021     25.57          0.00      187.22      325.76      0
      2022     25.59          0.00      261.55      760.93      0
      2023     25.60          0.00      235.50      574.20      0
      2024     25.61          0.00      199.09      408.94      0
      2025     25.62          0.00      262.93      755.63      0
      2026     25.63          0.00      226.85      539.90      0
      2027     25.65          0.00      214.19      484.48      0
      2028     25.66          0.00      177.47      249.89      0
      2029     25.67          0.00      189.09      330.02      0
      2030     25.68          0.00      177.24      280.50      0
      2031     25.70          0.00      262.69      759.65      0
      2032     25.71          0.00      293.10      984.44      0
      2033     25.72          0.00      212.15      469.10      0
      2034     25.73          0.00      190.34      377.30      0
      2035     25.74          0.00      178.19      311.85      0
      2036     25.75          0.00      235.53      562.06      0
      2037     25.77          0.00      236.25      574.60      0
      2038     25.78          0.00      199.22      415.90      0
      2039     25.79          0.00      205.88      443.94      0
      2040     25.80          0.00      192.78      352.64      0
      2041     25.82          0.00      224.96      520.36      0
      2042     25.83          0.00      262.30      761.33      0
      2043     25.84          0.00      123.16      166.20      0
      2044     25.86          0.00      261.57      748.79      0
      2045     25.87          0.00      121.97      168.88      0
      2046     25.88          0.00      193.62      397.02      0
      2047     25.89          0.00      155.34      322.48      0
      2048     25.90          0.00      225.15      569.62      0
      2049     25.92          0.00      196.46      380.96      0
      2050     25.93          0.00      148.36      316.06      0
      2051     25.94          0.00      281.18      878.99      0
      2052     25.95          0.00      243.44      614.70      0
      2053     25.96          0.00      177.19      300.94      0
      2054     25.98          0.00      267.05      771.65      0
      2055     25.99          0.00      164.91      257.84      0
      2056     26.00          0.00      119.44      137.95      0
      2057     26.02          0.00      293.10      984.44      0
      2058     26.03          0.00      211.49      442.94      0
      2059     26.04          0.00      164.06      317.25      0
      2060     26.05          0.00      211.51      467.61      0
      2061     26.06          0.00      170.63      318.23      0
      2062     26.08          0.00      182.47      318.46      0
      2063     26.09          0.00      118.16      142.06      0
      2064     26.11          0.00      238.40      592.80      0
      2065     26.12          0.00      201.21      377.53      0
      2066     26.13          0.00      205.12      394.84      0
      2067     26.14          0.00      232.53      561.02      0
      2068     26.15          0.00      205.13      470.50      0
      2069     26.17          0.00      163.22      284.39      0
      2070     26.18          0.00      236.25      574.60      0
      2071     26.19          0.00      273.83      820.23      0
      2072     26.20          0.00      170.44      302.66      0
      2073     26.22          0.00      230.75      568.63      0
      2074     26.23          0.00      262.69      759.65      0
      2075     26.24          0.00      120.16      142.22      0
      2076     26.25          0.00      257.65      727.56      0
      2077     26.27          0.00      177.04      395.18      0
      2078     26.29          0.00      214.19      460.72      0
      2079     26.31          0.00      255.94      761.93      0
      2080     26.32          0.00      235.53      562.06      0
      2081     26.33          0.00      144.44      309.31      0
      2082     26.35          0.00      193.41      364.99      0
      2083     26.37          0.00      249.63      667.40      0
      2084     26.38          0.00      250.38      667.80      0
      2085     26.39          0.00      255.94      768.72      0
      2086     26.41          0.00      224.33      492.98      0
      2087     26.43          0.00      199.09      408.94      0
      2088     26.44          0.00      218.83      506.12      0
      2089     26.46          0.00      192.88      417.01      0
      2090     26.47          0.00      231.41      551.51      0
      2091     26.49          0.00      273.83      820.23      0
      2092     26.50          0.00      231.15      566.55      0
      2093     26.51          0.00      210.76      431.12      0
      2094     26.53          0.00      257.65      727.56      0
      2095     26.54          0.00      223.58      492.58      0
      2096     26.55          0.00      150.43      263.67      0
      2097     26.57          0.00      250.38      667.80      0
      2098     26.58          0.00      181.13      279.40      0
      2099     26.59          0.00      205.13      444.29      0
      2100     26.60          0.00      195.74      396.57      0
      2101     26.62          0.00      201.21      377.53      0
      2102     26.63          0.00      230.75      568.63      0
      2103     26.64          0.00      201.21      377.53      0
      2104     26.65          0.00      142.86      178.66      0
      2105     26.67          0.00      212.28      424.17      0
      2106     26.68          0.00      185.87      341.54      0
      2107     26.69          0.00      196.69      376.70      0
      2108     26.71          0.00      262.69      759.65      0
      2109     26.72          0.00      210.76      439.68      0
      2110     26.73          0.00      184.05      390.28      0
      2111     26.74          0.00      231.38      562.30      0
      2112     26.75          0.00      151.54      202.29      0
      2113     26.77          0.00      293.10      984.44      0
      2114     26.78          0.00      229.90      575.19      0
      2115     26.79          0.00      231.41      551.51      0
      2116     26.80          0.00      162.41      275.40      0
      2117     26.82          0.00      231.90      566.95      0
      2118     26.83          0.00      157.34      271.71      0
      2119     26.84          0.00      192.88      397.37      0
      2120     26.86          0.00      212.48      488.36      0
      2121     26.87          0.00      173.57      322.80      0
      2122     26.88          0.00      194.22      402.53      0
      2123     26.90          0.00      118.68      163.55      0
      2124     26.91          0.00      185.84      394.60      0
      2125     26.92          0.00      194.46      379.81      0
      2126     26.94          0.00      144.57      248.00      0
      2127     26.95          0.00      229.90      575.19      0
      2128     26.96          0.00      146.28      209.19      0
      2129     26.97          0.00      255.13      689.29      0
      2130     26.99          0.00      139.56      184.33      0
      2131     27.00          0.00      226.85      539.90      0
      2132     27.01          0.00      238.40      592.80      0
      2133     27.02          0.00      261.55      760.93      0
      2134     27.03          0.00      293.10      984.44      0
      2135     27.04          0.00      267.05      771.65      0
      2136     27.05          0.00      179.84      315.92      0
      2137     27.07          0.00      193.93      336.56      0
      2138     27.08          0.00      206.47      400.33      0
      2139     27.09          0.00      194.97      401.16      0
      2140     27.11          0.00      251.01      662.10      0
      2141     27.12          0.00      236.88      568.89      0
      2142     27.13          0.00      273.83      820.23      0
      2143     27.14          0.00      174.37      383.66      0
      2144     27.15          0.00      227.25      538.22      0
      2145     27.17          0.00      293.10      984.44      0
      2146     27.18          0.00      125.82      171.41      0
      2147     27.19          0.00      193.41      331.91      0
      2148     27.21          0.00      213.23      488.00      0
      2149     27.22          0.00      231.38      562.30      0
      2150     27.23          0.00      261.55      760.93      0
      2151     27.24          0.00      226.13      523.44      0
      2152     27.25          0.00      179.12      304.82      0
      2153     27.27          0.00      155.03      278.36      0
      2154     27.28          0.00      217.62      490.98      0
      2155     27.29          0.00      251.01      662.10      0
      2156     27.30          0.00      247.78      626.70      0
      2157     27.32          0.00      215.34      456.60      0
      2158     27.34          0.00      163.43      349.02      0
      2159     27.35          0.00      218.86      476.80      0
      2160     27.36          0.00      236.88      568.89      0
      2161     27.38          0.00      147.03      187.30      0
      2162     27.39          0.00      235.53      562.06      0
      2163     27.40          0.00      158.26      227.05      0
      2164     27.42          0.00      200.97      421.83      0
      2165     27.43          0.00      231.90      566.95      0
      2166     27.44          0.00      163.22      284.39      0
      2167     27.45          0.00      148.72      267.31      0
      2168     27.47          0.00      215.34      459.44      0
      2169     27.48          0.00      232.53      561.02      0
      2170     27.49          0.00      199.62      393.95      0
      2171     27.51          0.00      261.55      760.93      0
      2172     27.52          0.00      184.54      311.25      0
      2173     27.53          0.00      212.15      434.38      0
      2174     27.55          0.00      195.71      380.56      0
      2175     27.57          0.00      219.23      503.64      0
      2176     27.59          0.00      153.65      269.34      0
      2177     27.62          0.00      206.28      466.92      0
      2178     27.63          0.00      193.62      397.02      0
      2179     27.65          0.00      212.12      436.61      0
      2180     27.68          0.00      261.55      755.66      0
      2181     27.69          0.00      231.18      555.53      0
      2182     27.70          0.00      168.82      283.44      0
      2183     27.72          0.00      199.85      389.70      0
      2184     27.74          0.00      124.54      147.40      0
      2185     27.75          0.00      210.63      449.50      0
      2186     27.77          0.00      153.25      197.43      0
      2187     27.78          0.00      170.63      318.23      0
      2188     27.80          0.00      262.93      755.63      0
      2189     27.81          0.00      227.49      534.20      0
      2190     27.82          0.00      211.88      440.86      0
      2191     27.84          0.00      243.08      597.26      0
      2192     27.85          0.00      121.57      109.56      0
      2193     27.86          0.00      195.31      406.43      0
      2194     27.88          0.00      281.18      878.99      0
      2195     27.89          0.00      200.97      398.09      0
      2196     27.90          0.00      219.49      469.89      0
      2197     27.92          0.00      182.18      295.91      0
      2198     27.93          0.00      257.65      727.56      0
      2199     27.95          0.00      247.78      645.22      0
      2200     27.96          0.00      224.96      520.36      0
      2201     27.97          0.00      206.88      448.02      0
      2202     27.99          0.00      262.69      759.65      0
      2203     28.00          0.00      185.51      320.31      0
      2204     28.01          0.00      208.00      422.72      0
      2205     28.03          0.00      267.05      771.65      0
      2206     28.04          0.00      243.08      597.26      0
      2207     28.05          0.00      255.94      761.93      0
      2208     28.06          0.00      144.24      169.41      0
      2209     28.08          0.00      127.75      187.13      0
      2210     28.09          0.00      211.56      440.60      0
      2211     28.11          0.00      139.51      155.01      0
      2212     28.12          0.00      185.17      396.21      0
      2213     28.14          0.00      224.43      557.81      0
      2214     28.15          0.00      224.43      557.81      0
      2215     28.17          0.00      293.10      984.44      0
      2216     28.18          0.00      189.71      383.63      0
      2217     28.19          0.00      205.13      444.29      0
      2218     28.21          0.00      174.96      270.39      0
      2219     28.22          0.00      180.59      383.89      0
      2220     28.24          0.00      174.32      274.07      0
      2221     28.25          0.00      169.06      328.73      0
      2222     28.26          0.00      242.31      612.40      0
      2223     28.28          0.00      218.86      475.59      0
      2224     28.29          0.00      212.28      424.17      0
      2225     28.31          0.00      199.50      406.86      0
      2226     28.32          0.00      293.10      984.44      0
      2227     28.33          0.00      255.94      761.93      0
      2228     28.34          0.00      210.76      439.68      0
      2229     28.36          0.00      205.93      424.76      0
      2230     28.37          0.00      200.06      378.81      0
      2231     28.38          0.00      273.83      820.23      0
      2232     28.40          0.00      249.66      655.26      0
      2233     28.41          0.00      146.67      204.01      0
      2234     28.43          0.00      199.50      406.86      0
      2235     28.44          0.00      189.71      406.43      0
      2236     28.45          0.00      224.43      557.81      0
      2237     28.47          0.00      150.19      270.46      0
      2238     28.48          0.00      231.38      562.30      0
      2239     28.49          0.00      231.41      551.51      0
      2240     28.51          0.00      165.16      271.29      0
      2241     28.52          0.00      227.25      538.22      0
      2242     28.54          0.00      188.96      383.98      0
      2243     28.55          0.00      169.91      226.96      0
      2244     28.57          0.00      207.64      400.59      0
      2245     28.58          0.00      157.01      361.04      0
      2246     28.59          0.00      167.97      274.44      0
      2247     28.61          0.00      200.81      379.21      0
      2248     28.62          0.00      227.49      534.74      0
      2249     28.64          0.00      219.49      469.89      0
      2250     28.65          0.00      236.69      616.98      0
      2251     28.67          0.00      187.18      363.78      0
      2252     28.68          0.00      200.81      398.61      0
      2253     28.69          0.00      229.90      575.19      0
      2254     28.70          0.00      255.94      761.93      0
      2255     28.72          0.00      185.51      299.48      0
      2256     28.73          0.00      212.63      441.26      0
      2257     28.74          0.00      201.00      388.42      0
      2258     28.76          0.00      211.53      441.47      0
      2259     28.77          0.00      236.69      616.98      0
      2260     28.78          0.00      198.34      409.29      0
      2261     28.80          0.00      194.03      394.94      0
      2262     28.82          0.00      193.41      343.08      0
      2263     28.83          0.00      219.46      480.68      0
      2264     28.84          0.00      162.71      260.43      0
      2265     28.86          0.00      182.47      292.06      0
      2266     28.88          0.00      161.89      275.86      0
      2267     28.89          0.00      224.73      519.67      0
      2268     28.90          0.00      243.08      597.26      0
      2269     28.92          0.00      218.11      475.19      0
      2270     28.93          0.00      195.71      380.56      0
      2271     28.94          0.00      212.91      443.71      0
      2272     28.96          0.00      262.93      755.63      0
      2273     28.97          0.00      211.53      423.77      0
      2274     28.98          0.00      204.69      407.94      0
      2275     29.00          0.00      205.84      406.26      0
      2276     29.01          0.00      262.69      759.65      0
      2277     29.02          0.00      132.21      185.02      0
      2278     29.04          0.00      223.61      518.88      0
      2279     29.05          0.00      206.28      441.86      0
      2280     29.07          0.00      225.15      569.62      0
      2281     29.08          0.00      230.75      568.63      0
      2282     29.09          0.00      235.53      562.06      0
      2283     29.10          0.00      262.30      761.33      0
      2284     29.12          0.00      245.74      636.87      0
      2285     29.13          0.00      249.63      667.40      0
      2286     29.14          0.00      232.12      562.70      0
      2287     29.15          0.00      163.43      297.86      0
      2288     29.17          0.00      267.05      771.65      0
      2289     29.18          0.00      250.78      666.12      0
      2290     29.20          0.00      257.65      727.56      0
      2291     29.21          0.00      177.19      274.53      0
      2292     29.22          0.00      261.57      748.79      0
      2293     29.24          0.00      224.43      557.81      0
      2294     29.25          0.00      231.41      551.51      0
      2295     29.26          0.00      132.76      202.44      0
      2296     29.27          0.00      167.57      275.80      0
      2297     29.28          0.00      225.54      567.55      0
      2298     29.30          0.00      199.72      415.39      0
      2299     29.31          0.00      196.46      380.96      0
      2300     29.32          0.00      162.41      365.71      0
      2301     29.33          0.00      262.93      755.63      0
      2302     29.34          0.00      243.66      610.68      0
      2303     29.36          0.00      205.16      466.86      0
      2304     29.37          0.00      190.10      381.55      0
      2305     29.38          0.00      132.50      160.40      0
      2306     29.39          0.00      188.99      367.89      0
      2307     29.41          0.00      213.26      467.19      0
      2308     29.42          0.00      189.81      352.88      0
      2309     29.43          0.00      206.28      466.92      0
      2310     29.44          0.00      182.67      388.04      0
      2311     29.46          0.00      200.06      397.86      0
      2312     29.47          0.00      273.83      820.23      0
      2313     29.48          0.00      205.16      466.86      0
      2314     29.49          0.00      155.66      289.27      0
      2315     29.51          0.00      227.25      538.22      0
      2316     29.52          0.00      205.32      415.39      0
      2317     29.53          0.00      206.84      413.81      0
      2318     29.54          0.00      152.50      213.10      0
      2319     29.56          0.00      187.18      409.29      0
      2320     29.57          0.00      262.93      755.63      0
      2321     29.58          0.00      145.32      248.75      0
      2322     29.59          0.00      243.08      597.26      0
      2323     29.60          0.00      189.81      328.78      0
      2324     29.62          0.00      255.94      761.93      0
      2325     29.63          0.00      169.91      226.96      0
      2326     29.64          0.00      164.28      265.38      0
      2327     29.66          0.00      231.90      566.95      0
      2328     29.67          0.00      261.57      748.79      0
      2329     29.68          0.00      206.88      448.02      0
      2330     29.69          0.00      224.43      557.81      0
      2331     29.70          0.00      244.03      668.39      0
      2332     29.72          0.00      162.64      223.56      0
      2333     29.73          0.00      242.28      615.98      0
      2334     29.74          0.00      144.96      185.34      0
      2335     29.76          0.00      262.93      755.63      0
      2336     29.77          0.00      182.18      286.14      0
      2337     29.78          0.00      262.69      759.65      0
      2338     29.79          0.00      262.93      755.63      0
      2339     29.80          0.00      225.78      563.29      0
      2340     29.81          0.00      212.68      422.49      0
      2341     29.83          0.00      155.31      233.94      0
      2342     29.84          0.00      169.91      227.50      0
      2343     29.85          0.00      170.21      329.48      0
      2344     29.87          0.00      210.76      466.86      0
      2345     29.88          0.00      169.25      267.40      0
      2346     29.89          0.00      293.10      984.44      0
      2347     29.90          0.00      194.00      431.02      0
      2348     29.91          0.00      236.25      574.60      0
      2349     29.93          0.00      155.03      275.93      0
      2350     29.94          0.00      245.74      636.87      0
      2351     29.95          0.00      159.53      277.10      0
      2352     29.97          0.00      181.88      289.93      0
      2353     29.98          0.00      146.31      190.89      0
      2354     29.99          0.00      231.90      566.95      0
      2355     30.01          0.00      231.18      555.53      0
      2356     30.02          0.00      231.90      566.95      0
      2357     30.03          0.00      261.55      760.93      0
      2358     30.04          0.00      227.25      538.22      0
      2359     30.05          0.00      235.53      562.06      0
      2360     30.07          0.00      224.73      491.30      0
      2361     30.08          0.00      262.93      755.63      0
      2362     30.09          0.00      164.19      325.35      0
      2363     30.10          0.00      247.78      626.70      0
      2364     30.11          0.00      199.09      408.94      0
      2365     30.13          0.00      203.97      396.12      0
      2366     30.14          0.00      180.76      289.82      0
      2367     30.15          0.00      200.60      390.10      0
      2368     30.16          0.00      139.53      241.22      0
      2369     30.18          0.00      220.50      540.50      0
      2370     30.19          0.00      227.25      538.22      0
      2371     30.20          0.00      146.31      262.49      0
      2372     30.22          0.00      182.54      335.70      0
      2373     30.23          0.00      293.10      984.44      0
      2374     30.24          0.00      171.03      240.39      0
      2375     30.25          0.00      128.01      231.75      0
      2376     30.27          0.00      219.23      484.93      0
      2377     30.28          0.00      225.15      569.62      0
      2378     30.29          0.00      236.25      574.60      0
      2379     30.30          0.00      219.26      497.79      0
      2380     30.32          0.00      226.85      539.90      0
      2381     30.33          0.00      125.82      135.86      0
      2382     30.34          0.00      200.97      421.83      0
      2383     30.35          0.00      115.55      126.81      0
      2384     30.37          0.00      255.94      761.93      0
      2385     30.38          0.00      267.05      771.65      0
      2386     30.39          0.00      170.41      250.68      0
      2387     30.40          0.00      175.19      312.61      0
      2388     30.42          0.00      190.10      381.55      0
      2389     30.43          0.00      147.07      228.78      0
      2390     30.45          0.00      213.26      438.53      0
      2391     30.46          0.00      178.19      341.27      0
      2392     30.47          0.00      158.29      278.55      0
      2393     30.48          0.00      190.34      400.01      0
      2394     30.50          0.00      142.78      295.14      0
      2395     30.51          0.00      235.50      574.20      0
      2396     30.52          0.00      199.22      396.03      0
      2397     30.54          0.00      257.65      727.56      0
      2398     30.55          0.00      180.73      337.91      0
      2399     30.56          0.00      143.68      271.12      0
      2400     30.57          0.00      205.13      470.50      0
      2401     30.59          0.00      243.08      597.26      0
      2402     30.60          0.00      162.41      240.36      0
      2403     30.61          0.00      192.81      326.82      0
      2404     30.63          0.00      215.34      456.60      0
      2405     30.64          0.00      255.94      761.93      0
      2406     30.65          0.00      257.65      727.56      0
      2407     30.66          0.00      235.50      574.20      0
      2408     30.67          0.00      150.59      298.18      0
      2409     30.68          0.00      150.40      273.49      0
      2410     30.69          0.00      200.97      421.83      0
      2411     30.71          0.00      225.15      569.62      0
      2412     30.72          0.00      255.94      761.93      0
      2413     30.73          0.00      144.19      273.88      0
      2414     30.75          0.00      181.54      385.04      0
      2415     30.76          0.00      293.10      984.44      0
      2416     30.77          0.00      216.99      489.49      0
      2417     30.78          0.00      186.23      293.92      0
      2418     30.79          0.00      255.94      761.93      0
      2419     30.80          0.00      231.41      551.51      0
      2420     30.82          0.00      211.91      429.84      0
      2421     30.83          0.00      162.64      275.63      0
      2422     30.84          0.00      261.55      761.16      0
      2423     30.86          0.00      230.78      557.21      0
      2424     30.87          0.00      220.21      499.91      0
      2425     30.88          0.00      176.12      379.74      0
      2426     30.89          0.00      168.21      323.03      0
      2427     30.90          0.00      231.15      566.55      0
      2428     30.92          0.00      199.09      422.35      0
      2429     30.93          0.00      201.72      398.49      0
      2430     30.94          0.00      192.88      398.39      0
      2431     30.95          0.00      244.03      668.39      0
      2432     30.97          0.00      293.10      984.44      0
      2433     30.97          0.00      293.10      984.44      0
      2434     30.98          0.00      243.08      607.39      0
      2435     31.00          0.00      170.63      318.23      0
      2436     31.01          0.00      205.84      406.26      0
      2437     31.02          0.00      231.18      555.53      0
      2438     31.03          0.00      188.69      341.79      0
      2439     31.05          0.00      194.22      402.53      0
      2440     31.06          0.00      255.94      761.93      0
      2441     31.07          0.00      281.18      878.99      0
      2442     31.08          0.00      211.49      469.40      0
      2443     31.09          0.00      232.12      562.70      0
      2444     31.11          0.00      223.61      480.44      0
      2445     31.12          0.00      175.49      324.68      0
      2446     31.13          0.00      211.56      441.35      0
      2447     31.14          0.00      217.38      490.29      0
      2448     31.16          0.00      262.69      759.65      0
      2449     31.17          0.00      143.22      217.33      0
      2450     31.18          0.00      194.03      394.94      0
      2451     31.19          0.00      235.50      574.20      0
      2452     31.20          0.00      230.03      556.81      0
      2453     31.21          0.00      150.79      270.16      0
      2454     31.23          0.00      193.44      349.70      0
      2455     31.24          0.00      212.63      467.67      0
      2456     31.25          0.00      189.81      352.88      0
      2457     31.27          0.00      201.72      398.49      0
      2458     31.28          0.00      193.18      364.53      0
      2459     31.29          0.00      293.10      984.44      0
      2460     31.30          0.00      205.88      443.94      0
      2461     31.32          0.00      243.08      607.39      0
      2462     31.33          0.00      211.91      429.84      0
      2463     31.34          0.00      199.85      389.70      0
      2464     31.35          0.00      185.17      305.32      0
      2465     31.37          0.00      208.59      458.88      0
      2466     31.38          0.00      169.69      314.04      0
      2467     31.39          0.00      251.01      662.10      0
      2468     31.40          0.00      231.18      555.53      0
      2469     31.42          0.00      262.93      755.63      0
      2470     31.43          0.00      257.65      727.56      0
      2471     31.44          0.00      267.05      771.65      0
      2472     31.45          0.00      157.01      241.81      0
      2473     31.46          0.00      261.55      760.93      0
      2474     31.47          0.00      149.21      251.32      0
      2475     31.49          0.00      262.69      759.65      0
      2476     31.50          0.00      273.83      820.23      0
      2477     31.51          0.00      186.63      332.81      0
      2478     31.52          0.00      236.88      568.89      0
      2479     31.53          0.00      231.15      566.55      0
      2480     31.54          0.00      232.53      561.02      0
      2481     31.55          0.00      247.78      626.70      0
      2482     31.57          0.00      255.13      689.29      0
      2483     31.58          0.00      231.18      555.53      0
      2484     31.59          0.00      184.54      395.18      0
      2485     31.60          0.00      257.65      727.56      0
      2486     31.61          0.00      152.50      361.27      0
      2487     31.63          0.00      267.05      771.65      0
      2488     31.64          0.00      152.27      204.01      0
      2489     31.65          0.00      249.66      656.47      0
      2490     31.66          0.00      181.09      298.22      0
      2491     31.67          0.00      144.56      268.61      0
      2492     31.69          0.00      262.30      761.33      0
      2493     31.70          0.00      183.82      389.59      0
      2494     31.71          0.00      174.76      288.51      0
      2495     31.72          0.00      243.08      597.26      0
      2496     31.73          0.00      224.40      571.00      0
      2497     31.74          0.00      230.78      557.21      0
      2498     31.76          0.00      230.78      557.21      0
      2499     31.77          0.00      174.97      323.11      0
      2500     31.78          0.00      281.18      879.22      0
      2501     31.79          0.00      205.93      434.89      0
      2502     31.80          0.00      189.52      326.89      0
      2503     31.82          0.00      177.82      381.52      0
      2504     31.83          0.00      212.12      436.61      0
      2505     31.84          0.00      255.13      689.29      0
      2506     31.85          0.00      293.10      984.44      0
      2507     31.86          0.00      249.63      667.40      0
      2508     31.88          0.00      157.44      261.03      0
      2509     31.89          0.00      173.57      277.27      0
      2510     31.90          0.00      201.21      399.41      0
      2511     31.91          0.00      179.09      329.07      0
      2512     31.93          0.00      134.01      228.33      0
      2513     31.94          0.00      144.44      241.41      0
      2514     31.95          0.00      255.13      678.11      0
      2515     31.97          0.00      218.11      496.24      0
      2516     31.98          0.00      235.50      574.20      0
      2517     31.99          0.00      121.34      168.88      0
      2518     32.00          0.00      162.61      266.44      0
      2519     32.02          0.00      170.44      277.20      0
      2520     32.03          0.00      126.22      182.06      0
      2521     32.04          0.00      238.40      592.80      0
      2522     32.05          0.00      215.34      486.03      0
      2523     32.06          0.00      174.74      300.58      0
      2524     32.08          0.00      213.23      506.12      0
      2525     32.09          0.00      200.57      400.17      0
      2526     32.10          0.00      211.53      423.77      0
      2527     32.11          0.00      281.18      878.99      0
      2528     32.12          0.00      255.13      678.11      0
      2529     32.14          0.00      220.61      500.71      0
      2530     32.15          0.00      225.78      563.29      0
      2531     32.16          0.00      235.53      562.06      0
      2532     32.17          0.00      200.34      404.65      0
      2533     32.18          0.00      242.28      615.98      0
      2534     32.19          0.00      212.51      496.24      0
      2535     32.20          0.00      174.74      299.56      0
      2536     32.22          0.00      144.44      225.72      0
      2537     32.23          0.00      225.15      569.62      0
      2538     32.24          0.00      174.38      338.66      0
      2539     32.25          0.00      200.57      400.17      0
      2540     32.27          0.00      214.94      458.28      0
      2541     32.28          0.00      132.74      156.53      0
      2542     32.30          0.00      126.97      170.09      0
      2543     32.31          0.00      262.69      759.65      0
      2544     32.32          0.00      176.84      270.80      0
      2545     32.33          0.00      165.16      326.33      0
      2546     32.35          0.00      261.55      760.93      0
      2547     32.36          0.00      152.27      267.56      0
      2548     32.37          0.00      212.63      441.26      0
      2549     32.38          0.00      199.09      408.94      0
      2550     32.40          0.00      157.44      262.53      0
      2551     32.41          0.00      226.85      539.90      0
      2552     32.42          0.00      195.34      367.30      0
      2553     32.43          0.00      194.03      394.94      0
      2554     32.45          0.00      267.05      771.65      0
      2555     32.46          0.00      148.36      204.06      0
      2556     32.47          0.00      205.12      412.80      0
      2557     32.49          0.00      262.69      759.65      0
      2558     32.50          0.00      210.76      466.86      0
      2559     32.51          0.00      158.29      223.49      0
      2560     32.52          0.00      281.18      878.99      0
      2561     32.53          0.00      193.44      343.79      0
      2562     32.55          0.00      293.10      984.44      0
      2563     32.56          0.00      158.26      277.14      0
      2564     32.57          0.00      255.94      761.93      0
      2565     32.58          0.00      127.75      240.87      0
      2566     32.60          0.00      212.91      443.71      0
      2567     32.61          0.00      193.62      415.90      0
      2568     32.62          0.00      200.97      398.09      0
      2569     32.63          0.00      164.91      277.89      0
      2570     32.64          0.00      231.18      555.53      0
      2571     32.66          0.00      281.18      878.99      0
      2572     32.67          0.00      262.69      759.65      0
      2573     32.68          0.00      236.25      574.60      0
      2574     32.69          0.00      195.94      376.85      0
      2575     32.70          0.00      114.04      125.47      0
      2576     32.72          0.00      210.63      449.50      0
      2577     32.73          0.00      189.09      340.02      0
      2578     32.74          0.00      226.85      539.90      0
      2579     32.75          0.00      196.46      380.96      0
      2580     32.77          0.00      188.46      348.52      0
      2581     32.78          0.00      261.57      748.79      0
      2582     32.79          0.00      255.94      761.93      0
      2583     32.80          0.00      148.02      190.74      0
      2584     32.82          0.00      231.60      540.83      0
      2585     32.83          0.00      208.59      458.88      0
      2586     32.84          0.00      242.28      615.98      0
      2587     32.85          0.00      224.40      571.00      0
      2588     32.86          0.00      201.72      422.58      0
      2589     32.88          0.00      293.10      984.44      0
      2590     32.88          0.00      230.03      556.81      0
      2591     32.90          0.00      192.78      409.29      0
      2592     32.91          0.00      257.65      727.56      0
      2593     32.92          0.00      255.94      761.93      0
      2594     32.93          0.00      257.65      727.56      0
      2595     32.94          0.00      147.03      266.73      0
      2596     32.96          0.00      208.59      458.88      0
      2597     32.97          0.00      148.28      270.13      0
      2598     32.98          0.00      211.53      423.77      0
      2599     32.99          0.00      149.84      159.49      0
      2600     33.01          0.00      115.12      125.83      0
      2601     33.02          0.00      249.63      667.40      0
      2602     33.03          0.00      267.37      815.42      0
      2603     33.04          0.00      273.83      820.23      0
      2604     33.05          0.00      201.44      373.51      0
      2605     33.07          0.00      251.01      662.10      0
      2606     33.08          0.00      177.07      388.04      0
      2607     33.09          0.00      220.61      500.71      0
      2608     33.10          0.00      168.69      285.36      0
      2609     33.11          0.00      257.65      727.56      0
      2610     33.12          0.00      262.93      755.63      0
      2611     33.13          0.00      188.17      295.89      0
      2612     33.15          0.00      194.16      332.31      0
      2613     33.16          0.00      138.97      173.38      0
      2614     33.18          0.00      226.85      539.90      0
      2615     33.19          0.00      187.71      342.96      0
      2616     33.20          0.00      232.12      562.70      0
      2617     33.21          0.00      175.72      322.76      0
      2618     33.23          0.00      185.48      319.06      0
      2619     33.24          0.00      262.93      755.63      0
      2620     33.25          0.00      170.41      270.07      0
      2621     33.27          0.00      156.03      224.74      0
      2622     33.28          0.00      243.44      614.70      0
      2623     33.30          0.00      193.18      361.70      0
      2624     33.31          0.00      231.41      551.51      0
      2625     33.32          0.00      242.28      615.98      0
      2626     33.33          0.00      205.35      390.82      0
      2627     33.34          0.00      182.67      388.04      0
      2628     33.36          0.00      177.47      247.05      0
      2629     33.37          0.00      227.25      538.22      0
      2630     33.38          0.00      223.61      491.61      0
      2631     33.39          0.00      262.30      761.33      0
      2632     33.40          0.00      164.91      279.36      0
      2633     33.42          0.00      182.67      388.04      0
      2634     33.43          0.00      273.83      820.23      0
      2635     33.44          0.00      183.39      394.43      0
      2636     33.45          0.00      163.76      361.79      0
      2637     33.47          0.00      200.97      398.09      0
      2638     33.48          0.00      230.03      556.81      0
      2639     33.49          0.00      262.69      759.65      0
      2640     33.50          0.00      121.11      162.75      0
      2641     33.51          0.00      224.73      491.30      0
      2642     33.53          0.00      155.06      172.54      0
      2643     33.54          0.00      206.51      437.61      0
      2644     33.56          0.00      231.90      566.95      0
      2645     33.57          0.00      261.57      748.79      0
      2646     33.58          0.00      262.69      759.65      0
      2647     33.59          0.00      182.47      380.49      0
      2648     33.60          0.00      244.03      668.39      0
      2649     33.61          0.00      217.98      493.57      0
      2650     33.62          0.00      255.94      761.93      0
      2651     33.64          0.00      189.06      346.87      0
      2652     33.65          0.00      226.85      539.90      0
      2653     33.66          0.00      255.94      761.93      0
      2654     33.67          0.00      224.43      557.81      0
      2655     33.68          0.00      199.72      415.39      0
      2656     33.70          0.00      212.87      440.21      0
      2657     33.71          0.00      230.03      556.81      0
      2658     33.72          0.00      145.29      177.73      0
      2659     33.73          0.00      243.03      616.38      0
      2660     33.75          0.00      238.40      592.80      0
      2661     33.76          0.00      212.68      422.49      0
      2662     33.77          0.00      255.13      678.11      0
      2663     33.79          0.00      225.78      563.29      0
      2664     33.80          0.00      128.38      230.01      0
      2665     33.82          0.00      185.48      319.06      0
      2666     33.83          0.00      146.67      209.81      0
      2667     33.85          0.00      261.57      748.79      0
      2668     33.86          0.00      203.97      411.25      0
      2669     33.87          0.00      194.25      390.69      0
      2670     33.88          0.00      205.12      394.84      0
      2671     33.90          0.00      195.71      380.56      0
      2672     33.91          0.00      163.22      288.83      0
      2673     33.92          0.00      257.65      727.56      0
      2674     33.93          0.00      262.69      759.65      0
      2675     33.94          0.00      262.30      761.33      0
      2676     33.95          0.00      230.75      568.63      0
      2677     33.97          0.00      192.06      410.74      0
      2678     33.98          0.00      176.09      327.60      0
      2679     33.99          0.00      224.43      557.81      0
      2680     34.00          0.00      194.59      395.02      0
      2681     34.01          0.00      212.12      436.61      0
      2682     34.03          0.00      186.63      320.61      0
      2683     34.04          0.00      151.78      231.85      0
      2684     34.05          0.00      255.13      678.11      0
      2685     34.07          0.00      200.38      414.18      0
      2686     34.08          0.00      219.98      504.39      0
      2687     34.09          0.00      219.23      503.64      0
      2688     34.10          0.00      230.03      556.81      0
      2689     34.11          0.00      128.41      223.84      0
      2690     34.13          0.00      169.06      278.96      0
      2691     34.14          0.00      262.93      755.63      0
      2692     34.15          0.00      176.84      270.80      0
      2693     34.16          0.00      207.64      422.63      0
      2694     34.18          0.00      255.13      689.29      0
      2695     34.19          0.00      168.82      288.83      0
      2696     34.20          0.00      164.95      248.99      0
      2697     34.21          0.00      198.38      397.12      0
      2698     34.22          0.00      201.72      422.58      0
      2699     34.24          0.00      219.46      499.16      0
      2700     34.25          0.00      153.62      208.23      0
      2701     34.26          0.00      247.78      645.22      0
      2702     34.27          0.00      169.25      267.05      0
      2703     34.29          0.00      164.06      264.97      0
      2704     34.30          0.00      181.31      293.74      0
      2705     34.31          0.00      281.18      878.99      0
      2706     34.32          0.00      201.44      374.05      0
      2707     34.34          0.00      261.57      748.79      0
      2708     34.35          0.00      220.61      479.40      0
      2709     34.36          0.00      194.46      379.81      0
      2710     34.37          0.00      242.28      615.98      0
      2711     34.39          0.00      261.57      748.79      0
      2712     34.40          0.00      187.71      342.96      0
      2713     34.41          0.00      219.69      459.20      0
      2714     34.42          0.00      181.54      313.36      0
      2715     34.43          0.00      226.85      539.90      0
      2716     34.44          0.00      216.24      467.03      0
      2717     34.46          0.00      267.05      771.65      0
      2718     34.47          0.00      231.38      562.30      0
      2719     34.48          0.00      219.26      497.79      0
      2720     34.49          0.00      273.83      820.23      0
      2721     34.50          0.00      162.94      312.49      0
      2722     34.52          0.00      236.88      568.89      0
      2723     34.53          0.00      146.44      187.94      0
      2724     34.54          0.00      177.43      273.47      0
      2725     34.56          0.00      187.81      365.98      0
      2726     34.57          0.00      195.71      380.56      0
      2727     34.58          0.00      164.28      260.72      0
      2728     34.59          0.00      144.57      173.70      0
      2729     34.61          0.00      200.81      379.21      0
      2730     34.62          0.00      155.11      317.61      0
      2731     34.63          0.00      201.72      422.58      0
      2732     34.64          0.00      174.29      284.02      0
      2733     34.66          0.00      146.64      280.23      0
      2734     34.67          0.00      247.78      626.70      0
      2735     34.68          0.00      255.13      689.29      0
      2736     34.69          0.00      206.07      402.01      0
      2737     34.70          0.00      224.40      571.00      0
      2738     34.72          0.00      188.17      333.12      0
      2739     34.73          0.00      250.78      666.12      0
      2740     34.74          0.00      212.68      422.62      0
      2741     34.75          0.00      231.18      555.53      0
      2742     34.77          0.00      164.41      270.89      0
      2743     34.78          0.00      194.25      390.69      0
      2744     34.79          0.00      257.65      727.56      0
      2745     34.80          0.00      243.44      614.70      0
      2746     34.81          0.00      267.05      771.65      0
      2747     34.83          0.00      250.78      666.12      0
      2748     34.84          0.00      293.10      984.44      0
      2749     34.85          0.00      273.83      820.23      0
      2750     34.86          0.00      182.83      360.21      0
      2751     34.87          0.00      212.15      429.02      0
      2752     34.88          0.00      199.62      393.95      0
      2753     34.90          0.00      293.10      984.44      0
      2754     34.91          0.00      183.79      340.28      0
      2755     34.92          0.00      206.07      416.14      0
      2756     34.93          0.00      226.13      527.05      0
      2757     34.94          0.00      195.02      391.87      0
      2758     34.96          0.00      194.22      425.41      0
      2759     34.97          0.00      192.81      411.49      0
      2760     34.98          0.00      238.40      582.61      0
      2761     34.99          0.00      164.06      259.93      0
      2762     35.01          0.00      162.41      365.71      0
      2763     35.02          0.00      227.49      534.20      0
      2764     35.03          0.00      201.44      373.51      0
      2765     35.04          0.00      200.38      394.35      0
      2766     35.06          0.00      262.69      759.65      0
      2767     35.07          0.00      205.32      415.39      0
      2768     35.08          0.00      255.94      761.93      0
      2769     35.09          0.00      225.15      569.62      0
      2770     35.11          0.00       96.47      100.57      0
      2771     35.12          0.00      211.56      411.21      0
      2772     35.13          0.00      293.10      989.91      0
      2773     35.14          0.00      230.78      557.21      0
      2774     35.15          0.00      225.78      563.29      0
      2775     35.16          0.00      212.68      443.02      0
      2776     35.18          0.00      205.12      412.80      0
      2777     35.19          0.00      183.82      325.34      0
      2778     35.20          0.00      211.56      418.56      0
      2779     35.21          0.00      179.84      341.74      0
      2780     35.23          0.00      155.69      216.87      0
      2781     35.24          0.00      273.83      820.23      0
      2782     35.25          0.00      230.78      557.21      0
      2783     35.26          0.00      293.10      984.44      0
      2784     35.27          0.00      150.79      271.69      0
      2785     35.29          0.00      224.40      569.98      0
      2786     35.30          0.00      180.82      381.36      0
      2787     35.31          0.00      273.83      820.23      0
      2788     35.32          0.00      156.29      365.19      0
      2789     35.34          0.00      178.19      394.43      0
      2790     35.35          0.00      247.78      626.70      0
      2791     35.36          0.00      261.55      760.93      0
      2792     35.37          0.00      214.94      461.12      0
      2793     35.38          0.00      199.22      396.03      0
      2794     35.40          0.00      171.03      240.39      0
      2795     35.41          0.00      205.09      405.86      0
      2796     35.42          0.00      194.59      366.90      0
      2797     35.43          0.00      142.78      295.14      0
      2798     35.45          0.00      181.59      284.10      0
      2799     35.46          0.00      255.13      678.11      0
      2800     35.47          0.00      242.28      615.98      0
      2801     35.49          0.00      155.66      265.01      0
      2802     35.50          0.00      174.37      309.48      0
      2803     35.51          0.00      193.62      397.02      0
      2804     35.53          0.00      149.28      229.46      0
      2805     35.54          0.00      227.25      538.22      0
      2806     35.55          0.00      169.91      314.73      0
      2807     35.56          0.00      181.16      339.27      0
      2808     35.58          0.00      244.03      668.39      0
      2809     35.59          0.00      267.05      771.65      0
      2810     35.60          0.00      127.75      183.57      0
      2811     35.61          0.00      255.94      761.93      0
      2812     35.62          0.00      213.26      438.53      0
      2813     35.63          0.00      244.03      668.39      0
      2814     35.65          0.00      225.54      567.55      0
      2815     35.66          0.00      226.85      539.90      0
      2816     35.67          0.00      153.22      215.97      0
      2817     35.68          0.00      255.94      761.93      0
      2818     35.69          0.00      190.10      381.55      0
      2819     35.71          0.00      183.79      394.43      0
      2820     35.72          0.00      235.53      562.06      0
      2821     35.73          0.00      224.43      557.81      0
      2822     35.74          0.00      262.30      761.33      0
      2823     35.75          0.00      150.04      240.25      0
      2824     35.76          0.00      243.66      613.88      0
      2825     35.78          0.00      140.28      205.07      0
      2826     35.79          0.00      212.48      488.36      0
      2827     35.80          0.00      216.99      489.49      0
      2828     35.82          0.00      175.49      325.62      0
      2829     35.83          0.00      216.24      448.51      0
      2830     35.84          0.00      150.66      269.07      0
      2831     35.85          0.00      257.65      727.56      0
      2832     35.87          0.00      219.23      484.93      0
      2833     35.88          0.00      219.23      503.64      0
      2834     35.89          0.00      281.18      878.99      0
      2835     35.90          0.00      183.42      333.17      0
      2836     35.91          0.00      226.10      539.50      0
      2837     35.92          0.00      267.05      771.65      0
      2838     35.94          0.00      168.21      256.05      0
      2839     35.95          0.00      267.05      771.65      0
      2840     35.96          0.00      213.26      435.33      0
      2841     35.97          0.00      227.25      538.22      0
      2842     35.99          0.00      231.41      551.51      0
      2843     36.00          0.00      113.41      101.17      0
      2844     36.01          0.00      249.66      655.26      0
      2845     36.03          0.00      238.40      582.61      0
      2846     36.04          0.00      154.71      316.81      0
      2847     36.05          0.00      163.46      279.68      0
      2848     36.07          0.00      174.76      307.00      0
      2849     36.08          0.00      212.87      440.21      0
      2850     36.09          0.00      193.41      345.69      0
      2851     36.11          0.00      250.78      666.12      0
      2852     36.12          0.00      236.69      616.98      0
      2853     36.13          0.00      255.94      761.93      0
      2854     36.14          0.00      242.31      603.84      0
      2855     36.15          0.00      293.10      984.44      0
      2856     36.16          0.00      227.49      534.20      0
      2857     36.17          0.00      217.98      518.12      0
      2858     36.18          0.00      194.00      407.01      0
      2859     36.20          0.00      235.50      574.20      0
      2860     36.21          0.00      208.00      412.53      0
      2861     36.22          0.00      200.06      397.86      0
      2862     36.23          0.00      193.21      349.01      0
      2863     36.24          0.00      262.30      761.33      0
      2864     36.25          0.00      293.10      984.44      0
      2865     36.26          0.00      235.50      574.20      0
      2866     36.27          0.00      219.49      471.10      0
      2867     36.29          0.00      218.11      475.19      0
      2868     36.30          0.00      197.09      375.03      0
      2869     36.32          0.00      157.41      266.44      0
      2870     36.33          0.00      138.90      196.96      0
      2871     36.34          0.00      242.31      612.40      0
      2872     36.35          0.00      225.15      569.62      0
      2873     36.36          0.00      186.43      410.04      0
      2874     36.38          0.00      224.96      520.36      0
      2875     36.39          0.00      217.98      504.75      0
      2876     36.40          0.00      232.53      561.02      0
      2877     36.41          0.00      156.46      210.24      0
      2878     36.43          0.00      176.07      374.10      0
      2879     36.44          0.00      293.10      984.44      0
      2880     36.45          0.00      231.60      540.83      0
      2881     36.46          0.00      211.53      433.90      0
      2882     36.47          0.00      250.38      667.80      0
      2883     36.48          0.00      257.65      727.56      0
      2884     36.50          0.00      170.18      290.50      0
      2885     36.51          0.00      205.32      415.39      0
      2886     36.52          0.00      142.86      297.95      0
      2887     36.53          0.00      162.47      334.42      0
      2888     36.54          0.00      226.10      539.50      0
      2889     36.55          0.00      201.00      388.42      0
      2890     36.57          0.00      281.18      878.99      0
      2891     36.58          0.00      185.47      290.09      0
      2892     36.59          0.00      205.16      466.86      0
      2893     36.60          0.00      227.25      538.22      0
      2894     36.61          0.00      218.86      496.99      0
      2895     36.63          0.00      187.58      409.29      0
      2896     36.64          0.00      236.25      574.60      0
      2897     36.65          0.00      261.57      748.79      0
      2898     36.66          0.00      163.76      220.42      0
      2899     36.67          0.00      167.94      284.37      0
      2900     36.69          0.00      230.75      568.63      0
      2901     36.70          0.00      273.83      820.23      0
      2902     36.71          0.00      194.25      390.69      0
      2903     36.72          0.00      215.57      453.12      0
      2904     36.73          0.00      161.66      227.06      0
      2905     36.75          0.00      212.48      507.22      0
      2906     36.76          0.00      183.46      329.38      0
      2907     36.77          0.00      146.90      212.57      0
      2908     36.79          0.00      119.47      179.29      0
      2909     36.80          0.00      262.93      755.63      0
      2910     36.81          0.00      262.69      759.65      0
      2911     36.82          0.00      261.55      760.93      0
      2912     36.84          0.00      273.83      820.23      0
      2913     36.85          0.00      180.01      285.73      0
      2914     36.87          0.00      227.25      538.22      0
      2915     36.88          0.00      174.34      329.72      0
      2916     36.89          0.00      206.84      455.10      0
      2917     36.91          0.00      224.73      491.30      0
      2918     36.92          0.00      225.54      567.55      0
      2919     36.93          0.00      182.08      361.31      0
      2920     36.95          0.00      176.47      303.30      0
      2921     36.96          0.00      176.07      271.06      0
      2922     36.98          0.00      212.34      433.66      0
      2923     36.99          0.00      215.57      486.72      0
      2924     37.00          0.00      210.76      431.12      0
      2925     37.01          0.00      217.62      490.98      0
      2926     37.03          0.00      255.94      761.93      0
      2927     37.04          0.00      200.38      414.18      0
      2928     37.05          0.00      194.46      379.81      0
      2929     37.06          0.00      163.43      270.18      0
      2930     37.08          0.00      225.54      567.55      0
      2931     37.09          0.00      293.10      984.44      0
      2932     37.10          0.00      195.31      406.43      0
      2933     37.12          0.00      238.40      592.80      0
      2934     37.13          0.00      204.72      396.52      0
      2935     37.14          0.00      154.54      365.19      0
      2936     37.15          0.00      236.65      572.92      0
      2937     37.16          0.00      293.10      984.44      0
      2938     37.17          0.00      245.74      634.03      0
      2939     37.18          0.00      200.38      394.35      0
      2940     37.20          0.00      194.56      351.94      0
      2941     37.21          0.00      229.90      575.94      0
      2942     37.22          0.00      180.76      289.82      0
      2943     37.23          0.00      236.25      574.60      0
      2944     37.24          0.00      144.21      190.64      0
      2945     37.26          0.00      224.43      557.81      0
      2946     37.27          0.00      261.55      760.93      0
      2947     37.28          0.00      194.56      347.24      0
      2948     37.29          0.00      201.25      414.81      0
      2949     37.30          0.00      149.28      159.42      0
      2950     37.32          0.00      181.16      339.27      0
      2951     37.33          0.00      227.25      538.22      0
      2952     37.34          0.00      229.90      575.19      0
      2953     37.35          0.00      255.94      761.93      0
      2954     37.36          0.00      225.15      569.62      0
      2955     37.37          0.00      231.38      562.30      0
      2956     37.39          0.00      226.85      539.90      0
      2957     37.40          0.00      262.30      761.33      0
      2958     37.41          0.00      293.10      984.44      0
      2959     37.42          0.00      236.88      568.89      0
      2960     37.43          0.00      215.57      486.72      0
      2961     37.44          0.00      180.37      326.08      0
      2962     37.45          0.00      167.94      285.52      0
      2963     37.47          0.00      187.18      339.23      0
      2964     37.48          0.00      164.06      317.25      0
      2965     37.49          0.00      201.21      377.53      0
      2966     37.51          0.00      231.38      562.30      0
      2967     37.52          0.00      146.31      177.73      0
      2968     37.54          0.00      120.85      144.42      0
      2969     37.55          0.00      226.85      539.90      0
      2970     37.56          0.00      236.25      574.60      0
      2971     37.58          0.00      226.10      539.50      0
      2972     37.59          0.00      236.65      572.92      0
      2973     37.60          0.00      195.94      376.85      0
      2974     37.61          0.00      149.79      272.54      0
      2975     37.63          0.00      162.41      365.71      0
      2976     37.64          0.00      229.90      575.19      0
      2977     37.65          0.00      189.71      406.43      0
      2978     37.66          0.00      182.67      332.77      0
      2979     37.67          0.00      186.81      309.71      0
      2980     37.69          0.00      242.31      612.40      0
      2981     37.70          0.00      194.75      429.92      0
      2982     37.71          0.00      208.59      484.48      0
      2983     37.72          0.00      201.21      399.41      0
      2984     37.73          0.00      231.90      566.95      0
      2985     37.75          0.00      193.62      397.02      0
      2986     37.76          0.00      175.32      373.35      0
      2987     37.77          0.00      267.05      771.65      0
      2988     37.78          0.00      195.71      380.56      0
      2989     37.80          0.00      150.40      230.07      0
      2990     37.81          0.00      188.66      330.46      0
      2991     37.82          0.00      210.63      449.50      0
      2992     37.84          0.00      171.07      281.06      0
      2993     37.85          0.00      220.50      540.50      0
      2994     37.86          0.00      225.78      563.29      0
      2995     37.87          0.00      195.34      370.90      0
      2996     37.88          0.00      219.26      473.91      0
      2997     37.90          0.00      206.51      437.61      0
      2998     37.91          0.00      177.19      380.49      0
      2999     37.92          0.00      231.41      551.51      0
      3000     37.94          0.00      187.81      345.69      0
      3001     37.95          0.00      262.30      761.33      0
      3002     37.96          0.00      133.38      168.33      0
      3003     37.97          0.00      128.38      180.14      0
      3004     37.99          0.00      185.84      339.66      0
      3005     38.00          0.00      257.65      727.56      0
      3006     38.01          0.00      261.57      748.79      0
      3007     38.02          0.00      224.73      502.47      0
      3008     38.03          0.00      262.69      759.65      0
      3009     38.05          0.00      125.82      177.32      0
      3010     38.06          0.00      217.62      443.20      0
      3011     38.07          0.00      262.69      759.65      0
      3012     38.08          0.00      119.44      102.97      0
      3013     38.10          0.00      242.28      615.98      0
      3014     38.11          0.00      243.44      614.70      0
      3015     38.12          0.00      250.78      666.12      0
      3016     38.13          0.00      169.32      264.44      0
      3017     38.15          0.00      293.10      984.44      0
      3018     38.16          0.00      230.03      556.81      0
      3019     38.17          0.00      149.61      227.71      0
      3020     38.18          0.00      242.31      603.84      0
      3021     38.19          0.00      247.78      626.70      0
      3022     38.20          0.00      193.62      415.90      0
      3023     38.22          0.00      250.38      667.80      0
      3024     38.23          0.00      168.18      280.65      0
      3025     38.24          0.00      261.55      760.93      0
      3026     38.25          0.00      201.25      414.81      0
      3027     38.26          0.00      167.57      322.80      0
      3028     38.28          0.00      207.59      414.21      0
      3029     38.29          0.00      182.31      350.68      0
      3030     38.30          0.00      184.72      396.05      0
      3031     38.31          0.00      195.31      406.43      0
      3032     38.33          0.00      186.23      311.97      0
      3033     38.34          0.00      261.57      748.79      0
      3034     38.35          0.00      267.05      771.65      0
      3035     38.36          0.00      261.57      748.79      0
      3036     38.37          0.00      225.78      563.29      0
      3037     38.38          0.00      255.94      761.93      0
      3038     38.39          0.00      194.16      358.20      0
      3039     38.41          0.00      255.94      761.93      0
      3040     38.42          0.00      267.05      771.65      0
      3041     38.43          0.00      262.69      759.65      0
      3042     38.44          0.00      138.94      203.08      0
      3043     38.45          0.00      261.55      760.93      0
      3044     38.46          0.00      293.10      984.44      0
      3045     38.47          0.00      249.66      656.47      0
      3046     38.48          0.00      293.10      984.44      0
      3047     38.49          0.00      144.19      194.99      0
      3048     38.50          0.00      231.15      566.55      0
      3049     38.52          0.00      162.64      220.34      0
      3050     38.53          0.00      261.55      760.93      0
      3051     38.54          0.00      224.73      502.47      0
      3052     38.55          0.00      232.53      561.02      0
      3053     38.57          0.00      251.01      662.10      0
      3054     38.58          0.00      249.66      656.47      0
      3055     38.59          0.00      225.15      569.62      0
      3056     38.60          0.00      281.18      878.99      0
      3057     38.61          0.00      176.12      320.68      0
      3058     38.63          0.00      267.05      771.65      0
      3059     38.64          0.00      257.65      727.56      0
      3060     38.65          0.00      235.50      574.20      0
      3061     38.66          0.00      261.57      748.79      0
      3062     38.67          0.00      164.41      263.35      0
      3063     38.68          0.00      257.65      727.56      0
      3064     38.69          0.00      170.49      270.05      0
      3065     38.70          0.00      236.88      568.89      0
      3066     38.72          0.00      293.10      984.44      0
      3067     38.73          0.00      249.63      667.40      0
      3068     38.74          0.00      243.44      614.70      0
      3069     38.75          0.00      163.82      345.74      0
      3070     38.77          0.00      205.09      419.87      0
      3071     38.78          0.00      224.40      571.00      0
      3072     38.79          0.00      232.53      561.02      0
      3073     38.80          0.00      231.15      566.55      0
      3074     38.81          0.00      200.60      390.10      0
      3075     38.83          0.00      215.57      452.58      0
      3076     38.84          0.00      211.51      467.61      0
      3077     38.85          0.00      212.68      443.02      0
      3078     38.87          0.00      206.88      448.02      0
      3079     38.88          0.00      219.26      473.91      0
      3080     38.89          0.00      155.08      248.33      0
      3081     38.91          0.00      165.53      248.07      0
      3082     38.93          0.00      218.11      496.24      0
      3083     38.94          0.00      211.51      431.52      0
      3084     38.96          0.00      227.49      534.20      0
      3085     38.97          0.00      164.41      325.58      0
      3086     38.99          0.00      215.57      455.42      0
      3087     39.00          0.00      201.00      388.42      0
      3088     39.02          0.00      262.30      761.33      0
      3089     39.03          0.00      261.57      748.79      0
      3090     39.04          0.00      255.13      678.11      0
      3091     39.05          0.00      218.83      506.12      0
      3092     39.07          0.00      226.13      523.44      0
      3093     39.08          0.00      243.08      607.39      0
      3094     39.09          0.00      201.44      373.51      0
      3095     39.11          0.00      194.25      408.94      0
      3096     39.12          0.00      229.90      575.19      0
      3097     39.14          0.00      261.55      760.93      0
      3098     39.15          0.00      128.32      117.53      0
      3099     39.17          0.00      194.97      424.31      0
      3100     39.19          0.00      194.97      401.16      0
      3101     39.20          0.00      103.77      102.47      0
      3102     39.22          0.00      232.53      561.02      0
      3103     39.23          0.00      211.88      466.92      0
      3104     39.24          0.00      140.32      202.16      0
      3105     39.26          0.00      126.97      170.09      0
      3106     39.27          0.00      261.57      748.79      0
      3107     39.28          0.00      170.63      318.23      0
      3108     39.29          0.00      267.05      771.65      0
      3109     39.30          0.00      243.03      616.38      0
      3110     39.32          0.00      170.21      281.50      0
      3111     39.33          0.00      207.64      422.63      0
      3112     39.34          0.00      124.74      168.31      0
      3113     39.35          0.00      184.77      395.41      0
      3114     39.37          0.00      261.55      760.93      0
      3115     39.38          0.00      261.57      748.79      0
      3116     39.39          0.00      180.01      303.76      0
      3117     39.40          0.00      199.09      408.94      0
      3118     39.42          0.00      293.10      984.44      0
      3119     39.42          0.00      255.13      689.29      0
      3120     39.44          0.00      192.88      398.39      0
      3121     39.45          0.00      132.50      218.18      0
      3122     39.46          0.00      207.64      422.63      0
      3123     39.47          0.00      257.65      727.56      0
      3124     39.48          0.00      174.37      290.59      0
      3125     39.50          0.00      293.10      984.44      0
      3126     39.51          0.00      281.18      878.99      0
      3127     39.52          0.00      195.38      399.08      0
      3128     39.53          0.00      242.28      615.98      0
      3129     39.54          0.00      210.63      449.50      0
      3130     39.55          0.00      250.38      667.80      0
      3131     39.57          0.00      169.28      248.14      0
      3132     39.58          0.00      151.74      215.75      0
      3133     39.59          0.00      231.60      541.05      0
      3134     39.60          0.00      231.18      555.53      0
      3135     39.62          0.00      180.76      289.82      0
      3136     39.63          0.00      205.16      440.67      0
      3137     39.64          0.00      163.43      294.32      0
      3138     39.66          0.00      167.54      287.25      0
      3139     39.67          0.00      200.97      421.83      0
      3140     39.68          0.00      250.38      667.80      0
      3141     39.69          0.00      257.65      727.96      0
      3142     39.70          0.00      205.88      443.94      0
      3143     39.72          0.00      212.48      488.36      0
      3144     39.73          0.00      139.53      241.22      0
      3145     39.74          0.00      226.13      527.05      0
      3146     39.75          0.00      262.93      755.63      0
      3147     39.76          0.00      236.69      616.98      0
      3148     39.78          0.00      193.41      357.45      0
      3149     39.79          0.00      230.78      557.21      0
      3150     39.80          0.00      132.74      218.18      0
      3151     39.81          0.00      177.47      281.19      0
      3152     39.83          0.00      126.61      180.47      0
      3153     39.84          0.00      207.59      414.21      0
      3154     39.85          0.00      236.25      574.60      0
      3155     39.87          0.00      231.90      566.95      0
      3156     39.88          0.00      169.28      262.32      0
      3157     39.89          0.00      262.69      759.65      0
      3158     39.90          0.00      293.10      984.44      0
      3159     39.91          0.00      161.89      275.86      0
      3160     39.93          0.00      150.03      256.34      0
      3161     39.94          0.00      198.38      397.12      0
      3162     39.95          0.00      220.50      540.50      0
      3163     39.97          0.00      293.10      984.44      0
      3164     39.97          0.00      181.09      381.48      0
      3165     39.99          0.00      212.12      436.61      0
      3166     40.00          0.00      293.10      984.44      0
      3167     40.01          0.00      231.41      551.51      0
      3168     40.02          0.00      236.69      616.98      0
      3169     40.03          0.00      163.85      280.08      0
      3170     40.05          0.00      281.18      878.99      0
      3171     40.06          0.00      215.34      456.60      0
      3172     40.07          0.00      214.22      444.66      0
      3173     40.08          0.00      230.75      568.63      0
      3174     40.09          0.00      218.86      476.80      0
      3175     40.11          0.00      242.31      613.15      0
      3176     40.12          0.00      242.28      615.98      0
      3177     40.13          0.00      293.10      984.44      0
      3178     40.14          0.00      205.32      401.61      0
      3179     40.15          0.00      223.61      481.65      0
      3180     40.17          0.00      262.93      755.63      0
      3181     40.18          0.00      224.96      520.36      0
      3182     40.19          0.00      149.61      184.79      0
      3183     40.20          0.00      184.54      395.18      0
      3184     40.22          0.00      207.64      422.63      0
      3185     40.23          0.00      242.31      603.84      0
      3186     40.24          0.00      249.63      667.40      0
      3187     40.25          0.00      236.25      574.60      0
      3188     40.26          0.00      181.72      315.40      0
      3189     40.28          0.00      134.01      209.70      0
      3190     40.29          0.00      204.69      407.94      0
      3191     40.30          0.00      219.46      480.68      0
      3192     40.32          0.00      227.49      534.20      0
      3193     40.33          0.00      262.93      755.63      0
      3194     40.34          0.00      212.63      441.26      0
      3195     40.36          0.00      208.59      484.48      0
      3196     40.37          0.00      163.43      349.02      0
      3197     40.38          0.00      250.78      666.12      0
      3198     40.40          0.00      224.96      487.27      0
      3199     40.41          0.00      238.40      592.80      0
      3200     40.42          0.00      124.94      140.80      0
      3201     40.44          0.00      250.78      666.12      0
      3202     40.45          0.00      244.03      668.39      0
      3203     40.46          0.00      212.12      440.53      0
      3204     40.47          0.00      169.66      245.92      0
      3205     40.49          0.00      211.53      433.90      0
      3206     40.50          0.00      183.46      398.58      0
      3207     40.51          0.00      247.78      645.22      0
      3208     40.52          0.00      155.69      207.92      0
      3209     40.54          0.00      143.94      270.99      0
      3210     40.55          0.00      242.28      615.98      0
      3211     40.56          0.00      132.31      227.65      0
      3212     40.58          0.00      231.41      551.51      0
      3213     40.59          0.00      236.25      574.60      0
      3214     40.60          0.00      122.85      171.44      0
      3215     40.61          0.00      205.84      406.26      0
      3216     40.63          0.00      224.43      557.81      0
      3217     40.64          0.00      211.49      469.40      0
      3218     40.65          0.00      174.74      325.78      0
      3219     40.67          0.00      255.13      689.29      0
      3220     40.68          0.00      194.59      366.90      0
      3221     40.69          0.00      226.10      539.50      0
      3222     40.70          0.00      127.03      165.35      0
      3223     40.72          0.00      226.13      527.05      0
      3224     40.73          0.00      243.44      614.70      0
      3225     40.74          0.00      188.99      367.89      0
      3226     40.75          0.00      261.57      748.79      0
      3227     40.76          0.00      200.38      394.35      0
      3228     40.77          0.00      273.83      814.96      0
      3229     40.78          0.00      201.21      377.53      0
      3230     40.80          0.00      243.03      616.38      0
      3231     40.81          0.00      257.65      727.56      0
      3232     40.82          0.00      180.24      325.49      0
      3233     40.83          0.00      144.56      208.56      0
      3234     40.85          0.00      164.57      267.35      0
      3235     40.86          0.00      219.69      470.38      0
      3236     40.87          0.00      231.18      555.53      0
      3237     40.88          0.00      195.31      406.43      0
      3238     40.90          0.00      128.32      183.69      0
      3239     40.91          0.00      261.57      748.79      0
      3240     40.92          0.00      281.18      878.99      0
      3241     40.93          0.00      212.63      441.26      0
      3242     40.94          0.00      149.48      316.24      0
      3243     40.96          0.00      226.85      539.90      0
      3244     40.97          0.00      164.28      259.25      0
      3245     40.98          0.00      231.38      562.30      0
      3246     41.00          0.00      145.52      221.71      0
      3247     41.01          0.00      230.78      557.21      0
      3248     41.02          0.00      262.93      755.63      0
      3249     41.03          0.00      262.30      761.33      0
      3250     41.04          0.00      176.44      290.19      0
      3251     41.06          0.00      257.65      727.56      0
      3252     41.07          0.00      145.52      268.31      0
      3253     41.08          0.00      196.46      404.70      0
      3254     41.09          0.00      198.34      423.45      0
      3255     41.10          0.00      156.06      275.63      0
      3256     41.12          0.00      203.97      396.12      0
      3257     41.13          0.00      224.43      557.81      0
      3258     41.14          0.00      227.49      534.20      0
      3259     41.15          0.00      206.28      466.92      0
      3260     41.16          0.00      250.38      667.80      0
      3261     41.18          0.00      225.78      563.29      0
      3262     41.19          0.00      215.34      459.44      0
      3263     41.20          0.00      175.49      325.62      0
      3264     41.21          0.00      236.25      574.60      0
      3265     41.22          0.00      236.65      572.92      0
      3266     41.24          0.00      225.78      563.29      0
      3267     41.25          0.00      189.52      401.22      0
      3268     41.26          0.00      200.06      378.81      0
      3269     41.27          0.00      205.12      394.84      0
      3270     41.28          0.00      219.98      504.39      0
      3271     41.30          0.00      188.17      391.90      0
      3272     41.31          0.00      231.18      555.53      0
      3273     41.32          0.00      273.83      820.23      0
      3274     41.33          0.00      238.40      582.80      0
      3275     41.34          0.00      195.38      421.83      0
      3276     41.36          0.00      206.28      441.86      0
      3277     41.37          0.00      211.53      441.47      0
      3278     41.38          0.00      236.65      572.92      0
      3279     41.39          0.00      178.19      329.56      0
      3280     41.40          0.00      247.78      645.22      0
      3281     41.42          0.00      174.53      279.66      0
      3282     41.43          0.00      262.69      759.65      0
      3283     41.44          0.00      249.63      667.40      0
      3284     41.45          0.00      243.08      597.26      0
      3285     41.46          0.00      213.26      467.19      0
      3286     41.47          0.00      231.41      551.51      0
      3287     41.48          0.00      200.09      362.75      0
      3288     41.50          0.00      251.01      662.10      0
      3289     41.51          0.00      194.59      366.90      0
      3290     41.52          0.00      162.71      260.43      0
      3291     41.53          0.00      137.15      173.98      0
      3292     41.55          0.00      180.24      318.95      0
      3293     41.56          0.00      214.22      443.03      0
      3294     41.57          0.00      145.68      238.93      0
      3295     41.59          0.00      217.98      518.12      0
      3296     41.60          0.00      243.66      610.68      0
      3297     41.61          0.00      150.40      230.07      0
      3298     41.62          0.00      224.96      520.36      0
      3299     41.63          0.00      211.91      438.40      0
      3300     41.65          0.00      195.34      367.30      0
      3301     41.66          0.00      219.26      475.12      0
      3302     41.67          0.00      220.21      481.08      0
      3303     41.68          0.00      232.53      561.02      0
      3304     41.70          0.00      177.82      381.52      0
      3305     41.71          0.00      168.93      266.52      0
      3306     41.72          0.00      216.26      454.89      0
      3307     41.73          0.00      281.18      878.99      0
      3308     41.75          0.00      167.94      329.93      0
      3309     41.76          0.00      262.93      755.63      0
      3310     41.77          0.00      227.49      534.20      0
      3311     41.78          0.00      293.10      984.44      0
      3312     41.79          0.00      205.32      415.39      0
      3313     41.80          0.00      229.90      575.19      0
      3314     41.81          0.00      166.28      328.39      0
      3315     41.82          0.00      150.59      298.18      0
      3316     41.84          0.00      115.87      155.88      0
      3317     41.85          0.00      198.34      409.29      0
      3318     41.86          0.00      195.31      382.64      0
      3319     41.88          0.00      199.09      422.35      0
      3320     41.89          0.00      186.09      337.52      0
      3321     41.90          0.00      169.69      230.98      0
      3322     41.92          0.00      226.13      527.05      0
      3323     41.93          0.00      212.48      507.22      0
      3324     41.94          0.00      218.86      475.59      0
      3325     41.95          0.00      205.93      424.89      0
      3326     41.96          0.00      231.41      551.51      0
      3327     41.97          0.00      169.06      328.73      0
      3328     41.99          0.00      193.44      412.98      0
      3329     42.00          0.00      145.95      232.92      0
      3330     42.01          0.00      206.84      413.81      0
      3331     42.03          0.00      293.10      984.44      0
      3332     42.03          0.00      231.60      540.83      0
      3333     42.05          0.00      174.53      265.53      0
      3334     42.06          0.00      194.22      425.41      0
      3335     42.07          0.00      139.51      203.99      0
      3336     42.09          0.00      217.38      465.75      0
      3337     42.10          0.00      169.69      318.84      0
      3338     42.11          0.00      216.26      436.37      0
      3339     42.12          0.00      235.50      574.20      0
      3340     42.13          0.00      182.54      321.28      0
      3341     42.15          0.00      262.69      759.65      0
      3342     42.16          0.00      199.22      415.90      0
      3343     42.17          0.00      178.42      330.31      0
      3344     42.18          0.00      225.54      567.55      0
      3345     42.20          0.00      230.78      557.21      0
      3346     42.21          0.00      193.59      408.47      0
      3347     42.22          0.00      185.84      342.49      0
      3348     42.23          0.00      255.94      761.93      0
      3349     42.24          0.00      281.18      878.99      0
      3350     42.25          0.00      220.50      540.50      0
      3351     42.26          0.00      139.51      196.15      0
      3352     42.28          0.00      230.75      568.63      0
      3353     42.29          0.00      273.83      820.23      0
      3354     42.30          0.00      231.60      540.83      0
      3355     42.31          0.00      203.97      396.12      0
      3356     42.32          0.00      230.03      556.81      0
      3357     42.33          0.00      257.65      727.56      0
      3358     42.34          0.00      281.18      878.99      0
      3359     42.36          0.00      267.05      771.65      0
      3360     42.37          0.00      281.18      878.99      0
      3361     42.38          0.00      134.76      231.56      0
      3362     42.39          0.00      238.40      592.80      0
      3363     42.40          0.00      218.86      496.99      0
      3364     42.41          0.00      236.88      568.89      0
      3365     42.43          0.00      183.39      312.93      0
      3366     42.44          0.00      169.88      317.48      0
      3367     42.45          0.00      183.06      331.46      0
      3368     42.46          0.00      199.85      408.94      0
      3369     42.48          0.00      163.78      270.03      0
      3370     42.49          0.00      201.44      373.51      0
      3371     42.50          0.00      175.00      383.89      0
      3372     42.51          0.00      175.72      379.74      0
      3373     42.52          0.00      192.81      411.49      0
      3374     42.53          0.00      244.03      668.39      0
      3375     42.55          0.00      156.41      193.29      0
      3376     42.56          0.00      149.61      227.71      0
      3377     42.57          0.00      216.24      488.74      0
      3378     42.58          0.00      154.68      217.86      0
      3379     42.60          0.00      150.06      264.36      0
      3380     42.61          0.00      157.14      361.04      0
      3381     42.62          0.00      255.94      761.93      0
      3382     42.64          0.00      226.10      539.50      0
      3383     42.65          0.00      150.79      226.47      0
      3384     42.66          0.00      158.72      362.02      0
      3385     42.67          0.00      226.13      523.44      0
      3386     42.68          0.00      194.59      366.90      0
      3387     42.70          0.00      200.97      421.83      0
      3388     42.71          0.00      225.54      573.02      0
      3389     42.72          0.00      220.50      540.50      0
      3390     42.73          0.00      261.55      760.93      0
      3391     42.74          0.00      230.03      556.81      0
      3392     42.75          0.00      249.63      667.40      0
      3393     42.77          0.00      273.83      820.23      0
      3394     42.78          0.00      144.21      167.57      0
      3395     42.79          0.00      199.72      402.61      0
      3396     42.80          0.00      230.75      568.63      0
      3397     42.81          0.00      146.24      278.28      0
      3398     42.83          0.00      113.44       89.38      0
      3399     42.84          0.00      212.34      415.13      0
      3400     42.86          0.00      261.55      760.93      0
      3401     42.87          0.00      230.03      556.81      0
      3402     42.88          0.00      188.66      354.61      0
      3403     42.89          0.00      149.84      168.63      0
      3404     42.91          0.00      227.49      534.20      0
      3405     42.92          0.00      226.85      539.90      0
      3406     42.93          0.00      224.40      569.98      0
      3407     42.94          0.00      231.15      566.55      0
      3408     42.95          0.00      134.74      229.88      0
      3409     42.97          0.00      217.62      461.73      0
      3410     42.98          0.00      180.47      343.95      0
      3411     42.99          0.00      262.93      755.63      0
      3412     43.00          0.00      262.30      761.33      0
      3413     43.01          0.00      200.60      390.10      0
      3414     43.03          0.00      165.53      270.93      0
      3415     43.04          0.00      156.78      361.27      0
      3416     43.05          0.00      163.43      297.86      0
      3417     43.07          0.00      177.19      274.53      0
      3418     43.08          0.00      214.19      460.72      0
      3419     43.09          0.00      164.06      259.93      0
      3420     43.11          0.00      249.66      655.26      0
      3421     43.12          0.00      155.06      198.95      0
      3422     43.13          0.00      121.70      165.90      0
      3423     43.15          0.00      293.10      984.44      0
      3424     43.16          0.00      293.10      984.44      0
      3425     43.16          0.00      204.69      407.94      0
      3426     43.18          0.00      220.50      540.50      0
      3427     43.19          0.00      215.57      486.72      0
      3428     43.20          0.00      224.33      492.98      0
      3429     43.21          0.00      156.06      285.84      0
      3430     43.22          0.00      181.16      290.62      0
      3431     43.24          0.00      251.01      662.10      0
      3432     43.25          0.00      159.31      332.04      0
      3433     43.26          0.00      162.38      280.80      0
      3434     43.27          0.00      293.10      984.44      0
      3435     43.28          0.00      184.77      341.14      0
      3436     43.30          0.00      219.98      485.33      0
      3437     43.31          0.00      212.87      466.39      0
      3438     43.32          0.00      236.88      568.89      0
      3439     43.33          0.00      226.85      539.90      0
      3440     43.34          0.00      194.25      390.69      0
      3441     43.36          0.00      212.15      429.02      0
      3442     43.37          0.00      180.01      337.73      0
      3443     43.38          0.00      199.50      406.86      0
      3444     43.39          0.00      199.72      402.61      0
      3445     43.40          0.00      273.83      820.23      0
      3446     43.42          0.00      235.50      574.20      0
      3447     43.43          0.00      219.23      484.93      0
      3448     43.44          0.00      200.60      409.69      0
      3449     43.45          0.00      212.68      422.49      0
      3450     43.46          0.00      186.63      335.30      0
      3451     43.48          0.00      164.19      258.95      0
      3452     43.49          0.00      175.00      302.51      0
      3453     43.50          0.00      175.53      300.93      0
      3454     43.52          0.00      232.12      562.70      0
      3455     43.53          0.00      243.66      610.68      0
      3456     43.54          0.00      181.34      384.64      0
      3457     43.55          0.00      244.03      668.39      0
      3458     43.56          0.00      232.53      561.02      0
      3459     43.57          0.00      249.63      667.40      0
      3460     43.58          0.00      245.74      636.87      0
      3461     43.60          0.00      206.51      437.61      0
      3462     43.62          0.00      230.78      557.21      0
      3463     43.63          0.00      250.38      667.80      0
      3464     43.64          0.00      273.83      820.23      0
      3465     43.65          0.00      261.57      748.79      0
      3466     43.66          0.00      235.50      574.20      0
      3467     43.67          0.00      155.83      213.19      0
      3468     43.69          0.00      157.97      259.69      0
      3469     43.70          0.00      145.69      218.67      0
      3470     43.72          0.00      149.61      184.79      0
      3471     43.73          0.00      293.10      984.44      0
      3472     43.74          0.00      231.15      566.55      0
      3473     43.76          0.00      218.83      506.12      0
      3474     43.77          0.00      235.53      562.06      0
      3475     43.78          0.00      225.54      567.55      0
      3476     43.79          0.00      195.34      367.30      0
      3477     43.80          0.00      149.71      188.65      0
      3478     43.81          0.00      243.08      607.39      0
      3479     43.83          0.00      145.92      295.14      0
      3480     43.84          0.00      236.88      568.89      0
      3481     43.85          0.00      230.75      568.63      0
      3482     43.86          0.00      255.94      761.93      0
      3483     43.87          0.00      231.60      540.83      0
      3484     43.89          0.00      175.76      301.39      0
      3485     43.90          0.00      211.88      440.86      0
      3486     43.91          0.00      208.22      418.70      0
      3487     43.93          0.00      168.82      333.67      0
      3488     43.94          0.00      113.47      129.22      0
      3489     43.95          0.00      230.78      557.21      0
      3490     43.96          0.00      187.18      339.23      0
      3491     43.98          0.00      148.28      279.16      0
      3492     43.99          0.00      242.28      615.98      0
      3493     44.00          0.00      157.01      275.86      0
      3494     44.02          0.00      219.26      475.12      0
      3495     44.03          0.00      117.56      148.81      0
      3496     44.04          0.00      200.97      398.09      0
      3497     44.06          0.00      200.34      404.65      0
      3498     44.07          0.00      175.32      296.20      0
      3499     44.08          0.00      231.90      566.95      0
      3500     44.09          0.00      225.54      567.55      0
      3501     44.10          0.00      144.21      176.44      0
      3502     44.12          0.00      186.86      306.74      0
      3503     44.13          0.00      138.13      211.11      0
      3504     44.15          0.00      164.41      270.89      0
      3505     44.16          0.00      139.69      179.43      0
      3506     44.17          0.00      210.76      466.86      0
      3507     44.18          0.00      212.87      440.21      0
      3508     44.20          0.00      137.15      224.87      0
      3509     44.21          0.00      293.10      984.44      0
      3510     44.22          0.00      206.88      401.36      0
      3511     44.23          0.00      195.34      367.30      0
      3512     44.24          0.00      176.04      276.21      0
      3513     44.26          0.00      182.31      355.71      0
      3514     44.27          0.00      244.03      668.39      0
      3515     44.28          0.00      199.62      413.43      0
      3516     44.30          0.00      196.69      400.76      0
      3517     44.31          0.00      145.32      205.57      0
      3518     44.32          0.00      162.07      286.27      0
      3519     44.33          0.00      215.34      486.03      0
      3520     44.35          0.00      244.03      668.39      0
      3521     44.36          0.00      262.69      759.65      0
      3522     44.37          0.00      155.08      218.26      0
      3523     44.38          0.00      255.13      678.11      0
      3524     44.40          0.00      182.08      404.27      0
      3525     44.41          0.00      182.34      349.57      0
      3526     44.42          0.00      187.31      346.20      0
      3527     44.44          0.00      225.15      569.62      0
      3528     44.45          0.00      261.55      760.93      0
      3529     44.46          0.00      281.18      878.99      0
      3530     44.47          0.00      226.10      539.50      0
      3531     44.49          0.00      153.02      273.28      0
      3532     44.50          0.00      261.57      748.79      0
      3533     44.51          0.00      195.31      382.64      0
      3534     44.52          0.00      176.09      284.58      0
      3535     44.54          0.00      251.01      662.10      0
      3536     44.55          0.00      230.75      568.63      0
      3537     44.56          0.00      224.43      557.81      0
      3538     44.57          0.00      184.02      340.74      0
      3539     44.59          0.00      205.16      440.67      0
      3540     44.60          0.00      230.03      556.81      0
      3541     44.61          0.00      194.46      379.81      0
      3542     44.62          0.00      194.00      405.99      0
      3543     44.64          0.00      261.57      748.79      0
      3544     44.65          0.00      220.21      481.08      0
      3545     44.66          0.00      293.10      984.44      0
      3546     44.67          0.00      147.03      209.59      0
      3547     44.68          0.00      255.94      761.93      0
      3548     44.69          0.00      201.21      377.53      0
      3549     44.70          0.00      181.12      287.92      0
      3550     44.72          0.00      200.60      409.69      0
      3551     44.73          0.00      255.13      679.29      0
      3552     44.74          0.00      194.03      394.94      0
      3553     44.75          0.00      145.95      180.65      0
      3554     44.77          0.00      188.99      395.02      0
      3555     44.78          0.00      132.13      143.36      0
      3556     44.79          0.00      226.10      539.50      0
      3557     44.81          0.00      230.75      568.63      0
      3558     44.82          0.00      255.94      761.93      0
      3559     44.83          0.00      293.10      984.44      0
      3560     44.84          0.00      194.00      431.02      0
      3561     44.85          0.00      262.69      759.65      0
      3562     44.86          0.00      225.78      563.29      0
      3563     44.87          0.00      181.34      303.26      0
      3564     44.88          0.00      207.59      414.21      0
      3565     44.90          0.00      224.73      502.47      0
      3566     44.91          0.00      262.69      759.65      0
      3567     44.92          0.00      262.30      761.33      0
      3568     44.93          0.00      273.83      820.23      0
      3569     44.94          0.00      249.63      667.40      0
      3570     44.95          0.00      198.34      423.45      0
      3571     44.97          0.00      176.47      259.38      0
      3572     44.98          0.00      206.47      400.33      0
      3573     45.00          0.00      180.47      343.95      0
      3574     45.01          0.00      293.10      984.44      0
      3575     45.02          0.00      261.57      748.79      0
      3576     45.03          0.00      219.98      485.33      0
      3577     45.04          0.00      162.07      295.07      0
      3578     45.05          0.00      144.96      294.91      0
      3579     45.07          0.00      262.30      761.33      0
      3580     45.08          0.00      148.94      196.92      0
      3581     45.09          0.00      194.16      365.39      0
      3582     45.10          0.00      164.41      238.83      0
      3583     45.12          0.00      168.82      263.56      0
      3584     45.13          0.00      293.10      984.44      0
      3585     45.14          0.00      227.25      538.22      0
      3586     45.15          0.00      153.22      273.32      0
      3587     45.16          0.00      220.21      481.08      0
      3588     45.18          0.00      206.47      400.33      0
      3589     45.19          0.00      225.15      569.62      0
      3590     45.20          0.00      145.68      182.72      0
      3591     45.21          0.00      230.78      557.21      0
      3592     45.22          0.00      243.44      614.70      0
      3593     45.24          0.00      182.54      398.98      0
      3594     45.25          0.00      249.66      656.47      0
      3595     45.26          0.00      170.84      275.12      0
      3596     45.27          0.00      212.12      439.81      0
      3597     45.29          0.00      201.00      388.42      0
      3598     45.30          0.00      231.60      540.83      0
      3599     45.31          0.00      164.41      235.22      0
      3600     45.33          0.00      112.61      103.48      0
      3601     45.34          0.00      200.34      429.92      0
      3602     45.35          0.00      169.66      264.97      0
      3603     45.37          0.00      293.10      984.44      0
      3604     45.37          0.00      121.11      191.09      0
      3605     45.39          0.00      165.16      326.33      0
      3606     45.40          0.00      163.43      270.18      0
      3607     45.41          0.00      211.88      466.92      0
      3608     45.43          0.00      231.41      551.51      0
      3609     45.44          0.00      236.69      616.98      0
      3610     45.45          0.00      200.09      366.36      0
      3611     45.46          0.00      212.87      440.21      0
      3612     45.48          0.00      220.61      479.40      0
      3613     45.49          0.00      139.29      171.67      0
      3614     45.50          0.00      206.47      400.33      0
      3615     45.51          0.00      247.78      645.22      0
      3616     45.53          0.00      144.19      191.16      0
      3617     45.54          0.00      138.85      170.78      0
      3618     45.55          0.00      201.25      455.10      0
      3619     45.56          0.00      210.76      431.12      0
      3620     45.58          0.00      293.10      984.44      0
      3621     45.58          0.00      118.54      117.30      0
      3622     45.60          0.00      192.78      409.29      0
      3623     45.61          0.00      139.56      180.69      0
      3624     45.63          0.00      181.36      275.15      0
      3625     45.64          0.00      186.81      309.71      0
      3626     45.65          0.00      245.74      636.87      0
      3627     45.66          0.00      181.54      314.42      0
      3628     45.67          0.00      215.34      459.44      0
      3629     45.69          0.00      158.56      332.79      0
      3630     45.70          0.00      163.66      258.39      0
      3631     45.71          0.00      205.84      420.62      0
      3632     45.72          0.00      113.44      140.03      0
      3633     45.74          0.00      230.75      568.63      0
      3634     45.75          0.00      165.56      256.02      0
      3635     45.76          0.00      158.78      274.86      0
      3636     45.78          0.00      185.17      308.17      0
      3637     45.79          0.00      226.10      539.50      0
      3638     45.80          0.00      151.31      361.27      0
      3639     45.81          0.00      159.53      273.76      0
      3640     45.83          0.00      207.64      390.53      0
      3641     45.84          0.00      232.12      562.70      0
      3642     45.85          0.00      223.58      518.12      0
      3643     45.86          0.00      244.03      668.39      0
      3644     45.87          0.00      235.53      562.06      0
      3645     45.88          0.00      235.53      562.06      0
      3646     45.90          0.00      193.59      436.15      0
      3647     45.91          0.00      273.83      820.23      0
      3648     45.92          0.00      212.51      496.24      0
      3649     45.93          0.00      183.82      326.87      0
      3650     45.94          0.00      177.82      268.60      0
      3651     45.96          0.00      227.49      534.74      0
      3652     45.97          0.00      206.28      441.86      0
      3653     45.98          0.00      196.46      380.96      0
      3654     46.00          0.00      158.59      262.87      0
      3655     46.01          0.00      198.34      423.45      0
      3656     46.02          0.00      167.57      322.80      0
      3657     46.03          0.00      273.83      820.23      0
      3658     46.04          0.00      193.44      354.20      0
      3659     46.05          0.00      227.49      534.74      0
      3660     46.07          0.00      247.78      645.22      0
      3661     46.08          0.00      183.42      388.79      0
      3662     46.09          0.00      217.62      446.40      0
      3663     46.10          0.00      273.83      820.23      0
      3664     46.11          0.00      184.77      341.14      0
      3665     46.13          0.00      200.09      362.75      0
      3666     46.14          0.00       95.42       72.83      0
      3667     46.16          0.00      193.18      350.17      0
      3668     46.17          0.00      236.69      616.98      0
      3669     46.18          0.00      251.01      662.10      0
      3670     46.19          0.00      243.66      610.68      0
      3671     46.20          0.00      261.57      748.79      0
      3672     46.22          0.00      163.66      262.41      0
      3673     46.23          0.00      224.33      492.98      0
      3674     46.24          0.00      174.34      385.51      0
      3675     46.25          0.00      217.03      459.48      0
      3676     46.26          0.00      220.50      540.50      0
      3677     46.27          0.00      195.34      367.30      0
      3678     46.29          0.00      136.03      229.11      0
      3679     46.30          0.00      175.13      292.60      0
      3680     46.31          0.00      152.50      199.53      0
      3681     46.33          0.00      205.12      412.80      0
      3682     46.34          0.00      250.38      667.80      0
      3683     46.35          0.00      230.78      557.21      0
      3684     46.36          0.00      174.29      284.42      0
      3685     46.37          0.00      225.78      563.29      0
      3686     46.39          0.00      159.94      249.07      0
      3687     46.40          0.00      112.89      146.33      0
      3688     46.41          0.00      219.46      499.16      0
      3689     46.42          0.00      244.03      668.39      0
      3690     46.44          0.00      267.05      771.65      0
      3691     46.45          0.00      249.63      667.40      0
      3692     46.46          0.00      230.78      557.21      0
      3693     46.47          0.00      109.92       78.65      0
      3694     46.49          0.00      293.10      984.44      0
      3695     46.50          0.00      273.83      820.23      0
      3696     46.51          0.00      220.50      540.50      0
      3697     46.52          0.00      225.15      569.62      0
      3698     46.53          0.00      212.48      507.22      0
      3699     46.54          0.00      199.85      408.94      0
      3700     46.55          0.00      200.81      379.21      0
      3701     46.56          0.00      138.85      159.51      0
      3702     46.58          0.00      179.12      304.82      0
      3703     46.59          0.00      145.31      267.27      0
      3704     46.60          0.00      226.10      539.50      0
      3705     46.61          0.00      169.88      265.38      0
      3706     46.63          0.00      236.25      574.60      0
      3707     46.64          0.00      205.09      405.86      0
      3708     46.65          0.00      293.10      984.44      0
      3709     46.66          0.00      255.13      689.29      0
      3710     46.67          0.00      225.54      567.55      0
      3711     46.68          0.00      227.25      538.22      0
      3712     46.69          0.00      273.83      820.23      0
      3713     46.70          0.00      211.56      411.21      0
      3714     46.71          0.00      182.11      343.72      0
      3715     46.73          0.00      211.91      468.41      0
      3716     46.74          0.00      175.00      308.98      0
      3717     46.75          0.00      245.74      634.03      0
      3718     46.76          0.00      255.13      678.11      0
      3719     46.77          0.00      231.41      551.51      0
      3720     46.78          0.00      194.25      408.94      0
      3721     46.80          0.00      137.81      163.54      0
      3722     46.81          0.00      183.82      295.91      0
      3723     46.82          0.00      211.53      423.77      0
      3724     46.84          0.00      179.84      327.97      0
      3725     46.85          0.00      195.94      400.01      0
      3726     46.86          0.00      194.25      408.94      0
      3727     46.87          0.00      181.09      324.63      0
      3728     46.89          0.00      214.94      485.23      0
      3729     46.90          0.00      174.53      279.31      0
      3730     46.91          0.00      224.73      491.30      0
      3731     46.92          0.00      166.82      276.90      0
      3732     46.94          0.00      176.68      318.70      0
      3733     46.95          0.00      185.87      326.98      0
      3734     46.96          0.00      231.15      566.55      0
      3735     46.98          0.00      261.57      748.79      0
      3736     46.99          0.00      230.75      568.63      0
      3737     47.00          0.00      184.02      333.20      0
      3738     47.01          0.00      225.54      567.55      0
      3739     47.02          0.00      156.06      364.96      0
      3740     47.04          0.00      273.83      820.23      0
      3741     47.05          0.00      261.55      760.93      0
      3742     47.06          0.00      166.28      247.93      0
      3743     47.07          0.00      156.41      194.24      0
      3744     47.08          0.00      215.34      456.60      0
      3745     47.10          0.00      119.87      155.05      0
      3746     47.11          0.00      255.94      761.93      0
      3747     47.12          0.00      204.72      396.52      0
      3748     47.13          0.00      170.84      300.19      0
      3749     47.15          0.00      207.64      390.40      0
      3750     47.16          0.00      206.88      403.65      0
      3751     47.17          0.00      127.27      210.45      0
      3752     47.19          0.00      212.87      466.39      0
      3753     47.20          0.00      230.75      568.63      0
      3754     47.21          0.00      205.84      406.26      0
      3755     47.23          0.00      261.57      748.79      0
      3756     47.24          0.00      183.46      347.10      0
      3757     47.25          0.00      199.62      413.43      0
      3758     47.27          0.00      193.62      397.02      0
      3759     47.28          0.00      204.72      412.00      0
      3760     47.29          0.00      227.25      538.22      0
      3761     47.30          0.00      206.51      465.64      0
      3762     47.32          0.00      173.62      325.68      0
      3763     47.33          0.00      261.57      748.79      0
      3764     47.34          0.00      205.93      441.47      0
      3765     47.35          0.00      176.04      300.00      0
      3766     47.36          0.00      171.07      298.90      0
      3767     47.38          0.00      194.56      330.63      0
      3768     47.39          0.00      125.49      183.58      0
      3769     47.40          0.00      163.01      361.04      0
      3770     47.42          0.00      188.43      354.06      0
      3771     47.43          0.00      236.69      616.98      0
      3772     47.44          0.00      138.37      149.30      0
      3773     47.45          0.00      207.64      400.59      0
      3774     47.47          0.00      200.57      400.17      0
      3775     47.48          0.00      230.75      568.63      0
      3776     47.49          0.00      231.18      555.53      0
      3777     47.50          0.00      251.01      662.10      0
      3778     47.51          0.00      200.81      379.21      0
      3779     47.53          0.00      231.41      551.51      0
      3780     47.54          0.00      193.21      412.29      0
      3781     47.55          0.00      281.18      878.99      0
      3782     47.56          0.00      158.56      255.44      0
      3783     47.57          0.00      177.19      298.27      0
      3784     47.59          0.00      195.97      362.13      0
      3785     47.60          0.00      138.66      226.90      0
      3786     47.61          0.00      261.57      748.79      0
      3787     47.62          0.00      245.74      634.03      0
      3788     47.64          0.00      208.00      422.72      0
      3789     47.65          0.00      213.23      488.00      0
      3790     47.66          0.00      231.38      562.30      0
      3791     47.67          0.00      175.76      279.34      0
      3792     47.68          0.00      203.97      411.25      0
      3793     47.70          0.00      262.69      759.65      0
      3794     47.71          0.00      224.43      557.81      0
      3795     47.72          0.00      149.84      251.56      0
      3796     47.73          0.00      243.66      610.68      0
      3797     47.74          0.00      124.89      169.34      0
      3798     47.76          0.00      219.69      499.28      0
      3799     47.77          0.00      195.71      380.56      0
      3800     47.78          0.00      267.05      771.65      0
      3801     47.79          0.00      183.42      326.07      0
      3802     47.80          0.00      169.32      264.44      0
      3803     47.81          0.00      245.74      636.87      0
      3804     47.83          0.00      242.31      612.40      0
      3805     47.84          0.00      195.38      399.08      0
      3806     47.85          0.00      224.40      569.98      0
      3807     47.86          0.00      132.24      194.81      0
      3808     47.87          0.00      273.83      820.23      0
      3809     47.88          0.00      224.40      569.98      0
      3810     47.90          0.00      188.96      383.98      0
      3811     47.91          0.00      148.72      268.28      0
      3812     47.92          0.00      143.94      270.39      0
      3813     47.94          0.00      236.88      568.89      0
      3814     47.95          0.00      165.13      256.40      0
      3815     47.96          0.00      243.66      613.88      0
      3816     47.98          0.00      181.09      298.22      0
      3817     47.99          0.00      212.68      422.62      0
      3818     48.01          0.00      212.63      467.67      0
      3819     48.03          0.00      207.64      393.24      0
      3820     48.04          0.00      201.25      414.81      0
      3821     48.05          0.00      145.92      173.31      0
      3822     48.07          0.00      177.79      340.87      0
      3823     48.08          0.00      293.10      984.44      0
      3824     48.09          0.00      267.05      771.65      0
      3825     48.10          0.00      293.10      984.44      0
      3826     48.11          0.00      155.69      194.34      0
      3827     48.13          0.00      187.18      352.64      0
      3828     48.15          0.00      196.46      404.70      0
      3829     48.16          0.00      249.66      656.47      0
      3830     48.17          0.00      236.69      616.98      0
      3831     48.18          0.00      224.40      571.00      0
      3832     48.20          0.00      214.19      457.88      0
      3833     48.21          0.00      262.93      755.63      0
      3834     48.22          0.00      293.10      984.44      0
      3835     48.23          0.00      262.93      755.63      0
      3836     48.24          0.00      262.30      761.33      0
      3837     48.25          0.00      198.34      423.45      0
      3838     48.27          0.00      190.34      400.01      0
      3839     48.28          0.00      249.63      667.40      0
      3840     48.29          0.00      171.03      266.98      0
      3841     48.30          0.00      227.49      534.20      0
      3842     48.32          0.00      163.85      276.25      0
      3843     48.33          0.00      212.51      496.24      0
      3844     48.34          0.00      187.22      293.90      0
      3845     48.35          0.00      293.10      984.44      0
      3846     48.36          0.00      236.88      568.89      0
      3847     48.38          0.00      157.44      266.45      0
      3848     48.39          0.00      242.28      615.98      0
      3849     48.40          0.00      195.38      399.08      0
      3850     48.41          0.00      230.78      557.21      0
      3851     48.42          0.00      235.53      562.06      0
      3852     48.44          0.00      244.03      668.39      0
      3853     48.45          0.00      155.31      248.56      0
      3854     48.46          0.00      273.83      820.23      0
      3855     48.47          0.00      149.28      262.12      0
      3856     48.49          0.00      208.22      457.34      0
      3857     48.50          0.00      188.99      367.89      0
      3858     48.51          0.00      183.82      298.76      0
      3859     48.53          0.00      182.31      355.71      0
      3860     48.54          0.00      204.72      396.52      0
      3861     48.55          0.00      207.64      422.63      0
      3862     48.56          0.00      293.10      984.44      0
      3863     48.57          0.00      212.28      434.30      0
      3864     48.58          0.00      231.15      566.55      0
      3865     48.59          0.00      181.94      292.98      0
      3866     48.61          0.00      212.15      469.10      0
      3867     48.62          0.00      205.88      469.40      0
      3868     48.63          0.00      215.57      452.58      0
      3869     48.64          0.00      224.33      492.98      0
      3870     48.66          0.00      181.12      307.75      0
      3871     48.67          0.00      189.81      328.78      0
      3872     48.68          0.00      232.12      562.70      0
      3873     48.69          0.00      231.41      551.51      0
      3874     48.71          0.00      213.26      467.19      0
      3875     48.72          0.00      255.94      761.93      0
      3876     48.73          0.00      217.98      518.12      0
      3877     48.74          0.00      144.57      145.31      0
      3878     48.76          0.00      176.12      379.74      0
      3879     48.77          0.00      293.10      984.44      0
      3880     48.78          0.00      225.54      567.55      0
      3881     48.79          0.00      215.34      459.44      0
      3882     48.80          0.00      236.65      572.92      0
      3883     48.81          0.00      174.74      300.58      0
      3884     48.82          0.00      293.10      984.44      0
      3885     48.83          0.00      257.65      727.56      0
      3886     48.84          0.00      262.30      761.33      0
      3887     48.85          0.00      261.55      760.93      0
      3888     48.87          0.00      201.44      400.10      0
      3889     48.88          0.00      187.18      365.12      0
      3890     48.89          0.00      183.42      301.20      0
      3891     48.90          0.00      249.66      656.47      0
      3892     48.91          0.00      261.57      748.79      0
      3893     48.93          0.00      120.39      152.98      0
      3894     48.94          0.00      186.09      327.67      0
      3895     48.95          0.00      144.53      248.45      0
      3896     48.96          0.00      199.22      396.03      0
      3897     48.97          0.00      180.82      290.13      0
      3898     48.99          0.00      163.46      278.33      0
      3899     49.00          0.00      175.53      298.11      0
      3900     49.01          0.00      188.43      354.06      0
      3901     49.03          0.00      194.03      394.94      0
      3902     49.04          0.00      211.53      433.90      0
      3903     49.05          0.00      215.57      452.58      0
      3904     49.07          0.00      227.49      534.20      0
      3905     49.08          0.00      187.58      409.29      0
      3906     49.09          0.00      224.40      571.00      0
      3907     49.10          0.00      235.53      562.06      0
      3908     49.12          0.00      189.06      347.10      0
      3909     49.13          0.00      174.56      275.06      0
      3910     49.14          0.00      262.30      761.33      0
      3911     49.15          0.00      236.69      616.98      0
      3912     49.16          0.00      226.85      539.90      0
      3913     49.17          0.00      166.28      328.39      0
      3914     49.18          0.00      231.15      566.55      0
      3915     49.20          0.00      173.18      275.80      0
      3916     49.21          0.00      187.81      357.45      0
      3917     49.22          0.00      255.13      689.29      0
      3918     49.23          0.00      163.66      261.80      0
      3919     49.25          0.00      165.16      235.62      0
      3920     49.26          0.00      257.65      727.56      0
      3921     49.27          0.00      231.90      566.95      0
      3922     49.28          0.00      203.97      396.12      0
      3923     49.30          0.00      185.51      310.35      0
      3924     49.31          0.00      227.25      538.22      0
      3925     49.32          0.00      267.05      771.65      0
      3926     49.33          0.00      238.40      582.61      0
      3927     49.35          0.00      201.21      399.41      0
      3928     49.36          0.00      192.81      328.03      0
      3929     49.38          0.00      195.74      369.23      0
      3930     49.40          0.00      261.57      748.79      0
      3931     49.41          0.00      225.54      567.55      0
      3932     49.43          0.00      262.93      755.63      0
      3933     49.44          0.00      243.66      610.68      0
      3934     49.45          0.00      213.63      485.93      0
      3935     49.46          0.00      230.03      556.81      0
      3936     49.48          0.00      261.57      748.79      0
      3937     49.49          0.00      211.51      467.61      0
      3938     49.50          0.00      108.54      108.42      0
      3939     49.51          0.00      182.54      350.17      0
      3940     49.53          0.00      193.59      436.15      0
      3941     49.54          0.00      149.71      316.47      0
      3942     49.55          0.00      159.31      277.49      0
      3943     49.57          0.00      224.43      557.81      0
      3944     49.58          0.00      189.71      406.43      0
      3945     49.59          0.00      257.65      727.56      0
      3946     49.60          0.00      161.66      265.01      0
      3947     49.62          0.00      219.23      503.64      0
      3948     49.63          0.00      193.59      408.47      0
      3949     49.64          0.00      186.23      334.49      0
      3950     49.66          0.00      212.28      442.22      0
      3951     49.67          0.00      227.25      538.22      0
      3952     49.69          0.00      212.51      496.24      0
      3953     49.70          0.00      293.10      984.44      0
      3954     49.71          0.00      226.85      539.90      0
      3955     49.73          0.00      244.03      668.39      0
      3956     49.74          0.00      224.40      571.00      0
      3957     49.75          0.00      187.71      342.96      0
      3958     49.76          0.00      167.94      329.93      0
      3959     49.77          0.00      262.69      759.65      0
      3960     49.78          0.00      177.04      314.28      0
      3961     49.80          0.00      181.31      317.88      0
      3962     49.81          0.00      177.82      300.45      0
      3963     49.82          0.00      199.72      415.39      0
      3964     49.84          0.00      195.38      399.08      0
      3965     49.85          0.00      212.15      429.77      0
      3966     49.86          0.00      176.47      309.45      0
      3967     49.87          0.00      213.86      481.68      0
      3968     49.89          0.00      173.18      276.87      0
      3969     49.90          0.00      152.27      265.26      0
      3970     49.91          0.00      257.65      727.56      0
      3971     49.92          0.00      199.22      396.03      0
      3972     49.94          0.00      262.30      761.33      0
      3973     49.95          0.00      226.85      539.90      0
      3974     49.96          0.00      220.50      540.50      0
      3975     49.97          0.00      242.28      615.98      0
      3976     49.98          0.00      127.03      215.39      0
      3977     50.00          0.00      261.55      760.93      0
      3978     50.01          0.00      231.60      540.83      0
      3979     50.02          0.00      137.15      225.47      0
      3980     50.03          0.00      212.15      434.38      0
      3981     50.04          0.00      180.24      300.43      0
      3982     50.06          0.00      167.94      296.38      0
      3983     50.07          0.00      151.19      310.87      0
      3984     50.08          0.00      236.69      616.98      0
      3985     50.09          0.00      150.33      223.94      0
      3986     50.11          0.00      273.83      820.23      0
      3987     50.12          0.00      211.91      468.41      0
      3988     50.13          0.00      194.46      397.86      0
      3989     50.14          0.00      199.62      393.95      0
      3990     50.15          0.00      156.26      285.70      0
      3991     50.17          0.00      205.88      469.40      0
      3992     50.18          0.00      262.30      761.33      0
      3993     50.19          0.00      194.46      397.86      0
      3994     50.20          0.00      235.50      574.20      0
      3995     50.21          0.00      207.59      414.21      0
      3996     50.23          0.00      188.17      391.90      0
      3997     50.24          0.00      267.05      771.65      0
      3998     50.25          0.00      187.58      337.15      0
      3999     50.26          0.00      145.68      249.20      0
      4000     50.28          0.00      212.48      489.38      0
      4001     50.29          0.00      195.94      400.01      0
      4002     50.30          0.00      247.78      645.22      0
      4003     50.32          0.00      243.66      613.88      0
      4004     50.33          0.00      176.47      297.75      0
      4005     50.34          0.00      184.54      314.10      0
      4006     50.35          0.00      293.10      984.44      0
      4007     50.36          0.00      224.73      491.30      0
      4008     50.37          0.00      189.71      383.63      0
      4009     50.39          0.00      164.28      242.66      0
      4010     50.40          0.00      273.83      820.23      0
      4011     50.41          0.00      159.31      277.89      0
      4012     50.42          0.00      255.94      761.93      0
      4013     50.43          0.00      200.38      394.35      0
      4014     50.44          0.00      175.76      293.63      0
      4015     50.46          0.00      205.12      394.84      0
      4016     50.47          0.00      173.18      265.80      0
      4017     50.48          0.00      261.55      760.93      0
      4018     50.50          0.00      281.18      878.99      0
      4019     50.51          0.00      193.44      412.98      0
      4020     50.52          0.00      157.77      215.32      0
      4021     50.53          0.00      150.91      267.27      0
      4022     50.55          0.00      231.38      562.30      0
      4023     50.56          0.00      293.10      984.44      0
      4024     50.57          0.00      293.10      984.44      0
      4025     50.58          0.00      230.78      557.21      0
      4026     50.59          0.00      176.71      290.83      0
      4027     50.60          0.00      243.44      614.70      0
      4028     50.61          0.00      139.69      173.44      0
      4029     50.62          0.00      201.44      373.51      0
      4030     50.63          0.00      257.65      727.56      0
      4031     50.64          0.00      281.18      878.99      0
      4032     50.65          0.00      165.56      234.48      0
      4033     50.67          0.00      187.58      365.52      0
      4034     50.68          0.00      281.18      878.99      0
      4035     50.69          0.00      179.97      383.66      0
      4036     50.70          0.00      176.12      245.39      0
      4037     50.72          0.00      243.08      597.26      0
      4038     50.73          0.00      244.03      668.39      0
      4039     50.74          0.00      201.25      414.81      0
      4040     50.75          0.00      236.69      616.98      0
      4041     50.77          0.00      199.50      406.86      0
      4042     50.78          0.00      164.28      317.48      0
      4043     50.79          0.00      281.18      878.99      0
      4044     50.80          0.00      227.25      538.22      0
      4045     50.81          0.00      143.58      227.76      0
      4046     50.83          0.00      230.03      556.81      0
      4047     50.84          0.00      188.14      398.98      0
      4048     50.85          0.00      181.12      326.48      0
      4049     50.86          0.00      220.50      540.50      0
      4050     50.87          0.00      181.71      327.32      0
      4051     50.89          0.00      236.25      574.60      0
      4052     50.90          0.00      281.18      878.99      0
      4053     50.91          0.00      281.18      878.99      0
      4054     50.92          0.00      200.81      398.61      0
      4055     50.93          0.00      164.91      254.09      0
      4056     50.95          0.00      236.65      572.92      0
      4057     50.96          0.00      261.57      748.79      0
      4058     50.97          0.00      235.50      574.20      0
      4059     50.98          0.00      207.59      414.21      0
      4060     50.99          0.00      238.40      592.80      0
      4061     51.00          0.00      281.18      878.99      0
      4062     51.01          0.00      193.44      412.98      0
      4063     51.02          0.00      224.43      557.81      0
      4064     51.03          0.00      154.91      289.27      0
      4065     51.05          0.00      219.26      473.91      0
      4066     51.06          0.00      162.91      268.39      0
      4067     51.07          0.00      243.44      614.70      0
      4068     51.08          0.00      200.38      394.35      0
      4069     51.10          0.00      162.47      334.42      0
      4070     51.11          0.00      212.15      429.02      0
      4071     51.12          0.00      181.88      297.85      0
      4072     51.13          0.00      212.15      469.10      0
      4073     51.14          0.00      216.24      448.51      0
      4074     51.16          0.00      249.63      667.40      0
      4075     51.17          0.00      169.25      317.25      0
      4076     51.18          0.00      261.57      748.79      0
      4077     51.19          0.00      195.38      399.08      0
      4078     51.20          0.00      249.63      667.40      0
      4079     51.21          0.00      261.55      760.93      0
      4080     51.22          0.00      243.08      597.26      0
      4081     51.23          0.00      162.71      278.68      0
      4082     51.25          0.00      231.60      540.83      0
      4083     51.26          0.00      109.52      104.25      0
      4084     51.27          0.00      158.49      278.75      0
      4085     51.29          0.00      121.97      174.51      0
      4086     51.30          0.00      227.49      534.74      0
      4087     51.31          0.00      243.44      614.70      0
      4088     51.32          0.00      293.10      984.44      0
      4089     51.33          0.00      213.63      503.64      0
      4090     51.35          0.00      185.84      325.49      0
      4091     51.36          0.00      230.78      557.21      0
      4092     51.37          0.00      148.33      197.15      0
      4093     51.38          0.00      165.13      249.61      0
      4094     51.40          0.00      212.28      424.17      0
      4095     51.41          0.00      227.49      534.20      0
      4096     51.42          0.00      174.34      328.50      0
      4097     51.43          0.00      208.00      412.53      0
      4098     51.45          0.00      245.74      636.87      0
      4099     51.46          0.00      133.49      166.08      0
      4100     51.47          0.00      245.74      636.87      0
      4101     51.48          0.00      149.21      251.32      0
      4102     51.49          0.00      187.81      409.52      0
      4103     51.51          0.00      194.97      401.16      0
      4104     51.52          0.00      267.05      771.65      0
      4105     51.53          0.00      180.37      307.00      0
      4106     51.54          0.00      262.69      759.65      0
      4107     51.56          0.00      167.94      329.93      0
      4108     51.57          0.00      231.41      551.51      0
      4109     51.58          0.00      189.71      383.63      0
      4110     51.59          0.00      205.32      415.39      0
      4111     51.61          0.00      281.18      878.99      0
      4112     51.62          0.00      188.43      334.94      0
      4113     51.63          0.00      205.09      405.86      0
      4114     51.64          0.00      236.69      616.98      0
      4115     51.65          0.00      230.03      556.81      0
      4116     51.66          0.00      262.69      759.65      0
      4117     51.67          0.00      211.88      440.86      0
      4118     51.69          0.00      231.38      562.30      0
      4119     51.70          0.00      219.23      484.93      0
      4120     51.71          0.00      154.31      278.50      0
      4121     51.72          0.00      214.19      484.48      0
      4122     51.73          0.00      293.10      984.44      0
      4123     51.75          0.00      149.79      257.92      0
      4124     51.76          0.00      261.55      760.93      0
      4125     51.77          0.00      262.69      759.65      0
      4126     51.78          0.00      134.76      174.04      0
      4127     51.79          0.00      162.84      319.09      0
      4128     51.80          0.00      225.15      569.62      0
      4129     51.82          0.00      200.97      398.09      0
      4130     51.83          0.00      195.71      403.95      0
      4131     51.84          0.00      212.28      424.17      0
      4132     51.85          0.00      187.31      326.32      0
      4133     51.87          0.00      150.16      278.38      0
      4134     51.88          0.00      231.15      566.55      0
      4135     51.89          0.00      146.31      169.04      0
      4136     51.90          0.00      175.68      263.85      0
      4137     51.92          0.00      188.66      330.46      0
      4138     51.93          0.00      293.10      984.44      0
      4139     51.94          0.00      193.59      436.15      0
      4140     51.95          0.00      267.05      771.65      0
      4141     51.96          0.00      201.72      422.58      0
      4142     51.97          0.00      134.74      231.34      0
      4143     51.99          0.00      164.06      259.93      0
      4144     52.00          0.00      145.72      157.91      0
      4145     52.01          0.00      214.22      445.43      0
      4146     52.03          0.00      261.57      748.79      0
      4147     52.04          0.00      165.53      270.93      0
      4148     52.05          0.00      236.69      616.98      0
      4149     52.06          0.00      197.09      375.03      0
      4150     52.08          0.00      255.13      678.11      0
      4151     52.09          0.00      230.78      557.21      0
      4152     52.10          0.00      230.75      568.63      0
      4153     52.11          0.00      165.13      327.64      0
      4154     52.12          0.00      247.78      626.70      0
      4155     52.13          0.00      185.51      310.35      0
      4156     52.15          0.00      267.05      771.65      0
      4157     52.16          0.00      176.47      267.75      0
      4158     52.17          0.00      149.48      187.50      0
      4159     52.18          0.00      219.23      484.93      0
      4160     52.20          0.00      169.69      277.55      0
      4161     52.21          0.00      235.53      562.06      0
      4162     52.22          0.00      273.83      820.23      0
      4163     52.23          0.00      170.63      318.23      0
      4164     52.25          0.00      230.03      556.81      0
      4165     52.26          0.00      243.08      607.39      0
      4166     52.27          0.00      261.55      760.93      0
      4167     52.28          0.00      262.30      761.33      0
      4168     52.29          0.00      255.13      678.11      0
      4169     52.30          0.00      190.34      389.47      0
      4170     52.32          0.00      144.44      225.72      0
      4171     52.33          0.00      168.82      333.67      0
      4172     52.34          0.00      281.18      878.99      0
      4173     52.35          0.00      262.69      759.65      0
      4174     52.36          0.00      147.62      218.42      0
      4175     52.38          0.00      150.94      207.69      0
      4176     52.39          0.00      216.24      456.80      0
      4177     52.40          0.00      212.28      424.17      0
      4178     52.41          0.00      236.65      572.92      0
      4179     52.43          0.00      226.13      527.05      0
      4180     52.44          0.00      151.94      218.69      0
      4181     52.45          0.00      243.03      616.38      0
      4182     52.46          0.00      212.63      441.26      0
      4183     52.47          0.00      155.06      208.63      0
      4184     52.49          0.00      136.43      170.49      0
      4185     52.50          0.00      212.28      434.30      0
      4186     52.51          0.00      231.90      566.95      0
      4187     52.53          0.00      169.25      248.00      0
      4188     52.54          0.00      231.15      566.55      0
      4189     52.55          0.00      293.10      984.44      0
      4190     52.56          0.00      121.02      107.43      0
      4191     52.58          0.00      176.09      327.60      0
      4192     52.59          0.00      243.03      616.38      0
      4193     52.60          0.00      198.38      411.25      0
      4194     52.62          0.00      150.36      297.95      0
      4195     52.63          0.00      194.75      405.64      0
      4196     52.64          0.00      206.28      441.86      0
      4197     52.65          0.00      164.06      317.25      0
      4198     52.66          0.00      192.88      417.01      0
      4199     52.68          0.00      262.69      759.65      0
      4200     52.69          0.00      170.49      263.47      0
      4201     52.70          0.00      262.69      759.65      0
      4202     52.71          0.00      206.07      402.01      0
      4203     52.72          0.00      273.83      820.23      0
      4204     52.73          0.00      196.46      380.96      0
      4205     52.75          0.00      262.93      755.63      0
      4206     52.76          0.00      236.69      616.98      0
      4207     52.77          0.00      219.26      497.79      0
      4208     52.78          0.00      175.53      298.11      0
      4209     52.79          0.00      196.46      380.96      0
      4210     52.81          0.00      216.24      448.51      0
      4211     52.82          0.00      255.94      761.93      0
      4212     52.83          0.00      181.16      287.28      0
      4213     52.84          0.00      204.72      402.00      0
      4214     52.85          0.00      175.49      299.21      0
      4215     52.87          0.00      144.59      257.92      0
      4216     52.88          0.00      145.95      144.72      0
      4217     52.89          0.00      220.50      540.50      0
      4218     52.90          0.00      281.18      878.99      0
      4219     52.92          0.00      231.41      551.51      0
      4220     52.93          0.00      169.72      311.73      0
      4221     52.94          0.00      218.83      487.01      0
      4222     52.95          0.00      226.85      539.90      0
      4223     52.96          0.00      243.66      610.68      0
      4224     52.98          0.00      155.31      248.56      0
      4225     52.99          0.00      155.29      168.29      0
      4226     53.00          0.00      273.83      820.23      0
      4227     53.01          0.00      243.44      614.70      0
      4228     53.03          0.00      220.21      499.91      0
      4229     53.04          0.00      168.69      271.00      0
      4230     53.05          0.00      181.94      325.86      0
      4231     53.07          0.00      185.44      320.04      0
      4232     53.08          0.00      182.54      398.98      0
      4233     53.09          0.00      250.38      667.80      0
      4234     53.10          0.00      293.10      984.44      0
      4235     53.11          0.00      215.57      486.72      0
      4236     53.13          0.00      236.69      616.98      0
      4237     53.14          0.00      214.94      485.23      0
      4238     53.15          0.00      214.19      460.72      0
      4239     53.16          0.00      123.16      163.43      0
      4240     53.18          0.00      188.66      330.46      0
      4241     53.19          0.00      171.03      262.27      0
      4242     53.21          0.00      231.15      566.55      0
      4243     53.22          0.00      121.02      107.43      0
      4244     53.23          0.00      163.46      260.08      0
      4245     53.25          0.00      188.69      341.79      0
      4246     53.26          0.00      261.57      748.79      0
      4247     53.27          0.00      193.41      409.52      0
      4248     53.28          0.00      255.94      761.93      0
      4249     53.29          0.00      183.79      310.85      0
      4250     53.31          0.00      226.10      539.50      0
      4251     53.32          0.00      144.21      188.41      0
      4252     53.33          0.00      227.49      534.74      0
      4253     53.34          0.00      158.16      280.72      0
      4254     53.35          0.00      174.76      383.66      0
      4255     53.37          0.00      273.83      820.23      0
      4256     53.38          0.00      250.78      666.12      0
      4257     53.39          0.00      281.18      878.99      0
      4258     53.40          0.00      225.78      563.29      0
      4259     53.41          0.00      217.03      451.09      0
      4260     53.43          0.00      146.31      239.96      0
      4261     53.44          0.00      193.59      408.47      0
      4262     53.45          0.00      214.22      477.40      0
      4263     53.46          0.00      242.28      615.98      0
      4264     53.47          0.00      167.97      273.32      0
      4265     53.49          0.00      242.31      612.40      0
      4266     53.50          0.00      195.97      361.60      0
      4267     53.51          0.00      150.06      279.75      0
      4268     53.53          0.00      281.18      878.99      0
      4269     53.54          0.00      236.69      616.98      0
      4270     53.55          0.00      169.91      230.57      0
      4271     53.56          0.00      267.05      771.65      0
      4272     53.57          0.00      213.26      467.19      0
      4273     53.58          0.00      181.72      379.74      0
      4274     53.59          0.00      262.30      761.56      0
      4275     53.60          0.00      293.10      984.44      0
      4276     53.61          0.00      218.83      487.01      0
      4277     53.63          0.00      200.97      398.09      0
      4278     53.64          0.00      188.69      321.60      0
      4279     53.65          0.00      273.83      820.23      0
      4280     53.66          0.00      162.91      263.51      0
      4281     53.68          0.00      136.66      218.81      0
      4282     53.69          0.00      205.93      434.89      0
      4283     53.70          0.00      192.78      352.64      0
      4284     53.71          0.00      225.54      567.55      0
      4285     53.72          0.00      181.72      291.66      0
      4286     53.74          0.00      212.34      469.90      0
      4287     53.75          0.00      165.56      327.13      0
      4288     53.76          0.00      255.94      761.93      0
      4289     53.77          0.00      162.64      265.99      0
      4290     53.78          0.00      171.03      266.93      0
      4291     53.80          0.00      201.72      422.58      0
      4292     53.81          0.00      188.96      383.98      0
      4293     53.82          0.00      181.12      326.48      0
      4294     53.83          0.00      170.63      242.07      0
      4295     53.85          0.00      250.78      666.12      0
      4296     53.86          0.00      201.00      388.42      0
      4297     53.87          0.00      261.55      760.93      0
      4298     53.88          0.00      180.96      327.67      0
      4299     53.89          0.00      247.78      645.22      0
      4300     53.90          0.00      196.46      404.70      0
      4301     53.92          0.00      193.59      408.47      0
      4302     53.93          0.00      227.25      538.22      0
      4303     53.94          0.00      232.53      561.02      0
      4304     53.95          0.00      235.53      562.06      0
      4305     53.96          0.00      225.15      569.62      0
      4306     53.97          0.00      194.59      395.02      0
      4307     53.99          0.00      236.69      616.98      0
      4308     54.00          0.00      194.46      379.81      0
      4309     54.01          0.00      227.25      538.22      0
      4310     54.02          0.00      151.78      153.22      0
      4311     54.04          0.00      200.60      409.69      0
      4312     54.05          0.00      128.38      230.63      0
      4313     54.06          0.00      200.97      421.83      0
      4314     54.07          0.00      134.24      205.82      0
      4315     54.09          0.00      182.51      277.07      0
      4316     54.10          0.00      261.57      748.79      0
      4317     54.11          0.00      144.24      297.43      0
      4318     54.12          0.00      126.41      212.70      0
      4319     54.14          0.00      219.26      473.91      0
      4320     54.15          0.00      267.05      771.65      0
      4321     54.16          0.00      156.06      197.24      0
      4322     54.17          0.00      208.00      412.53      0
      4323     54.19          0.00      235.53      562.06      0
      4324     54.20          0.00      261.57      748.79      0
      4325     54.21          0.00      225.15      569.62      0
      4326     54.22          0.00      226.85      539.90      0
      4327     54.23          0.00      179.09      322.40      0
      4328     54.24          0.00      199.22      396.03      0
      4329     54.26          0.00      211.56      420.13      0
      4330     54.27          0.00      219.69      459.20      0
      4331     54.28          0.00      205.09      419.87      0
      4332     54.29          0.00      170.21      279.48      0
      4333     54.30          0.00      273.83      820.23      0
      4334     54.32          0.00      194.25      390.69      0
      4335     54.33          0.00      257.65      727.56      0
      4336     54.34          0.00      293.10      984.44      0
      4337     54.35          0.00      225.78      563.29      0
      4338     54.36          0.00      262.69      759.65      0
      4339     54.37          0.00      231.15      566.55      0
      4340     54.38          0.00      224.73      502.47      0
      4341     54.40          0.00      165.56      327.13      0
      4342     54.41          0.00      261.55      760.93      0
      4343     54.42          0.00      236.25      574.60      0
      4344     54.43          0.00      257.65      727.56      0
      4345     54.44          0.00      236.65      572.92      0
      4346     54.46          0.00      262.93      755.63      0
      4347     54.47          0.00      181.94      335.06      0
      4348     54.48          0.00      123.79      164.04      0
      4349     54.49          0.00      244.03      668.39      0
      4350     54.50          0.00      151.74      271.71      0
      4351     54.52          0.00      200.97      421.83      0
      4352     54.53          0.00      227.49      534.20      0
      4353     54.54          0.00      128.01      169.52      0
      4354     54.55          0.00      215.34      486.03      0
      4355     54.56          0.00      236.25      574.60      0
      4356     54.58          0.00      158.00      269.54      0
      4357     54.59          0.00      293.10      984.44      0
      4358     54.60          0.00      227.25      538.22      0
      4359     54.61          0.00      155.03      225.90      0
      4360     54.62          0.00      148.69      266.86      0
      4361     54.64          0.00      293.10      984.44      0
      4362     54.64          0.00      236.25      574.60      0
      4363     54.66          0.00      226.10      539.50      0
      4364     54.67          0.00      158.78      274.51      0
      4365     54.68          0.00      171.03      319.02      0
      4366     54.69          0.00      245.74      634.03      0
      4367     54.70          0.00      225.78      563.29      0
      4368     54.72          0.00      190.34      377.30      0
      4369     54.73          0.00      139.53      241.22      0
      4370     54.74          0.00      157.44      243.92      0
      4371     54.75          0.00      131.91      230.93      0
      4372     54.77          0.00      257.65      727.56      0
      4373     54.78          0.00      224.43      557.81      0
      4374     54.79          0.00      158.19      325.35      0
      4375     54.80          0.00      225.15      569.62      0
      4376     54.81          0.00      293.10      984.44      0
      4377     54.82          0.00      235.50      574.20      0
      4378     54.83          0.00      157.97      183.88      0
      4379     54.84          0.00      128.41      157.99      0
      4380     54.86          0.00      195.94      376.85      0
      4381     54.87          0.00      226.13      523.44      0
      4382     54.88          0.00      214.22      477.40      0
      4383     54.89          0.00      223.58      492.58      0
      4384     54.90          0.00      273.83      820.23      0
      4385     54.92          0.00      217.38      490.29      0
      4386     54.93          0.00      267.05      771.65      0
      4387     54.94          0.00      168.53      235.87      0
      4388     54.95          0.00      245.74      634.03      0
      4389     54.96          0.00      177.82      317.42      0
      4390     54.98          0.00      273.83      820.23      0
      4391     54.99          0.00      262.93      755.63      0
      4392     55.00          0.00      262.69      759.65      0
      4393     55.01          0.00      255.94      761.93      0
      4394     55.02          0.00      225.54      567.55      0
      4395     55.03          0.00      242.31      603.84      0
      4396     55.04          0.00      161.66      285.84      0
      4397     55.06          0.00      250.38      667.80      0
      4398     55.07          0.00      247.78      645.22      0
      4399     55.08          0.00      262.30      761.33      0
      4400     55.09          0.00      193.59      408.47      0
      4401     55.10          0.00      158.16      258.94      0
      4402     55.12          0.00      132.76      140.41      0
      4403     55.13          0.00      162.94      236.86      0
      4404     55.14          0.00      257.65      727.56      0
      4405     55.15          0.00      218.11      475.19      0
      4406     55.17          0.00      207.64      400.59      0
      4407     55.18          0.00      250.78      666.12      0
      4408     55.19          0.00      145.36      183.26      0
      4409     55.20          0.00      224.40      571.00      0
      4410     55.22          0.00      164.91      277.84      0
      4411     55.23          0.00      187.58      361.70      0
      4412     55.24          0.00      192.81      338.00      0
      4413     55.26          0.00      217.38      447.23      0
      4414     55.27          0.00      206.47      400.33      0
      4415     55.28          0.00      231.15      566.55      0
      4416     55.29          0.00      212.68      422.49      0
      4417     55.30          0.00      230.75      568.63      0
      4418     55.31          0.00      170.41      246.32      0
      4419     55.33          0.00      199.22      415.90      0
      4420     55.34          0.00      293.10      984.44      0
      4421     55.35          0.00      257.65      727.56      0
      4422     55.36          0.00      236.65      572.92      0
      4423     55.37          0.00      262.69      759.65      0
      4424     55.38          0.00      205.88      443.94      0
      4425     55.40          0.00      245.74      636.87      0
      4426     55.41          0.00      207.64      393.24      0
      4427     55.42          0.00      133.88      214.75      0
      4428     55.44          0.00      236.25      574.60      0
      4429     55.45          0.00      262.93      755.63      0
      4430     55.46          0.00      163.01      361.04      0
      4431     55.47          0.00      220.50      540.50      0
      4432     55.48          0.00      183.79      329.56      0
      4433     55.50          0.00      225.15      569.62      0
      4434     55.51          0.00      206.28      441.86      0
      4435     55.52          0.00      211.91      429.84      0
      4436     55.53          0.00      162.07      267.39      0
      4437     55.54          0.00      225.54      567.55      0
      4438     55.56          0.00      174.37      299.15      0
      4439     55.57          0.00      175.76      301.39      0
      4440     55.58          0.00      174.32      323.55      0
      4441     55.60          0.00      225.78      563.29      0
      4442     55.61          0.00      119.76      139.33      0
      4443     55.62          0.00      281.18      878.99      0
      4444     55.63          0.00      212.68      432.62      0
      4445     55.65          0.00      187.18      347.35      0
      4446     55.66          0.00      281.18      879.39      0
      4447     55.67          0.00      243.03      616.38      0
      4448     55.68          0.00      155.06      365.71      0
      4449     55.69          0.00      242.31      612.40      0
      4450     55.70          0.00      293.10      984.44      0
      4451     55.71          0.00      293.10      984.84      0
      4452     55.72          0.00      200.97      398.09      0
      4453     55.74          0.00      193.62      397.02      0
      4454     55.75          0.00      227.25      538.22      0
      4455     55.76          0.00      261.55      760.93      0
      4456     55.77          0.00      206.28      466.92      0
      4457     55.78          0.00      261.57      748.79      0
      4458     55.79          0.00      181.34      283.67      0
      4459     55.80          0.00      137.38      189.27      0
      4460     55.82          0.00      245.74      634.03      0
      4461     55.83          0.00      293.10      984.44      0
      4462     55.84          0.00      243.66      613.88      0
      4463     55.85          0.00      242.31      612.40      0
      4464     55.86          0.00      167.94      285.36      0
      4465     55.88          0.00      184.72      396.05      0
      4466     55.89          0.00      187.81      332.90      0
      4467     55.90          0.00      236.69      616.98      0
      4468     55.91          0.00      261.57      748.79      0
      4469     55.92          0.00      150.00      203.15      0
      4470     55.94          0.00      127.03      230.76      0
      4471     55.95          0.00      243.66      613.88      0
      4472     55.96          0.00      182.83      335.94      0
      4473     55.98          0.00      199.22      396.03      0
      4474     55.99          0.00      131.91      183.76      0
      4475     56.01          0.00      236.25      574.60      0
      4476     56.02          0.00      129.13      174.95      0
      4477     56.03          0.00      232.53      561.02      0
      4478     56.04          0.00      142.86      227.31      0
      4479     56.06          0.00      255.94      761.93      0
      4480     56.07          0.00      154.31      268.28      0
      4481     56.08          0.00      232.12      562.70      0
      4482     56.09          0.00      159.53      274.67      0
      4483     56.11          0.00      179.84      343.09      0
      4484     56.12          0.00      212.68      443.02      0
      4485     56.13          0.00      204.69      407.94      0
      4486     56.14          0.00      150.59      179.92      0
      4487     56.16          0.00      162.91      250.37      0
      4488     56.17          0.00      262.30      761.33      0
      4489     56.18          0.00      231.60      540.83      0
      4490     56.20          0.00      262.93      755.63      0
      4491     56.21          0.00      236.88      568.89      0
      4492     56.22          0.00      220.61      500.71      0
      4493     56.23          0.00      170.41      318.00      0
      4494     56.24          0.00      293.10      984.44      0
      4495     56.25          0.00      225.15      569.62      0
      4496     56.26          0.00      174.76      313.58      0
      4497     56.28          0.00      164.06      246.91      0
      4498     56.29          0.00      166.28      271.68      0
      4499     56.30          0.00      193.62      397.02      0
      4500     56.32          0.00      243.66      613.88      0
      4501     56.33          0.00      218.86      496.99      0
      4502     56.34          0.00      181.12      307.75      0
      4503     56.35          0.00      218.86      496.99      0
      4504     56.37          0.00      249.63      667.40      0
      4505     56.38          0.00      176.71      258.37      0
      4506     56.39          0.00      257.65      727.56      0
      4507     56.40          0.00      197.09      401.56      0
      4508     56.41          0.00      177.04      333.14      0
      4509     56.43          0.00      235.53      562.06      0
      4510     56.44          0.00      217.03      481.52      0
      4511     56.45          0.00      262.93      755.63      0
      4512     56.46          0.00      230.75      568.63      0
      4513     56.48          0.00      231.15      566.55      0
      4514     56.49          0.00      150.96      219.46      0
      4515     56.50          0.00      281.18      878.99      0
      4516     56.51          0.00      231.18      555.53      0
      4517     56.53          0.00      198.34      423.45      0
      4518     56.54          0.00      199.22      396.03      0
      4519     56.55          0.00      138.93      183.86      0
      4520     56.57          0.00      152.66      280.11      0
      4521     56.58          0.00      211.51      431.52      0
      4522     56.59          0.00      235.53      562.06      0
      4523     56.61          0.00      293.10      984.44      0
      4524     56.62          0.00      199.72      402.61      0
      4525     56.63          0.00      137.81      216.38      0
      4526     56.64          0.00      255.13      689.29      0
      4527     56.66          0.00      224.96      487.27      0
      4528     56.67          0.00      153.96      203.40      0
      4529     56.68          0.00      273.83      820.23      0
      4530     56.69          0.00      196.46      380.96      0
      4531     56.71          0.00      249.63      667.40      0
      4532     56.72          0.00      184.72      396.05      0
      4533     56.73          0.00      161.66      364.96      0
      4534     56.74          0.00      223.58      492.58      0
      4535     56.75          0.00      262.69      759.65      0
      4536     56.77          0.00      168.82      288.83      0
      4537     56.78          0.00      151.94      361.04      0
      4538     56.79          0.00      220.21      481.08      0
      4539     56.80          0.00      143.44      266.73      0
      4540     56.82          0.00      180.01      289.07      0
      4541     56.83          0.00      230.75      568.63      0
      4542     56.84          0.00      126.64      232.15      0
      4543     56.85          0.00      224.33      518.87      0
      4544     56.86          0.00      262.93      755.63      0
      4545     56.87          0.00      163.85      276.48      0
      4546     56.89          0.00      293.10      984.44      0
      4547     56.90          0.00      210.63      449.50      0
      4548     56.91          0.00      195.97      361.60      0
      4549     56.92          0.00      236.88      568.89      0
      4550     56.93          0.00      224.33      492.98      0
      4551     56.94          0.00      231.15      566.55      0
      4552     56.96          0.00      151.91      277.43      0
      4553     56.97          0.00      236.65      572.92      0
      4554     56.98          0.00      212.28      424.17      0
      4555     56.99          0.00      140.68      205.47      0
      4556     57.01          0.00      152.37      273.75      0
      4557     57.02          0.00      193.18      361.70      0
      4558     57.03          0.00      175.72      317.88      0
      4559     57.05          0.00      188.43      354.01      0
      4560     57.06          0.00      185.84      317.96      0
      4561     57.07          0.00      208.59      458.88      0
      4562     57.09          0.00      211.53      441.47      0
      4563     57.10          0.00      226.85      539.90      0
      4564     57.11          0.00      261.55      760.93      0
      4565     57.12          0.00      171.03      257.00      0
      4566     57.13          0.00      249.63      667.40      0
      4567     57.14          0.00      244.03      668.39      0
      4568     57.16          0.00      213.86      499.16      0
      4569     57.17          0.00      193.59      408.47      0
      4570     57.18          0.00      243.03      616.38      0
      4571     57.19          0.00      201.21      399.41      0
      4572     57.21          0.00      185.87      326.98      0
      4573     57.22          0.00      235.50      574.20      0
      4574     57.23          0.00      273.83      820.23      0
      4575     57.24          0.00      224.96      498.45      0
      4576     57.25          0.00      126.74      190.77      0
      4577     57.27          0.00      200.34      404.65      0
      4578     57.28          0.00      293.10      984.44      0
      4579     57.29          0.00      181.16      305.31      0
      4580     57.30          0.00      194.59      366.90      0
      4581     57.32          0.00      236.69      616.98      0
      4582     57.33          0.00      178.19      334.25      0
      4583     57.34          0.00      186.59      395.35      0
      4584     57.35          0.00      158.72      274.50      0
      4585     57.37          0.00      293.10      984.44      0
      4586     57.37          0.00      214.22      445.43      0
      4587     57.39          0.00      220.50      540.50      0
      4588     57.40          0.00      206.51      465.64      0
      4589     57.41          0.00      257.65      727.56      0
      4590     57.42          0.00      230.78      557.21      0
      4591     57.43          0.00      225.78      563.29      0
      4592     57.44          0.00      206.28      441.86      0
      4593     57.46          0.00      154.54      365.19      0
      4594     57.47          0.00      205.35      413.49      0
      4595     57.48          0.00      213.26      435.33      0
      4596     57.49          0.00      218.11      475.19      0
      4597     57.51          0.00      199.09      408.94      0
      4598     57.52          0.00      194.03      394.94      0
      4599     57.53          0.00      201.44      373.51      0
      4600     57.54          0.00      194.22      425.41      0
      4601     57.56          0.00      231.60      540.83      0
      4602     57.57          0.00      186.59      299.83      0
      4603     57.58          0.00      156.26      279.54      0
      4604     57.59          0.00      157.41      283.27      0
      4605     57.61          0.00      138.97      166.72      0
      4606     57.62          0.00      189.52      337.94      0
      4607     57.64          0.00      162.07      287.02      0
      4608     57.65          0.00      220.21      481.08      0
      4609     57.66          0.00      232.53      561.02      0
      4610     57.67          0.00      162.38      362.02      0
      4611     57.68          0.00      144.12      218.55      0
      4612     57.70          0.00      125.23      190.88      0
      4613     57.71          0.00      158.59      262.87      0
      4614     57.72          0.00      171.03      319.02      0
      4615     57.74          0.00      224.33      492.98      0
      4616     57.75          0.00      200.57      400.17      0
      4617     57.76          0.00      257.65      727.56      0
      4618     57.77          0.00      203.97      396.12      0
      4619     57.78          0.00      200.38      394.35      0
      4620     57.80          0.00      181.75      325.26      0
      4621     57.81          0.00      262.69      759.65      0
      4622     57.82          0.00      225.78      563.29      0
      4623     57.83          0.00      162.07      287.02      0
      4624     57.84          0.00      262.30      761.33      0
      4625     57.85          0.00      281.18      878.99      0
      4626     57.87          0.00      194.03      394.94      0
      4627     57.88          0.00      236.88      568.89      0
      4628     57.89          0.00      273.83      820.23      0
      4629     57.90          0.00      186.63      335.30      0
      4630     57.91          0.00      218.86      476.80      0
      4631     57.93          0.00      293.10      984.44      0
      4632     57.94          0.00      225.15      569.62      0
      4633     57.95          0.00      145.31      202.93      0
      4634     57.96          0.00      146.90      267.79      0
      4635     57.98          0.00      167.94      296.38      0
      4636     57.99          0.00      137.18      219.81      0
      4637     58.00          0.00      229.90      575.19      0
      4638     58.01          0.00      180.37      287.52      0
      4639     58.02          0.00      158.49      272.46      0
      4640     58.04          0.00      204.72      396.52      0
      4641     58.05          0.00      196.69      376.70      0
      4642     58.07          0.00      243.44      614.70      0
      4643     58.08          0.00      293.10      984.44      0
      4644     58.09          0.00      242.31      612.40      0
      4645     58.10          0.00      195.97      362.13      0
      4646     58.11          0.00      179.12      325.43      0
      4647     58.12          0.00      116.50      124.08      0
      4648     58.14          0.00      261.57      748.79      0
      4649     58.15          0.00      208.00      456.65      0
      4650     58.16          0.00      226.85      539.90      0
      4651     58.17          0.00      213.23      506.12      0
      4652     58.18          0.00      156.06      222.57      0
      4653     58.20          0.00      156.91      214.84      0
      4654     58.21          0.00      236.69      616.98      0
      4655     58.22          0.00      178.19      337.45      0
      4656     58.24          0.00      257.65      727.56      0
      4657     58.25          0.00      146.28      240.47      0
      4658     58.26          0.00      267.05      771.65      0
      4659     58.27          0.00      242.28      615.98      0
      4660     58.28          0.00      187.18      363.78      0
      4661     58.30          0.00      267.05      771.65      0
      4662     58.31          0.00      195.34      367.30      0
      4663     58.32          0.00      166.82      323.55      0
      4664     58.33          0.00      257.65      727.56      0
      4665     58.34          0.00      195.31      382.64      0
      4666     58.36          0.00      218.86      476.80      0
      4667     58.37          0.00      224.43      557.81      0
      4668     58.38          0.00      293.10      984.44      0
      4669     58.39          0.00      176.47      290.14      0
      4670     58.40          0.00      155.11      271.74      0
      4671     58.41          0.00      181.09      323.49      0
      4672     58.43          0.00      262.69      759.65      0
      4673     58.44          0.00      255.94      761.93      0
      4674     58.45          0.00      200.06      378.81      0
      4675     58.46          0.00      213.23      488.00      0
      4676     58.47          0.00      218.86      496.99      0
      4677     58.49          0.00      216.24      488.74      0
      4678     58.50          0.00      151.71      161.48      0
      4679     58.51          0.00      169.91      314.73      0
      4680     58.52          0.00      224.40      571.00      0
      4681     58.54          0.00      188.69      339.23      0
      4682     58.55          0.00      261.57      748.79      0
      4683     58.56          0.00      194.56      359.00      0
      4684     58.57          0.00      159.94      271.24      0
      4685     58.58          0.00      219.49      498.48      0
      4686     58.60          0.00      214.94      485.23      0
      4687     58.61          0.00      211.88      440.86      0
      4688     58.62          0.00      189.71      406.43      0
      4689     58.63          0.00      236.25      574.60      0
      4690     58.64          0.00      194.22      401.51      0
      4691     58.65          0.00      251.01      662.10      0
      4692     58.67          0.00      144.21      231.90      0
      4693     58.68          0.00      193.41      343.08      0
      4694     58.69          0.00      176.07      311.13      0
      4695     58.71          0.00      174.76      383.66      0
      4696     58.72          0.00      188.17      391.90      0
      4697     58.73          0.00      224.96      487.27      0
      4698     58.74          0.00      225.15      569.62      0
      4699     58.75          0.00      144.40      253.92      0
      4700     58.77          0.00      219.23      484.93      0
      4701     58.78          0.00      183.42      388.79      0
      4702     58.79          0.00      200.06      378.81      0
      4703     58.80          0.00      162.91      268.39      0
      4704     58.82          0.00      212.28      442.22      0
      4705     58.83          0.00      206.84      424.00      0
      4706     58.84          0.00      250.78      666.12      0
      4707     58.86          0.00      190.34      377.84      0
      4708     58.87          0.00      146.24      230.65      0
      4709     58.88          0.00      255.94      761.93      0
      4710     58.89          0.00      205.12      394.84      0
      4711     58.91          0.00      231.18      555.53      0
      4712     58.92          0.00      108.69      111.84      0
      4713     58.93          0.00      192.78      352.64      0
      4714     58.95          0.00      224.43      557.81      0
      4715     58.96          0.00      182.11      338.89      0
      4716     58.97          0.00      164.94      326.10      0
      4717     58.98          0.00      293.10      984.44      0
      4718     58.99          0.00      185.17      396.21      0
      4719     59.00          0.00      230.78      557.21      0
      4720     59.01          0.00      224.40      569.98      0
      4721     59.03          0.00      158.59      325.35      0
      4722     59.04          0.00      231.15      566.55      0
      4723     59.05          0.00      236.65      572.92      0
      4724     59.06          0.00      189.09      342.59      0
      4725     59.07          0.00      208.00      456.65      0
      4726     59.08          0.00      212.91      443.71      0
      4727     59.10          0.00      261.57      748.79      0
      4728     59.11          0.00      205.16      432.12      0
      4729     59.12          0.00      210.63      449.50      0
      4730     59.13          0.00      230.75      568.63      0
      4731     59.14          0.00      213.26      440.80      0
      4732     59.16          0.00      262.69      759.65      0
      4733     59.16          0.00      250.78      666.12      0
      4734     59.18          0.00      232.12      562.70      0
      4735     59.19          0.00      218.86      475.59      0
      4736     59.20          0.00      225.15      569.62      0
      4737     59.21          0.00      281.18      878.99      0
      4738     59.22          0.00      190.34      377.30      0
      4739     59.23          0.00      212.63      467.67      0
      4740     59.24          0.00      173.62      384.41      0
      4741     59.26          0.00      255.94      761.93      0
      4742     59.27          0.00      137.15      247.40      0
      4743     59.28          0.00      199.22      396.03      0
      4744     59.29          0.00      262.30      766.93      0
      4745     59.30          0.00      180.82      292.18      0
      4746     59.31          0.00      205.93      441.47      0
      4747     59.33          0.00      192.78      352.64      0
      4748     59.34          0.00      205.84      406.26      0
      4749     59.35          0.00      205.35      390.82      0
      4750     59.36          0.00      262.69      759.65      0
      4751     59.37          0.00      257.65      727.56      0
      4752     59.38          0.00      267.05      771.65      0
      4753     59.39          0.00      230.78      557.21      0
      4754     59.41          0.00      212.63      467.67      0
      4755     59.42          0.00      198.34      409.29      0
      4756     59.43          0.00      119.31      149.61      0
      4757     59.44          0.00      137.18      225.08      0
      4758     59.46          0.00      185.48      367.71      0
      4759     59.47          0.00      175.32      269.02      0
      4760     59.48          0.00      150.19      273.29      0
      4761     59.50          0.00      210.76      431.12      0
      4762     59.51          0.00      231.38      562.30      0
      4763     59.52          0.00      185.87      288.41      0
      4764     59.53          0.00      235.50      574.20      0
      4765     59.55          0.00      133.88      166.48      0
      4766     59.56          0.00      144.16      261.85      0
      4767     59.57          0.00      164.19      325.35      0
      4768     59.58          0.00      125.46      183.24      0
      4769     59.60          0.00      213.23      488.00      0
      4770     59.61          0.00      168.69      295.28      0
      4771     59.62          0.00      220.61      479.40      0
      4772     59.63          0.00      184.77      325.83      0
      4773     59.65          0.00      230.78      557.21      0
      4774     59.66          0.00      231.18      555.53      0
      4775     59.67          0.00      255.94      761.93      0
      4776     59.68          0.00      176.47      303.30      0
      4777     59.69          0.00      184.05      327.47      0
      4778     59.71          0.00      236.65      572.92      0
      4779     59.72          0.00      158.16      285.60      0
      4780     59.73          0.00      232.12      562.70      0
      4781     59.74          0.00      205.93      424.76      0
      4782     59.76          0.00      230.78      557.21      0
      4783     59.77          0.00      200.97      398.09      0
      4784     59.78          0.00      255.13      689.29      0
      4785     59.79          0.00      199.22      396.03      0
      4786     59.81          0.00      231.60      540.83      0
      4787     59.82          0.00      229.90      575.19      0
      4788     59.83          0.00      262.30      761.33      0
      4789     59.84          0.00      236.69      616.98      0
      4790     59.85          0.00      155.31      270.60      0
      4791     59.87          0.00      214.19      484.48      0
      4792     59.88          0.00      205.35      390.82      0
      4793     59.89          0.00      127.17      183.56      0
      4794     59.91          0.00      205.16      432.12      0
      4795     59.92          0.00      262.30      761.33      0
      4796     59.93          0.00      188.99      367.89      0
      4797     59.94          0.00      205.35      390.82      0
      4798     59.96          0.00      219.98      485.33      0
      4799     59.97          0.00      225.15      569.62      0
      4800     59.98          0.00      142.78      168.98      0
      4801     59.99          0.00      207.59      455.85      0
  ------------------------------------------------------------
