========================================================================
  ConstructiveHeuristic — unknown
========================================================================
  alpha=0.4  time_limit=60s  seed=None  min_sep=10.0
  weights: makespan=0.1  delay=1.0  movements=10

  Instance: 20 aircraft  5 positions  3 blocking arcs
  Blocking arcs: P3→P4  P3→P5  P4→P5

────────────────────────────────────────────────────────────────────────
  Best construction detail  (iter 196  obj=250.6070)
────────────────────────────────────────────────────────────────────────
Blocking arcs: P3→P4  P3→P5  P4→P5

Aircraft initial ranking (target_finish ASC, total_duration ASC):
  Rank   ID       earliest     target    duration
  ----------------------------------------------
  [ 0]  R12          8.13      26.68        5.78
  [ 1]  R16         13.56      33.59        6.63
  [ 2]  R18         21.73      36.67        8.07
  [ 3]  R19         24.49      40.61        9.19
  [ 4]  R20         23.48      41.03        9.78
  [ 5]  R1           0.00      44.30       18.30
  [ 6]  R2           0.00      45.31       15.20
  [ 7]  R6           1.33      48.84       17.28
  [ 8]  R4           0.00      50.96       16.65
  [ 9]  R7           1.21      51.55       13.93
  [10]  R9           5.74      52.76       12.59
  [11]  R8           3.72      55.02       15.47
  [12]  R13         12.70      58.93       21.38
  [13]  R10          6.71      60.59       11.87
  [14]  R15         14.34      60.60       13.77
  [15]  R14         11.68      65.28       21.00
  [16]  R5           0.00      66.94       21.24
  [17]  R3           0.00      69.01       24.82
  [18]  R11         11.01      72.99       29.10
  [19]  R17         18.00      75.72       22.10

========================================================================
  STEP 1/20
========================================================================

  Pair evaluation  (100 pairs):
    Rank   ID      Pos     t_start   t_finish    delay      gap   blocking      score    weight     P(%)   cum(%)
    ---------------------------------------------------------------------------------------------------------
    [ 0]  R12     P1         8.13      13.91     0.00     0.00       none       1.39    1.0000   40.00%   40.00%
    [ 1]  R12     P2         8.13      13.91     0.00     0.00       none       1.39    0.6000   24.00%   64.00%
    [ 2]  R12     P3         8.13      13.91     0.00     0.00       none       1.39    0.3600   14.40%   78.40%
    [ 3]  R12     P4         8.13      13.91     0.00     0.00       none       1.39    0.2160    8.64%   87.04%
    [ 4]  R12     P5         8.13      13.91     0.00     0.00       none       1.39    0.1296    5.18%   92.22%
    [ 5]  R7      P1         1.21      15.14     0.00     0.00       none       1.51    0.0778    3.11%   95.33%
    [ 6]  R7      P2         1.21      15.14     0.00     0.00       none       1.51    0.0467    1.87%   97.20%
    [ 7]  R7      P3         1.21      15.14     0.00     0.00       none       1.51    0.0280    1.12%   98.32%
    [ 8]  R7      P4         1.21      15.14     0.00     0.00       none       1.51    0.0168    0.67%   98.99%
    [ 9]  R7      P5         1.21      15.14     0.00     0.00       none       1.51    0.0101    0.40%   99.40%
    [10]  R2      P1         0.00      15.20     0.00     0.00       none       1.52    0.0060    0.24%   99.64%
    [11]  R2      P2         0.00      15.20     0.00     0.00       none       1.52    0.0036    0.15%   99.78%
    [12]  R2      P3         0.00      15.20     0.00     0.00       none       1.52    0.0022    0.09%   99.87%
    [13]  R2      P4         0.00      15.20     0.00     0.00       none       1.52    0.0013    0.05%   99.92%
    [14]  R2      P5         0.00      15.20     0.00     0.00       none       1.52    0.0008    0.03%   99.95%
    [15]  R4      P1         0.00      16.65     0.00     0.00       none       1.67    0.0005    0.02%   99.97%
    [16]  R4      P2         0.00      16.65     0.00     0.00       none       1.67    0.0003    0.01%   99.98%
    [17]  R4      P3         0.00      16.65     0.00     0.00       none       1.67    0.0002    0.01%   99.99%
    [18]  R4      P4         0.00      16.65     0.00     0.00       none       1.67    0.0001    0.00%   99.99%
    [19]  R4      P5         0.00      16.65     0.00     0.00       none       1.67    0.0001    0.00%  100.00%
    [20]  R1      P1         0.00      18.30     0.00     0.00       none       1.83    0.0000    0.00%  100.00%
    [21]  R1      P2         0.00      18.30     0.00     0.00       none       1.83    0.0000    0.00%  100.00%
    [22]  R1      P3         0.00      18.30     0.00     0.00       none       1.83    0.0000    0.00%  100.00%
    [23]  R1      P4         0.00      18.30     0.00     0.00       none       1.83    0.0000    0.00%  100.00%
    [24]  R1      P5         0.00      18.30     0.00     0.00       none       1.83    0.0000    0.00%  100.00%
    [25]  R9      P1         5.74      18.33     0.00     0.00       none       1.83    0.0000    0.00%  100.00%
    [26]  R9      P2         5.74      18.33     0.00     0.00       none       1.83    0.0000    0.00%  100.00%
    [27]  R9      P3         5.74      18.33     0.00     0.00       none       1.83    0.0000    0.00%  100.00%
    [28]  R9      P4         5.74      18.33     0.00     0.00       none       1.83    0.0000    0.00%  100.00%
    [29]  R9      P5         5.74      18.33     0.00     0.00       none       1.83    0.0000    0.00%  100.00%
    [30]  R10     P1         6.71      18.58     0.00     0.00       none       1.86    0.0000    0.00%  100.00%
    [31]  R10     P2         6.71      18.58     0.00     0.00       none       1.86    0.0000    0.00%  100.00%
    [32]  R10     P3         6.71      18.58     0.00     0.00       none       1.86    0.0000    0.00%  100.00%
    [33]  R10     P4         6.71      18.58     0.00     0.00       none       1.86    0.0000    0.00%  100.00%
    [34]  R10     P5         6.71      18.58     0.00     0.00       none       1.86    0.0000    0.00%  100.00%
    [35]  R6      P1         1.33      18.61     0.00     0.00       none       1.86    0.0000    0.00%  100.00%
    [36]  R6      P2         1.33      18.61     0.00     0.00       none       1.86    0.0000    0.00%  100.00%
    [37]  R6      P3         1.33      18.61     0.00     0.00       none       1.86    0.0000    0.00%  100.00%
    [38]  R6      P4         1.33      18.61     0.00     0.00       none       1.86    0.0000    0.00%  100.00%
    [39]  R6      P5         1.33      18.61     0.00     0.00       none       1.86    0.0000    0.00%  100.00%
    [40]  R8      P1         3.72      19.19     0.00     0.00       none       1.92    0.0000    0.00%  100.00%
    [41]  R8      P2         3.72      19.19     0.00     0.00       none       1.92    0.0000    0.00%  100.00%
    [42]  R8      P3         3.72      19.19     0.00     0.00       none       1.92    0.0000    0.00%  100.00%
    [43]  R8      P4         3.72      19.19     0.00     0.00       none       1.92    0.0000    0.00%  100.00%
    [44]  R8      P5         3.72      19.19     0.00     0.00       none       1.92    0.0000    0.00%  100.00%
    [45]  R16     P1        13.56      20.19     0.00     0.00       none       2.02    0.0000    0.00%  100.00%
    [46]  R16     P2        13.56      20.19     0.00     0.00       none       2.02    0.0000    0.00%  100.00%
    [47]  R16     P3        13.56      20.19     0.00     0.00       none       2.02    0.0000    0.00%  100.00%
    [48]  R16     P4        13.56      20.19     0.00     0.00       none       2.02    0.0000    0.00%  100.00%
    [49]  R16     P5        13.56      20.19     0.00     0.00       none       2.02    0.0000    0.00%  100.00%
    [50]  R5      P1         0.00      21.24     0.00     0.00       none       2.12    0.0000    0.00%  100.00%
    [51]  R5      P2         0.00      21.24     0.00     0.00       none       2.12    0.0000    0.00%  100.00%
    [52]  R5      P3         0.00      21.24     0.00     0.00       none       2.12    0.0000    0.00%  100.00%
    [53]  R5      P4         0.00      21.24     0.00     0.00       none       2.12    0.0000    0.00%  100.00%
    [54]  R5      P5         0.00      21.24     0.00     0.00       none       2.12    0.0000    0.00%  100.00%
    [55]  R3      P1         0.00      24.82     0.00     0.00       none       2.48    0.0000    0.00%  100.00%
    [56]  R3      P2         0.00      24.82     0.00     0.00       none       2.48    0.0000    0.00%  100.00%
    [57]  R3      P3         0.00      24.82     0.00     0.00       none       2.48    0.0000    0.00%  100.00%
    [58]  R3      P4         0.00      24.82     0.00     0.00       none       2.48    0.0000    0.00%  100.00%
    [59]  R3      P5         0.00      24.82     0.00     0.00       none       2.48    0.0000    0.00%  100.00%
    [60]  R15     P1        14.34      28.11     0.00     0.00       none       2.81    0.0000    0.00%  100.00%
    [61]  R15     P2        14.34      28.11     0.00     0.00       none       2.81    0.0000    0.00%  100.00%
    [62]  R15     P3        14.34      28.11     0.00     0.00       none       2.81    0.0000    0.00%  100.00%
    [63]  R15     P4        14.34      28.11     0.00     0.00       none       2.81    0.0000    0.00%  100.00%
    [64]  R15     P5        14.34      28.11     0.00     0.00       none       2.81    0.0000    0.00%  100.00%
    [65]  R18     P1        21.73      29.80     0.00     0.00       none       2.98    0.0000    0.00%  100.00%
    [66]  R18     P2        21.73      29.80     0.00     0.00       none       2.98    0.0000    0.00%  100.00%
    [67]  R18     P3        21.73      29.80     0.00     0.00       none       2.98    0.0000    0.00%  100.00%
    [68]  R18     P4        21.73      29.80     0.00     0.00       none       2.98    0.0000    0.00%  100.00%
    [69]  R18     P5        21.73      29.80     0.00     0.00       none       2.98    0.0000    0.00%  100.00%
    [70]  R14     P1        11.68      32.68     0.00     0.00       none       3.27    0.0000    0.00%  100.00%
    [71]  R14     P2        11.68      32.68     0.00     0.00       none       3.27    0.0000    0.00%  100.00%
    [72]  R14     P3        11.68      32.68     0.00     0.00       none       3.27    0.0000    0.00%  100.00%
    [73]  R14     P4        11.68      32.68     0.00     0.00       none       3.27    0.0000    0.00%  100.00%
    [74]  R14     P5        11.68      32.68     0.00     0.00       none       3.27    0.0000    0.00%  100.00%
    [75]  R20     P1        23.48      33.26     0.00     0.00       none       3.33    0.0000    0.00%  100.00%
    [76]  R20     P2        23.48      33.26     0.00     0.00       none       3.33    0.0000    0.00%  100.00%
    [77]  R20     P3        23.48      33.26     0.00     0.00       none       3.33    0.0000    0.00%  100.00%
    [78]  R20     P4        23.48      33.26     0.00     0.00       none       3.33    0.0000    0.00%  100.00%
    [79]  R20     P5        23.48      33.26     0.00     0.00       none       3.33    0.0000    0.00%  100.00%
    [80]  R19     P1        24.49      33.68     0.00     0.00       none       3.37    0.0000    0.00%  100.00%
    [81]  R19     P2        24.49      33.68     0.00     0.00       none       3.37    0.0000    0.00%  100.00%
    [82]  R19     P3        24.49      33.68     0.00     0.00       none       3.37    0.0000    0.00%  100.00%
    [83]  R19     P4        24.49      33.68     0.00     0.00       none       3.37    0.0000    0.00%  100.00%
    [84]  R19     P5        24.49      33.68     0.00     0.00       none       3.37    0.0000    0.00%  100.00%
    [85]  R13     P1        12.70      34.08     0.00     0.00       none       3.41    0.0000    0.00%  100.00%
    [86]  R13     P2        12.70      34.08     0.00     0.00       none       3.41    0.0000    0.00%  100.00%
    [87]  R13     P3        12.70      34.08     0.00     0.00       none       3.41    0.0000    0.00%  100.00%
    [88]  R13     P4        12.70      34.08     0.00     0.00       none       3.41    0.0000    0.00%  100.00%
    [89]  R13     P5        12.70      34.08     0.00     0.00       none       3.41    0.0000    0.00%  100.00%
    [90]  R17     P1        18.00      40.11     0.00     0.00       none       4.01    0.0000    0.00%  100.00%
    [91]  R17     P2        18.00      40.11     0.00     0.00       none       4.01    0.0000    0.00%  100.00%
    [92]  R17     P3        18.00      40.11     0.00     0.00       none       4.01    0.0000    0.00%  100.00%
    [93]  R17     P4        18.00      40.11     0.00     0.00       none       4.01    0.0000    0.00%  100.00%
    [94]  R17     P5        18.00      40.11     0.00     0.00       none       4.01    0.0000    0.00%  100.00%
    [95]  R11     P1        11.01      40.11     0.00     0.00       none       4.01    0.0000    0.00%  100.00%
    [96]  R11     P2        11.01      40.11     0.00     0.00       none       4.01    0.0000    0.00%  100.00%
    [97]  R11     P3        11.01      40.11     0.00     0.00       none       4.01    0.0000    0.00%  100.00%
    [98]  R11     P4        11.01      40.11     0.00     0.00       none       4.01    0.0000    0.00%  100.00%
    [99]  R11     P5        11.01      40.11     0.00     0.00       none       4.01    0.0000    0.00%  100.00%
    draw=0.4572  →  (R12, P1) (rank 0) selected

  Assignment: R12 → P1  [8.13 → 13.91]  delay=0.00
    J12-1      [8.13 → 13.91]

  Assigned so far:
    ID      Pos       start    finish    delay
    ----------------------------------------
    R12     P1         8.13     13.91     0.00

========================================================================
  STEP 2/20
========================================================================

  Pair evaluation  (95 pairs):
    Rank   ID      Pos     t_start   t_finish    delay      gap   blocking      score    weight     P(%)   cum(%)
    ---------------------------------------------------------------------------------------------------------
    [ 0]  R7      P2         1.21      15.14     0.00     0.00       none       1.51    1.0000   40.00%   40.00%
    [ 1]  R7      P3         1.21      15.14     0.00     0.00       none       1.51    0.6000   24.00%   64.00%
    [ 2]  R7      P4         1.21      15.14     0.00     0.00       none       1.51    0.3600   14.40%   78.40%
    [ 3]  R7      P5         1.21      15.14     0.00     0.00       none       1.51    0.2160    8.64%   87.04%
    [ 4]  R2      P2         0.00      15.20     0.00     0.00       none       1.52    0.1296    5.18%   92.22%
    [ 5]  R2      P3         0.00      15.20     0.00     0.00       none       1.52    0.0778    3.11%   95.33%
    [ 6]  R2      P4         0.00      15.20     0.00     0.00       none       1.52    0.0467    1.87%   97.20%
    [ 7]  R2      P5         0.00      15.20     0.00     0.00       none       1.52    0.0280    1.12%   98.32%
    [ 8]  R4      P2         0.00      16.65     0.00     0.00       none       1.67    0.0168    0.67%   98.99%
    [ 9]  R4      P3         0.00      16.65     0.00     0.00       none       1.67    0.0101    0.40%   99.40%
    [10]  R4      P4         0.00      16.65     0.00     0.00       none       1.67    0.0060    0.24%   99.64%
    [11]  R4      P5         0.00      16.65     0.00     0.00       none       1.67    0.0036    0.15%   99.78%
    [12]  R1      P2         0.00      18.30     0.00     0.00       none       1.83    0.0022    0.09%   99.87%
    [13]  R1      P3         0.00      18.30     0.00     0.00       none       1.83    0.0013    0.05%   99.92%
    [14]  R1      P4         0.00      18.30     0.00     0.00       none       1.83    0.0008    0.03%   99.95%
    [15]  R1      P5         0.00      18.30     0.00     0.00       none       1.83    0.0005    0.02%   99.97%
    [16]  R9      P2         5.74      18.33     0.00     0.00       none       1.83    0.0003    0.01%   99.98%
    [17]  R9      P3         5.74      18.33     0.00     0.00       none       1.83    0.0002    0.01%   99.99%
    [18]  R9      P4         5.74      18.33     0.00     0.00       none       1.83    0.0001    0.00%   99.99%
    [19]  R9      P5         5.74      18.33     0.00     0.00       none       1.83    0.0001    0.00%  100.00%
    [20]  R10     P2         6.71      18.58     0.00     0.00       none       1.86    0.0000    0.00%  100.00%
    [21]  R10     P3         6.71      18.58     0.00     0.00       none       1.86    0.0000    0.00%  100.00%
    [22]  R10     P4         6.71      18.58     0.00     0.00       none       1.86    0.0000    0.00%  100.00%
    [23]  R10     P5         6.71      18.58     0.00     0.00       none       1.86    0.0000    0.00%  100.00%
    [24]  R6      P2         1.33      18.61     0.00     0.00       none       1.86    0.0000    0.00%  100.00%
    [25]  R6      P3         1.33      18.61     0.00     0.00       none       1.86    0.0000    0.00%  100.00%
    [26]  R6      P4         1.33      18.61     0.00     0.00       none       1.86    0.0000    0.00%  100.00%
    [27]  R6      P5         1.33      18.61     0.00     0.00       none       1.86    0.0000    0.00%  100.00%
    [28]  R8      P2         3.72      19.19     0.00     0.00       none       1.92    0.0000    0.00%  100.00%
    [29]  R8      P3         3.72      19.19     0.00     0.00       none       1.92    0.0000    0.00%  100.00%
    [30]  R8      P4         3.72      19.19     0.00     0.00       none       1.92    0.0000    0.00%  100.00%
    [31]  R8      P5         3.72      19.19     0.00     0.00       none       1.92    0.0000    0.00%  100.00%
    [32]  R16     P2        13.56      20.19     0.00     0.00       none       2.02    0.0000    0.00%  100.00%
    [33]  R16     P3        13.56      20.19     0.00     0.00       none       2.02    0.0000    0.00%  100.00%
    [34]  R16     P4        13.56      20.19     0.00     0.00       none       2.02    0.0000    0.00%  100.00%
    [35]  R16     P5        13.56      20.19     0.00     0.00       none       2.02    0.0000    0.00%  100.00%
    [36]  R5      P2         0.00      21.24     0.00     0.00       none       2.12    0.0000    0.00%  100.00%
    [37]  R5      P3         0.00      21.24     0.00     0.00       none       2.12    0.0000    0.00%  100.00%
    [38]  R5      P4         0.00      21.24     0.00     0.00       none       2.12    0.0000    0.00%  100.00%
    [39]  R5      P5         0.00      21.24     0.00     0.00       none       2.12    0.0000    0.00%  100.00%
    [40]  R3      P2         0.00      24.82     0.00     0.00       none       2.48    0.0000    0.00%  100.00%
    [41]  R3      P3         0.00      24.82     0.00     0.00       none       2.48    0.0000    0.00%  100.00%
    [42]  R3      P4         0.00      24.82     0.00     0.00       none       2.48    0.0000    0.00%  100.00%
    [43]  R3      P5         0.00      24.82     0.00     0.00       none       2.48    0.0000    0.00%  100.00%
    [44]  R15     P2        14.34      28.11     0.00     0.00       none       2.81    0.0000    0.00%  100.00%
    [45]  R15     P3        14.34      28.11     0.00     0.00       none       2.81    0.0000    0.00%  100.00%
    [46]  R15     P4        14.34      28.11     0.00     0.00       none       2.81    0.0000    0.00%  100.00%
    [47]  R15     P5        14.34      28.11     0.00     0.00       none       2.81    0.0000    0.00%  100.00%
    [48]  R18     P2        21.73      29.80     0.00     0.00       none       2.98    0.0000    0.00%  100.00%
    [49]  R18     P3        21.73      29.80     0.00     0.00       none       2.98    0.0000    0.00%  100.00%
    [50]  R18     P4        21.73      29.80     0.00     0.00       none       2.98    0.0000    0.00%  100.00%
    [51]  R18     P5        21.73      29.80     0.00     0.00       none       2.98    0.0000    0.00%  100.00%
    [52]  R14     P2        11.68      32.68     0.00     0.00       none       3.27    0.0000    0.00%  100.00%
    [53]  R14     P3        11.68      32.68     0.00     0.00       none       3.27    0.0000    0.00%  100.00%
    [54]  R14     P4        11.68      32.68     0.00     0.00       none       3.27    0.0000    0.00%  100.00%
    [55]  R14     P5        11.68      32.68     0.00     0.00       none       3.27    0.0000    0.00%  100.00%
    [56]  R20     P2        23.48      33.26     0.00     0.00       none       3.33    0.0000    0.00%  100.00%
    [57]  R20     P3        23.48      33.26     0.00     0.00       none       3.33    0.0000    0.00%  100.00%
    [58]  R20     P4        23.48      33.26     0.00     0.00       none       3.33    0.0000    0.00%  100.00%
    [59]  R20     P5        23.48      33.26     0.00     0.00       none       3.33    0.0000    0.00%  100.00%
    [60]  R19     P2        24.49      33.68     0.00     0.00       none       3.37    0.0000    0.00%  100.00%
    [61]  R19     P3        24.49      33.68     0.00     0.00       none       3.37    0.0000    0.00%  100.00%
    [62]  R19     P4        24.49      33.68     0.00     0.00       none       3.37    0.0000    0.00%  100.00%
    [63]  R19     P5        24.49      33.68     0.00     0.00       none       3.37    0.0000    0.00%  100.00%
    [64]  R13     P2        12.70      34.08     0.00     0.00       none       3.41    0.0000    0.00%  100.00%
    [65]  R13     P3        12.70      34.08     0.00     0.00       none       3.41    0.0000    0.00%  100.00%
    [66]  R13     P4        12.70      34.08     0.00     0.00       none       3.41    0.0000    0.00%  100.00%
    [67]  R13     P5        12.70      34.08     0.00     0.00       none       3.41    0.0000    0.00%  100.00%
    [68]  R17     P2        18.00      40.11     0.00     0.00       none       4.01    0.0000    0.00%  100.00%
    [69]  R17     P3        18.00      40.11     0.00     0.00       none       4.01    0.0000    0.00%  100.00%
    [70]  R17     P4        18.00      40.11     0.00     0.00       none       4.01    0.0000    0.00%  100.00%
    [71]  R17     P5        18.00      40.11     0.00     0.00       none       4.01    0.0000    0.00%  100.00%
    [72]  R11     P2        11.01      40.11     0.00     0.00       none       4.01    0.0000    0.00%  100.00%
    [73]  R11     P3        11.01      40.11     0.00     0.00       none       4.01    0.0000    0.00%  100.00%
    [74]  R11     P4        11.01      40.11     0.00     0.00       none       4.01    0.0000    0.00%  100.00%
    [75]  R11     P5        11.01      40.11     0.00     0.00       none       4.01    0.0000    0.00%  100.00%
    [76]  R16     P1        23.91      30.54     0.00    10.00       none       4.05    0.0000    0.00%  100.00%
    [77]  R18     P1        23.91      31.98     0.00    10.00       none       4.20    0.0000    0.00%  100.00%
    [78]  R20     P1        23.91      33.70     0.00    10.00       none       4.37    0.0000    0.00%  100.00%
    [79]  R19     P1        24.49      33.68     0.00    10.58       none       4.43    0.0000    0.00%  100.00%
    [80]  R10     P1        23.91      35.78     0.00    10.00       none       4.58    0.0000    0.00%  100.00%
    [81]  R9      P1        23.91      36.50     0.00    10.00       none       4.65    0.0000    0.00%  100.00%
    [82]  R15     P1        23.91      37.69     0.00    10.00       none       4.77    0.0000    0.00%  100.00%
    [83]  R7      P1        23.91      37.84     0.00    10.00       none       4.78    0.0000    0.00%  100.00%
    [84]  R2      P1        23.91      39.11     0.00    10.00       none       4.91    0.0000    0.00%  100.00%
    [85]  R8      P1        23.91      39.38     0.00    10.00       none       4.94    0.0000    0.00%  100.00%
    [86]  R4      P1        23.91      40.56     0.00    10.00       none       5.06    0.0000    0.00%  100.00%
    [87]  R6      P1        23.91      41.20     0.00    10.00       none       5.12    0.0000    0.00%  100.00%
    [88]  R1      P1        23.91      42.22     0.00    10.00       none       5.22    0.0000    0.00%  100.00%
    [89]  R14     P1        23.91      44.91     0.00    10.00       none       5.49    0.0000    0.00%  100.00%
    [90]  R5      P1        23.91      45.16     0.00    10.00       none       5.52    0.0000    0.00%  100.00%
    [91]  R13     P1        23.91      45.30     0.00    10.00       none       5.53    0.0000    0.00%  100.00%
    [92]  R17     P1        23.91      46.02     0.00    10.00       none       5.60    0.0000    0.00%  100.00%
    [93]  R3      P1        23.91      48.73     0.00    10.00       none       5.87    0.0000    0.00%  100.00%
    [94]  R11     P1        23.91      53.02     0.00    10.00       none       6.30    0.0000    0.00%  100.00%
    draw=1.9709  →  (R7, P5) (rank 3) selected

  Assignment: R7 → P5  [1.21 → 15.14]  delay=0.00
    J7-1       [1.21 → 7.65]
    J7-2       [7.65 → 15.14]

  Assigned so far:
    ID      Pos       start    finish    delay
    ----------------------------------------
    R12     P1         8.13     13.91     0.00
    R7      P5         1.21     15.14     0.00

========================================================================
  STEP 3/20
========================================================================

  Pair evaluation  (90 pairs):
    Rank   ID      Pos     t_start   t_finish    delay      gap   blocking      score    weight     P(%)   cum(%)
    ---------------------------------------------------------------------------------------------------------
    [ 0]  R2      P2         0.00      15.20     0.00     0.00       none       1.52    1.0000   40.00%   40.00%
    [ 1]  R4      P2         0.00      16.65     0.00     0.00       none       1.67    0.6000   24.00%   64.00%
    [ 2]  R1      P2         0.00      18.30     0.00     0.00       none       1.83    0.3600   14.40%   78.40%
    [ 3]  R9      P2         5.74      18.33     0.00     0.00       none       1.83    0.2160    8.64%   87.04%
    [ 4]  R10     P2         6.71      18.58     0.00     0.00       none       1.86    0.1296    5.18%   92.22%
    [ 5]  R6      P2         1.33      18.61     0.00     0.00       none       1.86    0.0778    3.11%   95.33%
    [ 6]  R8      P2         3.72      19.19     0.00     0.00       none       1.92    0.0467    1.87%   97.20%
    [ 7]  R16     P2        13.56      20.19     0.00     0.00       none       2.02    0.0280    1.12%   98.32%
    [ 8]  R5      P2         0.00      21.24     0.00     0.00       none       2.12    0.0168    0.67%   98.99%
    [ 9]  R16     P3        15.14      21.77     0.00     0.00       none       2.18    0.0101    0.40%   99.40%
    [10]  R16     P4        15.14      21.77     0.00     0.00       none       2.18    0.0060    0.24%   99.64%
    [11]  R3      P2         0.00      24.82     0.00     0.00       none       2.48    0.0036    0.15%   99.78%
    [12]  R10     P3        15.14      27.01     0.00     0.00       none       2.70    0.0022    0.09%   99.87%
    [13]  R10     P4        15.14      27.01     0.00     0.00       none       2.70    0.0013    0.05%   99.92%
    [14]  R9      P3        15.14      27.73     0.00     0.00       none       2.77    0.0008    0.03%   99.95%
    [15]  R9      P4        15.14      27.73     0.00     0.00       none       2.77    0.0005    0.02%   99.97%
    [16]  R15     P2        14.34      28.11     0.00     0.00       none       2.81    0.0003    0.01%   99.98%
    [17]  R15     P3        15.14      28.91     0.00     0.00       none       2.89    0.0002    0.01%   99.99%
    [18]  R15     P4        15.14      28.91     0.00     0.00       none       2.89    0.0001    0.00%   99.99%
    [19]  R18     P2        21.73      29.80     0.00     0.00       none       2.98    0.0001    0.00%  100.00%
    [20]  R18     P3        21.73      29.80     0.00     0.00       none       2.98    0.0000    0.00%  100.00%
    [21]  R18     P4        21.73      29.80     0.00     0.00       none       2.98    0.0000    0.00%  100.00%
    [22]  R2      P3        15.14      30.34     0.00     0.00       none       3.03    0.0000    0.00%  100.00%
    [23]  R2      P4        15.14      30.34     0.00     0.00       none       3.03    0.0000    0.00%  100.00%
    [24]  R8      P3        15.14      30.61     0.00     0.00       none       3.06    0.0000    0.00%  100.00%
    [25]  R8      P4        15.14      30.61     0.00     0.00       none       3.06    0.0000    0.00%  100.00%
    [26]  R4      P3        15.14      31.79     0.00     0.00       none       3.18    0.0000    0.00%  100.00%
    [27]  R4      P4        15.14      31.79     0.00     0.00       none       3.18    0.0000    0.00%  100.00%
    [28]  R6      P3        15.14      32.42     0.00     0.00       none       3.24    0.0000    0.00%  100.00%
    [29]  R6      P4        15.14      32.42     0.00     0.00       none       3.24    0.0000    0.00%  100.00%
    [30]  R14     P2        11.68      32.68     0.00     0.00       none       3.27    0.0000    0.00%  100.00%
    [31]  R20     P2        23.48      33.26     0.00     0.00       none       3.33    0.0000    0.00%  100.00%
    [32]  R20     P3        23.48      33.26     0.00     0.00       none       3.33    0.0000    0.00%  100.00%
    [33]  R20     P4        23.48      33.26     0.00     0.00       none       3.33    0.0000    0.00%  100.00%
    [34]  R1      P3        15.14      33.44     0.00     0.00       none       3.34    0.0000    0.00%  100.00%
    [35]  R1      P4        15.14      33.44     0.00     0.00       none       3.34    0.0000    0.00%  100.00%
    [36]  R19     P2        24.49      33.68     0.00     0.00       none       3.37    0.0000    0.00%  100.00%
    [37]  R19     P3        24.49      33.68     0.00     0.00       none       3.37    0.0000    0.00%  100.00%
    [38]  R19     P4        24.49      33.68     0.00     0.00       none       3.37    0.0000    0.00%  100.00%
    [39]  R13     P2        12.70      34.08     0.00     0.00       none       3.41    0.0000    0.00%  100.00%
    [40]  R14     P3        15.14      36.14     0.00     0.00       none       3.61    0.0000    0.00%  100.00%
    [41]  R14     P4        15.14      36.14     0.00     0.00       none       3.61    0.0000    0.00%  100.00%
    [42]  R5      P3        15.14      36.38     0.00     0.00       none       3.64    0.0000    0.00%  100.00%
    [43]  R5      P4        15.14      36.38     0.00     0.00       none       3.64    0.0000    0.00%  100.00%
    [44]  R13     P3        15.14      36.52     0.00     0.00       none       3.65    0.0000    0.00%  100.00%
    [45]  R13     P4        15.14      36.52     0.00     0.00       none       3.65    0.0000    0.00%  100.00%
    [46]  R3      P3        15.14      39.96     0.00     0.00       none       4.00    0.0000    0.00%  100.00%
    [47]  R3      P4        15.14      39.96     0.00     0.00       none       4.00    0.0000    0.00%  100.00%
    [48]  R17     P2        18.00      40.11     0.00     0.00       none       4.01    0.0000    0.00%  100.00%
    [49]  R17     P3        18.00      40.11     0.00     0.00       none       4.01    0.0000    0.00%  100.00%
    [50]  R17     P4        18.00      40.11     0.00     0.00       none       4.01    0.0000    0.00%  100.00%
    [51]  R11     P2        11.01      40.11     0.00     0.00       none       4.01    0.0000    0.00%  100.00%
    [52]  R16     P1        23.91      30.54     0.00    10.00       none       4.05    0.0000    0.00%  100.00%
    [53]  R16     P5        25.14      31.77     0.00    10.00       none       4.18    0.0000    0.00%  100.00%
    [54]  R18     P1        23.91      31.98     0.00    10.00       none       4.20    0.0000    0.00%  100.00%
    [55]  R18     P5        25.14      33.21     0.00    10.00       none       4.32    0.0000    0.00%  100.00%
    [56]  R20     P1        23.91      33.70     0.00    10.00       none       4.37    0.0000    0.00%  100.00%
    [57]  R11     P3        15.14      44.24     0.00     0.00       none       4.42    0.0000    0.00%  100.00%
    [58]  R11     P4        15.14      44.24     0.00     0.00       none       4.42    0.0000    0.00%  100.00%
    [59]  R19     P1        24.49      33.68     0.00    10.58       none       4.43    0.0000    0.00%  100.00%
    [60]  R19     P5        25.14      34.33     0.00    10.00       none       4.43    0.0000    0.00%  100.00%
    [61]  R20     P5        25.14      34.92     0.00    10.00       none       4.49    0.0000    0.00%  100.00%
    [62]  R10     P1        23.91      35.78     0.00    10.00       none       4.58    0.0000    0.00%  100.00%
    [63]  R9      P1        23.91      36.50     0.00    10.00       none       4.65    0.0000    0.00%  100.00%
    [64]  R10     P5        25.14      37.01     0.00    10.00       none       4.70    0.0000    0.00%  100.00%
    [65]  R15     P1        23.91      37.69     0.00    10.00       none       4.77    0.0000    0.00%  100.00%
    [66]  R9      P5        25.14      37.73     0.00    10.00       none       4.77    0.0000    0.00%  100.00%
    [67]  R15     P5        25.14      38.91     0.00    10.00       none       4.89    0.0000    0.00%  100.00%
    [68]  R2      P1        23.91      39.11     0.00    10.00       none       4.91    0.0000    0.00%  100.00%
    [69]  R8      P1        23.91      39.38     0.00    10.00       none       4.94    0.0000    0.00%  100.00%
    [70]  R2      P5        25.14      40.34     0.00    10.00       none       5.03    0.0000    0.00%  100.00%
    [71]  R4      P1        23.91      40.56     0.00    10.00       none       5.06    0.0000    0.00%  100.00%
    [72]  R8      P5        25.14      40.61     0.00    10.00       none       5.06    0.0000    0.00%  100.00%
    [73]  R6      P1        23.91      41.20     0.00    10.00       none       5.12    0.0000    0.00%  100.00%
    [74]  R4      P5        25.14      41.79     0.00    10.00       none       5.18    0.0000    0.00%  100.00%
    [75]  R1      P1        23.91      42.22     0.00    10.00       none       5.22    0.0000    0.00%  100.00%
    [76]  R6      P5        25.14      42.42     0.00    10.00       none       5.24    0.0000    0.00%  100.00%
    [77]  R1      P5        25.14      43.44     0.00    10.00       none       5.34    0.0000    0.00%  100.00%
    [78]  R14     P1        23.91      44.91     0.00    10.00       none       5.49    0.0000    0.00%  100.00%
    [79]  R5      P1        23.91      45.16     0.00    10.00       none       5.52    0.0000    0.00%  100.00%
    [80]  R13     P1        23.91      45.30     0.00    10.00       none       5.53    0.0000    0.00%  100.00%
    [81]  R17     P1        23.91      46.02     0.00    10.00       none       5.60    0.0000    0.00%  100.00%
    [82]  R14     P5        25.14      46.14     0.00    10.00       none       5.61    0.0000    0.00%  100.00%
    [83]  R5      P5        25.14      46.38     0.00    10.00       none       5.64    0.0000    0.00%  100.00%
    [84]  R13     P5        25.14      46.52     0.00    10.00       none       5.65    0.0000    0.00%  100.00%
    [85]  R17     P5        25.14      47.24     0.00    10.00       none       5.72    0.0000    0.00%  100.00%
    [86]  R3      P1        23.91      48.73     0.00    10.00       none       5.87    0.0000    0.00%  100.00%
    [87]  R3      P5        25.14      49.96     0.00    10.00       none       6.00    0.0000    0.00%  100.00%
    [88]  R11     P1        23.91      53.02     0.00    10.00       none       6.30    0.0000    0.00%  100.00%
    [89]  R11     P5        25.14      54.24     0.00    10.00       none       6.42    0.0000    0.00%  100.00%
    draw=0.9067  →  (R2, P2) (rank 0) selected

  Assignment: R2 → P2  [0.00 → 15.20]  delay=0.00
    J2-1       [0.00 → 5.39]
    J2-2       [5.39 → 15.20]

  Assigned so far:
    ID      Pos       start    finish    delay
    ----------------------------------------
    R12     P1         8.13     13.91     0.00
    R7      P5         1.21     15.14     0.00
    R2      P2         0.00     15.20     0.00

========================================================================
  STEP 4/20
========================================================================

  Pair evaluation  (85 pairs):
    Rank   ID      Pos     t_start   t_finish    delay      gap   blocking      score    weight     P(%)   cum(%)
    ---------------------------------------------------------------------------------------------------------
    [ 0]  R16     P3        15.14      21.77     0.00     0.00       none       2.18    1.0000   40.00%   40.00%
    [ 1]  R16     P4        15.14      21.77     0.00     0.00       none       2.18    0.6000   24.00%   64.00%
    [ 2]  R10     P3        15.14      27.01     0.00     0.00       none       2.70    0.3600   14.40%   78.40%
    [ 3]  R10     P4        15.14      27.01     0.00     0.00       none       2.70    0.2160    8.64%   87.04%
    [ 4]  R9      P3        15.14      27.73     0.00     0.00       none       2.77    0.1296    5.18%   92.22%
    [ 5]  R9      P4        15.14      27.73     0.00     0.00       none       2.77    0.0778    3.11%   95.33%
    [ 6]  R15     P3        15.14      28.91     0.00     0.00       none       2.89    0.0467    1.87%   97.20%
    [ 7]  R15     P4        15.14      28.91     0.00     0.00       none       2.89    0.0280    1.12%   98.32%
    [ 8]  R18     P3        21.73      29.80     0.00     0.00       none       2.98    0.0168    0.67%   98.99%
    [ 9]  R18     P4        21.73      29.80     0.00     0.00       none       2.98    0.0101    0.40%   99.40%
    [10]  R8      P3        15.14      30.61     0.00     0.00       none       3.06    0.0060    0.24%   99.64%
    [11]  R8      P4        15.14      30.61     0.00     0.00       none       3.06    0.0036    0.15%   99.78%
    [12]  R4      P3        15.14      31.79     0.00     0.00       none       3.18    0.0022    0.09%   99.87%
    [13]  R4      P4        15.14      31.79     0.00     0.00       none       3.18    0.0013    0.05%   99.92%
    [14]  R6      P3        15.14      32.42     0.00     0.00       none       3.24    0.0008    0.03%   99.95%
    [15]  R6      P4        15.14      32.42     0.00     0.00       none       3.24    0.0005    0.02%   99.97%
    [16]  R20     P3        23.48      33.26     0.00     0.00       none       3.33    0.0003    0.01%   99.98%
    [17]  R20     P4        23.48      33.26     0.00     0.00       none       3.33    0.0002    0.01%   99.99%
    [18]  R1      P3        15.14      33.44     0.00     0.00       none       3.34    0.0001    0.00%   99.99%
    [19]  R1      P4        15.14      33.44     0.00     0.00       none       3.34    0.0001    0.00%  100.00%
    [20]  R19     P3        24.49      33.68     0.00     0.00       none       3.37    0.0000    0.00%  100.00%
    [21]  R19     P4        24.49      33.68     0.00     0.00       none       3.37    0.0000    0.00%  100.00%
    [22]  R14     P3        15.14      36.14     0.00     0.00       none       3.61    0.0000    0.00%  100.00%
    [23]  R14     P4        15.14      36.14     0.00     0.00       none       3.61    0.0000    0.00%  100.00%
    [24]  R5      P3        15.14      36.38     0.00     0.00       none       3.64    0.0000    0.00%  100.00%
    [25]  R5      P4        15.14      36.38     0.00     0.00       none       3.64    0.0000    0.00%  100.00%
    [26]  R13     P3        15.14      36.52     0.00     0.00       none       3.65    0.0000    0.00%  100.00%
    [27]  R13     P4        15.14      36.52     0.00     0.00       none       3.65    0.0000    0.00%  100.00%
    [28]  R3      P3        15.14      39.96     0.00     0.00       none       4.00    0.0000    0.00%  100.00%
    [29]  R3      P4        15.14      39.96     0.00     0.00       none       4.00    0.0000    0.00%  100.00%
    [30]  R17     P3        18.00      40.11     0.00     0.00       none       4.01    0.0000    0.00%  100.00%
    [31]  R17     P4        18.00      40.11     0.00     0.00       none       4.01    0.0000    0.00%  100.00%
    [32]  R16     P1        23.91      30.54     0.00    10.00       none       4.05    0.0000    0.00%  100.00%
    [33]  R16     P5        25.14      31.77     0.00    10.00       none       4.18    0.0000    0.00%  100.00%
    [34]  R16     P2        25.20      31.83     0.00    10.00       none       4.18    0.0000    0.00%  100.00%
    [35]  R18     P1        23.91      31.98     0.00    10.00       none       4.20    0.0000    0.00%  100.00%
    [36]  R18     P5        25.14      33.21     0.00    10.00       none       4.32    0.0000    0.00%  100.00%
    [37]  R18     P2        25.20      33.27     0.00    10.00       none       4.33    0.0000    0.00%  100.00%
    [38]  R20     P1        23.91      33.70     0.00    10.00       none       4.37    0.0000    0.00%  100.00%
    [39]  R11     P3        15.14      44.24     0.00     0.00       none       4.42    0.0000    0.00%  100.00%
    [40]  R11     P4        15.14      44.24     0.00     0.00       none       4.42    0.0000    0.00%  100.00%
    [41]  R19     P1        24.49      33.68     0.00    10.58       none       4.43    0.0000    0.00%  100.00%
    [42]  R19     P5        25.14      34.33     0.00    10.00       none       4.43    0.0000    0.00%  100.00%
    [43]  R19     P2        25.20      34.39     0.00    10.00       none       4.44    0.0000    0.00%  100.00%
    [44]  R20     P5        25.14      34.92     0.00    10.00       none       4.49    0.0000    0.00%  100.00%
    [45]  R20     P2        25.20      34.98     0.00    10.00       none       4.50    0.0000    0.00%  100.00%
    [46]  R10     P1        23.91      35.78     0.00    10.00       none       4.58    0.0000    0.00%  100.00%
    [47]  R9      P1        23.91      36.50     0.00    10.00       none       4.65    0.0000    0.00%  100.00%
    [48]  R10     P5        25.14      37.01     0.00    10.00       none       4.70    0.0000    0.00%  100.00%
    [49]  R10     P2        25.20      37.07     0.00    10.00       none       4.71    0.0000    0.00%  100.00%
    [50]  R15     P1        23.91      37.69     0.00    10.00       none       4.77    0.0000    0.00%  100.00%
    [51]  R9      P5        25.14      37.73     0.00    10.00       none       4.77    0.0000    0.00%  100.00%
    [52]  R9      P2        25.20      37.79     0.00    10.00       none       4.78    0.0000    0.00%  100.00%
    [53]  R15     P5        25.14      38.91     0.00    10.00       none       4.89    0.0000    0.00%  100.00%
    [54]  R15     P2        25.20      38.97     0.00    10.00       none       4.90    0.0000    0.00%  100.00%
    [55]  R8      P1        23.91      39.38     0.00    10.00       none       4.94    0.0000    0.00%  100.00%
    [56]  R4      P1        23.91      40.56     0.00    10.00       none       5.06    0.0000    0.00%  100.00%
    [57]  R8      P5        25.14      40.61     0.00    10.00       none       5.06    0.0000    0.00%  100.00%
    [58]  R8      P2        25.20      40.67     0.00    10.00       none       5.07    0.0000    0.00%  100.00%
    [59]  R6      P1        23.91      41.20     0.00    10.00       none       5.12    0.0000    0.00%  100.00%
    [60]  R4      P5        25.14      41.79     0.00    10.00       none       5.18    0.0000    0.00%  100.00%
    [61]  R4      P2        25.20      41.85     0.00    10.00       none       5.18    0.0000    0.00%  100.00%
    [62]  R1      P1        23.91      42.22     0.00    10.00       none       5.22    0.0000    0.00%  100.00%
    [63]  R6      P5        25.14      42.42     0.00    10.00       none       5.24    0.0000    0.00%  100.00%
    [64]  R6      P2        25.20      42.48     0.00    10.00       none       5.25    0.0000    0.00%  100.00%
    [65]  R1      P5        25.14      43.44     0.00    10.00       none       5.34    0.0000    0.00%  100.00%
    [66]  R1      P2        25.20      43.50     0.00    10.00       none       5.35    0.0000    0.00%  100.00%
    [67]  R14     P1        23.91      44.91     0.00    10.00       none       5.49    0.0000    0.00%  100.00%
    [68]  R5      P1        23.91      45.16     0.00    10.00       none       5.52    0.0000    0.00%  100.00%
    [69]  R13     P1        23.91      45.30     0.00    10.00       none       5.53    0.0000    0.00%  100.00%
    [70]  R17     P1        23.91      46.02     0.00    10.00       none       5.60    0.0000    0.00%  100.00%
    [71]  R14     P5        25.14      46.14     0.00    10.00       none       5.61    0.0000    0.00%  100.00%
    [72]  R14     P2        25.20      46.20     0.00    10.00       none       5.62    0.0000    0.00%  100.00%
    [73]  R5      P5        25.14      46.38     0.00    10.00       none       5.64    0.0000    0.00%  100.00%
    [74]  R5      P2        25.20      46.44     0.00    10.00       none       5.64    0.0000    0.00%  100.00%
    [75]  R13     P5        25.14      46.52     0.00    10.00       none       5.65    0.0000    0.00%  100.00%
    [76]  R13     P2        25.20      46.58     0.00    10.00       none       5.66    0.0000    0.00%  100.00%
    [77]  R17     P5        25.14      47.24     0.00    10.00       none       5.72    0.0000    0.00%  100.00%
    [78]  R17     P2        25.20      47.30     0.00    10.00       none       5.73    0.0000    0.00%  100.00%
    [79]  R3      P1        23.91      48.73     0.00    10.00       none       5.87    0.0000    0.00%  100.00%
    [80]  R3      P5        25.14      49.96     0.00    10.00       none       6.00    0.0000    0.00%  100.00%
    [81]  R3      P2        25.20      50.02     0.00    10.00       none       6.00    0.0000    0.00%  100.00%
    [82]  R11     P1        23.91      53.02     0.00    10.00       none       6.30    0.0000    0.00%  100.00%
    [83]  R11     P5        25.14      54.24     0.00    10.00       none       6.42    0.0000    0.00%  100.00%
    [84]  R11     P2        25.20      54.30     0.00    10.00       none       6.43    0.0000    0.00%  100.00%
    draw=1.4289  →  (R16, P4) (rank 1) selected
  start-time compare  R16 → P4:  t_imm=13.56 cost=42.02 (2 new movs)  vs  t_nob=15.14 cost=2.18

  Assignment: R16 → P4  [15.14 → 21.77]  delay=0.00
    J16-1      [15.14 → 21.77]

  Assigned so far:
    ID      Pos       start    finish    delay
    ----------------------------------------
    R12     P1         8.13     13.91     0.00
    R7      P5         1.21     15.14     0.00
    R2      P2         0.00     15.20     0.00
    R16     P4        15.14     21.77     0.00

========================================================================
  STEP 5/20
========================================================================

  Pair evaluation  (80 pairs):
    Rank   ID      Pos     t_start   t_finish    delay      gap   blocking      score    weight     P(%)   cum(%)
    ---------------------------------------------------------------------------------------------------------
    [ 0]  R18     P3        21.77      29.84     0.00     0.00       none       2.98    1.0000   40.00%   40.00%
    [ 1]  R20     P3        23.48      33.26     0.00     0.00       none       3.33    0.6000   24.00%   64.00%
    [ 2]  R10     P3        21.77      33.64     0.00     0.00       none       3.36    0.3600   14.40%   78.40%
    [ 3]  R19     P3        24.49      33.68     0.00     0.00       none       3.37    0.2160    8.64%   87.04%
    [ 4]  R9      P3        21.77      34.36     0.00     0.00       none       3.44    0.1296    5.18%   92.22%
    [ 5]  R15     P3        21.77      35.54     0.00     0.00       none       3.55    0.0778    3.11%   95.33%
    [ 6]  R8      P3        21.77      37.24     0.00     0.00       none       3.72    0.0467    1.87%   97.20%
    [ 7]  R4      P3        21.77      38.42     0.00     0.00       none       3.84    0.0280    1.12%   98.32%
    [ 8]  R6      P3        21.77      39.05     0.00     0.00       none       3.90    0.0168    0.67%   98.99%
    [ 9]  R1      P3        21.77      40.07     0.00     0.00       none       4.01    0.0101    0.40%   99.40%
    [10]  R18     P1        23.91      31.98     0.00    10.00       none       4.20    0.0060    0.24%   99.64%
    [11]  R14     P3        21.77      42.77     0.00     0.00       none       4.28    0.0036    0.15%   99.78%
    [12]  R5      P3        21.77      43.01     0.00     0.00       none       4.30    0.0022    0.09%   99.87%
    [13]  R13     P3        21.77      43.15     0.00     0.00       none       4.31    0.0013    0.05%   99.92%
    [14]  R18     P5        25.14      33.21     0.00    10.00       none       4.32    0.0008    0.03%   99.95%
    [15]  R18     P2        25.20      33.27     0.00    10.00       none       4.33    0.0005    0.02%   99.97%
    [16]  R20     P1        23.91      33.70     0.00    10.00       none       4.37    0.0003    0.01%   99.98%
    [17]  R17     P3        21.77      43.87     0.00     0.00       none       4.39    0.0002    0.01%   99.99%
    [18]  R19     P1        24.49      33.68     0.00    10.58       none       4.43    0.0001    0.00%   99.99%
    [19]  R19     P5        25.14      34.33     0.00    10.00       none       4.43    0.0001    0.00%  100.00%
    [20]  R19     P2        25.20      34.39     0.00    10.00       none       4.44    0.0000    0.00%  100.00%
    [21]  R20     P5        25.14      34.92     0.00    10.00       none       4.49    0.0000    0.00%  100.00%
    [22]  R20     P2        25.20      34.98     0.00    10.00       none       4.50    0.0000    0.00%  100.00%
    [23]  R10     P1        23.91      35.78     0.00    10.00       none       4.58    0.0000    0.00%  100.00%
    [24]  R9      P1        23.91      36.50     0.00    10.00       none       4.65    0.0000    0.00%  100.00%
    [25]  R3      P3        21.77      46.59     0.00     0.00       none       4.66    0.0000    0.00%  100.00%
    [26]  R10     P5        25.14      37.01     0.00    10.00       none       4.70    0.0000    0.00%  100.00%
    [27]  R10     P2        25.20      37.07     0.00    10.00       none       4.71    0.0000    0.00%  100.00%
    [28]  R15     P1        23.91      37.69     0.00    10.00       none       4.77    0.0000    0.00%  100.00%
    [29]  R9      P5        25.14      37.73     0.00    10.00       none       4.77    0.0000    0.00%  100.00%
    [30]  R9      P2        25.20      37.79     0.00    10.00       none       4.78    0.0000    0.00%  100.00%
    [31]  R15     P5        25.14      38.91     0.00    10.00       none       4.89    0.0000    0.00%  100.00%
    [32]  R15     P2        25.20      38.97     0.00    10.00       none       4.90    0.0000    0.00%  100.00%
    [33]  R8      P1        23.91      39.38     0.00    10.00       none       4.94    0.0000    0.00%  100.00%
    [34]  R4      P1        23.91      40.56     0.00    10.00       none       5.06    0.0000    0.00%  100.00%
    [35]  R8      P5        25.14      40.61     0.00    10.00       none       5.06    0.0000    0.00%  100.00%
    [36]  R8      P2        25.20      40.67     0.00    10.00       none       5.07    0.0000    0.00%  100.00%
    [37]  R11     P3        21.77      50.87     0.00     0.00       none       5.09    0.0000    0.00%  100.00%
    [38]  R6      P1        23.91      41.20     0.00    10.00       none       5.12    0.0000    0.00%  100.00%
    [39]  R4      P5        25.14      41.79     0.00    10.00       none       5.18    0.0000    0.00%  100.00%
    [40]  R4      P2        25.20      41.85     0.00    10.00       none       5.18    0.0000    0.00%  100.00%
    [41]  R1      P1        23.91      42.22     0.00    10.00       none       5.22    0.0000    0.00%  100.00%
    [42]  R6      P5        25.14      42.42     0.00    10.00       none       5.24    0.0000    0.00%  100.00%
    [43]  R6      P2        25.20      42.48     0.00    10.00       none       5.25    0.0000    0.00%  100.00%
    [44]  R1      P5        25.14      43.44     0.00    10.00       none       5.34    0.0000    0.00%  100.00%
    [45]  R1      P2        25.20      43.50     0.00    10.00       none       5.35    0.0000    0.00%  100.00%
    [46]  R10     P4        31.77      43.64     0.00    10.00       none       5.36    0.0000    0.00%  100.00%
    [47]  R9      P4        31.77      44.36     0.00    10.00       none       5.44    0.0000    0.00%  100.00%
    [48]  R19     P4        31.77      40.96     0.35    10.00       none       5.45    0.0000    0.00%  100.00%
    [49]  R14     P1        23.91      44.91     0.00    10.00       none       5.49    0.0000    0.00%  100.00%
    [50]  R5      P1        23.91      45.16     0.00    10.00       none       5.52    0.0000    0.00%  100.00%
    [51]  R13     P1        23.91      45.30     0.00    10.00       none       5.53    0.0000    0.00%  100.00%
    [52]  R15     P4        31.77      45.54     0.00    10.00       none       5.55    0.0000    0.00%  100.00%
    [53]  R17     P1        23.91      46.02     0.00    10.00       none       5.60    0.0000    0.00%  100.00%
    [54]  R14     P5        25.14      46.14     0.00    10.00       none       5.61    0.0000    0.00%  100.00%
    [55]  R14     P2        25.20      46.20     0.00    10.00       none       5.62    0.0000    0.00%  100.00%
    [56]  R5      P5        25.14      46.38     0.00    10.00       none       5.64    0.0000    0.00%  100.00%
    [57]  R5      P2        25.20      46.44     0.00    10.00       none       5.64    0.0000    0.00%  100.00%
    [58]  R13     P5        25.14      46.52     0.00    10.00       none       5.65    0.0000    0.00%  100.00%
    [59]  R13     P2        25.20      46.58     0.00    10.00       none       5.66    0.0000    0.00%  100.00%
    [60]  R20     P4        31.77      41.55     0.52    10.00       none       5.68    0.0000    0.00%  100.00%
    [61]  R8      P4        31.77      47.24     0.00    10.00       none       5.72    0.0000    0.00%  100.00%
    [62]  R17     P5        25.14      47.24     0.00    10.00       none       5.72    0.0000    0.00%  100.00%
    [63]  R17     P2        25.20      47.30     0.00    10.00       none       5.73    0.0000    0.00%  100.00%
    [64]  R4      P4        31.77      48.42     0.00    10.00       none       5.84    0.0000    0.00%  100.00%
    [65]  R3      P1        23.91      48.73     0.00    10.00       none       5.87    0.0000    0.00%  100.00%
    [66]  R3      P5        25.14      49.96     0.00    10.00       none       6.00    0.0000    0.00%  100.00%
    [67]  R3      P2        25.20      50.02     0.00    10.00       none       6.00    0.0000    0.00%  100.00%
    [68]  R6      P4        31.77      49.05     0.21    10.00       none       6.11    0.0000    0.00%  100.00%
    [69]  R14     P4        31.77      52.77     0.00    10.00       none       6.28    0.0000    0.00%  100.00%
    [70]  R5      P4        31.77      53.01     0.00    10.00       none       6.30    0.0000    0.00%  100.00%
    [71]  R11     P1        23.91      53.02     0.00    10.00       none       6.30    0.0000    0.00%  100.00%
    [72]  R13     P4        31.77      53.15     0.00    10.00       none       6.31    0.0000    0.00%  100.00%
    [73]  R17     P4        31.77      53.87     0.00    10.00       none       6.39    0.0000    0.00%  100.00%
    [74]  R11     P5        25.14      54.24     0.00    10.00       none       6.42    0.0000    0.00%  100.00%
    [75]  R11     P2        25.20      54.30     0.00    10.00       none       6.43    0.0000    0.00%  100.00%
    [76]  R3      P4        31.77      56.59     0.00    10.00       none       6.66    0.0000    0.00%  100.00%
    [77]  R11     P4        31.77      60.87     0.00    10.00       none       7.09    0.0000    0.00%  100.00%
    [78]  R18     P4        31.77      39.84     3.17    10.00       none       8.15    0.0000    0.00%  100.00%
    [79]  R1      P4        31.77      50.07     5.77    10.00       none      11.78    0.0000    0.00%  100.00%
    draw=1.3272  →  (R20, P3) (rank 1) selected

  Assignment: R20 → P3  [23.48 → 33.26]  delay=0.00
    J20-1      [23.48 → 33.26]

  Assigned so far:
    ID      Pos       start    finish    delay
    ----------------------------------------
    R12     P1         8.13     13.91     0.00
    R7      P5         1.21     15.14     0.00
    R2      P2         0.00     15.20     0.00
    R16     P4        15.14     21.77     0.00
    R20     P3        23.48     33.26     0.00

========================================================================
  STEP 6/20
========================================================================

  Pair evaluation  (75 pairs):
    Rank   ID      Pos     t_start   t_finish    delay      gap   blocking      score    weight     P(%)   cum(%)
    ---------------------------------------------------------------------------------------------------------
    [ 0]  R18     P1        23.91      31.98     0.00    10.00       none       4.20    1.0000   40.00%   40.00%
    [ 1]  R18     P2        25.20      33.27     0.00    10.00       none       4.33    0.6000   24.00%   64.00%
    [ 2]  R19     P1        24.49      33.68     0.00    10.58       none       4.43    0.3600   14.40%   78.40%
    [ 3]  R19     P2        25.20      34.39     0.00    10.00       none       4.44    0.2160    8.64%   87.04%
    [ 4]  R10     P1        23.91      35.78     0.00    10.00       none       4.58    0.1296    5.18%   92.22%
    [ 5]  R9      P1        23.91      36.50     0.00    10.00       none       4.65    0.0778    3.11%   95.33%
    [ 6]  R10     P2        25.20      37.07     0.00    10.00       none       4.71    0.0467    1.87%   97.20%
    [ 7]  R15     P1        23.91      37.69     0.00    10.00       none       4.77    0.0280    1.12%   98.32%
    [ 8]  R9      P2        25.20      37.79     0.00    10.00       none       4.78    0.0168    0.67%   98.99%
    [ 9]  R15     P2        25.20      38.97     0.00    10.00       none       4.90    0.0101    0.40%   99.40%
    [10]  R8      P1        23.91      39.38     0.00    10.00       none       4.94    0.0060    0.24%   99.64%
    [11]  R4      P1        23.91      40.56     0.00    10.00       none       5.06    0.0036    0.15%   99.78%
    [12]  R8      P2        25.20      40.67     0.00    10.00       none       5.07    0.0022    0.09%   99.87%
    [13]  R6      P1        23.91      41.20     0.00    10.00       none       5.12    0.0013    0.05%   99.92%
    [14]  R4      P2        25.20      41.85     0.00    10.00       none       5.18    0.0008    0.03%   99.95%
    [15]  R1      P1        23.91      42.22     0.00    10.00       none       5.22    0.0005    0.02%   99.97%
    [16]  R6      P2        25.20      42.48     0.00    10.00       none       5.25    0.0003    0.01%   99.98%
    [17]  R1      P2        25.20      43.50     0.00    10.00       none       5.35    0.0002    0.01%   99.99%
    [18]  R14     P1        23.91      44.91     0.00    10.00       none       5.49    0.0001    0.00%   99.99%
    [19]  R5      P1        23.91      45.16     0.00    10.00       none       5.52    0.0001    0.00%  100.00%
    [20]  R13     P1        23.91      45.30     0.00    10.00       none       5.53    0.0000    0.00%  100.00%
    [21]  R17     P1        23.91      46.02     0.00    10.00       none       5.60    0.0000    0.00%  100.00%
    [22]  R14     P2        25.20      46.20     0.00    10.00       none       5.62    0.0000    0.00%  100.00%
    [23]  R5      P2        25.20      46.44     0.00    10.00       none       5.64    0.0000    0.00%  100.00%
    [24]  R13     P2        25.20      46.58     0.00    10.00       none       5.66    0.0000    0.00%  100.00%
    [25]  R10     P4        33.26      45.13     0.00    11.49       none       5.66    0.0000    0.00%  100.00%
    [26]  R17     P2        25.20      47.30     0.00    10.00       none       5.73    0.0000    0.00%  100.00%
    [27]  R9      P4        33.26      45.85     0.00    11.49       none       5.73    0.0000    0.00%  100.00%
    [28]  R15     P4        33.26      47.03     0.00    11.49       none       5.85    0.0000    0.00%  100.00%
    [29]  R3      P1        23.91      48.73     0.00    10.00       none       5.87    0.0000    0.00%  100.00%
    [30]  R3      P2        25.20      50.02     0.00    10.00       none       6.00    0.0000    0.00%  100.00%
    [31]  R8      P4        33.26      48.73     0.00    11.49       none       6.02    0.0000    0.00%  100.00%
    [32]  R4      P4        33.26      49.91     0.00    11.49       none       6.14    0.0000    0.00%  100.00%
    [33]  R11     P1        23.91      53.02     0.00    10.00       none       6.30    0.0000    0.00%  100.00%
    [34]  R10     P5        33.26      45.13     0.00    18.12       none       6.33    0.0000    0.00%  100.00%
    [35]  R9      P5        33.26      45.85     0.00    18.12       none       6.40    0.0000    0.00%  100.00%
    [36]  R11     P2        25.20      54.30     0.00    10.00       none       6.43    0.0000    0.00%  100.00%
    [37]  R10     P3        43.26      55.13     0.00    10.00       none       6.51    0.0000    0.00%  100.00%
    [38]  R15     P5        33.26      47.03     0.00    18.12       none       6.52    0.0000    0.00%  100.00%
    [39]  R14     P4        33.26      54.26     0.00    11.49       none       6.58    0.0000    0.00%  100.00%
    [40]  R5      P4        33.26      54.50     0.00    11.49       none       6.60    0.0000    0.00%  100.00%
    [41]  R13     P4        33.26      54.64     0.00    11.49       none       6.61    0.0000    0.00%  100.00%
    [42]  R8      P5        33.26      48.73     0.00    18.12       none       6.69    0.0000    0.00%  100.00%
    [43]  R17     P4        33.26      55.36     0.00    11.49       none       6.69    0.0000    0.00%  100.00%
    [44]  R15     P3        43.26      57.03     0.00    10.00       none       6.70    0.0000    0.00%  100.00%
    [45]  R4      P5        33.26      49.91     0.00    18.12       none       6.80    0.0000    0.00%  100.00%
    [46]  R3      P4        33.26      58.08     0.00    11.49       none       6.96    0.0000    0.00%  100.00%
    [47]  R14     P5        33.26      54.26     0.00    18.12       none       7.24    0.0000    0.00%  100.00%
    [48]  R19     P4        33.26      42.45     1.85    11.49       none       7.24    0.0000    0.00%  100.00%
    [49]  R5      P5        33.26      54.50     0.00    18.12       none       7.26    0.0000    0.00%  100.00%
    [50]  R13     P5        33.26      54.64     0.00    18.12       none       7.28    0.0000    0.00%  100.00%
    [51]  R17     P5        33.26      55.36     0.00    18.12       none       7.35    0.0000    0.00%  100.00%
    [52]  R11     P4        33.26      62.36     0.00    11.49       none       7.39    0.0000    0.00%  100.00%
    [53]  R14     P3        43.26      64.26     0.00    10.00       none       7.43    0.0000    0.00%  100.00%
    [54]  R5      P3        43.26      64.50     0.00    10.00       none       7.45    0.0000    0.00%  100.00%
    [55]  R17     P3        43.26      65.36     0.00    10.00       none       7.54    0.0000    0.00%  100.00%
    [56]  R3      P5        33.26      58.08     0.00    18.12       none       7.62    0.0000    0.00%  100.00%
    [57]  R3      P3        43.26      68.08     0.00    10.00       none       7.81    0.0000    0.00%  100.00%
    [58]  R19     P5        33.26      42.45     1.85    18.12       none       7.90    0.0000    0.00%  100.00%
    [59]  R6      P4        33.26      50.54     1.70    11.49       none       7.90    0.0000    0.00%  100.00%
    [60]  R11     P5        33.26      62.36     0.00    18.12       none       8.05    0.0000    0.00%  100.00%
    [61]  R11     P3        43.26      72.36     0.00    10.00       none       8.24    0.0000    0.00%  100.00%
    [62]  R6      P5        33.26      50.54     1.70    18.12       none       8.57    0.0000    0.00%  100.00%
    [63]  R9      P3        43.26      55.85     3.09    10.00       none       9.68    0.0000    0.00%  100.00%
    [64]  R18     P4        33.26      41.33     4.66    11.49       none       9.95    0.0000    0.00%  100.00%
    [65]  R8      P3        43.26      58.73     3.72    10.00       none      10.59    0.0000    0.00%  100.00%
    [66]  R18     P5        33.26      41.33     4.66    18.12       none      10.61    0.0000    0.00%  100.00%
    [67]  R13     P3        43.26      64.64     5.71    10.00       none      13.17    0.0000    0.00%  100.00%
    [68]  R1      P4        33.26      51.56     7.27    11.49       none      13.57    0.0000    0.00%  100.00%
    [69]  R1      P5        33.26      51.56     7.27    18.12       none      14.24    0.0000    0.00%  100.00%
    [70]  R4      P3        43.26      59.91     8.96    10.00       none      15.95    0.0000    0.00%  100.00%
    [71]  R19     P3        43.26      52.45    11.85    10.00       none      18.09    0.0000    0.00%  100.00%
    [72]  R6      P3        43.26      60.54    11.70    10.00       none      18.76    0.0000    0.00%  100.00%
    [73]  R18     P3        43.26      51.33    14.66    10.00       none      20.80    0.0000    0.00%  100.00%
    [74]  R1      P3        43.26      61.56    17.27    10.00       none      24.42    0.0000    0.00%  100.00%
    draw=2.2647  →  (R10, P1) (rank 4) selected

  Assignment: R10 → P1  [23.91 → 35.78]  delay=0.00
    J10-1      [23.91 → 28.14]
    J10-2      [28.14 → 35.78]

  Assigned so far:
    ID      Pos       start    finish    delay
    ----------------------------------------
    R12     P1         8.13     13.91     0.00
    R7      P5         1.21     15.14     0.00
    R2      P2         0.00     15.20     0.00
    R16     P4        15.14     21.77     0.00
    R20     P3        23.48     33.26     0.00
    R10     P1        23.91     35.78     0.00

========================================================================
  STEP 7/20
========================================================================

  Pair evaluation  (70 pairs):
    Rank   ID      Pos     t_start   t_finish    delay      gap   blocking      score    weight     P(%)   cum(%)
    ---------------------------------------------------------------------------------------------------------
    [ 0]  R18     P2        25.20      33.27     0.00    10.00       none       4.33    1.0000   40.00%   40.00%
    [ 1]  R19     P2        25.20      34.39     0.00    10.00       none       4.44    0.6000   24.00%   64.00%
    [ 2]  R9      P2        25.20      37.79     0.00    10.00       none       4.78    0.3600   14.40%   78.40%
    [ 3]  R15     P2        25.20      38.97     0.00    10.00       none       4.90    0.2160    8.64%   87.04%
    [ 4]  R8      P2        25.20      40.67     0.00    10.00       none       5.07    0.1296    5.18%   92.22%
    [ 5]  R4      P2        25.20      41.85     0.00    10.00       none       5.18    0.0778    3.11%   95.33%
    [ 6]  R6      P2        25.20      42.48     0.00    10.00       none       5.25    0.0467    1.87%   97.20%
    [ 7]  R1      P2        25.20      43.50     0.00    10.00       none       5.35    0.0280    1.12%   98.32%
    [ 8]  R14     P2        25.20      46.20     0.00    10.00       none       5.62    0.0168    0.67%   98.99%
    [ 9]  R5      P2        25.20      46.44     0.00    10.00       none       5.64    0.0101    0.40%   99.40%
    [10]  R13     P2        25.20      46.58     0.00    10.00       none       5.66    0.0060    0.24%   99.64%
    [11]  R17     P2        25.20      47.30     0.00    10.00       none       5.73    0.0036    0.15%   99.78%
    [12]  R9      P4        33.26      45.85     0.00    11.49       none       5.73    0.0022    0.09%   99.87%
    [13]  R15     P4        33.26      47.03     0.00    11.49       none       5.85    0.0013    0.05%   99.92%
    [14]  R3      P2        25.20      50.02     0.00    10.00       none       6.00    0.0008    0.03%   99.95%
    [15]  R8      P4        33.26      48.73     0.00    11.49       none       6.02    0.0005    0.02%   99.97%
    [16]  R4      P4        33.26      49.91     0.00    11.49       none       6.14    0.0003    0.01%   99.98%
    [17]  R9      P5        33.26      45.85     0.00    18.12       none       6.40    0.0002    0.01%   99.99%
    [18]  R11     P2        25.20      54.30     0.00    10.00       none       6.43    0.0001    0.00%   99.99%
    [19]  R15     P5        33.26      47.03     0.00    18.12       none       6.52    0.0001    0.00%  100.00%
    [20]  R14     P4        33.26      54.26     0.00    11.49       none       6.58    0.0000    0.00%  100.00%
    [21]  R5      P4        33.26      54.50     0.00    11.49       none       6.60    0.0000    0.00%  100.00%
    [22]  R13     P4        33.26      54.64     0.00    11.49       none       6.61    0.0000    0.00%  100.00%
    [23]  R8      P5        33.26      48.73     0.00    18.12       none       6.69    0.0000    0.00%  100.00%
    [24]  R17     P4        33.26      55.36     0.00    11.49       none       6.69    0.0000    0.00%  100.00%
    [25]  R15     P3        43.26      57.03     0.00    10.00       none       6.70    0.0000    0.00%  100.00%
    [26]  R4      P5        33.26      49.91     0.00    18.12       none       6.80    0.0000    0.00%  100.00%
    [27]  R15     P1        45.78      59.55     0.00    10.00       none       6.96    0.0000    0.00%  100.00%
    [28]  R3      P4        33.26      58.08     0.00    11.49       none       6.96    0.0000    0.00%  100.00%
    [29]  R14     P5        33.26      54.26     0.00    18.12       none       7.24    0.0000    0.00%  100.00%
    [30]  R19     P4        33.26      42.45     1.85    11.49       none       7.24    0.0000    0.00%  100.00%
    [31]  R5      P5        33.26      54.50     0.00    18.12       none       7.26    0.0000    0.00%  100.00%
    [32]  R13     P5        33.26      54.64     0.00    18.12       none       7.28    0.0000    0.00%  100.00%
    [33]  R17     P5        33.26      55.36     0.00    18.12       none       7.35    0.0000    0.00%  100.00%
    [34]  R11     P4        33.26      62.36     0.00    11.49       none       7.39    0.0000    0.00%  100.00%
    [35]  R14     P3        43.26      64.26     0.00    10.00       none       7.43    0.0000    0.00%  100.00%
    [36]  R5      P3        43.26      64.50     0.00    10.00       none       7.45    0.0000    0.00%  100.00%
    [37]  R17     P3        43.26      65.36     0.00    10.00       none       7.54    0.0000    0.00%  100.00%
    [38]  R3      P5        33.26      58.08     0.00    18.12       none       7.62    0.0000    0.00%  100.00%
    [39]  R17     P1        45.78      67.88     0.00    10.00       none       7.79    0.0000    0.00%  100.00%
    [40]  R5      P1        45.78      67.03     0.09    10.00       none       7.79    0.0000    0.00%  100.00%
    [41]  R3      P3        43.26      68.08     0.00    10.00       none       7.81    0.0000    0.00%  100.00%
    [42]  R19     P5        33.26      42.45     1.85    18.12       none       7.90    0.0000    0.00%  100.00%
    [43]  R6      P4        33.26      50.54     1.70    11.49       none       7.90    0.0000    0.00%  100.00%
    [44]  R11     P5        33.26      62.36     0.00    18.12       none       8.05    0.0000    0.00%  100.00%
    [45]  R11     P3        43.26      72.36     0.00    10.00       none       8.24    0.0000    0.00%  100.00%
    [46]  R6      P5        33.26      50.54     1.70    18.12       none       8.57    0.0000    0.00%  100.00%
    [47]  R14     P1        45.78      66.78     1.51    10.00       none       9.19    0.0000    0.00%  100.00%
    [48]  R3      P1        45.78      70.60     1.59    10.00       none       9.65    0.0000    0.00%  100.00%
    [49]  R9      P3        43.26      55.85     3.09    10.00       none       9.68    0.0000    0.00%  100.00%
    [50]  R18     P4        33.26      41.33     4.66    11.49       none       9.95    0.0000    0.00%  100.00%
    [51]  R11     P1        45.78      74.88     1.90    10.00       none      10.39    0.0000    0.00%  100.00%
    [52]  R8      P3        43.26      58.73     3.72    10.00       none      10.59    0.0000    0.00%  100.00%
    [53]  R18     P5        33.26      41.33     4.66    18.12       none      10.61    0.0000    0.00%  100.00%
    [54]  R9      P1        45.78      58.38     5.61    10.00       none      12.45    0.0000    0.00%  100.00%
    [55]  R13     P3        43.26      64.64     5.71    10.00       none      13.17    0.0000    0.00%  100.00%
    [56]  R8      P1        45.78      61.25     6.24    10.00       none      13.37    0.0000    0.00%  100.00%
    [57]  R1      P4        33.26      51.56     7.27    11.49       none      13.57    0.0000    0.00%  100.00%
    [58]  R1      P5        33.26      51.56     7.27    18.12       none      14.24    0.0000    0.00%  100.00%
    [59]  R4      P3        43.26      59.91     8.96    10.00       none      15.95    0.0000    0.00%  100.00%
    [60]  R13     P1        45.78      67.16     8.23    10.00       none      15.95    0.0000    0.00%  100.00%
    [61]  R19     P3        43.26      52.45    11.85    10.00       none      18.09    0.0000    0.00%  100.00%
    [62]  R4      P1        45.78      62.43    11.48    10.00       none      18.72    0.0000    0.00%  100.00%
    [63]  R6      P3        43.26      60.54    11.70    10.00       none      18.76    0.0000    0.00%  100.00%
    [64]  R18     P3        43.26      51.33    14.66    10.00       none      20.80    0.0000    0.00%  100.00%
    [65]  R19     P1        45.78      54.97    14.37    10.00       none      20.87    0.0000    0.00%  100.00%
    [66]  R6      P1        45.78      63.06    14.22    10.00       none      21.53    0.0000    0.00%  100.00%
    [67]  R18     P1        45.78      53.85    17.19    10.00       none      23.57    0.0000    0.00%  100.00%
    [68]  R1      P3        43.26      61.56    17.27    10.00       none      24.42    0.0000    0.00%  100.00%
    [69]  R1      P1        45.78      64.08    19.79    10.00       none      27.20    0.0000    0.00%  100.00%
    draw=1.2757  →  (R19, P2) (rank 1) selected

  Assignment: R19 → P2  [25.20 → 34.39]  delay=0.00
    J19-1      [25.20 → 34.39]

  Assigned so far:
    ID      Pos       start    finish    delay
    ----------------------------------------
    R12     P1         8.13     13.91     0.00
    R7      P5         1.21     15.14     0.00
    R2      P2         0.00     15.20     0.00
    R16     P4        15.14     21.77     0.00
    R20     P3        23.48     33.26     0.00
    R10     P1        23.91     35.78     0.00
    R19     P2        25.20     34.39     0.00

========================================================================
  STEP 8/20
========================================================================

  Pair evaluation  (65 pairs):
    Rank   ID      Pos     t_start   t_finish    delay      gap   blocking      score    weight     P(%)   cum(%)
    ---------------------------------------------------------------------------------------------------------
    [ 0]  R9      P4        33.26      45.85     0.00    11.49       none       5.73    1.0000   40.00%   40.00%
    [ 1]  R15     P4        33.26      47.03     0.00    11.49       none       5.85    0.6000   24.00%   64.00%
    [ 2]  R8      P4        33.26      48.73     0.00    11.49       none       6.02    0.3600   14.40%   78.40%
    [ 3]  R4      P4        33.26      49.91     0.00    11.49       none       6.14    0.2160    8.64%   87.04%
    [ 4]  R9      P5        33.26      45.85     0.00    18.12       none       6.40    0.1296    5.18%   92.22%
    [ 5]  R15     P5        33.26      47.03     0.00    18.12       none       6.52    0.0778    3.11%   95.33%
    [ 6]  R14     P4        33.26      54.26     0.00    11.49       none       6.58    0.0467    1.87%   97.20%
    [ 7]  R5      P4        33.26      54.50     0.00    11.49       none       6.60    0.0280    1.12%   98.32%
    [ 8]  R13     P4        33.26      54.64     0.00    11.49       none       6.61    0.0168    0.67%   98.99%
    [ 9]  R8      P5        33.26      48.73     0.00    18.12       none       6.69    0.0101    0.40%   99.40%
    [10]  R17     P4        33.26      55.36     0.00    11.49       none       6.69    0.0060    0.24%   99.64%
    [11]  R15     P3        43.26      57.03     0.00    10.00       none       6.70    0.0036    0.15%   99.78%
    [12]  R4      P5        33.26      49.91     0.00    18.12       none       6.80    0.0022    0.09%   99.87%
    [13]  R15     P2        44.39      58.16     0.00    10.00       none       6.82    0.0013    0.05%   99.92%
    [14]  R15     P1        45.78      59.55     0.00    10.00       none       6.96    0.0008    0.03%   99.95%
    [15]  R3      P4        33.26      58.08     0.00    11.49       none       6.96    0.0005    0.02%   99.97%
    [16]  R14     P5        33.26      54.26     0.00    18.12       none       7.24    0.0003    0.01%   99.98%
    [17]  R5      P5        33.26      54.50     0.00    18.12       none       7.26    0.0002    0.01%   99.99%
    [18]  R13     P5        33.26      54.64     0.00    18.12       none       7.28    0.0001    0.00%   99.99%
    [19]  R17     P5        33.26      55.36     0.00    18.12       none       7.35    0.0001    0.00%  100.00%
    [20]  R11     P4        33.26      62.36     0.00    11.49       none       7.39    0.0000    0.00%  100.00%
    [21]  R14     P3        43.26      64.26     0.00    10.00       none       7.43    0.0000    0.00%  100.00%
    [22]  R5      P3        43.26      64.50     0.00    10.00       none       7.45    0.0000    0.00%  100.00%
    [23]  R17     P3        43.26      65.36     0.00    10.00       none       7.54    0.0000    0.00%  100.00%
    [24]  R5      P2        44.39      65.63     0.00    10.00       none       7.56    0.0000    0.00%  100.00%
    [25]  R3      P5        33.26      58.08     0.00    18.12       none       7.62    0.0000    0.00%  100.00%
    [26]  R17     P2        44.39      66.49     0.00    10.00       none       7.65    0.0000    0.00%  100.00%
    [27]  R14     P2        44.39      65.39     0.11    10.00       none       7.65    0.0000    0.00%  100.00%
    [28]  R17     P1        45.78      67.88     0.00    10.00       none       7.79    0.0000    0.00%  100.00%
    [29]  R5      P1        45.78      67.03     0.09    10.00       none       7.79    0.0000    0.00%  100.00%
    [30]  R3      P3        43.26      68.08     0.00    10.00       none       7.81    0.0000    0.00%  100.00%
    [31]  R6      P4        33.26      50.54     1.70    11.49       none       7.90    0.0000    0.00%  100.00%
    [32]  R11     P5        33.26      62.36     0.00    18.12       none       8.05    0.0000    0.00%  100.00%
    [33]  R3      P2        44.39      69.21     0.20    10.00       none       8.12    0.0000    0.00%  100.00%
    [34]  R11     P3        43.26      72.36     0.00    10.00       none       8.24    0.0000    0.00%  100.00%
    [35]  R6      P5        33.26      50.54     1.70    18.12       none       8.57    0.0000    0.00%  100.00%
    [36]  R11     P2        44.39      73.49     0.50    10.00       none       8.85    0.0000    0.00%  100.00%
    [37]  R14     P1        45.78      66.78     1.51    10.00       none       9.19    0.0000    0.00%  100.00%
    [38]  R3      P1        45.78      70.60     1.59    10.00       none       9.65    0.0000    0.00%  100.00%
    [39]  R9      P3        43.26      55.85     3.09    10.00       none       9.68    0.0000    0.00%  100.00%
    [40]  R18     P4        33.26      41.33     4.66    11.49       none       9.95    0.0000    0.00%  100.00%
    [41]  R11     P1        45.78      74.88     1.90    10.00       none      10.39    0.0000    0.00%  100.00%
    [42]  R8      P3        43.26      58.73     3.72    10.00       none      10.59    0.0000    0.00%  100.00%
    [43]  R18     P5        33.26      41.33     4.66    18.12       none      10.61    0.0000    0.00%  100.00%
    [44]  R9      P2        44.39      56.98     4.22    10.00       none      10.92    0.0000    0.00%  100.00%
    [45]  R8      P2        44.39      59.86     4.84    10.00       none      11.83    0.0000    0.00%  100.00%
    [46]  R9      P1        45.78      58.38     5.61    10.00       none      12.45    0.0000    0.00%  100.00%
    [47]  R13     P3        43.26      64.64     5.71    10.00       none      13.17    0.0000    0.00%  100.00%
    [48]  R8      P1        45.78      61.25     6.24    10.00       none      13.37    0.0000    0.00%  100.00%
    [49]  R1      P4        33.26      51.56     7.27    11.49       none      13.57    0.0000    0.00%  100.00%
    [50]  R1      P5        33.26      51.56     7.27    18.12       none      14.24    0.0000    0.00%  100.00%
    [51]  R13     P2        44.39      65.77     6.84    10.00       none      14.41    0.0000    0.00%  100.00%
    [52]  R4      P3        43.26      59.91     8.96    10.00       none      15.95    0.0000    0.00%  100.00%
    [53]  R13     P1        45.78      67.16     8.23    10.00       none      15.95    0.0000    0.00%  100.00%
    [54]  R4      P2        44.39      61.04    10.08    10.00       none      17.19    0.0000    0.00%  100.00%
    [55]  R4      P1        45.78      62.43    11.48    10.00       none      18.72    0.0000    0.00%  100.00%
    [56]  R6      P3        43.26      60.54    11.70    10.00       none      18.76    0.0000    0.00%  100.00%
    [57]  R6      P2        44.39      61.67    12.83    10.00       none      20.00    0.0000    0.00%  100.00%
    [58]  R18     P3        43.26      51.33    14.66    10.00       none      20.80    0.0000    0.00%  100.00%
    [59]  R6      P1        45.78      63.06    14.22    10.00       none      21.53    0.0000    0.00%  100.00%
    [60]  R18     P2        44.39      52.46    15.79    10.00       none      22.04    0.0000    0.00%  100.00%
    [61]  R18     P1        45.78      53.85    17.19    10.00       none      23.57    0.0000    0.00%  100.00%
    [62]  R1      P3        43.26      61.56    17.27    10.00       none      24.42    0.0000    0.00%  100.00%
    [63]  R1      P2        44.39      62.69    18.39    10.00       none      25.66    0.0000    0.00%  100.00%
    [64]  R1      P1        45.78      64.08    19.79    10.00       none      27.20    0.0000    0.00%  100.00%
    draw=1.0005  →  (R15, P4) (rank 1) selected
  start-time compare  R15 → P4:  t_imm=31.77 cost=44.55 (2 new movs)  vs  t_nob=33.26 cost=4.70

  Assignment: R15 → P4  [33.26 → 47.03]  delay=0.00
    J15-1      [33.26 → 41.48]
    J15-2      [41.48 → 47.03]

  Assigned so far:
    ID      Pos       start    finish    delay
    ----------------------------------------
    R12     P1         8.13     13.91     0.00
    R7      P5         1.21     15.14     0.00
    R2      P2         0.00     15.20     0.00
    R16     P4        15.14     21.77     0.00
    R20     P3        23.48     33.26     0.00
    R10     P1        23.91     35.78     0.00
    R19     P2        25.20     34.39     0.00
    R15     P4        33.26     47.03     0.00

========================================================================
  STEP 9/20
========================================================================

  Pair evaluation  (60 pairs):
    Rank   ID      Pos     t_start   t_finish    delay      gap   blocking      score    weight     P(%)   cum(%)
    ---------------------------------------------------------------------------------------------------------
    [ 0]  R8      P5        33.26      48.73     0.00    18.12       none       6.69    1.0000   40.00%   40.00%
    [ 1]  R4      P5        33.26      49.91     0.00    18.12       none       6.80    0.6000   24.00%   64.00%
    [ 2]  R14     P5        33.26      54.26     0.00    18.12       none       7.24    0.3600   14.40%   78.40%
    [ 3]  R5      P5        33.26      54.50     0.00    18.12       none       7.26    0.2160    8.64%   87.04%
    [ 4]  R13     P5        33.26      54.64     0.00    18.12       none       7.28    0.1296    5.18%   92.22%
    [ 5]  R17     P5        33.26      55.36     0.00    18.12       none       7.35    0.0778    3.11%   95.33%
    [ 6]  R5      P2        44.39      65.63     0.00    10.00       none       7.56    0.0467    1.87%   97.20%
    [ 7]  R3      P5        33.26      58.08     0.00    18.12       none       7.62    0.0280    1.12%   98.32%
    [ 8]  R17     P2        44.39      66.49     0.00    10.00       none       7.65    0.0168    0.67%   98.99%
    [ 9]  R14     P2        44.39      65.39     0.11    10.00       none       7.65    0.0101    0.40%   99.40%
    [10]  R17     P1        45.78      67.88     0.00    10.00       none       7.79    0.0060    0.24%   99.64%
    [11]  R5      P1        45.78      67.03     0.09    10.00       none       7.79    0.0036    0.15%   99.78%
    [12]  R11     P5        33.26      62.36     0.00    18.12       none       8.05    0.0022    0.09%   99.87%
    [13]  R3      P2        44.39      69.21     0.20    10.00       none       8.12    0.0013    0.05%   99.92%
    [14]  R17     P3        47.03      69.13     0.00    13.77       none       8.29    0.0008    0.03%   99.95%
    [15]  R6      P5        33.26      50.54     1.70    18.12       none       8.57    0.0005    0.02%   99.97%
    [16]  R11     P2        44.39      73.49     0.50    10.00       none       8.85    0.0003    0.01%   99.98%
    [17]  R14     P1        45.78      66.78     1.51    10.00       none       9.19    0.0002    0.01%   99.99%
    [18]  R5      P3        47.03      68.27     1.34    13.77       none       9.54    0.0001    0.00%   99.99%
    [19]  R3      P1        45.78      70.60     1.59    10.00       none       9.65    0.0001    0.00%  100.00%
    [20]  R11     P1        45.78      74.88     1.90    10.00       none      10.39    0.0000    0.00%  100.00%
    [21]  R9      P2        44.39      56.98     4.22    10.00       none      10.92    0.0000    0.00%  100.00%
    [22]  R14     P3        47.03      68.03     2.76    13.77       none      10.94    0.0000    0.00%  100.00%
    [23]  R3      P3        47.03      71.85     2.84    13.77       none      11.40    0.0000    0.00%  100.00%
    [24]  R8      P2        44.39      59.86     4.84    10.00       none      11.83    0.0000    0.00%  100.00%
    [25]  R11     P3        47.03      76.13     3.15    13.77       none      12.14    0.0000    0.00%  100.00%
    [26]  R17     P4        57.03      79.13     3.42    10.00       none      12.33    0.0000    0.00%  100.00%
    [27]  R9      P1        45.78      58.38     5.61    10.00       none      12.45    0.0000    0.00%  100.00%
    [28]  R8      P1        45.78      61.25     6.24    10.00       none      13.37    0.0000    0.00%  100.00%
    [29]  R9      P3        47.03      59.62     6.86    13.77       none      14.20    0.0000    0.00%  100.00%
    [30]  R1      P5        33.26      51.56     7.27    18.12       none      14.24    0.0000    0.00%  100.00%
    [31]  R13     P2        44.39      65.77     6.84    10.00       none      14.41    0.0000    0.00%  100.00%
    [32]  R8      P3        47.03      62.50     7.49    13.77       none      15.12    0.0000    0.00%  100.00%
    [33]  R13     P1        45.78      67.16     8.23    10.00       none      15.95    0.0000    0.00%  100.00%
    [34]  R9      P5        47.03      59.62     6.86    31.89       none      16.01    0.0000    0.00%  100.00%
    [35]  R4      P2        44.39      61.04    10.08    10.00       none      17.19    0.0000    0.00%  100.00%
    [36]  R13     P3        47.03      68.41     9.48    13.77       none      17.70    0.0000    0.00%  100.00%
    [37]  R4      P1        45.78      62.43    11.48    10.00       none      18.72    0.0000    0.00%  100.00%
    [38]  R6      P2        44.39      61.67    12.83    10.00       none      20.00    0.0000    0.00%  100.00%
    [39]  R5      P4        57.03      78.27    11.34    10.00       none      20.17    0.0000    0.00%  100.00%
    [40]  R4      P3        47.03      63.68    12.73    13.77       none      20.47    0.0000    0.00%  100.00%
    [41]  R6      P1        45.78      63.06    14.22    10.00       none      21.53    0.0000    0.00%  100.00%
    [42]  R14     P4        57.03      78.03    12.76    10.00       none      21.56    0.0000    0.00%  100.00%
    [43]  R3      P4        57.03      81.85    12.84    10.00       none      22.03    0.0000    0.00%  100.00%
    [44]  R18     P2        44.39      52.46    15.79    10.00       none      22.04    0.0000    0.00%  100.00%
    [45]  R11     P4        57.03      86.13    13.15    10.00       none      22.76    0.0000    0.00%  100.00%
    [46]  R6      P3        47.03      64.31    15.47    13.77       none      23.28    0.0000    0.00%  100.00%
    [47]  R18     P1        45.78      53.85    17.19    10.00       none      23.57    0.0000    0.00%  100.00%
    [48]  R9      P4        57.03      69.62    16.86    10.00       none      24.82    0.0000    0.00%  100.00%
    [49]  R18     P3        47.03      55.10    18.43    13.77       none      25.32    0.0000    0.00%  100.00%
    [50]  R1      P2        44.39      62.69    18.39    10.00       none      25.66    0.0000    0.00%  100.00%
    [51]  R8      P4        57.03      72.50    17.49    10.00       none      25.74    0.0000    0.00%  100.00%
    [52]  R18     P5        47.03      55.10    18.43    31.89       none      27.13    0.0000    0.00%  100.00%
    [53]  R1      P1        45.78      64.08    19.79    10.00       none      27.20    0.0000    0.00%  100.00%
    [54]  R13     P4        57.03      78.41    19.48    10.00       none      28.32    0.0000    0.00%  100.00%
    [55]  R1      P3        47.03      65.33    21.04    13.77       none      28.95    0.0000    0.00%  100.00%
    [56]  R4      P4        57.03      73.68    22.73    10.00       none      31.09    0.0000    0.00%  100.00%
    [57]  R6      P4        57.03      74.31    25.47    10.00       none      33.90    0.0000    0.00%  100.00%
    [58]  R18     P4        57.03      65.10    28.43    10.00       none      35.95    0.0000    0.00%  100.00%
    [59]  R1      P4        57.03      75.33    31.04    10.00       none      39.57    0.0000    0.00%  100.00%
    draw=1.6573  →  (R14, P5) (rank 2) selected
  start-time compare  R14 → P5:  t_imm=25.14 cost=84.61 (4 new movs)  vs  t_nob=33.26 cost=5.43

  Assignment: R14 → P5  [33.26 → 54.26]  delay=0.00
    J14-1      [33.26 → 42.59]
    J14-2      [42.59 → 49.56]
    J14-3      [49.56 → 54.26]

  Assigned so far:
    ID      Pos       start    finish    delay
    ----------------------------------------
    R12     P1         8.13     13.91     0.00
    R7      P5         1.21     15.14     0.00
    R2      P2         0.00     15.20     0.00
    R16     P4        15.14     21.77     0.00
    R20     P3        23.48     33.26     0.00
    R10     P1        23.91     35.78     0.00
    R19     P2        25.20     34.39     0.00
    R15     P4        33.26     47.03     0.00
    R14     P5        33.26     54.26     0.00

========================================================================
  STEP 10/20
========================================================================

  Pair evaluation  (55 pairs):
    Rank   ID      Pos     t_start   t_finish    delay      gap   blocking      score    weight     P(%)   cum(%)
    ---------------------------------------------------------------------------------------------------------
    [ 0]  R5      P2        44.39      65.63     0.00    10.00       none       7.56    1.0000   40.00%   40.00%
    [ 1]  R17     P2        44.39      66.49     0.00    10.00       none       7.65    0.6000   24.00%   64.00%
    [ 2]  R17     P1        45.78      67.88     0.00    10.00       none       7.79    0.3600   14.40%   78.40%
    [ 3]  R5      P1        45.78      67.03     0.09    10.00       none       7.79    0.2160    8.64%   87.04%
    [ 4]  R3      P2        44.39      69.21     0.20    10.00       none       8.12    0.1296    5.18%   92.22%
    [ 5]  R11     P2        44.39      73.49     0.50    10.00       none       8.85    0.0778    3.11%   95.33%
    [ 6]  R3      P1        45.78      70.60     1.59    10.00       none       9.65    0.0467    1.87%   97.20%
    [ 7]  R17     P3        54.26      76.36     0.65    21.00       none      10.38    0.0280    1.12%   98.32%
    [ 8]  R11     P1        45.78      74.88     1.90    10.00       none      10.39    0.0168    0.67%   98.99%
    [ 9]  R9      P2        44.39      56.98     4.22    10.00       none      10.92    0.0101    0.40%   99.40%
    [10]  R8      P2        44.39      59.86     4.84    10.00       none      11.83    0.0060    0.24%   99.64%
    [11]  R17     P4        57.03      79.13     3.42    10.00       none      12.33    0.0036    0.15%   99.78%
    [12]  R9      P1        45.78      58.38     5.61    10.00       none      12.45    0.0022    0.09%   99.87%
    [13]  R8      P1        45.78      61.25     6.24    10.00       none      13.37    0.0013    0.05%   99.92%
    [14]  R13     P2        44.39      65.77     6.84    10.00       none      14.41    0.0008    0.03%   99.95%
    [15]  R13     P1        45.78      67.16     8.23    10.00       none      15.95    0.0005    0.02%   99.97%
    [16]  R4      P2        44.39      61.04    10.08    10.00       none      17.19    0.0003    0.01%   99.98%
    [17]  R5      P3        54.26      75.50     8.57    21.00       none      18.22    0.0002    0.01%   99.99%
    [18]  R4      P1        45.78      62.43    11.48    10.00       none      18.72    0.0001    0.00%   99.99%
    [19]  R6      P2        44.39      61.67    12.83    10.00       none      20.00    0.0001    0.00%  100.00%
    [20]  R3      P3        54.26      79.08    10.07    21.00       none      20.08    0.0000    0.00%  100.00%
    [21]  R5      P4        57.03      78.27    11.34    10.00       none      20.17    0.0000    0.00%  100.00%
    [22]  R17     P5        64.26      86.36    10.65    10.00       none      20.28    0.0000    0.00%  100.00%
    [23]  R11     P3        54.26      83.36    10.38    21.00       none      20.81    0.0000    0.00%  100.00%
    [24]  R6      P1        45.78      63.06    14.22    10.00       none      21.53    0.0000    0.00%  100.00%
    [25]  R3      P4        57.03      81.85    12.84    10.00       none      22.03    0.0000    0.00%  100.00%
    [26]  R18     P2        44.39      52.46    15.79    10.00       none      22.04    0.0000    0.00%  100.00%
    [27]  R11     P4        57.03      86.13    13.15    10.00       none      22.76    0.0000    0.00%  100.00%
    [28]  R9      P3        54.26      66.85    14.09    21.00       none      22.88    0.0000    0.00%  100.00%
    [29]  R18     P1        45.78      53.85    17.19    10.00       none      23.57    0.0000    0.00%  100.00%
    [30]  R8      P3        54.26      69.73    14.72    21.00       none      23.79    0.0000    0.00%  100.00%
    [31]  R9      P4        57.03      69.62    16.86    10.00       none      24.82    0.0000    0.00%  100.00%
    [32]  R1      P2        44.39      62.69    18.39    10.00       none      25.66    0.0000    0.00%  100.00%
    [33]  R8      P4        57.03      72.50    17.49    10.00       none      25.74    0.0000    0.00%  100.00%
    [34]  R13     P3        54.26      75.64    16.71    21.00       none      26.37    0.0000    0.00%  100.00%
    [35]  R1      P1        45.78      64.08    19.79    10.00       none      27.20    0.0000    0.00%  100.00%
    [36]  R5      P5        64.26      85.50    18.57    10.00       none      28.12    0.0000    0.00%  100.00%
    [37]  R13     P4        57.03      78.41    19.48    10.00       none      28.32    0.0000    0.00%  100.00%
    [38]  R4      P3        54.26      70.91    19.96    21.00       none      29.15    0.0000    0.00%  100.00%
    [39]  R3      P5        64.26      89.08    20.07    10.00       none      29.98    0.0000    0.00%  100.00%
    [40]  R11     P5        64.26      93.36    20.38    10.00       none      30.71    0.0000    0.00%  100.00%
    [41]  R4      P4        57.03      73.68    22.73    10.00       none      31.09    0.0000    0.00%  100.00%
    [42]  R6      P3        54.26      71.54    22.70    21.00       none      31.96    0.0000    0.00%  100.00%
    [43]  R9      P5        64.26      76.85    24.09    10.00       none      32.78    0.0000    0.00%  100.00%
    [44]  R8      P5        64.26      79.73    24.72    10.00       none      33.69    0.0000    0.00%  100.00%
    [45]  R6      P4        57.03      74.31    25.47    10.00       none      33.90    0.0000    0.00%  100.00%
    [46]  R18     P3        54.26      62.33    25.66    21.00       none      34.00    0.0000    0.00%  100.00%
    [47]  R18     P4        57.03      65.10    28.43    10.00       none      35.95    0.0000    0.00%  100.00%
    [48]  R13     P5        64.26      85.64    26.71    10.00       none      36.27    0.0000    0.00%  100.00%
    [49]  R1      P3        54.26      72.56    28.27    21.00       none      37.62    0.0000    0.00%  100.00%
    [50]  R4      P5        64.26      80.91    29.96    10.00       none      39.05    0.0000    0.00%  100.00%
    [51]  R1      P4        57.03      75.33    31.04    10.00       none      39.57    0.0000    0.00%  100.00%
    [52]  R6      P5        64.26      81.54    32.70    10.00       none      41.86    0.0000    0.00%  100.00%
    [53]  R18     P5        64.26      72.33    35.66    10.00       none      43.90    0.0000    0.00%  100.00%
    [54]  R1      P5        64.26      82.56    38.27    10.00       none      47.52    0.0000    0.00%  100.00%
    draw=2.2949  →  (R3, P2) (rank 4) selected

  Assignment: R3 → P2  [44.39 → 69.21]  delay=0.20
    J3-1       [44.39 → 51.32]
    J3-2       [51.32 → 60.48]
    J3-3       [60.48 → 69.21]

  Assigned so far:
    ID      Pos       start    finish    delay
    ----------------------------------------
    R12     P1         8.13     13.91     0.00
    R7      P5         1.21     15.14     0.00
    R2      P2         0.00     15.20     0.00
    R16     P4        15.14     21.77     0.00
    R20     P3        23.48     33.26     0.00
    R10     P1        23.91     35.78     0.00
    R19     P2        25.20     34.39     0.00
    R15     P4        33.26     47.03     0.00
    R14     P5        33.26     54.26     0.00
    R3      P2        44.39     69.21     0.20

========================================================================
  STEP 11/20
========================================================================

  Pair evaluation  (50 pairs):
    Rank   ID      Pos     t_start   t_finish    delay      gap   blocking      score    weight     P(%)   cum(%)
    ---------------------------------------------------------------------------------------------------------
    [ 0]  R17     P1        45.78      67.88     0.00    10.00       none       7.79    1.0000   40.00%   40.00%
    [ 1]  R5      P1        45.78      67.03     0.09    10.00       none       7.79    0.6000   24.00%   64.00%
    [ 2]  R17     P3        54.26      76.36     0.65    21.00       none      10.38    0.3600   14.40%   78.40%
    [ 3]  R11     P1        45.78      74.88     1.90    10.00       none      10.39    0.2160    8.64%   87.04%
    [ 4]  R17     P4        57.03      79.13     3.42    10.00       none      12.33    0.1296    5.18%   92.22%
    [ 5]  R9      P1        45.78      58.38     5.61    10.00       none      12.45    0.0778    3.11%   95.33%
    [ 6]  R8      P1        45.78      61.25     6.24    10.00       none      13.37    0.0467    1.87%   97.20%
    [ 7]  R13     P1        45.78      67.16     8.23    10.00       none      15.95    0.0280    1.12%   98.32%
    [ 8]  R5      P3        54.26      75.50     8.57    21.00       none      18.22    0.0168    0.67%   98.99%
    [ 9]  R4      P1        45.78      62.43    11.48    10.00       none      18.72    0.0101    0.40%   99.40%
    [10]  R5      P4        57.03      78.27    11.34    10.00       none      20.17    0.0060    0.24%   99.64%
    [11]  R17     P5        64.26      86.36    10.65    10.00       none      20.28    0.0036    0.15%   99.78%
    [12]  R11     P3        54.26      83.36    10.38    21.00       none      20.81    0.0022    0.09%   99.87%
    [13]  R6      P1        45.78      63.06    14.22    10.00       none      21.53    0.0013    0.05%   99.92%
    [14]  R11     P4        57.03      86.13    13.15    10.00       none      22.76    0.0008    0.03%   99.95%
    [15]  R9      P3        54.26      66.85    14.09    21.00       none      22.88    0.0005    0.02%   99.97%
    [16]  R18     P1        45.78      53.85    17.19    10.00       none      23.57    0.0003    0.01%   99.98%
    [17]  R8      P3        54.26      69.73    14.72    21.00       none      23.79    0.0002    0.01%   99.99%
    [18]  R9      P4        57.03      69.62    16.86    10.00       none      24.82    0.0001    0.00%   99.99%
    [19]  R8      P4        57.03      72.50    17.49    10.00       none      25.74    0.0001    0.00%  100.00%
    [20]  R13     P3        54.26      75.64    16.71    21.00       none      26.37    0.0000    0.00%  100.00%
    [21]  R1      P1        45.78      64.08    19.79    10.00       none      27.20    0.0000    0.00%  100.00%
    [22]  R5      P5        64.26      85.50    18.57    10.00       none      28.12    0.0000    0.00%  100.00%
    [23]  R13     P4        57.03      78.41    19.48    10.00       none      28.32    0.0000    0.00%  100.00%
    [24]  R4      P3        54.26      70.91    19.96    21.00       none      29.15    0.0000    0.00%  100.00%
    [25]  R11     P5        64.26      93.36    20.38    10.00       none      30.71    0.0000    0.00%  100.00%
    [26]  R4      P4        57.03      73.68    22.73    10.00       none      31.09    0.0000    0.00%  100.00%
    [27]  R6      P3        54.26      71.54    22.70    21.00       none      31.96    0.0000    0.00%  100.00%
    [28]  R9      P5        64.26      76.85    24.09    10.00       none      32.78    0.0000    0.00%  100.00%
    [29]  R8      P5        64.26      79.73    24.72    10.00       none      33.69    0.0000    0.00%  100.00%
    [30]  R6      P4        57.03      74.31    25.47    10.00       none      33.90    0.0000    0.00%  100.00%
    [31]  R18     P3        54.26      62.33    25.66    21.00       none      34.00    0.0000    0.00%  100.00%
    [32]  R18     P4        57.03      65.10    28.43    10.00       none      35.95    0.0000    0.00%  100.00%
    [33]  R13     P5        64.26      85.64    26.71    10.00       none      36.27    0.0000    0.00%  100.00%
    [34]  R17     P2        79.21     101.31    25.59    10.00       none      36.73    0.0000    0.00%  100.00%
    [35]  R1      P3        54.26      72.56    28.27    21.00       none      37.62    0.0000    0.00%  100.00%
    [36]  R4      P5        64.26      80.91    29.96    10.00       none      39.05    0.0000    0.00%  100.00%
    [37]  R1      P4        57.03      75.33    31.04    10.00       none      39.57    0.0000    0.00%  100.00%
    [38]  R6      P5        64.26      81.54    32.70    10.00       none      41.86    0.0000    0.00%  100.00%
    [39]  R18     P5        64.26      72.33    35.66    10.00       none      43.90    0.0000    0.00%  100.00%
    [40]  R5      P2        79.21     100.45    33.52    10.00       none      44.56    0.0000    0.00%  100.00%
    [41]  R11     P2        79.21     108.31    35.32    10.00       none      47.15    0.0000    0.00%  100.00%
    [42]  R1      P5        64.26      82.56    38.27    10.00       none      47.52    0.0000    0.00%  100.00%
    [43]  R9      P2        79.21      91.80    39.04    10.00       none      49.22    0.0000    0.00%  100.00%
    [44]  R8      P2        79.21      94.68    39.67    10.00       none      50.13    0.0000    0.00%  100.00%
    [45]  R13     P2        79.21     100.59    41.66    10.00       none      52.72    0.0000    0.00%  100.00%
    [46]  R4      P2        79.21      95.86    44.90    10.00       none      55.49    0.0000    0.00%  100.00%
    [47]  R6      P2        79.21      96.49    47.65    10.00       none      58.30    0.0000    0.00%  100.00%
    [48]  R18     P2        79.21      87.28    50.61    10.00       none      60.34    0.0000    0.00%  100.00%
    [49]  R1      P2        79.21      97.51    53.22    10.00       none      63.97    0.0000    0.00%  100.00%
    draw=0.9897  →  (R17, P1) (rank 0) selected

  Assignment: R17 → P1  [45.78 → 67.88]  delay=0.00
    J17-1      [45.78 → 51.90]
    J17-2      [51.90 → 59.70]
    J17-3      [59.70 → 67.89]

  Assigned so far:
    ID      Pos       start    finish    delay
    ----------------------------------------
    R12     P1         8.13     13.91     0.00
    R7      P5         1.21     15.14     0.00
    R2      P2         0.00     15.20     0.00
    R16     P4        15.14     21.77     0.00
    R20     P3        23.48     33.26     0.00
    R10     P1        23.91     35.78     0.00
    R19     P2        25.20     34.39     0.00
    R15     P4        33.26     47.03     0.00
    R14     P5        33.26     54.26     0.00
    R3      P2        44.39     69.21     0.20
    R17     P1        45.78     67.89     0.00

========================================================================
  STEP 12/20
========================================================================

  Pair evaluation  (45 pairs):
    Rank   ID      Pos     t_start   t_finish    delay      gap   blocking      score    weight     P(%)   cum(%)
    ---------------------------------------------------------------------------------------------------------
    [ 0]  R5      P3        54.26      75.50     8.57    21.00       none      18.22    1.0000   40.00%   40.00%
    [ 1]  R5      P4        57.03      78.27    11.34    10.00       none      20.17    0.6000   24.00%   64.00%
    [ 2]  R11     P3        54.26      83.36    10.38    21.00       none      20.81    0.3600   14.40%   78.40%
    [ 3]  R11     P4        57.03      86.13    13.15    10.00       none      22.76    0.2160    8.64%   87.04%
    [ 4]  R9      P3        54.26      66.85    14.09    21.00       none      22.88    0.1296    5.18%   92.22%
    [ 5]  R8      P3        54.26      69.73    14.72    21.00       none      23.79    0.0778    3.11%   95.33%
    [ 6]  R9      P4        57.03      69.62    16.86    10.00       none      24.82    0.0467    1.87%   97.20%
    [ 7]  R8      P4        57.03      72.50    17.49    10.00       none      25.74    0.0280    1.12%   98.32%
    [ 8]  R13     P3        54.26      75.64    16.71    21.00       none      26.37    0.0168    0.67%   98.99%
    [ 9]  R5      P5        64.26      85.50    18.57    10.00       none      28.12    0.0101    0.40%   99.40%
    [10]  R13     P4        57.03      78.41    19.48    10.00       none      28.32    0.0060    0.24%   99.64%
    [11]  R4      P3        54.26      70.91    19.96    21.00       none      29.15    0.0036    0.15%   99.78%
    [12]  R11     P5        64.26      93.36    20.38    10.00       none      30.71    0.0022    0.09%   99.87%
    [13]  R4      P4        57.03      73.68    22.73    10.00       none      31.09    0.0013    0.05%   99.92%
    [14]  R6      P3        54.26      71.54    22.70    21.00       none      31.96    0.0008    0.03%   99.95%
    [15]  R9      P5        64.26      76.85    24.09    10.00       none      32.78    0.0005    0.02%   99.97%
    [16]  R8      P5        64.26      79.73    24.72    10.00       none      33.69    0.0003    0.01%   99.98%
    [17]  R6      P4        57.03      74.31    25.47    10.00       none      33.90    0.0002    0.01%   99.99%
    [18]  R18     P3        54.26      62.33    25.66    21.00       none      34.00    0.0001    0.00%   99.99%
    [19]  R18     P4        57.03      65.10    28.43    10.00       none      35.95    0.0001    0.00%  100.00%
    [20]  R13     P5        64.26      85.64    26.71    10.00       none      36.27    0.0000    0.00%  100.00%
    [21]  R1      P3        54.26      72.56    28.27    21.00       none      37.62    0.0000    0.00%  100.00%
    [22]  R4      P5        64.26      80.91    29.96    10.00       none      39.05    0.0000    0.00%  100.00%
    [23]  R1      P4        57.03      75.33    31.04    10.00       none      39.57    0.0000    0.00%  100.00%
    [24]  R6      P5        64.26      81.54    32.70    10.00       none      41.86    0.0000    0.00%  100.00%
    [25]  R5      P1        77.88      99.12    32.19    10.00       none      43.10    0.0000    0.00%  100.00%
    [26]  R18     P5        64.26      72.33    35.66    10.00       none      43.90    0.0000    0.00%  100.00%
    [27]  R5      P2        79.21     100.45    33.52    10.00       none      44.56    0.0000    0.00%  100.00%
    [28]  R11     P1        77.88     106.98    34.00    10.00       none      45.70    0.0000    0.00%  100.00%
    [29]  R11     P2        79.21     108.31    35.32    10.00       none      47.15    0.0000    0.00%  100.00%
    [30]  R1      P5        64.26      82.56    38.27    10.00       none      47.52    0.0000    0.00%  100.00%
    [31]  R9      P1        77.88      90.47    37.71    10.00       none      47.76    0.0000    0.00%  100.00%
    [32]  R8      P1        77.88      93.35    38.34    10.00       none      48.68    0.0000    0.00%  100.00%
    [33]  R9      P2        79.21      91.80    39.04    10.00       none      49.22    0.0000    0.00%  100.00%
    [34]  R8      P2        79.21      94.68    39.67    10.00       none      50.13    0.0000    0.00%  100.00%
    [35]  R13     P1        77.88      99.26    40.33    10.00       none      51.26    0.0000    0.00%  100.00%
    [36]  R13     P2        79.21     100.59    41.66    10.00       none      52.72    0.0000    0.00%  100.00%
    [37]  R4      P1        77.88      94.53    43.58    10.00       none      54.03    0.0000    0.00%  100.00%
    [38]  R4      P2        79.21      95.86    44.90    10.00       none      55.49    0.0000    0.00%  100.00%
    [39]  R6      P1        77.88      95.16    46.32    10.00       none      56.84    0.0000    0.00%  100.00%
    [40]  R6      P2        79.21      96.49    47.65    10.00       none      58.30    0.0000    0.00%  100.00%
    [41]  R18     P1        77.88      85.95    49.29    10.00       none      58.88    0.0000    0.00%  100.00%
    [42]  R18     P2        79.21      87.28    50.61    10.00       none      60.34    0.0000    0.00%  100.00%
    [43]  R1      P1        77.88      96.18    51.89    10.00       none      62.51    0.0000    0.00%  100.00%
    [44]  R1      P2        79.21      97.51    53.22    10.00       none      63.97    0.0000    0.00%  100.00%
    draw=2.4737  →  (R13, P3) (rank 8) selected
  start-time compare  R13 → P3:  t_imm=43.26 cost=92.17 (4 new movs)  vs  t_nob=54.26 cost=24.27

  Assignment: R13 → P3  [54.26 → 75.64]  delay=16.71
    J13-1      [54.26 → 66.35]
    J13-2      [66.35 → 75.64]

  Assigned so far:
    ID      Pos       start    finish    delay
    ----------------------------------------
    R12     P1         8.13     13.91     0.00
    R7      P5         1.21     15.14     0.00
    R2      P2         0.00     15.20     0.00
    R16     P4        15.14     21.77     0.00
    R20     P3        23.48     33.26     0.00
    R10     P1        23.91     35.78     0.00
    R19     P2        25.20     34.39     0.00
    R15     P4        33.26     47.03     0.00
    R14     P5        33.26     54.26     0.00
    R3      P2        44.39     69.21     0.20
    R17     P1        45.78     67.89     0.00
    R13     P3        54.26     75.64    16.71

========================================================================
  STEP 13/20
========================================================================

  Pair evaluation  (40 pairs):
    Rank   ID      Pos     t_start   t_finish    delay      gap   blocking      score    weight     P(%)   cum(%)
    ---------------------------------------------------------------------------------------------------------
    [ 0]  R5      P5        75.64      96.88    29.95    21.38       none      41.77    1.0000   40.00%   40.00%
    [ 1]  R5      P4        75.64      96.88    29.95    28.61       none      42.50    0.6000   24.00%   64.00%
    [ 2]  R5      P1        77.88      99.12    32.19    10.00       none      43.10    0.3600   14.40%   78.40%
    [ 3]  R11     P5        75.64     104.74    31.76    21.38       none      44.37    0.2160    8.64%   87.04%
    [ 4]  R5      P2        79.21     100.45    33.52    10.00       none      44.56    0.1296    5.18%   92.22%
    [ 5]  R11     P4        75.64     104.74    31.76    28.61       none      45.09    0.0778    3.11%   95.33%
    [ 6]  R11     P1        77.88     106.98    34.00    10.00       none      45.70    0.0467    1.87%   97.20%
    [ 7]  R9      P5        75.64      88.23    35.47    21.38       none      46.43    0.0280    1.12%   98.32%
    [ 8]  R11     P2        79.21     108.31    35.32    10.00       none      47.15    0.0168    0.67%   98.99%
    [ 9]  R9      P4        75.64      88.23    35.47    28.61       none      47.16    0.0101    0.40%   99.40%
    [10]  R8      P5        75.64      91.11    36.10    21.38       none      47.35    0.0060    0.24%   99.64%
    [11]  R9      P1        77.88      90.47    37.71    10.00       none      47.76    0.0036    0.15%   99.78%
    [12]  R8      P4        75.64      91.11    36.10    28.61       none      48.07    0.0022    0.09%   99.87%
    [13]  R8      P1        77.88      93.35    38.34    10.00       none      48.68    0.0013    0.05%   99.92%
    [14]  R9      P2        79.21      91.80    39.04    10.00       none      49.22    0.0008    0.03%   99.95%
    [15]  R8      P2        79.21      94.68    39.67    10.00       none      50.13    0.0005    0.02%   99.97%
    [16]  R5      P3        85.64     106.88    39.95    10.00       none      51.64    0.0003    0.01%   99.98%
    [17]  R4      P5        75.64      92.29    41.34    21.38       none      52.70    0.0002    0.01%   99.99%
    [18]  R4      P4        75.64      92.29    41.34    28.61       none      53.43    0.0001    0.00%   99.99%
    [19]  R4      P1        77.88      94.53    43.58    10.00       none      54.03    0.0001    0.00%  100.00%
    [20]  R11     P3        85.64     114.74    41.76    10.00       none      54.23    0.0000    0.00%  100.00%
    [21]  R4      P2        79.21      95.86    44.90    10.00       none      55.49    0.0000    0.00%  100.00%
    [22]  R6      P5        75.64      92.92    44.08    21.38       none      55.51    0.0000    0.00%  100.00%
    [23]  R6      P4        75.64      92.92    44.08    28.61       none      56.23    0.0000    0.00%  100.00%
    [24]  R9      P3        85.64      98.23    45.47    10.00       none      56.29    0.0000    0.00%  100.00%
    [25]  R6      P1        77.88      95.16    46.32    10.00       none      56.84    0.0000    0.00%  100.00%
    [26]  R8      P3        85.64     101.11    46.10    10.00       none      57.21    0.0000    0.00%  100.00%
    [27]  R18     P5        75.64      83.71    47.04    21.38       none      57.55    0.0000    0.00%  100.00%
    [28]  R18     P4        75.64      83.71    47.04    28.61       none      58.28    0.0000    0.00%  100.00%
    [29]  R6      P2        79.21      96.49    47.65    10.00       none      58.30    0.0000    0.00%  100.00%
    [30]  R18     P1        77.88      85.95    49.29    10.00       none      58.88    0.0000    0.00%  100.00%
    [31]  R18     P2        79.21      87.28    50.61    10.00       none      60.34    0.0000    0.00%  100.00%
    [32]  R1      P5        75.64      93.94    49.65    21.38       none      61.18    0.0000    0.00%  100.00%
    [33]  R1      P4        75.64      93.94    49.65    28.61       none      61.90    0.0000    0.00%  100.00%
    [34]  R1      P1        77.88      96.18    51.89    10.00       none      62.51    0.0000    0.00%  100.00%
    [35]  R4      P3        85.64     102.29    51.34    10.00       none      62.57    0.0000    0.00%  100.00%
    [36]  R1      P2        79.21      97.51    53.22    10.00       none      63.97    0.0000    0.00%  100.00%
    [37]  R6      P3        85.64     102.92    54.08    10.00       none      65.37    0.0000    0.00%  100.00%
    [38]  R18     P3        85.64      93.71    57.04    10.00       none      67.42    0.0000    0.00%  100.00%
    [39]  R1      P3        85.64     103.94    59.65    10.00       none      71.04    0.0000    0.00%  100.00%
    draw=0.5927  →  (R5, P5) (rank 0) selected
  start-time compare  R5 → P5:  t_imm=64.26 cost=67.12 (2 new movs)  vs  t_nob=75.64 cost=39.64

  Assignment: R5 → P5  [75.64 → 96.88]  delay=29.95
    J5-1       [75.64 → 82.17]
    J5-2       [82.17 → 89.84]
    J5-3       [89.84 → 96.88]

  Assigned so far:
    ID      Pos       start    finish    delay
    ----------------------------------------
    R12     P1         8.13     13.91     0.00
    R7      P5         1.21     15.14     0.00
    R2      P2         0.00     15.20     0.00
    R16     P4        15.14     21.77     0.00
    R20     P3        23.48     33.26     0.00
    R10     P1        23.91     35.78     0.00
    R19     P2        25.20     34.39     0.00
    R15     P4        33.26     47.03     0.00
    R14     P5        33.26     54.26     0.00
    R3      P2        44.39     69.21     0.20
    R17     P1        45.78     67.89     0.00
    R13     P3        54.26     75.64    16.71
    R5      P5        75.64     96.88    29.95

========================================================================
  STEP 14/20
========================================================================

  Pair evaluation  (35 pairs):
    Rank   ID      Pos     t_start   t_finish    delay      gap   blocking      score    weight     P(%)   cum(%)
    ---------------------------------------------------------------------------------------------------------
    [ 0]  R11     P1        77.88     106.98    34.00    10.00       none      45.70    1.0000   40.00%   40.00%
    [ 1]  R11     P2        79.21     108.31    35.32    10.00       none      47.15    0.6000   24.00%   64.00%
    [ 2]  R9      P4        75.64      88.23    35.47    28.61       none      47.16    0.3600   14.40%   78.40%
    [ 3]  R9      P1        77.88      90.47    37.71    10.00       none      47.76    0.2160    8.64%   87.04%
    [ 4]  R8      P4        75.64      91.11    36.10    28.61       none      48.07    0.1296    5.18%   92.22%
    [ 5]  R8      P1        77.88      93.35    38.34    10.00       none      48.68    0.0778    3.11%   95.33%
    [ 6]  R9      P2        79.21      91.80    39.04    10.00       none      49.22    0.0467    1.87%   97.20%
    [ 7]  R8      P2        79.21      94.68    39.67    10.00       none      50.13    0.0280    1.12%   98.32%
    [ 8]  R4      P4        75.64      92.29    41.34    28.61       none      53.43    0.0168    0.67%   98.99%
    [ 9]  R4      P1        77.88      94.53    43.58    10.00       none      54.03    0.0101    0.40%   99.40%
    [10]  R4      P2        79.21      95.86    44.90    10.00       none      55.49    0.0060    0.24%   99.64%
    [11]  R6      P4        75.64      92.92    44.08    28.61       none      56.23    0.0036    0.15%   99.78%
    [12]  R6      P1        77.88      95.16    46.32    10.00       none      56.84    0.0022    0.09%   99.87%
    [13]  R18     P4        75.64      83.71    47.04    28.61       none      58.28    0.0013    0.05%   99.92%
    [14]  R6      P2        79.21      96.49    47.65    10.00       none      58.30    0.0008    0.03%   99.95%
    [15]  R18     P1        77.88      85.95    49.29    10.00       none      58.88    0.0005    0.02%   99.97%
    [16]  R18     P2        79.21      87.28    50.61    10.00       none      60.34    0.0003    0.01%   99.98%
    [17]  R1      P4        75.64      93.94    49.65    28.61       none      61.90    0.0002    0.01%   99.99%
    [18]  R1      P1        77.88      96.18    51.89    10.00       none      62.51    0.0001    0.00%   99.99%
    [19]  R1      P2        79.21      97.51    53.22    10.00       none      63.97    0.0001    0.00%  100.00%
    [20]  R18     P3        85.64      93.71    57.04    10.00       none      67.42    0.0000    0.00%  100.00%
    [21]  R11     P3        96.88     125.98    53.00    21.24       none      67.72    0.0000    0.00%  100.00%
    [22]  R9      P3        96.88     109.47    56.71    21.24       none      69.78    0.0000    0.00%  100.00%
    [23]  R11     P4        96.88     125.98    53.00    49.85       none      70.58    0.0000    0.00%  100.00%
    [24]  R8      P3        96.88     112.35    57.34    21.24       none      70.70    0.0000    0.00%  100.00%
    [25]  R4      P3        96.88     113.53    62.58    21.24       none      76.05    0.0000    0.00%  100.00%
    [26]  R11     P5       106.88     135.98    63.00    10.00       none      77.59    0.0000    0.00%  100.00%
    [27]  R6      P3        96.88     114.16    65.32    21.24       none      78.86    0.0000    0.00%  100.00%
    [28]  R9      P5       106.88     119.47    66.71    10.00       none      79.66    0.0000    0.00%  100.00%
    [29]  R8      P5       106.88     122.35    67.34    10.00       none      80.57    0.0000    0.00%  100.00%
    [30]  R1      P3        96.88     115.18    70.89    21.24       none      84.53    0.0000    0.00%  100.00%
    [31]  R4      P5       106.88     123.53    72.58    10.00       none      85.93    0.0000    0.00%  100.00%
    [32]  R6      P5       106.88     124.16    75.32    10.00       none      88.74    0.0000    0.00%  100.00%
    [33]  R18     P5       106.88     114.95    78.28    10.00       none      90.78    0.0000    0.00%  100.00%
    [34]  R1      P5       106.88     125.18    80.89    10.00       none      94.41    0.0000    0.00%  100.00%
    draw=0.2596  →  (R11, P1) (rank 0) selected

  Assignment: R11 → P1  [77.88 → 106.98]  delay=34.00
    J11-1      [77.89 → 86.31]
    J11-2      [86.31 → 94.75]
    J11-3      [94.75 → 106.98]

  Assigned so far:
    ID      Pos       start    finish    delay
    ----------------------------------------
    R12     P1         8.13     13.91     0.00
    R7      P5         1.21     15.14     0.00
    R2      P2         0.00     15.20     0.00
    R16     P4        15.14     21.77     0.00
    R20     P3        23.48     33.26     0.00
    R10     P1        23.91     35.78     0.00
    R19     P2        25.20     34.39     0.00
    R15     P4        33.26     47.03     0.00
    R14     P5        33.26     54.26     0.00
    R3      P2        44.39     69.21     0.20
    R17     P1        45.78     67.89     0.00
    R13     P3        54.26     75.64    16.71
    R5      P5        75.64     96.88    29.95
    R11     P1        77.89    106.98    34.00

========================================================================
  STEP 15/20
========================================================================

  Pair evaluation  (30 pairs):
    Rank   ID      Pos     t_start   t_finish    delay      gap   blocking      score    weight     P(%)   cum(%)
    ---------------------------------------------------------------------------------------------------------
    [ 0]  R9      P4        75.64      88.23    35.47    28.61       none      47.16    1.0000   40.00%   40.00%
    [ 1]  R8      P4        75.64      91.11    36.10    28.61       none      48.07    0.6000   24.00%   64.00%
    [ 2]  R9      P2        79.21      91.80    39.04    10.00       none      49.22    0.3600   14.40%   78.40%
    [ 3]  R8      P2        79.21      94.68    39.67    10.00       none      50.13    0.2160    8.64%   87.04%
    [ 4]  R4      P4        75.64      92.29    41.34    28.61       none      53.43    0.1296    5.18%   92.22%
    [ 5]  R4      P2        79.21      95.86    44.90    10.00       none      55.49    0.0778    3.11%   95.33%
    [ 6]  R6      P4        75.64      92.92    44.08    28.61       none      56.23    0.0467    1.87%   97.20%
    [ 7]  R18     P4        75.64      83.71    47.04    28.61       none      58.28    0.0280    1.12%   98.32%
    [ 8]  R6      P2        79.21      96.49    47.65    10.00       none      58.30    0.0168    0.67%   98.99%
    [ 9]  R18     P2        79.21      87.28    50.61    10.00       none      60.34    0.0101    0.40%   99.40%
    [10]  R1      P4        75.64      93.94    49.65    28.61       none      61.90    0.0060    0.24%   99.64%
    [11]  R1      P2        79.21      97.51    53.22    10.00       none      63.97    0.0036    0.15%   99.78%
    [12]  R18     P3        85.64      93.71    57.04    10.00       none      67.42    0.0022    0.09%   99.87%
    [13]  R9      P3        96.88     109.47    56.71    21.24       none      69.78    0.0013    0.05%   99.92%
    [14]  R8      P3        96.88     112.35    57.34    21.24       none      70.70    0.0008    0.03%   99.95%
    [15]  R4      P3        96.88     113.53    62.58    21.24       none      76.05    0.0005    0.02%   99.97%
    [16]  R6      P3        96.88     114.16    65.32    21.24       none      78.86    0.0003    0.01%   99.98%
    [17]  R9      P5       106.88     119.47    66.71    10.00       none      79.66    0.0002    0.01%   99.99%
    [18]  R8      P5       106.88     122.35    67.34    10.00       none      80.57    0.0001    0.00%   99.99%
    [19]  R1      P3        96.88     115.18    70.89    21.24       none      84.53    0.0001    0.00%  100.00%
    [20]  R4      P5       106.88     123.53    72.58    10.00       none      85.93    0.0000    0.00%  100.00%
    [21]  R6      P5       106.88     124.16    75.32    10.00       none      88.74    0.0000    0.00%  100.00%
    [22]  R9      P1       116.98     129.57    76.81    10.00       none      90.77    0.0000    0.00%  100.00%
    [23]  R18     P5       106.88     114.95    78.28    10.00       none      90.78    0.0000    0.00%  100.00%
    [24]  R8      P1       116.98     132.45    77.44    10.00       none      91.69    0.0000    0.00%  100.00%
    [25]  R1      P5       106.88     125.18    80.89    10.00       none      94.41    0.0000    0.00%  100.00%
    [26]  R4      P1       116.98     133.63    82.68    10.00       none      97.04    0.0000    0.00%  100.00%
    [27]  R6      P1       116.98     134.26    85.42    10.00       none      99.85    0.0000    0.00%  100.00%
    [28]  R18     P1       116.98     125.06    88.39    10.00       none     101.89    0.0000    0.00%  100.00%
    [29]  R1      P1       116.98     135.28    90.99    10.00       none     105.52    0.0000    0.00%  100.00%
    draw=0.4185  →  (R9, P4) (rank 0) selected
  start-time compare  R9 → P4:  t_imm=57.03 cost=103.82 (4 new movs)  vs  t_nob=75.64 cost=44.29

  Assignment: R9 → P4  [75.64 → 88.23]  delay=35.47
    J9-1       [75.64 → 85.65]
    J9-2       [85.65 → 88.23]

  Assigned so far:
    ID      Pos       start    finish    delay
    ----------------------------------------
    R12     P1         8.13     13.91     0.00
    R7      P5         1.21     15.14     0.00
    R2      P2         0.00     15.20     0.00
    R16     P4        15.14     21.77     0.00
    R20     P3        23.48     33.26     0.00
    R10     P1        23.91     35.78     0.00
    R19     P2        25.20     34.39     0.00
    R15     P4        33.26     47.03     0.00
    R14     P5        33.26     54.26     0.00
    R3      P2        44.39     69.21     0.20
    R17     P1        45.78     67.89     0.00
    R13     P3        54.26     75.64    16.71
    R5      P5        75.64     96.88    29.95
    R11     P1        77.89    106.98    34.00
    R9      P4        75.64     88.23    35.47

========================================================================
  STEP 16/20
========================================================================

  Pair evaluation  (25 pairs):
    Rank   ID      Pos     t_start   t_finish    delay      gap   blocking      score    weight     P(%)   cum(%)
    ---------------------------------------------------------------------------------------------------------
    [ 0]  R8      P2        79.21      94.68    39.67    10.00       none      50.13    1.0000   40.00%   40.00%
    [ 1]  R4      P2        79.21      95.86    44.90    10.00       none      55.49    0.6000   24.00%   64.00%
    [ 2]  R6      P2        79.21      96.49    47.65    10.00       none      58.30    0.3600   14.40%   78.40%
    [ 3]  R18     P2        79.21      87.28    50.61    10.00       none      60.34    0.2160    8.64%   87.04%
    [ 4]  R1      P2        79.21      97.51    53.22    10.00       none      63.97    0.1296    5.18%   92.22%
    [ 5]  R18     P3        88.23      96.30    59.63    12.59       none      70.52    0.0778    3.11%   95.33%
    [ 6]  R8      P3        96.88     112.35    57.34    21.24       none      70.70    0.0467    1.87%   97.20%
    [ 7]  R8      P4        98.23     113.70    58.69    10.00       none      71.06    0.0280    1.12%   98.32%
    [ 8]  R4      P3        96.88     113.53    62.58    21.24       none      76.05    0.0168    0.67%   98.99%
    [ 9]  R4      P4        98.23     114.88    63.93    10.00       none      76.41    0.0101    0.40%   99.40%
    [10]  R6      P3        96.88     114.16    65.32    21.24       none      78.86    0.0060    0.24%   99.64%
    [11]  R6      P4        98.23     115.51    66.67    10.00       none      79.22    0.0036    0.15%   99.78%
    [12]  R8      P5       106.88     122.35    67.34    10.00       none      80.57    0.0022    0.09%   99.87%
    [13]  R18     P4        98.23     106.30    69.63    10.00       none      81.27    0.0013    0.05%   99.92%
    [14]  R1      P3        96.88     115.18    70.89    21.24       none      84.53    0.0008    0.03%   99.95%
    [15]  R1      P4        98.23     116.53    72.24    10.00       none      84.89    0.0005    0.02%   99.97%
    [16]  R4      P5       106.88     123.53    72.58    10.00       none      85.93    0.0003    0.01%   99.98%
    [17]  R6      P5       106.88     124.16    75.32    10.00       none      88.74    0.0002    0.01%   99.99%
    [18]  R18     P5       106.88     114.95    78.28    10.00       none      90.78    0.0001    0.00%   99.99%
    [19]  R8      P1       116.98     132.45    77.44    10.00       none      91.69    0.0001    0.00%  100.00%
    [20]  R1      P5       106.88     125.18    80.89    10.00       none      94.41    0.0000    0.00%  100.00%
    [21]  R4      P1       116.98     133.63    82.68    10.00       none      97.04    0.0000    0.00%  100.00%
    [22]  R6      P1       116.98     134.26    85.42    10.00       none      99.85    0.0000    0.00%  100.00%
    [23]  R18     P1       116.98     125.06    88.39    10.00       none     101.89    0.0000    0.00%  100.00%
    [24]  R1      P1       116.98     135.28    90.99    10.00       none     105.52    0.0000    0.00%  100.00%
    draw=1.7751  →  (R6, P2) (rank 2) selected

  Assignment: R6 → P2  [79.21 → 96.49]  delay=47.65
    J6-1       [79.21 → 88.41]
    J6-2       [88.41 → 96.49]

  Assigned so far:
    ID      Pos       start    finish    delay
    ----------------------------------------
    R12     P1         8.13     13.91     0.00
    R7      P5         1.21     15.14     0.00
    R2      P2         0.00     15.20     0.00
    R16     P4        15.14     21.77     0.00
    R20     P3        23.48     33.26     0.00
    R10     P1        23.91     35.78     0.00
    R19     P2        25.20     34.39     0.00
    R15     P4        33.26     47.03     0.00
    R14     P5        33.26     54.26     0.00
    R3      P2        44.39     69.21     0.20
    R17     P1        45.78     67.89     0.00
    R13     P3        54.26     75.64    16.71
    R5      P5        75.64     96.88    29.95
    R11     P1        77.89    106.98    34.00
    R9      P4        75.64     88.23    35.47
    R6      P2        79.21     96.49    47.65

========================================================================
  STEP 17/20
========================================================================

  Pair evaluation  (20 pairs):
    Rank   ID      Pos     t_start   t_finish    delay      gap   blocking      score    weight     P(%)   cum(%)
    ---------------------------------------------------------------------------------------------------------
    [ 0]  R18     P3        88.23      96.30    59.63    12.59       none      70.52    1.0000   40.00%   40.00%
    [ 1]  R8      P3        96.88     112.35    57.34    21.24       none      70.70    0.6000   24.00%   64.00%
    [ 2]  R8      P4        98.23     113.70    58.69    10.00       none      71.06    0.3600   14.40%   78.40%
    [ 3]  R4      P3        96.88     113.53    62.58    21.24       none      76.05    0.2160    8.64%   87.04%
    [ 4]  R4      P4        98.23     114.88    63.93    10.00       none      76.41    0.1296    5.18%   92.23%
    [ 5]  R8      P2       106.49     121.96    66.95    10.00       none      80.14    0.0778    3.11%   95.34%
    [ 6]  R8      P5       106.88     122.35    67.34    10.00       none      80.57    0.0467    1.87%   97.20%
    [ 7]  R18     P4        98.23     106.30    69.63    10.00       none      81.27    0.0280    1.12%   98.32%
    [ 8]  R1      P3        96.88     115.18    70.89    21.24       none      84.53    0.0168    0.67%   99.00%
    [ 9]  R1      P4        98.23     116.53    72.24    10.00       none      84.89    0.0101    0.40%   99.40%
    [10]  R4      P2       106.49     123.14    72.18    10.00       none      85.50    0.0060    0.24%   99.64%
    [11]  R4      P5       106.88     123.53    72.58    10.00       none      85.93    0.0036    0.15%   99.79%
    [12]  R18     P2       106.49     114.56    77.89    10.00       none      90.35    0.0022    0.09%   99.87%
    [13]  R18     P5       106.88     114.95    78.28    10.00       none      90.78    0.0013    0.05%   99.93%
    [14]  R8      P1       116.98     132.45    77.44    10.00       none      91.69    0.0008    0.03%   99.96%
    [15]  R1      P2       106.49     124.79    80.50    10.00       none      93.97    0.0005    0.02%   99.98%
    [16]  R1      P5       106.88     125.18    80.89    10.00       none      94.41    0.0003    0.01%   99.99%
    [17]  R4      P1       116.98     133.63    82.68    10.00       none      97.04    0.0002    0.01%   99.99%
    [18]  R18     P1       116.98     125.06    88.39    10.00       none     101.89    0.0001    0.00%  100.00%
    [19]  R1      P1       116.98     135.28    90.99    10.00       none     105.52    0.0001    0.00%  100.00%
    draw=0.7369  →  (R18, P3) (rank 0) selected
  start-time compare  R18 → P3:  t_imm=85.64 cost=106.42 (2 new movs)  vs  t_nob=88.23 cost=69.27

  Assignment: R18 → P3  [88.23 → 96.30]  delay=59.63
    J18-1      [88.23 → 96.30]

  Assigned so far:
    ID      Pos       start    finish    delay
    ----------------------------------------
    R12     P1         8.13     13.91     0.00
    R7      P5         1.21     15.14     0.00
    R2      P2         0.00     15.20     0.00
    R16     P4        15.14     21.77     0.00
    R20     P3        23.48     33.26     0.00
    R10     P1        23.91     35.78     0.00
    R19     P2        25.20     34.39     0.00
    R15     P4        33.26     47.03     0.00
    R14     P5        33.26     54.26     0.00
    R3      P2        44.39     69.21     0.20
    R17     P1        45.78     67.89     0.00
    R13     P3        54.26     75.64    16.71
    R5      P5        75.64     96.88    29.95
    R11     P1        77.89    106.98    34.00
    R9      P4        75.64     88.23    35.47
    R6      P2        79.21     96.49    47.65
    R18     P3        88.23     96.30    59.63

========================================================================
  STEP 18/20
========================================================================

  Pair evaluation  (15 pairs):
    Rank   ID      Pos     t_start   t_finish    delay      gap   blocking      score    weight     P(%)   cum(%)
    ---------------------------------------------------------------------------------------------------------
    [ 0]  R8      P4        98.23     113.70    58.69    10.00       none      71.06    1.0000   40.02%   40.02%
    [ 1]  R4      P4        98.23     114.88    63.93    10.00       none      76.41    0.6000   24.01%   64.03%
    [ 2]  R8      P3       106.30     121.77    66.76    10.00       none      79.94    0.3600   14.41%   78.44%
    [ 3]  R8      P2       106.49     121.96    66.95    10.00       none      80.14    0.2160    8.64%   87.08%
    [ 4]  R8      P5       106.88     122.35    67.34    10.00       none      80.57    0.1296    5.19%   92.27%
    [ 5]  R1      P4        98.23     116.53    72.24    10.00       none      84.89    0.0778    3.11%   95.38%
    [ 6]  R4      P3       106.30     122.95    72.00    10.00       none      85.29    0.0467    1.87%   97.25%
    [ 7]  R4      P2       106.49     123.14    72.18    10.00       none      85.50    0.0280    1.12%   98.37%
    [ 8]  R4      P5       106.88     123.53    72.58    10.00       none      85.93    0.0168    0.67%   99.04%
    [ 9]  R8      P1       116.98     132.45    77.44    10.00       none      91.69    0.0101    0.40%   99.44%
    [10]  R1      P3       106.30     124.60    80.31    10.00       none      93.77    0.0060    0.24%   99.68%
    [11]  R1      P2       106.49     124.79    80.50    10.00       none      93.97    0.0036    0.15%   99.83%
    [12]  R1      P5       106.88     125.18    80.89    10.00       none      94.41    0.0022    0.09%   99.92%
    [13]  R4      P1       116.98     133.63    82.68    10.00       none      97.04    0.0013    0.05%   99.97%
    [14]  R1      P1       116.98     135.28    90.99    10.00       none     105.52    0.0008    0.03%  100.00%
    draw=1.2113  →  (R4, P4) (rank 1) selected

  Assignment: R4 → P4  [98.23 → 114.88]  delay=63.93
    J4-1       [98.23 → 106.82]
    J4-2       [106.82 → 114.88]

  Assigned so far:
    ID      Pos       start    finish    delay
    ----------------------------------------
    R12     P1         8.13     13.91     0.00
    R7      P5         1.21     15.14     0.00
    R2      P2         0.00     15.20     0.00
    R16     P4        15.14     21.77     0.00
    R20     P3        23.48     33.26     0.00
    R10     P1        23.91     35.78     0.00
    R19     P2        25.20     34.39     0.00
    R15     P4        33.26     47.03     0.00
    R14     P5        33.26     54.26     0.00
    R3      P2        44.39     69.21     0.20
    R17     P1        45.78     67.89     0.00
    R13     P3        54.26     75.64    16.71
    R5      P5        75.64     96.88    29.95
    R11     P1        77.89    106.98    34.00
    R9      P4        75.64     88.23    35.47
    R6      P2        79.21     96.49    47.65
    R18     P3        88.23     96.30    59.63
    R4      P4        98.23    114.88    63.93

========================================================================
  STEP 19/20
========================================================================

  Pair evaluation  (10 pairs):
    Rank   ID      Pos     t_start   t_finish    delay      gap   blocking      score    weight     P(%)   cum(%)
    ---------------------------------------------------------------------------------------------------------
    [ 0]  R8      P2       106.49     121.96    66.95    10.00       none      80.14    1.0000   40.24%   40.24%
    [ 1]  R8      P5       114.88     130.35    75.34    18.00       none      90.17    0.6000   24.15%   64.39%
    [ 2]  R8      P3       114.88     130.35    75.34    18.58       none      90.23    0.3600   14.49%   78.88%
    [ 3]  R8      P1       116.98     132.45    77.44    10.00       none      91.69    0.2160    8.69%   87.57%
    [ 4]  R1      P2       106.49     124.79    80.50    10.00       none      93.97    0.1296    5.22%   92.79%
    [ 5]  R8      P4       124.88     140.35    85.34    10.00       none     100.37    0.0778    3.13%   95.91%
    [ 6]  R1      P5       114.88     133.18    88.89    18.00       none     104.01    0.0467    1.88%   97.79%
    [ 7]  R1      P3       114.88     133.18    88.89    18.58       none     104.06    0.0280    1.13%   98.92%
    [ 8]  R1      P1       116.98     135.28    90.99    10.00       none     105.52    0.0168    0.68%   99.59%
    [ 9]  R1      P4       124.88     143.18    98.89    10.00       none     114.21    0.0101    0.41%  100.00%
    draw=1.0788  →  (R8, P5) (rank 1) selected
  start-time compare  R8 → P5:  t_imm=106.88 cost=119.57 (2 new movs)  vs  t_nob=114.88 cost=88.37

  Assignment: R8 → P5  [114.88 → 130.35]  delay=75.34
    J8-1       [114.88 → 122.90]
    J8-2       [122.90 → 130.35]

  Assigned so far:
    ID      Pos       start    finish    delay
    ----------------------------------------
    R12     P1         8.13     13.91     0.00
    R7      P5         1.21     15.14     0.00
    R2      P2         0.00     15.20     0.00
    R16     P4        15.14     21.77     0.00
    R20     P3        23.48     33.26     0.00
    R10     P1        23.91     35.78     0.00
    R19     P2        25.20     34.39     0.00
    R15     P4        33.26     47.03     0.00
    R14     P5        33.26     54.26     0.00
    R3      P2        44.39     69.21     0.20
    R17     P1        45.78     67.89     0.00
    R13     P3        54.26     75.64    16.71
    R5      P5        75.64     96.88    29.95
    R11     P1        77.89    106.98    34.00
    R9      P4        75.64     88.23    35.47
    R6      P2        79.21     96.49    47.65
    R18     P3        88.23     96.30    59.63
    R4      P4        98.23    114.88    63.93
    R8      P5       114.88    130.35    75.34

========================================================================
  STEP 20/20
========================================================================

  Pair evaluation  (5 pairs):
    Rank   ID      Pos     t_start   t_finish    delay      gap   blocking      score    weight     P(%)   cum(%)
    ---------------------------------------------------------------------------------------------------------
    [ 0]  R1      P2       106.49     124.79    80.50    10.00       none      93.97    1.0000   43.37%   43.37%
    [ 1]  R1      P1       116.98     135.28    90.99    10.00       none     105.52    0.6000   26.02%   69.40%
    [ 2]  R1      P4       130.35     148.65   104.36    15.47       none     120.77    0.3600   15.61%   85.01%
    [ 3]  R1      P3       130.35     148.65   104.36    34.05       none     122.63    0.2160    9.37%   94.38%
    [ 4]  R1      P5       140.35     158.65   114.36    10.00       none     131.22    0.1296    5.62%  100.00%
    draw=0.1295  →  (R1, P2) (rank 0) selected

  Assignment: R1 → P2  [106.49 → 124.79]  delay=80.50
    J1-1       [106.49 → 116.13]
    J1-2       [116.13 → 124.79]

  Assigned so far:
    ID      Pos       start    finish    delay
    ----------------------------------------
    R12     P1         8.13     13.91     0.00
    R7      P5         1.21     15.14     0.00
    R2      P2         0.00     15.20     0.00
    R16     P4        15.14     21.77     0.00
    R20     P3        23.48     33.26     0.00
    R10     P1        23.91     35.78     0.00
    R19     P2        25.20     34.39     0.00
    R15     P4        33.26     47.03     0.00
    R14     P5        33.26     54.26     0.00
    R3      P2        44.39     69.21     0.20
    R17     P1        45.78     67.89     0.00
    R13     P3        54.26     75.64    16.71
    R5      P5        75.64     96.88    29.95
    R11     P1        77.89    106.98    34.00
    R9      P4        75.64     88.23    35.47
    R6      P2        79.21     96.49    47.65
    R18     P3        88.23     96.30    59.63
    R4      P4        98.23    114.88    63.93
    R8      P5       114.88    130.35    75.34
    R1      P2       106.49    124.79    80.50

========================================================================
  Iteration result:  makespan=130.35  movements=0  delay=443.37
========================================================================

========================================================================
  Local search start  obj=456.40
========================================================================
  LS move: R3  P2 → P5  obj 456.40 → 440.25
  LS move: R7  P5 → P1  obj 440.25 → 419.53
  LS move: R7  P1 → P3  obj 419.53 → 407.22
  LS move: R16  P4 → P1  obj 407.22 → 405.85
  LS move: R16  P1 → P2  obj 405.85 → 402.21
  LS move: R2  P2 → P1  obj 402.21 → 386.49
  LS move: R10  P1 → P2  obj 386.49 → 373.23
  LS move: R10  P2 → P4  obj 373.23 → 365.44
  LS move: R13  P3 → P1  obj 365.44 → 348.06
  LS move: R12  P1 → P3  obj 348.06 → 343.68
  LS move: R8  P5 → P4  obj 343.68 → 337.35
  LS move: R15  P4 → P2  obj 337.35 → 328.51
  LS move: R16  P2 → P3  obj 328.51 → 322.55
  LS move: R12  P3 → P1  obj 322.55 → 300.68
  LS move: R17  P1 → P2  obj 300.68 → 299.37
  LS move: R19  P2 → P3  obj 299.37 → 268.89
  LS 2-opt swap: R7 P3<->P1 R2  obj 268.89 -> 268.82
  LS 2-opt swap: R14 P5<->P1 R13  obj 268.82 -> 268.44
  LS 2-opt swap: R13 P5<->P1 R11  obj 268.44 -> 260.30
  LS 2-opt swap: R10 P4<->P2 R15  obj 260.30 -> 258.40
  LS 2-opt swap: R10 P2<->P4 R9  obj 258.40 -> 256.88
  LS 2-opt swap: R14 P1<->P2 R17  obj 256.88 -> 253.91
  LS 2-opt swap: R4 P4<->P2 R1  obj 253.91 -> 250.61
  Local search end    obj=250.61

────────────────────────────────────────────────────────────────────────
  Iteration history
────────────────────────────────────────────────────────────────────────
      Iter   Time(s)           Obj    Makespan       Delay    Mov
  ------------------------------------------------------------
         1      0.00        351.52      134.44      338.07      0  *
         2      0.11        393.91      125.89      381.32      0
         3      0.23        273.31      118.44      261.46      0  *
         4      1.14        306.43      119.57      274.48      2
         5      1.27        353.45      121.52      341.29      0
         6      1.40        384.82      140.30      370.79      0
         7      1.51        371.68      118.47      359.83      0
         8      1.63        276.15      118.96      264.25      0
         9      1.76        325.99      141.78      311.81      0
        10      1.90        350.21      126.95      337.52      0
        11      2.02        370.75      119.93      358.76      0
        12      2.15        278.18      113.32      266.85      0
        13      3.03        341.99      125.37      329.45      0
        14      3.18        323.33      126.38      310.69      0
        15      3.29        453.10      128.76      440.22      0
        16      3.40        443.54      135.60      429.98      0
        17      3.52        422.82      139.27      408.89      0
        18      3.63        424.63      139.94      410.64      0
        19      3.74        269.83      107.97      259.03      0  *
        20      4.49        364.63      121.67      352.46      0
        21      4.62        384.02      134.96      370.53      0
        22      4.74        417.07      138.04      403.26      0
        23      4.87        399.85      129.94      386.85      0
        24      5.03        387.09      126.23      374.47      0
        25      5.20        377.96      129.34      365.02      0
        26      5.36        396.52      146.78      381.84      0
        27      5.52        315.66      136.38      302.02      0
        28      5.67        293.50      123.42      281.16      0
        29      5.79        388.79      139.59      374.83      0
        30      5.90        328.00      130.79      314.92      0
        31      6.02        313.20      130.10      300.19      0
        32      6.18        287.86      108.40      277.02      0
        33      7.14        356.08      130.38      343.04      0
        34      7.26        392.35      135.18      378.83      0
        35      7.38        356.66      128.49      343.81      0
        36      7.51        319.64      131.05      306.53      0
        37      7.63        400.10      128.17      387.28      0
        38      7.76        457.93      139.79      443.95      0
        39      7.90        307.57      122.78      295.30      0
        40      8.01        393.85      124.80      381.37      0
        41      8.13        407.25      141.88      393.06      0
        42      8.23        297.47      118.55      285.61      0
        43      8.35        306.95      131.38      293.81      0
        44      8.47        344.93      139.67      330.96      0
        45      8.59        366.90      135.62      353.34      0
        46      8.70        332.33      139.00      318.43      0
        47      8.82        360.81      132.38      347.57      0
        48      8.93        325.28      122.18      313.07      0
        49      9.04        399.01      134.22      385.59      0
        50      9.16        279.66      119.94      247.67      2
        51      9.28        438.72      141.88      424.53      0
        52      9.40        350.20      133.97      336.80      0
        53      9.54        321.89      127.94      309.10      0
        54      9.65        378.39      129.12      365.47      0
        55      9.77        401.16      135.56      387.61      0
        56      9.89        270.55      123.38      258.21      0
        57     10.71        369.75      131.10      356.63      0
        58     10.83        333.37      119.56      321.41      0
        59     10.95        427.79      135.66      414.23      0
        60     11.10        459.95      141.46      445.81      0
        61     11.23        357.46      133.38      344.12      0
        62     11.34        346.33      142.16      332.12      0
        63     11.45        333.41      119.08      321.50      0
        64     11.57        293.99      125.07      281.48      0
        65     11.71        333.31      137.31      319.58      0
        66     11.89        368.59      135.54      355.04      0
        67     12.01        359.27      121.72      347.10      0
        68     12.15        372.29      128.49      359.44      0
        69     12.29        364.06      132.42      350.82      0
        70     12.40        291.90      127.77      279.12      0
        71     12.51        321.19      116.56      309.54      0
        72     12.62        418.82      138.55      404.96      0
        73     12.75        265.27      130.64      252.20      0  *
        74     12.89        340.30      123.10      327.99      0
        75     13.03        300.99      122.09      288.78      0
        76     13.15        313.68      113.00      302.38      0
        77     13.27        290.78      120.62      278.72      0
        78     13.38        367.57      127.06      354.87      0
        79     13.58        325.09      127.01      312.39      0
        80     13.76        292.60      118.32      280.77      0
        81     14.95        336.12      119.59      324.16      0
        82     15.06        388.14      131.77      374.96      0
        83     15.17        274.40      115.48      262.85      0
        84     15.29        296.34      121.38      284.20      0
        85     15.41        350.79      126.22      338.17      0
        86     15.53        332.42      131.16      319.31      0
        87     15.65        403.42      129.47      390.47      0
        88     15.77        346.77      135.48      333.23      0
        89     15.89        366.50      128.25      353.67      0
        90     16.02        375.21      139.33      361.28      0
        91     16.13        291.88      126.23      279.25      0
        92     16.25        389.13      132.93      375.84      0
        93     16.37        255.96      102.96      245.67      0  *
        94     16.92        298.34      125.30      285.81      0
        95     17.05        397.63      132.13      384.42      0
        96     17.16        343.64      130.89      330.55      0
        97     17.28        367.51      134.68      354.05      0
        98     17.40        318.96      126.04      306.35      0
        99     17.51        410.23      126.51      397.58      0
       100     17.64        358.03      129.21      345.11      0
       101     17.76        333.21      124.51      320.76      0
       102     17.90        260.89      110.37      249.85      0
       103     18.77        349.63      121.97      337.43      0
       104     18.89        365.11      154.08      349.70      0
       105     19.02        354.26      139.09      340.35      0
       106     19.14        399.73      150.71      384.66      0
       107     19.26        410.88      140.70      396.81      0
       108     19.38        353.50      125.16      340.98      0
       109     19.50        362.29      137.24      348.57      0
       110     19.62        380.46      145.61      365.90      0
       111     19.75        257.30      129.16      244.39      0
       112     19.94        397.19      143.61      382.82      0
       113     20.12        349.45      125.92      336.86      0
       114     20.26        296.79      119.65      284.83      0
       115     20.38        369.09      131.22      355.97      0
       116     20.53        390.06      144.25      375.64      0
       117     20.66        385.71      134.38      372.27      0
       118     20.77        439.46      145.75      424.89      0
       119     20.88        371.70      145.30      357.17      0
       120     20.99        446.52      144.62      432.06      0
       121     21.12        425.80      120.84      413.72      0
       122     21.25        311.76      142.49      297.51      0
       123     21.36        268.16      114.49      256.71      0
       124     21.48        378.72      135.66      365.15      0
       125     21.60        325.30      120.70      313.23      0
       126     21.72        356.25      120.04      344.24      0
       127     21.86        345.88      142.93      331.59      0
       128     21.97        309.46      121.81      277.28      2
       129     22.09        459.74      148.44      444.89      0
       130     22.21        334.36      131.69      321.19      0
       131     22.35        306.76      126.11      294.14      0
       132     22.47        344.73      126.79      332.05      0
       133     22.61        355.82      131.89      342.63      0
       134     22.73        356.99      122.50      344.74      0
       135     22.85        424.24      130.00      411.24      0
       136     22.96        291.19      129.03      278.29      0
       137     23.09        329.40      115.18      317.88      0
       138     23.22        415.18      127.89      402.39      0
       139     23.33        328.60      129.26      315.67      0
       140     23.45        330.88      127.11      318.17      0
       141     23.57        376.98      128.46      364.14      0
       142     23.69        296.84      105.46      286.29      0
       143     24.64        298.55      117.03      286.85      0
       144     24.76        253.80      110.15      242.79      0  *
       145     25.70        286.45      112.38      275.21      0
       146     26.50        346.25      121.74      334.08      0
       147     26.63        349.55      120.32      337.51      0
       148     26.76        418.09      128.17      405.27      0
       149     26.88        279.84      139.03      265.94      0
       150     27.01        427.80      122.11      415.59      0
       151     27.12        307.84      123.36      295.50      0
       152     27.24        360.21      142.89      345.92      0
       153     27.36        270.79      118.17      258.97      0
       154     28.75        345.16      125.42      332.61      0
       155     28.89        450.33      134.64      436.86      0
       156     29.04        422.39      135.04      408.89      0
       157     29.18        383.99      124.23      371.57      0
       158     29.29        383.77      124.11      371.36      0
       159     29.46        267.20      106.80      256.52      0
       160     30.24        329.71      133.25      316.39      0
       161     30.36        366.34      132.68      353.07      0
       162     30.49        351.81      125.91      319.22      2
       163     30.61        282.49      106.86      271.80      0
       164     32.18        282.97      125.55      270.41      0
       165     32.35        355.52      127.81      342.73      0
       166     32.48        405.31      132.79      392.04      0
       167     32.60        252.22      117.69      240.45      0  *
       168     33.05        364.30      122.04      352.10      0
       169     33.19        275.25      108.07      264.44      0
       170     33.94        404.81      146.53      390.16      0
       171     34.14        357.17      129.05      344.26      0
       172     34.33        331.77      131.13      318.66      0
       173     34.48        342.98      131.68      329.81      0
       174     34.59        339.26      122.84      326.97      0
       175     34.71        327.65      117.98      315.85      0
       176     34.82        362.00      138.37      348.17      0
       177     34.94        294.18      121.00      282.08      0
       178     35.06        440.07      153.38      424.74      0
       179     35.20        363.37      142.84      349.08      0
       180     35.36        337.64      117.25      325.92      0
       181     35.51        399.67      144.75      385.20      0
       182     35.62        340.62      126.97      327.93      0
       183     35.76        389.34      147.22      374.62      0
       184     35.87        339.71      135.85      326.12      0
       185     35.98        364.52      127.27      351.79      0
       186     36.09        337.71      134.52      304.26      2
       187     36.20        344.95      126.80      332.27      0
       188     36.33        360.16      123.23      347.84      0
       189     36.45        344.70      116.54      333.04      0
       190     36.56        358.06      133.49      344.71      0
       191     36.68        315.55      136.42      301.91      0
       192     36.81        361.67      125.58      349.11      0
       193     36.94        388.10      142.64      373.83      0
       194     37.06        332.61      117.44      320.87      0
       195     37.19        278.35      114.21      266.93      0
       196     37.31        250.61      101.26      240.48      0  *
       197     38.09        382.02      130.07      369.01      0
       198     38.22        381.75      133.47      368.40      0
       199     38.34        448.86      152.79      433.58      0
       200     38.46        377.37      126.11      364.76      0
       201     38.58        352.62      127.82      339.83      0
       202     38.70        394.58      123.32      382.25      0
       203     38.82        264.14      108.38      253.31      0
       204     39.59        364.63      124.18      352.21      0
       205     39.71        364.10      134.42      330.65      2
       206     39.83        348.86      132.18      335.64      0
       207     39.95        263.68      106.16      253.06      0
       208     40.50        376.62      132.24      363.39      0
       209     40.62        372.84      131.67      359.67      0
       210     40.73        378.67      139.74      364.70      0
       211     40.85        400.52      149.35      385.58      0
       212     40.97        333.01      121.25      320.88      0
       213     41.09        353.68      121.28      341.55      0
       214     41.20        306.13      124.61      293.67      0
       215     41.32        250.61      101.26      240.48      0
       216     42.09        330.38      126.42      317.74      0
       217     42.21        313.43      124.85      300.94      0
       218     42.34        343.48      124.87      330.99      0
       219     42.46        429.82      124.09      417.41      0
       220     42.60        331.83      118.68      319.96      0
       221     42.80        445.85      151.36      430.72      0
       222     42.98        348.56      137.72      334.79      0
       223     43.17        338.66      131.59      325.50      0
       224     43.35        414.87      143.78      400.49      0
       225     43.50        342.61      121.11      330.50      0
       226     43.65        270.23      105.37      259.69      0
       227     44.70        351.88      132.09      338.67      0
       228     44.87        393.85      128.81      380.97      0
       229     45.00        338.54      120.45      326.49      0
       230     45.12        301.53      128.49      288.68      0
       231     45.25        270.92      113.80      259.54      0
       232     46.28        408.95      131.61      395.79      0
       233     46.44        257.62      110.90      246.53      0
       234     47.06        353.95      124.23      341.53      0
       235     47.21        368.46      134.93      354.97      0
       236     47.36        331.52      122.14      319.30      0
       237     47.49        383.06      121.47      370.92      0
       238     47.63        383.15      127.49      370.40      0
       239     47.78        417.15      139.48      403.20      0
       240     47.93        295.30      128.14      282.49      0
       241     48.05        362.23      130.66      349.16      0
       242     48.21        347.74      129.43      334.80      0
       243     48.36        354.16      129.66      341.20      0
       244     48.53        307.78      122.12      295.57      0
       245     48.66        390.30      123.68      377.93      0
       246     48.81        382.32      137.25      368.59      0
       247     48.99        356.72      113.55      345.36      0
       248     49.18        354.27      133.02      340.97      0
       249     49.36        372.48      130.51      359.43      0
       250     49.53        311.05      124.87      298.56      0
       251     49.68        335.90      124.67      323.43      0
       252     49.82        331.97      126.79      319.29      0
       253     49.96        261.96      114.59      250.50      0
       254     51.42        329.51      114.85      318.02      0
       255     51.58        313.84      121.31      301.71      0
       256     51.75        319.94      133.15      306.63      0
       257     51.89        325.89      125.53      313.34      0
       258     52.08        380.12      122.61      367.86      0
       259     52.26        369.25      129.52      356.30      0
       260     52.46        347.34      123.95      334.94      0
       261     52.64        369.11      133.71      355.74      0
       262     52.84        345.95      128.30      333.12      0
       263     53.05        316.19      122.31      303.96      0
       264     53.25        370.63      128.89      357.74      0
       265     53.47        278.91      134.91      265.42      0
       266     53.66        334.64      139.90      320.65      0
       267     53.85        323.93      127.62      311.16      0
       268     54.06        269.83      107.97      259.03      0
       269     55.50        396.60      122.78      384.32      0
       270     55.87        380.80      139.10      346.89      2
       271     56.20        400.93      147.18      386.21      0
       272     56.42        419.19      122.74      406.91      0
       273     56.64        387.62      138.89      373.73      0
       274     56.86        336.02      127.29      323.29      0
       275     57.00        281.74      115.39      270.21      0
       276     57.11        347.56      124.20      335.14      0
       277     57.31        399.32      126.82      386.64      0
       278     57.43        341.32      130.55      328.27      0
       279     57.60        316.37      115.55      304.81      0
       280     57.77        422.90      136.97      409.20      0
       281     57.92        267.14      121.63      254.98      0
       282     58.63        344.23      133.28      330.90      0
       283     58.75        418.20      132.24      404.98      0
       284     58.86        355.47      130.42      342.43      0
       285     58.98        374.63      118.27      362.81      0
       286     59.10        332.91      136.24      319.28      0
       287     59.22        370.32      128.53      357.47      0
       288     59.34        329.83      133.19      316.51      0
       289     59.46        353.42      124.75      340.94      0
       290     59.59        300.66      121.38      288.52      0
       291     59.73        348.01      141.68      333.84      0
       292     59.86        314.98      121.01      302.88      0
       293     59.98        402.02      162.64      385.75      0
  ------------------------------------------------------------
