========================================================================
  ConstructiveHeuristic — unknown
========================================================================
  alpha=0.7  time_limit=60s  seed=None  min_sep=10.0
  weights: makespan=0.0  delay=1.0  movements=0.0

  Instance: 10 aircraft  5 positions  3 blocking arcs
  Blocking arcs: P3→P4  P3→P5  P4→P5

────────────────────────────────────────────────────────────────────────
  Best construction detail  (iter 3  obj=0.0000)
────────────────────────────────────────────────────────────────────────
Blocking arcs: P3→P4  P3→P5  P4→P5

Aircraft initial ranking (target_finish ASC, total_duration ASC):
  Rank   ID       earliest     target    duration
  ----------------------------------------------
  [ 0]  R8          13.02      21.99        7.74
  [ 1]  R10         18.84      29.89        9.26
  [ 2]  R3           0.00      35.63       16.05
  [ 3]  R1           0.00      51.06       21.52
  [ 4]  R2           0.00      53.35       25.44
  [ 5]  R4           5.62      55.07       20.17
  [ 6]  R5           6.51      60.01       20.40
  [ 7]  R6           8.77      62.89       20.80
  [ 8]  R7          12.91      63.99       21.55
  [ 9]  R9          13.44      70.59       27.15

========================================================================
  STEP 1/10
========================================================================

  Pair evaluation  (50 pairs):
    Rank   ID      Pos     t_start   t_finish    delay      gap   blocking      score    weight     P(%)   cum(%)
    ---------------------------------------------------------------------------------------------------------
    [ 0]  R8      P1        13.02      20.76     0.00     0.00       none       0.00    1.0000   70.00%   70.00%
    [ 1]  R8      P2        13.02      20.76     0.00     0.00       none       0.00    0.3000   21.00%   91.00%
    [ 2]  R8      P3        13.02      20.76     0.00     0.00       none       0.00    0.0900    6.30%   97.30%
    [ 3]  R8      P4        13.02      20.76     0.00     0.00       none       0.00    0.0270    1.89%   99.19%
    [ 4]  R8      P5        13.02      20.76     0.00     0.00       none       0.00    0.0081    0.57%   99.76%
    [ 5]  R10     P1        18.84      28.10     0.00     0.00       none       0.00    0.0024    0.17%   99.93%
    [ 6]  R10     P2        18.84      28.10     0.00     0.00       none       0.00    0.0007    0.05%   99.98%
    [ 7]  R10     P3        18.84      28.10     0.00     0.00       none       0.00    0.0002    0.02%   99.99%
    [ 8]  R10     P4        18.84      28.10     0.00     0.00       none       0.00    0.0001    0.00%  100.00%
    [ 9]  R10     P5        18.84      28.10     0.00     0.00       none       0.00    0.0000    0.00%  100.00%
    [10]  R3      P1         0.00      16.05     0.00     0.00       none       0.00    0.0000    0.00%  100.00%
    [11]  R3      P2         0.00      16.05     0.00     0.00       none       0.00    0.0000    0.00%  100.00%
    [12]  R3      P3         0.00      16.05     0.00     0.00       none       0.00    0.0000    0.00%  100.00%
    [13]  R3      P4         0.00      16.05     0.00     0.00       none       0.00    0.0000    0.00%  100.00%
    [14]  R3      P5         0.00      16.05     0.00     0.00       none       0.00    0.0000    0.00%  100.00%
    [15]  R1      P1         0.00      21.52     0.00     0.00       none       0.00    0.0000    0.00%  100.00%
    [16]  R1      P2         0.00      21.52     0.00     0.00       none       0.00    0.0000    0.00%  100.00%
    [17]  R1      P3         0.00      21.52     0.00     0.00       none       0.00    0.0000    0.00%  100.00%
    [18]  R1      P4         0.00      21.52     0.00     0.00       none       0.00    0.0000    0.00%  100.00%
    [19]  R1      P5         0.00      21.52     0.00     0.00       none       0.00    0.0000    0.00%  100.00%
    [20]  R2      P1         0.00      25.44     0.00     0.00       none       0.00    0.0000    0.00%  100.00%
    [21]  R2      P2         0.00      25.44     0.00     0.00       none       0.00    0.0000    0.00%  100.00%
    [22]  R2      P3         0.00      25.44     0.00     0.00       none       0.00    0.0000    0.00%  100.00%
    [23]  R2      P4         0.00      25.44     0.00     0.00       none       0.00    0.0000    0.00%  100.00%
    [24]  R2      P5         0.00      25.44     0.00     0.00       none       0.00    0.0000    0.00%  100.00%
    [25]  R4      P1         5.62      25.79     0.00     0.00       none       0.00    0.0000    0.00%  100.00%
    [26]  R4      P2         5.62      25.79     0.00     0.00       none       0.00    0.0000    0.00%  100.00%
    [27]  R4      P3         5.62      25.79     0.00     0.00       none       0.00    0.0000    0.00%  100.00%
    [28]  R4      P4         5.62      25.79     0.00     0.00       none       0.00    0.0000    0.00%  100.00%
    [29]  R4      P5         5.62      25.79     0.00     0.00       none       0.00    0.0000    0.00%  100.00%
    [30]  R5      P1         6.51      26.91     0.00     0.00       none       0.00    0.0000    0.00%  100.00%
    [31]  R5      P2         6.51      26.91     0.00     0.00       none       0.00    0.0000    0.00%  100.00%
    [32]  R5      P3         6.51      26.91     0.00     0.00       none       0.00    0.0000    0.00%  100.00%
    [33]  R5      P4         6.51      26.91     0.00     0.00       none       0.00    0.0000    0.00%  100.00%
    [34]  R5      P5         6.51      26.91     0.00     0.00       none       0.00    0.0000    0.00%  100.00%
    [35]  R6      P1         8.77      29.57     0.00     0.00       none       0.00    0.0000    0.00%  100.00%
    [36]  R6      P2         8.77      29.57     0.00     0.00       none       0.00    0.0000    0.00%  100.00%
    [37]  R6      P3         8.77      29.57     0.00     0.00       none       0.00    0.0000    0.00%  100.00%
    [38]  R6      P4         8.77      29.57     0.00     0.00       none       0.00    0.0000    0.00%  100.00%
    [39]  R6      P5         8.77      29.57     0.00     0.00       none       0.00    0.0000    0.00%  100.00%
    [40]  R7      P1        12.91      34.46     0.00     0.00       none       0.00    0.0000    0.00%  100.00%
    [41]  R7      P2        12.91      34.46     0.00     0.00       none       0.00    0.0000    0.00%  100.00%
    [42]  R7      P3        12.91      34.46     0.00     0.00       none       0.00    0.0000    0.00%  100.00%
    [43]  R7      P4        12.91      34.46     0.00     0.00       none       0.00    0.0000    0.00%  100.00%
    [44]  R7      P5        12.91      34.46     0.00     0.00       none       0.00    0.0000    0.00%  100.00%
    [45]  R9      P1        13.44      40.59     0.00     0.00       none       0.00    0.0000    0.00%  100.00%
    [46]  R9      P2        13.44      40.59     0.00     0.00       none       0.00    0.0000    0.00%  100.00%
    [47]  R9      P3        13.44      40.59     0.00     0.00       none       0.00    0.0000    0.00%  100.00%
    [48]  R9      P4        13.44      40.59     0.00     0.00       none       0.00    0.0000    0.00%  100.00%
    [49]  R9      P5        13.44      40.59     0.00     0.00       none       0.00    0.0000    0.00%  100.00%
    draw=1.3974  →  (R8, P4) (rank 3) selected

  Assignment: R8 → P4  [13.02 → 20.76]  delay=0.00
    J8-1       [13.02 → 20.75]

  Assigned so far:
    ID      Pos       start    finish    delay
    ----------------------------------------
    R8      P4        13.02     20.75     0.00

========================================================================
  STEP 2/10
========================================================================

  Pair evaluation  (45 pairs):
    Rank   ID      Pos     t_start   t_finish    delay      gap   blocking      score    weight     P(%)   cum(%)
    ---------------------------------------------------------------------------------------------------------
    [ 0]  R10     P1        18.84      28.10     0.00     0.00       none       0.00    1.0000   70.00%   70.00%
    [ 1]  R10     P2        18.84      28.10     0.00     0.00       none       0.00    0.3000   21.00%   91.00%
    [ 2]  R10     P3        18.84      28.10     0.00     0.00      2 mov       0.00    0.0900    6.30%   97.30%
    [ 3]  R10     P5        18.84      28.10     0.00     0.00      2 mov       0.00    0.0270    1.89%   99.19%
    [ 4]  R3      P1         0.00      16.05     0.00     0.00       none       0.00    0.0081    0.57%   99.76%
    [ 5]  R3      P2         0.00      16.05     0.00     0.00       none       0.00    0.0024    0.17%   99.93%
    [ 6]  R3      P3         0.00      16.05     0.00     0.00      2 mov       0.00    0.0007    0.05%   99.98%
    [ 7]  R3      P5         0.00      16.05     0.00     0.00      2 mov       0.00    0.0002    0.02%   99.99%
    [ 8]  R1      P1         0.00      21.52     0.00     0.00       none       0.00    0.0001    0.00%  100.00%
    [ 9]  R1      P2         0.00      21.52     0.00     0.00       none       0.00    0.0000    0.00%  100.00%
    [10]  R1      P3         0.00      21.52     0.00     0.00      4 mov       0.00    0.0000    0.00%  100.00%
    [11]  R1      P5         0.00      21.52     0.00     0.00       none       0.00    0.0000    0.00%  100.00%
    [12]  R2      P1         0.00      25.44     0.00     0.00       none       0.00    0.0000    0.00%  100.00%
    [13]  R2      P2         0.00      25.44     0.00     0.00       none       0.00    0.0000    0.00%  100.00%
    [14]  R2      P3         0.00      25.44     0.00     0.00      4 mov       0.00    0.0000    0.00%  100.00%
    [15]  R2      P5         0.00      25.44     0.00     0.00       none       0.00    0.0000    0.00%  100.00%
    [16]  R4      P1         5.62      25.79     0.00     0.00       none       0.00    0.0000    0.00%  100.00%
    [17]  R4      P2         5.62      25.79     0.00     0.00       none       0.00    0.0000    0.00%  100.00%
    [18]  R4      P3         5.62      25.79     0.00     0.00      4 mov       0.00    0.0000    0.00%  100.00%
    [19]  R4      P4        30.76      50.93     0.00    10.00       none       0.00    0.0000    0.00%  100.00%
    [20]  R4      P5         5.62      25.79     0.00     0.00       none       0.00    0.0000    0.00%  100.00%
    [21]  R5      P1         6.51      26.91     0.00     0.00       none       0.00    0.0000    0.00%  100.00%
    [22]  R5      P2         6.51      26.91     0.00     0.00       none       0.00    0.0000    0.00%  100.00%
    [23]  R5      P3         6.51      26.91     0.00     0.00      4 mov       0.00    0.0000    0.00%  100.00%
    [24]  R5      P4        30.76      51.16     0.00    10.00       none       0.00    0.0000    0.00%  100.00%
    [25]  R5      P5         6.51      26.91     0.00     0.00       none       0.00    0.0000    0.00%  100.00%
    [26]  R6      P1         8.77      29.57     0.00     0.00       none       0.00    0.0000    0.00%  100.00%
    [27]  R6      P2         8.77      29.57     0.00     0.00       none       0.00    0.0000    0.00%  100.00%
    [28]  R6      P3         8.77      29.57     0.00     0.00      4 mov       0.00    0.0000    0.00%  100.00%
    [29]  R6      P4        30.76      51.56     0.00    10.00       none       0.00    0.0000    0.00%  100.00%
    [30]  R6      P5         8.77      29.57     0.00     0.00       none       0.00    0.0000    0.00%  100.00%
    [31]  R7      P1        12.91      34.46     0.00     0.00       none       0.00    0.0000    0.00%  100.00%
    [32]  R7      P2        12.91      34.46     0.00     0.00       none       0.00    0.0000    0.00%  100.00%
    [33]  R7      P3        12.91      34.46     0.00     0.00      4 mov       0.00    0.0000    0.00%  100.00%
    [34]  R7      P4        30.76      52.31     0.00    10.00       none       0.00    0.0000    0.00%  100.00%
    [35]  R7      P5        12.91      34.46     0.00     0.00       none       0.00    0.0000    0.00%  100.00%
    [36]  R9      P1        13.44      40.59     0.00     0.00       none       0.00    0.0000    0.00%  100.00%
    [37]  R9      P2        13.44      40.59     0.00     0.00       none       0.00    0.0000    0.00%  100.00%
    [38]  R9      P3        13.44      40.59     0.00     0.00      2 mov       0.00    0.0000    0.00%  100.00%
    [39]  R9      P4        30.76      57.91     0.00    10.00       none       0.00    0.0000    0.00%  100.00%
    [40]  R9      P5        13.44      40.59     0.00     0.00      2 mov       0.00    0.0000    0.00%  100.00%
    [41]  R1      P4        30.76      52.28     1.21    10.00       none       1.21    0.0000    0.00%  100.00%
    [42]  R2      P4        30.76      56.20     2.84    10.00       none       2.84    0.0000    0.00%  100.00%
    [43]  R10     P4        30.76      40.02    10.13    10.00       none      10.13    0.0000    0.00%  100.00%
    [44]  R3      P4        30.76      46.80    11.18    10.00       none      11.18    0.0000    0.00%  100.00%
    draw=0.4049  →  (R10, P1) (rank 0) selected

  Assignment: R10 → P1  [18.84 → 28.10]  delay=0.00
    J10-1      [18.84 → 28.10]

  Assigned so far:
    ID      Pos       start    finish    delay
    ----------------------------------------
    R8      P4        13.02     20.75     0.00
    R10     P1        18.84     28.10     0.00

========================================================================
  STEP 3/10
========================================================================

  Pair evaluation  (40 pairs):
    Rank   ID      Pos     t_start   t_finish    delay      gap   blocking      score    weight     P(%)   cum(%)
    ---------------------------------------------------------------------------------------------------------
    [ 0]  R3      P2         0.00      16.05     0.00     0.00       none       0.00    1.0000   70.00%   70.00%
    [ 1]  R3      P3         0.00      16.05     0.00     0.00      2 mov       0.00    0.3000   21.00%   91.00%
    [ 2]  R3      P5         0.00      16.05     0.00     0.00      2 mov       0.00    0.0900    6.30%   97.30%
    [ 3]  R1      P2         0.00      21.52     0.00     0.00       none       0.00    0.0270    1.89%   99.19%
    [ 4]  R1      P3         0.00      21.52     0.00     0.00      4 mov       0.00    0.0081    0.57%   99.76%
    [ 5]  R1      P5         0.00      21.52     0.00     0.00       none       0.00    0.0024    0.17%   99.93%
    [ 6]  R2      P2         0.00      25.44     0.00     0.00       none       0.00    0.0007    0.05%   99.98%
    [ 7]  R2      P3         0.00      25.44     0.00     0.00      4 mov       0.00    0.0002    0.02%   99.99%
    [ 8]  R2      P5         0.00      25.44     0.00     0.00       none       0.00    0.0001    0.00%  100.00%
    [ 9]  R4      P2         5.62      25.79     0.00     0.00       none       0.00    0.0000    0.00%  100.00%
    [10]  R4      P3         5.62      25.79     0.00     0.00      4 mov       0.00    0.0000    0.00%  100.00%
    [11]  R4      P4        30.76      50.93     0.00    10.00       none       0.00    0.0000    0.00%  100.00%
    [12]  R4      P5         5.62      25.79     0.00     0.00       none       0.00    0.0000    0.00%  100.00%
    [13]  R5      P1        38.10      58.50     0.00    10.00       none       0.00    0.0000    0.00%  100.00%
    [14]  R5      P2         6.51      26.91     0.00     0.00       none       0.00    0.0000    0.00%  100.00%
    [15]  R5      P3         6.51      26.91     0.00     0.00      4 mov       0.00    0.0000    0.00%  100.00%
    [16]  R5      P4        30.76      51.16     0.00    10.00       none       0.00    0.0000    0.00%  100.00%
    [17]  R5      P5         6.51      26.91     0.00     0.00       none       0.00    0.0000    0.00%  100.00%
    [18]  R6      P1        38.10      58.90     0.00    10.00       none       0.00    0.0000    0.00%  100.00%
    [19]  R6      P2         8.77      29.57     0.00     0.00       none       0.00    0.0000    0.00%  100.00%
    [20]  R6      P3         8.77      29.57     0.00     0.00      4 mov       0.00    0.0000    0.00%  100.00%
    [21]  R6      P4        30.76      51.56     0.00    10.00       none       0.00    0.0000    0.00%  100.00%
    [22]  R6      P5         8.77      29.57     0.00     0.00       none       0.00    0.0000    0.00%  100.00%
    [23]  R7      P1        38.10      59.65     0.00    10.00       none       0.00    0.0000    0.00%  100.00%
    [24]  R7      P2        12.91      34.46     0.00     0.00       none       0.00    0.0000    0.00%  100.00%
    [25]  R7      P3        12.91      34.46     0.00     0.00      4 mov       0.00    0.0000    0.00%  100.00%
    [26]  R7      P4        30.76      52.31     0.00    10.00       none       0.00    0.0000    0.00%  100.00%
    [27]  R7      P5        12.91      34.46     0.00     0.00       none       0.00    0.0000    0.00%  100.00%
    [28]  R9      P1        38.10      65.25     0.00    10.00       none       0.00    0.0000    0.00%  100.00%
    [29]  R9      P2        13.44      40.59     0.00     0.00       none       0.00    0.0000    0.00%  100.00%
    [30]  R9      P3        13.44      40.59     0.00     0.00      2 mov       0.00    0.0000    0.00%  100.00%
    [31]  R9      P4        30.76      57.91     0.00    10.00       none       0.00    0.0000    0.00%  100.00%
    [32]  R9      P5        13.44      40.59     0.00     0.00      2 mov       0.00    0.0000    0.00%  100.00%
    [33]  R1      P4        30.76      52.28     1.21    10.00       none       1.21    0.0000    0.00%  100.00%
    [34]  R2      P4        30.76      56.20     2.84    10.00       none       2.84    0.0000    0.00%  100.00%
    [35]  R4      P1        38.10      58.27     3.20    10.00       none       3.20    0.0000    0.00%  100.00%
    [36]  R1      P1        38.10      59.62     8.56    10.00       none       8.56    0.0000    0.00%  100.00%
    [37]  R2      P1        38.10      63.54    10.19    10.00       none      10.19    0.0000    0.00%  100.00%
    [38]  R3      P4        30.76      46.80    11.18    10.00       none      11.18    0.0000    0.00%  100.00%
    [39]  R3      P1        38.10      54.15    18.52    10.00       none      18.52    0.0000    0.00%  100.00%
    draw=0.7695  →  (R3, P2) (rank 0) selected

  Assignment: R3 → P2  [0.00 → 16.05]  delay=0.00
    J3-1       [0.00 → 8.95]
    J3-2       [8.95 → 16.05]

  Assigned so far:
    ID      Pos       start    finish    delay
    ----------------------------------------
    R8      P4        13.02     20.75     0.00
    R10     P1        18.84     28.10     0.00
    R3      P2         0.00     16.05     0.00

========================================================================
  STEP 4/10
========================================================================

  Pair evaluation  (35 pairs):
    Rank   ID      Pos     t_start   t_finish    delay      gap   blocking      score    weight     P(%)   cum(%)
    ---------------------------------------------------------------------------------------------------------
    [ 0]  R1      P2        26.05      47.57     0.00    10.00       none       0.00    1.0000   70.00%   70.00%
    [ 1]  R1      P3         0.00      21.52     0.00     0.00      4 mov       0.00    0.3000   21.00%   91.00%
    [ 2]  R1      P5         0.00      21.52     0.00     0.00       none       0.00    0.0900    6.30%   97.30%
    [ 3]  R2      P2        26.05      51.49     0.00    10.00       none       0.00    0.0270    1.89%   99.19%
    [ 4]  R2      P3         0.00      25.44     0.00     0.00      4 mov       0.00    0.0081    0.57%   99.76%
    [ 5]  R2      P5         0.00      25.44     0.00     0.00       none       0.00    0.0024    0.17%   99.93%
    [ 6]  R4      P2        26.05      46.22     0.00    10.00       none       0.00    0.0007    0.05%   99.98%
    [ 7]  R4      P3         5.62      25.79     0.00     0.00      4 mov       0.00    0.0002    0.02%   99.99%
    [ 8]  R4      P4        30.76      50.93     0.00    10.00       none       0.00    0.0001    0.00%  100.00%
    [ 9]  R4      P5         5.62      25.79     0.00     0.00       none       0.00    0.0000    0.00%  100.00%
    [10]  R5      P1        38.10      58.50     0.00    10.00       none       0.00    0.0000    0.00%  100.00%
    [11]  R5      P2        26.05      46.45     0.00    10.00       none       0.00    0.0000    0.00%  100.00%
    [12]  R5      P3         6.51      26.91     0.00     0.00      4 mov       0.00    0.0000    0.00%  100.00%
    [13]  R5      P4        30.76      51.16     0.00    10.00       none       0.00    0.0000    0.00%  100.00%
    [14]  R5      P5         6.51      26.91     0.00     0.00       none       0.00    0.0000    0.00%  100.00%
    [15]  R6      P1        38.10      58.90     0.00    10.00       none       0.00    0.0000    0.00%  100.00%
    [16]  R6      P2        26.05      46.85     0.00    10.00       none       0.00    0.0000    0.00%  100.00%
    [17]  R6      P3         8.77      29.57     0.00     0.00      4 mov       0.00    0.0000    0.00%  100.00%
    [18]  R6      P4        30.76      51.56     0.00    10.00       none       0.00    0.0000    0.00%  100.00%
    [19]  R6      P5         8.77      29.57     0.00     0.00       none       0.00    0.0000    0.00%  100.00%
    [20]  R7      P1        38.10      59.65     0.00    10.00       none       0.00    0.0000    0.00%  100.00%
    [21]  R7      P2        26.05      47.60     0.00    10.00       none       0.00    0.0000    0.00%  100.00%
    [22]  R7      P3        12.91      34.46     0.00     0.00      4 mov       0.00    0.0000    0.00%  100.00%
    [23]  R7      P4        30.76      52.31     0.00    10.00       none       0.00    0.0000    0.00%  100.00%
    [24]  R7      P5        12.91      34.46     0.00     0.00       none       0.00    0.0000    0.00%  100.00%
    [25]  R9      P1        38.10      65.25     0.00    10.00       none       0.00    0.0000    0.00%  100.00%
    [26]  R9      P2        26.05      53.20     0.00    10.00       none       0.00    0.0000    0.00%  100.00%
    [27]  R9      P3        13.44      40.59     0.00     0.00      2 mov       0.00    0.0000    0.00%  100.00%
    [28]  R9      P4        30.76      57.91     0.00    10.00       none       0.00    0.0000    0.00%  100.00%
    [29]  R9      P5        13.44      40.59     0.00     0.00      2 mov       0.00    0.0000    0.00%  100.00%
    [30]  R1      P4        30.76      52.28     1.21    10.00       none       1.21    0.0000    0.00%  100.00%
    [31]  R2      P4        30.76      56.20     2.84    10.00       none       2.84    0.0000    0.00%  100.00%
    [32]  R4      P1        38.10      58.27     3.20    10.00       none       3.20    0.0000    0.00%  100.00%
    [33]  R1      P1        38.10      59.62     8.56    10.00       none       8.56    0.0000    0.00%  100.00%
    [34]  R2      P1        38.10      63.54    10.19    10.00       none      10.19    0.0000    0.00%  100.00%
    draw=0.8012  →  (R1, P2) (rank 0) selected

  Assignment: R1 → P2  [26.05 → 47.57]  delay=0.00
    J1-1       [26.05 → 32.60]
    J1-2       [32.60 → 39.04]
    J1-3       [39.04 → 47.57]

  Assigned so far:
    ID      Pos       start    finish    delay
    ----------------------------------------
    R8      P4        13.02     20.75     0.00
    R10     P1        18.84     28.10     0.00
    R3      P2         0.00     16.05     0.00
    R1      P2        26.05     47.57     0.00

========================================================================
  STEP 5/10
========================================================================

  Pair evaluation  (30 pairs):
    Rank   ID      Pos     t_start   t_finish    delay      gap   blocking      score    weight     P(%)   cum(%)
    ---------------------------------------------------------------------------------------------------------
    [ 0]  R2      P3         0.00      25.44     0.00     0.00      4 mov       0.00    1.0000   70.00%   70.00%
    [ 1]  R2      P5         0.00      25.44     0.00     0.00       none       0.00    0.3000   21.00%   91.00%
    [ 2]  R4      P3         5.62      25.79     0.00     0.00      4 mov       0.00    0.0900    6.30%   97.30%
    [ 3]  R4      P4        30.76      50.93     0.00    10.00       none       0.00    0.0270    1.89%   99.19%
    [ 4]  R4      P5         5.62      25.79     0.00     0.00       none       0.00    0.0081    0.57%   99.76%
    [ 5]  R5      P1        38.10      58.50     0.00    10.00       none       0.00    0.0024    0.17%   99.93%
    [ 6]  R5      P3         6.51      26.91     0.00     0.00      4 mov       0.00    0.0007    0.05%   99.98%
    [ 7]  R5      P4        30.76      51.16     0.00    10.00       none       0.00    0.0002    0.02%   99.99%
    [ 8]  R5      P5         6.51      26.91     0.00     0.00       none       0.00    0.0001    0.00%  100.00%
    [ 9]  R6      P1        38.10      58.90     0.00    10.00       none       0.00    0.0000    0.00%  100.00%
    [10]  R6      P3         8.77      29.57     0.00     0.00      4 mov       0.00    0.0000    0.00%  100.00%
    [11]  R6      P4        30.76      51.56     0.00    10.00       none       0.00    0.0000    0.00%  100.00%
    [12]  R6      P5         8.77      29.57     0.00     0.00       none       0.00    0.0000    0.00%  100.00%
    [13]  R7      P1        38.10      59.65     0.00    10.00       none       0.00    0.0000    0.00%  100.00%
    [14]  R7      P3        12.91      34.46     0.00     0.00      4 mov       0.00    0.0000    0.00%  100.00%
    [15]  R7      P4        30.76      52.31     0.00    10.00       none       0.00    0.0000    0.00%  100.00%
    [16]  R7      P5        12.91      34.46     0.00     0.00       none       0.00    0.0000    0.00%  100.00%
    [17]  R9      P1        38.10      65.25     0.00    10.00       none       0.00    0.0000    0.00%  100.00%
    [18]  R9      P3        13.44      40.59     0.00     0.00      2 mov       0.00    0.0000    0.00%  100.00%
    [19]  R9      P4        30.76      57.91     0.00    10.00       none       0.00    0.0000    0.00%  100.00%
    [20]  R9      P5        13.44      40.59     0.00     0.00      2 mov       0.00    0.0000    0.00%  100.00%
    [21]  R2      P4        30.76      56.20     2.84    10.00       none       2.84    0.0000    0.00%  100.00%
    [22]  R4      P1        38.10      58.27     3.20    10.00       none       3.20    0.0000    0.00%  100.00%
    [23]  R2      P1        38.10      63.54    10.19    10.00       none      10.19    0.0000    0.00%  100.00%
    [24]  R9      P2        57.57      84.72    14.13    10.00       none      14.13    0.0000    0.00%  100.00%
    [25]  R7      P2        57.57      79.12    15.13    10.00       none      15.13    0.0000    0.00%  100.00%
    [26]  R6      P2        57.57      78.37    15.48    10.00       none      15.48    0.0000    0.00%  100.00%
    [27]  R5      P2        57.57      77.97    17.96    10.00       none      17.96    0.0000    0.00%  100.00%
    [28]  R4      P2        57.57      77.74    22.67    10.00       none      22.67    0.0000    0.00%  100.00%
    [29]  R2      P2        57.57      83.01    29.66    10.00       none      29.66    0.0000    0.00%  100.00%
    draw=1.3425  →  (R4, P3) (rank 2) selected
  start-time compare  R4 → P3:  t_imm=5.62 cost=0.00 (4 new movs)  vs  t_nob=20.76 cost=0.00

  Assignment: R4 → P3  [5.62 → 25.79]  delay=0.00
    J4-1       [5.62 → 12.11]
    J4-2       [12.11 → 18.48]
    J4-3       [18.48 → 25.79]

  Assigned so far:
    ID      Pos       start    finish    delay
    ----------------------------------------
    R8      P4        13.02     20.75     0.00
    R10     P1        18.84     28.10     0.00
    R3      P2         0.00     16.05     0.00
    R1      P2        26.05     47.57     0.00
    R4      P3         5.62     25.79     0.00

========================================================================
  STEP 6/10
========================================================================

  Pair evaluation  (25 pairs):
    Rank   ID      Pos     t_start   t_finish    delay      gap   blocking      score    weight     P(%)   cum(%)
    ---------------------------------------------------------------------------------------------------------
    [ 0]  R2      P5         0.00      25.44     0.00     0.00      6 mov       0.00    1.0000   70.00%   70.00%
    [ 1]  R5      P1        38.10      58.50     0.00    10.00      4 mov       0.00    0.3000   21.00%   91.00%
    [ 2]  R5      P3        35.79      56.19     0.00    10.00      4 mov       0.00    0.0900    6.30%   97.30%
    [ 3]  R5      P4        30.76      51.16     0.00    10.00      4 mov       0.00    0.0270    1.89%   99.19%
    [ 4]  R5      P5         6.51      26.91     0.00     0.00      6 mov       0.00    0.0081    0.57%   99.76%
    [ 5]  R6      P1        38.10      58.90     0.00    10.00      4 mov       0.00    0.0024    0.17%   99.93%
    [ 6]  R6      P3        35.79      56.59     0.00    10.00      4 mov       0.00    0.0007    0.05%   99.98%
    [ 7]  R6      P4        30.76      51.56     0.00    10.00      4 mov       0.00    0.0002    0.02%   99.99%
    [ 8]  R6      P5         8.77      29.57     0.00     0.00      6 mov       0.00    0.0001    0.00%  100.00%
    [ 9]  R7      P1        38.10      59.65     0.00    10.00      4 mov       0.00    0.0000    0.00%  100.00%
    [10]  R7      P3        35.79      57.34     0.00    10.00      4 mov       0.00    0.0000    0.00%  100.00%
    [11]  R7      P4        30.76      52.31     0.00    10.00      4 mov       0.00    0.0000    0.00%  100.00%
    [12]  R7      P5        12.91      34.46     0.00     0.00      6 mov       0.00    0.0000    0.00%  100.00%
    [13]  R9      P1        38.10      65.25     0.00    10.00      4 mov       0.00    0.0000    0.00%  100.00%
    [14]  R9      P3        35.79      62.94     0.00    10.00      4 mov       0.00    0.0000    0.00%  100.00%
    [15]  R9      P4        30.76      57.91     0.00    10.00      4 mov       0.00    0.0000    0.00%  100.00%
    [16]  R9      P5        13.44      40.59     0.00     0.00      8 mov       0.00    0.0000    0.00%  100.00%
    [17]  R2      P4        30.76      56.20     2.84    10.00      4 mov       2.84    0.0000    0.00%  100.00%
    [18]  R2      P3        35.79      61.23     7.88    10.00      4 mov       7.88    0.0000    0.00%  100.00%
    [19]  R2      P1        38.10      63.54    10.19    10.00      4 mov      10.19    0.0000    0.00%  100.00%
    [20]  R9      P2        57.57      84.72    14.13    10.00      4 mov      14.13    0.0000    0.00%  100.00%
    [21]  R7      P2        57.57      79.12    15.13    10.00      4 mov      15.13    0.0000    0.00%  100.00%
    [22]  R6      P2        57.57      78.37    15.48    10.00      4 mov      15.48    0.0000    0.00%  100.00%
    [23]  R5      P2        57.57      77.97    17.96    10.00      4 mov      17.96    0.0000    0.00%  100.00%
    [24]  R2      P2        57.57      83.01    29.66    10.00      4 mov      29.66    0.0000    0.00%  100.00%
    draw=0.9768  →  (R2, P5) (rank 0) selected
  start-time compare  R2 → P5:  t_imm=0.00 cost=0.00 (2 new movs)  vs  t_nob=0.35 cost=0.00

  Assignment: R2 → P5  [0.00 → 25.44]  delay=0.00
    J2-1       [0.00 → 7.50]
    J2-2       [7.50 → 15.75]
    J2-3       [15.75 → 25.44]

  Assigned so far:
    ID      Pos       start    finish    delay
    ----------------------------------------
    R8      P4        13.02     20.75     0.00
    R10     P1        18.84     28.10     0.00
    R3      P2         0.00     16.05     0.00
    R1      P2        26.05     47.57     0.00
    R4      P3         5.62     25.79     0.00
    R2      P5         0.00     25.44     0.00

========================================================================
  STEP 7/10
========================================================================

  Pair evaluation  (20 pairs):
    Rank   ID      Pos     t_start   t_finish    delay      gap   blocking      score    weight     P(%)   cum(%)
    ---------------------------------------------------------------------------------------------------------
    [ 0]  R5      P1        38.10      58.50     0.00    10.00      6 mov       0.00    1.0000   70.00%   70.00%
    [ 1]  R5      P3        35.79      56.19     0.00    10.00      6 mov       0.00    0.3000   21.00%   91.00%
    [ 2]  R5      P4        30.76      51.16     0.00    10.00      6 mov       0.00    0.0900    6.30%   97.30%
    [ 3]  R5      P5        35.44      55.84     0.00    10.00      6 mov       0.00    0.0270    1.89%   99.19%
    [ 4]  R6      P1        38.10      58.90     0.00    10.00      6 mov       0.00    0.0081    0.57%   99.76%
    [ 5]  R6      P3        35.79      56.59     0.00    10.00      6 mov       0.00    0.0024    0.17%   99.93%
    [ 6]  R6      P4        30.76      51.56     0.00    10.00      6 mov       0.00    0.0007    0.05%   99.98%
    [ 7]  R6      P5        35.44      56.24     0.00    10.00      6 mov       0.00    0.0002    0.02%   99.99%
    [ 8]  R7      P1        38.10      59.65     0.00    10.00      6 mov       0.00    0.0001    0.00%  100.00%
    [ 9]  R7      P3        35.79      57.34     0.00    10.00      6 mov       0.00    0.0000    0.00%  100.00%
    [10]  R7      P4        30.76      52.31     0.00    10.00      6 mov       0.00    0.0000    0.00%  100.00%
    [11]  R7      P5        35.44      56.99     0.00    10.00      6 mov       0.00    0.0000    0.00%  100.00%
    [12]  R9      P1        38.10      65.25     0.00    10.00      6 mov       0.00    0.0000    0.00%  100.00%
    [13]  R9      P3        35.79      62.94     0.00    10.00      6 mov       0.00    0.0000    0.00%  100.00%
    [14]  R9      P4        30.76      57.91     0.00    10.00      6 mov       0.00    0.0000    0.00%  100.00%
    [15]  R9      P5        35.44      62.59     0.00    10.00      6 mov       0.00    0.0000    0.00%  100.00%
    [16]  R9      P2        57.57      84.72    14.13    10.00      6 mov      14.13    0.0000    0.00%  100.00%
    [17]  R7      P2        57.57      79.12    15.13    10.00      6 mov      15.13    0.0000    0.00%  100.00%
    [18]  R6      P2        57.57      78.37    15.48    10.00      6 mov      15.48    0.0000    0.00%  100.00%
    [19]  R5      P2        57.57      77.97    17.96    10.00      6 mov      17.96    0.0000    0.00%  100.00%
    draw=0.7430  →  (R5, P1) (rank 0) selected

  Assignment: R5 → P1  [38.10 → 58.50]  delay=0.00
    J5-1       [38.10 → 44.16]
    J5-2       [44.16 → 49.89]
    J5-3       [49.89 → 58.50]

  Assigned so far:
    ID      Pos       start    finish    delay
    ----------------------------------------
    R8      P4        13.02     20.75     0.00
    R10     P1        18.84     28.10     0.00
    R3      P2         0.00     16.05     0.00
    R1      P2        26.05     47.57     0.00
    R4      P3         5.62     25.79     0.00
    R2      P5         0.00     25.44     0.00
    R5      P1        38.10     58.50     0.00

========================================================================
  STEP 8/10
========================================================================

  Pair evaluation  (15 pairs):
    Rank   ID      Pos     t_start   t_finish    delay      gap   blocking      score    weight     P(%)   cum(%)
    ---------------------------------------------------------------------------------------------------------
    [ 0]  R6      P3        35.79      56.59     0.00    10.00      6 mov       0.00    1.0000   70.00%   70.00%
    [ 1]  R6      P4        30.76      51.56     0.00    10.00      6 mov       0.00    0.3000   21.00%   91.00%
    [ 2]  R6      P5        35.44      56.24     0.00    10.00      6 mov       0.00    0.0900    6.30%   97.30%
    [ 3]  R7      P3        35.79      57.34     0.00    10.00      6 mov       0.00    0.0270    1.89%   99.19%
    [ 4]  R7      P4        30.76      52.31     0.00    10.00      6 mov       0.00    0.0081    0.57%   99.76%
    [ 5]  R7      P5        35.44      56.99     0.00    10.00      6 mov       0.00    0.0024    0.17%   99.93%
    [ 6]  R9      P3        35.79      62.94     0.00    10.00      6 mov       0.00    0.0007    0.05%   99.98%
    [ 7]  R9      P4        30.76      57.91     0.00    10.00      6 mov       0.00    0.0002    0.02%   99.99%
    [ 8]  R9      P5        35.44      62.59     0.00    10.00      6 mov       0.00    0.0001    0.00%  100.00%
    [ 9]  R9      P2        57.57      84.72    14.13    10.00      6 mov      14.13    0.0000    0.00%  100.00%
    [10]  R7      P2        57.57      79.12    15.13    10.00      6 mov      15.13    0.0000    0.00%  100.00%
    [11]  R6      P2        57.57      78.37    15.48    10.00      6 mov      15.48    0.0000    0.00%  100.00%
    [12]  R9      P1        68.50      95.65    25.06    10.00      6 mov      25.06    0.0000    0.00%  100.00%
    [13]  R7      P1        68.50      90.05    26.06    10.00      6 mov      26.06    0.0000    0.00%  100.00%
    [14]  R6      P1        68.50      89.30    26.41    10.00      6 mov      26.41    0.0000    0.00%  100.00%
    draw=0.7998  →  (R6, P3) (rank 0) selected

  Assignment: R6 → P3  [35.79 → 56.59]  delay=0.00
    J6-1       [35.79 → 40.09]
    J6-2       [40.09 → 47.74]
    J6-3       [47.74 → 56.59]

  Assigned so far:
    ID      Pos       start    finish    delay
    ----------------------------------------
    R8      P4        13.02     20.75     0.00
    R10     P1        18.84     28.10     0.00
    R3      P2         0.00     16.05     0.00
    R1      P2        26.05     47.57     0.00
    R4      P3         5.62     25.79     0.00
    R2      P5         0.00     25.44     0.00
    R5      P1        38.10     58.50     0.00
    R6      P3        35.79     56.59     0.00

========================================================================
  STEP 9/10
========================================================================

  Pair evaluation  (10 pairs):
    Rank   ID      Pos     t_start   t_finish    delay      gap   blocking      score    weight     P(%)   cum(%)
    ---------------------------------------------------------------------------------------------------------
    [ 0]  R7      P4        30.76      52.31     0.00    10.00      8 mov       0.00    1.0000   70.00%   70.00%
    [ 1]  R7      P5        35.44      56.99     0.00    10.00      6 mov       0.00    0.3000   21.00%   91.00%
    [ 2]  R9      P4        30.76      57.91     0.00    10.00      6 mov       0.00    0.0900    6.30%   97.30%
    [ 3]  R9      P5        35.44      62.59     0.00    10.00      6 mov       0.00    0.0270    1.89%   99.19%
    [ 4]  R9      P2        57.57      84.72    14.13    10.00      6 mov      14.13    0.0081    0.57%   99.76%
    [ 5]  R7      P2        57.57      79.12    15.13    10.00      6 mov      15.13    0.0024    0.17%   99.93%
    [ 6]  R9      P3        66.59      93.74    23.15    10.00      6 mov      23.15    0.0007    0.05%   99.98%
    [ 7]  R7      P3        66.59      88.14    24.14    10.00      6 mov      24.14    0.0002    0.02%   99.99%
    [ 8]  R9      P1        68.50      95.65    25.06    10.00      6 mov      25.06    0.0001    0.00%  100.00%
    [ 9]  R7      P1        68.50      90.05    26.06    10.00      6 mov      26.06    0.0000    0.00%  100.00%
    draw=0.8891  →  (R7, P4) (rank 0) selected
  start-time compare  R7 → P4:  t_imm=30.76 cost=0.00 (2 new movs)  vs  t_nob=35.04 cost=0.00

  Assignment: R7 → P4  [30.76 → 52.31]  delay=0.00
    J7-1       [30.75 → 36.52]
    J7-2       [36.52 → 43.01]
    J7-3       [43.01 → 52.30]

  Assigned so far:
    ID      Pos       start    finish    delay
    ----------------------------------------
    R8      P4        13.02     20.75     0.00
    R10     P1        18.84     28.10     0.00
    R3      P2         0.00     16.05     0.00
    R1      P2        26.05     47.57     0.00
    R4      P3         5.62     25.79     0.00
    R2      P5         0.00     25.44     0.00
    R5      P1        38.10     58.50     0.00
    R6      P3        35.79     56.59     0.00
    R7      P4        30.75     52.30     0.00

========================================================================
  STEP 10/10
========================================================================

  Pair evaluation  (5 pairs):
    Rank   ID      Pos     t_start   t_finish    delay      gap   blocking      score    weight     P(%)   cum(%)
    ---------------------------------------------------------------------------------------------------------
    [ 0]  R9      P5        35.44      62.59     0.00    10.00     10 mov       0.00    1.0000   70.17%   70.17%
    [ 1]  R9      P2        57.57      84.72    14.13    10.00      8 mov      14.13    0.3000   21.05%   91.22%
    [ 2]  R9      P4        62.31      89.46    18.87    10.00      8 mov      18.87    0.0900    6.32%   97.54%
    [ 3]  R9      P3        66.59      93.74    23.15    10.00      8 mov      23.15    0.0270    1.89%   99.43%
    [ 4]  R9      P1        68.50      95.65    25.06    10.00      8 mov      25.06    0.0081    0.57%  100.00%
    draw=0.4533  →  (R9, P5) (rank 0) selected
  start-time compare  R9 → P5:  t_imm=35.44 cost=0.00 (2 new movs)  vs  t_nob=56.59 cost=13.15

  Assignment: R9 → P5  [35.44 → 62.59]  delay=0.00
    J9-1       [35.44 → 42.59]
    J9-2       [42.59 → 52.62]
    J9-3       [52.62 → 62.59]

  Assigned so far:
    ID      Pos       start    finish    delay
    ----------------------------------------
    R8      P4        13.02     20.75     0.00
    R10     P1        18.84     28.10     0.00
    R3      P2         0.00     16.05     0.00
    R1      P2        26.05     47.57     0.00
    R4      P3         5.62     25.79     0.00
    R2      P5         0.00     25.44     0.00
    R5      P1        38.10     58.50     0.00
    R6      P3        35.79     56.59     0.00
    R7      P4        30.75     52.30     0.00
    R9      P5        35.44     62.59     0.00

========================================================================
  Iteration result:  makespan=62.59  movements=10  delay=0.00
========================================================================

========================================================================
  Local search start  obj=0.00
========================================================================
  Local search end    obj=0.00

────────────────────────────────────────────────────────────────────────
  Iteration history
────────────────────────────────────────────────────────────────────────
      Iter   Time(s)           Obj    Makespan       Delay    Mov
  ------------------------------------------------------------
         1      0.00         14.13       84.72       14.13     10  *
         2      0.02          8.15       72.14        8.15     14  *
         3      0.05          0.00       62.59        0.00     10  *
         4      0.07         10.13       64.06       10.13     14
         5      0.10          0.00       58.90        0.00      6
         6      0.12         17.49       88.08       17.49     10
         7      0.14          0.00       62.94        0.00     10
         8      0.16          1.02       71.61        1.02     14
         9      0.18          1.02       71.61        1.02     12
        10      0.19         10.13       64.06       10.13     10
        11      0.23          0.00       66.72        0.00     12
        12      0.26          0.00       66.72        0.00     12
        13      0.28          0.00       64.06        0.00     12
        14      0.30          8.15       72.14        8.15     16
        15      0.32          1.02       71.61        1.02     12
        16      0.34          1.02       71.61        1.02     14
        17      0.35          0.00       62.94        0.00     10
        18      0.37          1.02       71.61        1.02     16
        19      0.39          0.00       62.94        0.00     10
        20      0.41          0.00       59.65        0.00     10
        21      0.44          1.02       71.61        1.02     16
        22      0.46          1.02       71.61        1.02     10
        23      0.48          0.00       64.06        0.00     10
        24      0.50         14.13       84.72       14.13      8
        25      0.51          0.00       65.25        0.00     12
        26      0.53          0.00       66.72        0.00     14
        27      0.56         18.05       88.64       18.05     14
        28      0.58         10.13       62.94       10.13     16
        29      0.61          0.00       66.72        0.00     14
        30      0.64         14.13       84.72       14.13      6
        31      0.66         14.13       84.72       14.13      8
        32      0.68          0.00       62.94        0.00     10
        33      0.70          1.02       71.61        1.02     12
        34      0.72         17.49       88.08       17.49      8
        35      0.73         17.49       88.08       17.49      6
        36      0.75          1.02       71.61        1.02     12
        37      0.77          0.00       65.25        0.00     10
        38      0.78          0.00       66.72        0.00     12
        39      0.80          0.00       58.67        0.00     10
        40      0.82          0.00       58.50        0.00      8
        41      0.85          0.00       65.25        0.00     10
        42      0.87          0.00       62.59        0.00      6
        43      0.90          8.15       72.14        8.15     14
        44      0.92          1.02       71.61        1.02     10
        45      0.94          0.00       62.59        0.00      8
        46      0.96         14.13       84.72       14.13      8
        47      0.97          0.00       65.25        0.00     12
        48      0.99         15.13       79.12       15.13     10
        49      1.01          0.00       65.25        0.00     12
        50      1.03          0.00       62.94        0.00     10
        51      1.04         14.13       84.72       14.13      6
        52      1.06         14.13       84.72       14.13     10
        53      1.08         25.46       96.05       25.46      8
        54      1.10          0.00       65.25        0.00     12
        55      1.12         18.88       89.47       18.88     10
        56      1.14          1.02       71.61        1.02     12
        57      1.18         14.13       84.72       14.13      4
        58      1.21          8.15       72.14        8.15     14
        59      1.24         17.72       88.31       17.72      6
        60      1.26         17.49       88.08       17.49      8
        61      1.30          1.02       71.61        1.02     16
        62      1.33          0.00       66.72        0.00     12
        63      1.35          0.00       62.59        0.00     12
        64      1.37          1.02       71.61        1.02     18
        65      1.39          1.02       71.61        1.02     12
        66      1.41         15.48       78.37       15.48     10
        67      1.43         14.13       84.72       14.13      6
        68      1.46          0.00       62.94        0.00     10
        69      1.48          0.00       66.72        0.00     14
        70      1.50          0.00       66.72        0.00     12
        71      1.52          0.00       62.94        0.00     10
        72      1.54         10.13       64.06       10.13      8
        73      1.57         18.71       82.70       18.71     12
        74      1.59          0.00       58.90        0.00     12
        75      1.61          1.02       71.61        1.02     10
        76      1.63          8.50       71.39        8.50     14
        77      1.65         14.13       84.72       14.13      6
        78      1.67          1.02       71.61        1.02     12
        79      1.69          1.02       71.61        1.02     16
        80      1.72          1.02       71.61        1.02     12
        81      1.74          0.00       62.59        0.00     10
        82      1.76          0.00       62.94        0.00     10
        83      1.78         13.01       83.60       13.01      8
        84      1.80          0.00       66.72        0.00     12
        85      1.82         14.13       84.72       14.13      8
        86      1.84          0.00       66.72        0.00     12
        87      1.86          0.00       62.59        0.00      6
        88      1.88         14.13       84.72       14.13      8
        89      1.89          0.00       65.25        0.00      6
        90      1.91          0.00       62.59        0.00     10
        91      1.93          1.02       71.61        1.02     12
        92      1.96         15.13       79.12       15.13     10
        93      1.98          0.00       66.72        0.00      8
        94      2.00          8.15       72.14        8.15     14
        95      2.02         14.13       84.72       14.13      8
        96      2.04         10.13       64.06       10.13     12
        97      2.07          1.02       71.61        1.02     12
        98      2.09          0.00       62.59        0.00      8
        99      2.11         14.13       84.72       14.13      8
       100      2.12          0.00       64.06        0.00     14
       101      2.14         14.13       84.72       14.13      6
       102      2.16          0.00       62.94        0.00     10
       103      2.18          0.00       58.90        0.00     10
       104      2.20          0.00       62.94        0.00     10
       105      2.22          8.15       72.14        8.15     14
       106      2.24          8.15       72.14        8.15     12
       107      2.26          1.02       71.61        1.02     14
       108      2.28          0.00       65.25        0.00      8
       109      2.30         14.13       84.72       14.13      6
       110      2.32          8.15       72.14        8.15     14
       111      2.34         17.49       88.08       17.49     12
       112      2.35          0.00       62.59        0.00      6
       113      2.37          1.02       71.61        1.02     12
       114      2.39          0.00       62.94        0.00     10
       115      2.41         14.13       84.72       14.13      6
       116      2.42          0.00       58.67        0.00     12
       117      2.44          0.00       62.59        0.00      6
       118      2.46          0.00       62.94        0.00     10
       119      2.48          0.00       66.72        0.00     12
       120      2.50          0.00       58.90        0.00     10
       121      2.52          0.00       58.50        0.00      8
       122      2.54          0.00       58.50        0.00     10
       123      2.55          0.00       58.67        0.00      6
       124      2.57          0.00       62.59        0.00     14
       125      2.59          1.02       71.61        1.02     14
       126      2.60          1.02       71.61        1.02     10
       127      2.62         10.13       64.06       10.13     10
       128      2.65         10.13       64.06       10.13     14
       129      2.68          0.00       66.72        0.00     12
       130      2.69          0.00       66.72        0.00     14
       131      2.71          0.00       61.12        0.00     12
       132      2.73          0.00       58.90        0.00     12
       133      2.75          0.00       64.06        0.00     12
       134      2.77          1.02       71.61        1.02     12
       135      2.78          0.00       62.94        0.00     10
       136      2.80         14.13       84.72       14.13      6
       137      2.82          8.15       72.14        8.15     14
       138      2.84          8.15       72.14        8.15     12
       139      2.86          0.00       66.72        0.00     12
       140      2.88          8.15       72.14        8.15     12
       141      2.89          1.02       71.61        1.02     14
       142      2.91          0.00       62.94        0.00     10
       143      2.93          0.00       59.65        0.00      8
       144      2.95          0.00       61.12        0.00     12
       145      2.97          8.69       72.14        8.69     12
       146      2.99         10.13       64.06       10.13     12
       147      3.02         17.49       88.08       17.49      8
       148      3.03         14.13       84.72       14.13      6
       149      3.05          0.00       65.25        0.00     12
       150      3.07         18.48       82.47       18.48      8
       151      3.09          0.00       58.50        0.00     12
       152      3.10         14.13       84.72       14.13      8
       153      3.12          0.00       65.25        0.00     14
       154      3.14          0.00       65.25        0.00     14
       155      3.16         14.13       84.72       14.13      6
       156      3.17          1.02       71.61        1.02     12
       157      3.19         17.72       88.31       17.72     10
       158      3.21          0.00       62.59        0.00      8
       159      3.23          0.00       62.59        0.00     10
       160      3.25          0.00       62.94        0.00     10
       161      3.26          0.00       62.94        0.00     12
       162      3.28          0.00       62.59        0.00      8
       163      3.30          0.00       66.72        0.00     10
       164      3.32          0.00       64.06        0.00      8
       165      3.34         14.16       84.75       14.16      8
       166      3.36         14.13       84.72       14.13      6
       167      3.38          0.00       58.50        0.00     12
       168      3.40          0.00       66.72        0.00     12
       169      3.41         10.13       64.06       10.13      8
       170      3.44          1.02       71.61        1.02     12
       171      3.46          0.00       65.25        0.00     12
       172      3.48         14.13       84.72       14.13      8
       173      3.50          1.02       71.61        1.02     12
       174      3.52         10.13       64.06       10.13     14
       175      3.54         14.13       84.72       14.13      8
       176      3.56          1.02       71.61        1.02     10
       177      3.58          0.00       62.94        0.00     10
       178      3.61          0.00       66.72        0.00     10
       179      3.63          0.00       58.90        0.00      8
       180      3.65          0.00       66.72        0.00     10
       181      3.67          0.00       65.25        0.00     10
       182      3.69         14.16       84.75       14.16      8
       183      3.71         17.72       88.31       17.72     12
       184      3.73         14.13       84.72       14.13      8
       185      3.75          1.02       71.61        1.02     12
       186      3.77          0.00       66.72        0.00      8
       187      3.79         15.13       79.12       15.13     10
       188      3.81         10.13       64.06       10.13     10
       189      3.84          1.02       71.61        1.02     14
       190      3.86         14.13       84.72       14.13      8
       191      3.88          0.00       61.12        0.00     12
       192      3.90          0.00       62.59        0.00      8
       193      3.92          0.00       58.90        0.00      8
       194      3.94          0.00       66.72        0.00     12
       195      3.96          1.02       71.61        1.02     14
       196      3.97         10.13       64.06       10.13     10
       197      4.00          0.00       62.59        0.00      8
       198      4.02          0.00       62.59        0.00      6
       199      4.04          0.00       62.94        0.00     10
       200      4.06          1.02       71.61        1.02     16
       201      4.07         14.16       84.75       14.16      4
       202      4.09          0.00       58.67        0.00     10
       203      4.11          1.02       71.61        1.02     12
       204      4.13          0.00       66.72        0.00     12
       205      4.14          1.02       71.61        1.02     12
       206      4.16         10.13       62.59       10.13     16
       207      4.19         14.13       84.72       14.13     10
       208      4.20         10.13       64.06       10.13      8
       209      4.23         10.13       64.06       10.13     10
       210      4.26          0.00       62.59        0.00     14
       211      4.28          0.00       58.67        0.00      8
       212      4.30          0.00       62.94        0.00     10
       213      4.32          0.00       58.50        0.00     10
       214      4.33          0.00       66.72        0.00     14
       215      4.35          1.02       71.61        1.02     10
       216      4.37          0.00       64.06        0.00     12
       217      4.38          1.02       71.61        1.02     16
       218      4.40          0.00       61.12        0.00     12
       219      4.42          0.00       64.06        0.00     14
       220      4.44          1.02       71.61        1.02     12
       221      4.45          0.00       62.59        0.00      8
       222      4.47         18.05       88.64       18.05     10
       223      4.49         14.13       84.72       14.13      8
       224      4.51         23.80       87.79       23.80     10
       225      4.53          0.00       62.94        0.00     10
       226      4.54          0.00       62.59        0.00     10
       227      4.56          0.00       66.72        0.00     12
       228      4.58          8.15       72.14        8.15     14
       229      4.60          0.00       61.12        0.00     14
       230      4.62          1.02       71.61        1.02     14
       231      4.63          0.00       62.94        0.00     10
       232      4.65          0.00       62.59        0.00     10
       233      4.69          1.02       71.61        1.02     14
       234      4.72          0.00       62.94        0.00     10
       235      4.74          0.00       66.72        0.00     12
       236      4.76          0.00       65.25        0.00     12
       237      4.78         12.78       83.37       12.78      6
       238      4.80         18.05       88.64       18.05      8
       239      4.82          1.02       71.61        1.02     12
       240      4.83          0.00       62.59        0.00      6
       241      4.85          0.00       62.59        0.00     10
       242      4.87          0.00       62.59        0.00     14
       243      4.89          1.02       71.61        1.02     12
       244      4.91         24.27       94.86       24.27      8
       245      4.93          8.15       72.14        8.15     14
       246      4.95         13.01       83.60       13.01      4
       247      4.96          8.15       72.14        8.15     14
       248      4.98         10.13       64.06       10.13     10
       249      5.01          1.02       71.61        1.02     12
       250      5.03          1.02       71.61        1.02     12
       251      5.05          0.00       66.72        0.00     10
       252      5.07          0.54       66.72        0.54     12
       253      5.08          0.00       61.12        0.00     12
       254      5.10          1.02       71.61        1.02     10
       255      5.12         18.05       88.64       18.05      6
       256      5.14         14.13       84.72       14.13      6
       257      5.16          1.02       71.61        1.02     10
       258      5.17          0.00       65.25        0.00     12
       259      5.19          0.00       58.90        0.00     12
       260      5.21          5.42       61.12        5.42     10
       261      5.24          1.02       71.61        1.02     10
       262      5.26         14.13       84.72       14.13      6
       263      5.28          8.15       72.14        8.15     14
       264      5.30         14.13       84.72       14.13      6
       265      5.32          0.00       66.72        0.00     12
       266      5.34         25.06       95.65       25.06      4
       267      5.35          0.00       66.72        0.00     12
       268      5.37          1.02       71.61        1.02     10
       269      5.39          0.00       62.59        0.00      8
       270      5.42          0.00       64.06        0.00     12
       271      5.44          0.00       62.59        0.00     10
       272      5.46          0.00       62.94        0.00      8
       273      5.48          0.00       58.50        0.00      8
       274      5.50         18.05       88.64       18.05     10
       275      5.52         14.13       84.72       14.13      4
       276      5.54         10.13       64.06       10.13     12
       277      5.56          0.00       64.06        0.00     14
       278      5.58          0.00       62.59        0.00     10
       279      5.60          0.00       66.72        0.00     12
       280      5.62          0.00       62.94        0.00     10
       281      5.64         36.54       88.08       36.54      2
       282      5.66         10.13       64.06       10.13     10
       283      5.68          0.00       62.94        0.00     10
       284      5.70          0.00       58.50        0.00      6
       285      5.72         17.72       88.31       17.72      6
       286      5.74         14.16       84.75       14.16      4
       287      5.75         14.13       84.72       14.13      6
       288      5.77          0.00       66.72        0.00     12
       289      5.79         12.78       83.37       12.78      8
       290      5.80          8.15       72.14        8.15     16
       291      5.82          0.00       66.72        0.00     14
       292      5.84         18.05       88.64       18.05     10
       293      5.86          0.00       62.59        0.00     12
       294      5.87          0.00       58.90        0.00     12
       295      5.89         18.12       88.70       18.12     10
       296      5.91          0.00       64.06        0.00     14
       297      5.92          0.00       61.12        0.00     12
       298      5.94          1.02       71.61        1.02     12
       299      5.96          0.00       62.59        0.00      8
       300      5.98          0.00       62.59        0.00      8
       301      6.00          1.02       71.61        1.02     10
       302      6.02          0.00       62.94        0.00     10
       303      6.04         18.05       88.64       18.05     12
       304      6.06          0.00       58.90        0.00     12
       305      6.07         18.12       88.70       18.12      8
       306      6.09         14.13       84.72       14.13      6
       307      6.11         14.16       84.75       14.16      4
       308      6.13          1.02       71.61        1.02     14
       309      6.15          1.02       71.61        1.02     10
       310      6.16          0.00       65.25        0.00     12
       311      6.18         17.49       88.08       17.49      8
       312      6.20          1.02       71.61        1.02     12
       313      6.22         17.49       88.08       17.49     10
       314      6.23         17.49       88.08       17.49      6
       315      6.25          0.00       66.72        0.00     14
       316      6.27          8.15       72.14        8.15     14
       317      6.29          1.02       71.61        1.02     12
       318      6.30          0.00       58.90        0.00      8
       319      6.32          0.00       66.72        0.00     12
       320      6.34          4.67       62.59        4.67     14
       321      6.36          0.00       62.59        0.00      8
       322      6.38         13.41       84.00       13.41      6
       323      6.39         10.13       64.06       10.13      8
       324      6.41         17.72       88.31       17.72      6
       325      6.43          0.00       62.94        0.00     14
       326      6.45         17.72       88.31       17.72      6
       327      6.46          0.00       62.59        0.00      8
       328      6.48         17.72       88.31       17.72     10
       329      6.50          1.02       71.61        1.02     14
       330      6.52         22.80       93.39       22.80      6
       331      6.54          0.00       64.06        0.00     10
       332      6.56         19.88       83.87       19.88     12
       333      6.59         14.13       84.72       14.13     10
       334      6.61         17.49       88.08       17.49      8
       335      6.63          0.00       64.06        0.00     12
       336      6.65          8.50       71.39        8.50     12
       337      6.67          0.00       58.90        0.00     16
       338      6.69          1.02       71.61        1.02     14
       339      6.71          0.00       65.25        0.00     12
       340      6.73          0.00       65.25        0.00     14
       341      6.75         14.13       84.72       14.13      8
       342      6.77         14.13       84.72       14.13      8
       343      6.79         14.13       84.72       14.13      8
       344      6.81          0.00       62.94        0.00      8
       345      6.83         10.13       64.06       10.13     12
       346      6.86          0.00       62.59        0.00     12
       347      6.88          0.00       64.06        0.00     14
       348      6.90         14.13       84.72       14.13     10
       349      6.92         15.13       79.12       15.13     10
       350      6.94          0.00       58.90        0.00     12
       351      6.95          1.02       71.61        1.02     10
       352      6.97          0.00       58.90        0.00     10
       353      6.99          1.02       71.61        1.02     10
       354      7.01         15.13       79.12       15.13     10
       355      7.03          0.00       58.67        0.00     14
       356      7.04         14.13       84.72       14.13      8
       357      7.06          0.00       66.72        0.00     12
       358      7.08          8.15       72.14        8.15     14
       359      7.10          0.00       65.25        0.00     12
       360      7.12          1.02       71.61        1.02     10
       361      7.13         14.13       84.72       14.13      8
       362      7.15          0.00       58.67        0.00      8
       363      7.17          8.15       72.14        8.15     16
       364      7.19          0.00       58.90        0.00     10
       365      7.21          0.00       62.59        0.00      8
       366      7.23          0.00       62.59        0.00      8
       367      7.25          0.00       62.59        0.00     10
       368      7.27         18.48       82.47       18.48      8
       369      7.28          0.00       62.59        0.00      8
       370      7.30          0.00       58.90        0.00      8
       371      7.32         10.13       64.06       10.13      8
       372      7.35          0.00       66.72        0.00     12
       373      7.37          0.00       62.59        0.00      6
       374      7.38         10.13       64.06       10.13     10
       375      7.41          0.00       62.59        0.00      8
       376      7.43         10.13       64.06       10.13     10
       377      7.46          0.00       62.59        0.00      6
       378      7.48         14.13       84.72       14.13      6
       379      7.50          0.00       62.94        0.00     10
       380      7.52         18.05       88.64       18.05      6
       381      7.54          1.02       71.61        1.02     10
       382      7.55          0.00       65.25        0.00     10
       383      7.57          0.00       66.72        0.00     10
       384      7.59         14.13       84.72       14.13      6
       385      7.61          0.00       66.72        0.00     14
       386      7.63          1.02       71.61        1.02     14
       387      7.64         14.13       84.72       14.13      6
       388      7.66          1.02       71.61        1.02     12
       389      7.68          0.00       58.90        0.00     14
       390      7.70          8.15       72.14        8.15     16
       391      7.71          0.00       65.25        0.00     12
       392      7.73          0.00       58.67        0.00     10
       393      7.74          0.00       58.90        0.00     10
       394      7.76          0.00       58.90        0.00     10
       395      7.78         10.13       64.06       10.13     12
       396      7.81          0.00       66.72        0.00     12
       397      7.83         10.13       64.06       10.13     12
       398      7.86          0.00       58.90        0.00     12
       399      7.88          0.00       62.59        0.00     10
       400      7.89          0.00       62.59        0.00     16
       401      7.91         14.13       84.72       14.13      8
       402      7.93          0.00       62.59        0.00      6
       403      7.95          0.00       62.94        0.00     10
       404      7.96         26.41       89.30       26.41     12
       405      7.98          0.00       58.67        0.00     12
       406      8.00          0.00       62.59        0.00      6
       407      8.02         17.49       88.08       17.49      4
       408      8.03         14.13       84.72       14.13     10
       409      8.05          0.00       58.90        0.00     10
       410      8.07         14.13       84.72       14.13     10
       411      8.09          0.00       66.72        0.00     12
       412      8.11         14.13       84.72       14.13     10
       413      8.12          0.00       62.59        0.00      8
       414      8.14         14.13       84.72       14.13      6
       415      8.16         17.72       88.31       17.72      6
       416      8.18          1.02       71.61        1.02     14
       417      8.20          0.00       62.59        0.00     14
       418      8.22         10.13       64.06       10.13     10
       419      8.25          8.15       72.14        8.15     14
       420      8.27         17.72       88.31       17.72      6
       421      8.29          8.50       71.39        8.50     14
       422      8.31          0.00       62.59        0.00     14
       423      8.33          8.15       72.14        8.15     14
       424      8.35          1.02       71.61        1.02     16
       425      8.37          1.02       71.61        1.02     10
       426      8.39          0.00       62.59        0.00     10
       427      8.41          0.00       66.72        0.00     12
       428      8.42          1.02       71.61        1.02     12
       429      8.44          0.00       62.59        0.00     10
       430      8.46          0.00       58.90        0.00     10
       431      8.48          8.15       72.14        8.15     14
       432      8.50          0.00       62.59        0.00     12
       433      8.52          1.02       71.61        1.02     12
       434      8.54          1.02       71.61        1.02     16
       435      8.55          8.15       72.14        8.15     16
       436      8.57          0.00       62.59        0.00     14
       437      8.59          0.00       64.06        0.00     10
       438      8.61          0.00       62.94        0.00     10
       439      8.63         36.77       88.31       36.77      4
       440      8.65          0.00       65.25        0.00     12
       441      8.67          0.00       66.72        0.00     12
       442      8.68          0.00       66.72        0.00     12
       443      8.70         15.13       79.12       15.13     14
       444      8.72          0.00       66.72        0.00     14
       445      8.74          1.02       71.61        1.02     12
       446      8.75          0.00       62.59        0.00     10
       447      8.77          1.02       71.61        1.02     12
       448      8.79          1.02       71.61        1.02     14
       449      8.81         14.13       84.72       14.13      8
       450      8.83          0.00       62.94        0.00     10
       451      8.84          1.02       71.61        1.02     14
       452      8.86          1.02       71.61        1.02     10
       453      8.88          1.02       71.61        1.02     12
       454      8.90          1.02       71.61        1.02     12
       455      8.91          8.15       72.14        8.15     12
       456      8.93          1.02       71.61        1.02     14
       457      8.95         19.06       81.95       19.06     12
       458      8.97          1.02       71.61        1.02     12
       459      8.99         17.72       88.31       17.72     12
       460      9.01         10.13       64.06       10.13     10
       461      9.04         10.13       64.06       10.13     10
       462      9.07         18.05       88.64       18.05     10
       463      9.09         18.48       82.47       18.48      6
       464      9.11          8.15       72.14        8.15     12
       465      9.13          0.00       62.59        0.00     14
       466      9.15         14.13       84.72       14.13      6
       467      9.17          0.00       62.94        0.00     10
       468      9.19          0.00       62.59        0.00     10
       469      9.21          0.00       62.59        0.00      6
       470      9.23          0.00       62.94        0.00     12
       471      9.25         14.13       84.72       14.13      6
       472      9.26         12.78       83.37       12.78      4
       473      9.28          0.00       66.72        0.00     10
       474      9.30         14.13       84.72       14.13     10
       475      9.32          0.00       62.59        0.00      8
       476      9.33         18.48       82.47       18.48      6
       477      9.35         14.13       84.72       14.13      6
       478      9.37          1.02       71.61        1.02     12
       479      9.39         10.13       64.06       10.13     10
       480      9.41          0.00       62.59        0.00     10
       481      9.43          0.00       62.59        0.00     14
       482      9.45          0.00       66.72        0.00     12
       483      9.46          1.02       71.61        1.02     16
       484      9.48         13.41       84.00       13.41      6
       485      9.51          1.02       71.61        1.02     14
       486      9.52          0.00       64.06        0.00     10
       487      9.54         10.13       64.06       10.13     12
       488      9.57         22.40       92.99       22.40      6
       489      9.59         14.13       84.72       14.13      8
       490      9.61          0.00       62.94        0.00     10
       491      9.63          0.00       66.72        0.00     12
       492      9.64          0.00       66.72        0.00     12
       493      9.66          0.00       62.59        0.00     10
       494      9.68         14.13       84.72       14.13      6
       495      9.70         10.13       64.06       10.13      8
       496      9.73         18.48       89.07       18.48     12
       497      9.74         14.13       84.72       14.13      6
       498      9.76          0.00       62.94        0.00     12
       499      9.78          1.02       71.61        1.02     14
       500      9.79          0.00       62.59        0.00      8
       501      9.81          1.02       71.61        1.02     12
       502      9.83          0.00       61.12        0.00     12
       503      9.85         14.13       84.72       14.13      8
       504      9.86          0.00       62.59        0.00      8
       505      9.88         15.13       79.12       15.13     10
       506      9.90          0.00       66.72        0.00     12
       507      9.92          0.00       62.59        0.00      8
       508      9.93          1.02       71.61        1.02     10
       509      9.95          0.00       58.50        0.00     14
       510      9.97         17.72       88.31       17.72      8
       511      9.98         17.49       88.08       17.49      8
       512     10.00          0.00       62.59        0.00     10
       513     10.02          0.00       62.59        0.00     10
       514     10.04          1.02       71.61        1.02     12
       515     10.05          0.00       62.59        0.00     10
       516     10.07         14.13       84.72       14.13      6
       517     10.09          1.02       71.61        1.02     14
       518     10.11          0.00       58.50        0.00     10
       519     10.12         15.13       79.12       15.13      6
       520     10.14         14.13       84.72       14.13      8
       521     10.16         18.05       88.64       18.05     12
       522     10.17          0.00       58.90        0.00     16
       523     10.19         14.13       84.72       14.13      8
       524     10.21          1.02       71.61        1.02     10
       525     10.23          0.00       65.25        0.00     12
       526     10.25          0.00       62.94        0.00     12
       527     10.26          0.00       62.59        0.00     12
       528     10.28          1.02       71.61        1.02     12
       529     10.30          1.02       71.61        1.02     12
       530     10.32          0.00       62.59        0.00      6
       531     10.34         17.72       88.31       17.72      8
       532     10.36          1.02       71.61        1.02     16
       533     10.37          1.02       71.61        1.02     12
       534     10.39          0.00       62.59        0.00      8
       535     10.41          0.00       62.94        0.00     10
       536     10.43         14.13       84.72       14.13      4
       537     10.45         18.05       88.64       18.05      8
       538     10.46          0.00       65.25        0.00     10
       539     10.48          0.00       62.94        0.00     10
       540     10.50         13.41       84.00       13.41      2
       541     10.51         10.13       64.06       10.13     12
       542     10.55          0.00       65.25        0.00     12
       543     10.56         14.13       84.72       14.13      8
       544     10.58         10.13       64.06       10.13     10
       545     10.61          0.00       64.06        0.00     12
       546     10.63          1.02       71.61        1.02     12
       547     10.65         19.63       90.22       19.63     10
       548     10.67          0.00       64.06        0.00     14
       549     10.69          0.00       66.72        0.00     12
       550     10.71          8.15       72.14        8.15     12
       551     10.73          0.00       66.72        0.00     14
       552     10.75         14.13       84.72       14.13      6
       553     10.77          0.00       65.25        0.00     12
       554     10.79          0.00       62.59        0.00     10
       555     10.81          0.00       62.59        0.00     12
       556     10.83         18.05       88.64       18.05      8
       557     10.85         14.13       84.72       14.13      8
       558     10.86          0.00       66.72        0.00     12
       559     10.88         19.63       90.22       19.63      2
       560     10.90          2.37       65.26        2.37     14
       561     10.92          0.00       62.94        0.00     10
       562     10.94         14.13       84.72       14.13     10
       563     10.95         15.13       79.12       15.13     10
       564     10.97          0.00       62.59        0.00      8
       565     10.99          0.00       62.94        0.00     10
       566     11.01          1.02       71.61        1.02     16
       567     11.02         15.13       79.12       15.13     10
       568     11.04          8.15       72.14        8.15     12
       569     11.06          0.00       65.25        0.00      6
       570     11.08          1.02       71.61        1.02     14
       571     11.09         18.05       88.64       18.05      6
       572     11.11          8.15       72.14        8.15     12
       573     11.13          0.00       62.59        0.00      8
       574     11.15         14.13       84.72       14.13      6
       575     11.17         14.13       84.72       14.13     10
       576     11.19         14.13       84.72       14.13      8
       577     11.21         10.13       58.67       10.13     16
       578     11.23          1.02       71.61        1.02     12
       579     11.25          1.02       71.61        1.02     14
       580     11.27          1.02       71.61        1.02     12
       581     11.28          1.02       71.61        1.02     10
       582     11.30         22.40       92.99       22.40      6
       583     11.32          0.00       62.59        0.00     12
       584     11.34          0.00       66.72        0.00     12
       585     11.36          1.02       71.61        1.02     10
       586     11.37          0.00       62.59        0.00      6
       587     11.39          0.00       62.94        0.00     10
       588     11.41          0.00       61.12        0.00     12
       589     11.43          0.00       62.59        0.00     10
       590     11.45          0.00       65.25        0.00     14
       591     11.46         18.48       82.47       18.48     10
       592     11.48          0.00       62.59        0.00      6
       593     11.50          0.00       62.94        0.00     10
       594     11.52         14.13       84.72       14.13      8
       595     11.53          0.00       64.06        0.00     12
       596     11.55          0.00       66.72        0.00     12
       597     11.57          1.02       71.61        1.02     14
       598     11.58          1.02       71.61        1.02     12
       599     11.60          8.15       72.14        8.15     14
       600     11.62          1.02       71.61        1.02     12
       601     11.64          1.02       71.61        1.02     16
       602     11.66          0.00       58.90        0.00     10
       603     11.68         18.88       89.47       18.88      8
       604     11.70          0.00       58.67        0.00     12
       605     11.72         17.72       88.31       17.72      8
       606     11.74         15.13       79.12       15.13     14
       607     11.76         18.05       88.64       18.05     10
       608     11.77          0.00       62.59        0.00      8
       609     11.79         18.83       81.72       18.83      8
       610     11.81          0.00       58.50        0.00      8
       611     11.83         17.49       88.08       17.49      6
       612     11.84          0.00       62.94        0.00     10
       613     11.86          0.00       62.59        0.00     10
       614     11.88         18.05       88.64       18.05      8
       615     11.90         10.13       64.06       10.13     10
       616     11.93         14.13       84.72       14.13     10
       617     11.95         17.49       88.08       17.49      8
       618     11.96         17.49       88.08       17.49      6
       619     11.98         14.13       84.72       14.13      8
       620     12.00         15.13       79.12       15.13     10
       621     12.01          1.02       71.61        1.02     12
       622     12.03          0.00       59.65        0.00      8
       623     12.06          0.00       58.90        0.00     10
       624     12.07         13.01       83.60       13.01      4
       625     12.09          1.02       71.61        1.02     12
       626     12.11          0.00       65.25        0.00     12
       627     12.13          1.02       71.61        1.02     16
       628     12.14          0.00       62.94        0.00     10
       629     12.16          5.42       58.46        5.42      8
       630     12.20         17.72       88.31       17.72      6
       631     12.22          0.00       62.94        0.00     12
       632     12.24          1.02       71.61        1.02     12
       633     12.26          1.02       71.61        1.02     10
       634     12.28         14.13       84.72       14.13      8
       635     12.30          0.00       61.12        0.00     14
       636     12.32          0.00       62.94        0.00     10
       637     12.33          0.00       58.50        0.00      8
       638     12.35         32.62       88.08       32.62      2
       639     12.37          1.02       71.61        1.02     12
       640     12.39          0.00       58.50        0.00     10
       641     12.41          0.00       62.59        0.00      8
       642     12.43          0.00       65.25        0.00     14
       643     12.45          0.00       66.72        0.00      8
       644     12.46         14.13       84.72       14.13      6
       645     12.48          0.00       58.90        0.00     10
       646     12.50          0.00       62.59        0.00      8
       647     12.52          1.02       71.61        1.02     10
       648     12.54          0.00       66.72        0.00     14
       649     12.57          0.00       62.94        0.00     10
       650     12.59         18.88       89.47       18.88      4
       651     12.60         17.49       88.08       17.49      8
       652     12.62         13.01       83.60       13.01      4
       653     12.64         18.25       88.84       18.25      8
       654     12.66         18.48       89.07       18.48     12
       655     12.68          1.02       71.61        1.02     14
       656     12.70          0.00       66.72        0.00     12
       657     12.72          0.00       62.59        0.00     14
       658     12.74          1.02       71.61        1.02     14
       659     12.75          0.00       62.94        0.00     10
       660     12.77          0.00       59.65        0.00      6
       661     12.79          0.00       62.94        0.00     10
       662     12.81          8.15       72.14        8.15     14
       663     12.83         19.05       83.04       19.05     10
       664     12.85          0.00       62.59        0.00     10
       665     12.87         14.13       84.72       14.13     10
       666     12.89         18.05       88.64       18.05     10
       667     12.91          0.00       62.59        0.00     12
       668     12.93          0.00       64.06        0.00     10
       669     12.95          1.02       71.61        1.02     14
       670     12.97          1.02       71.61        1.02     12
       671     12.99         10.13       64.06       10.13     10
       672     13.02          1.02       71.61        1.02     10
       673     13.04          0.00       65.25        0.00     12
       674     13.06          1.02       71.61        1.02     14
       675     13.08          0.00       62.94        0.00     10
       676     13.10         10.13       64.06       10.13     10
       677     13.14          0.00       58.50        0.00     12
       678     13.15         25.46       96.05       25.46      8
       679     13.17          0.00       62.59        0.00      8
       680     13.19         18.05       88.64       18.05     10
       681     13.21          0.00       58.67        0.00     10
       682     13.22          0.00       62.59        0.00      6
       683     13.24          1.02       71.61        1.02     14
       684     13.26         17.49       88.08       17.49      8
       685     13.28          0.00       58.90        0.00     12
       686     13.30          0.00       66.72        0.00     14
       687     13.32          8.15       72.14        8.15     12
       688     13.34         22.67       77.74       22.67     10
       689     13.37          1.02       71.61        1.02     12
       690     13.39          0.00       58.50        0.00     10
       691     13.41         10.13       64.06       10.13      8
       692     13.43          1.02       71.61        1.02     14
       693     13.45          0.00       58.90        0.00      8
       694     13.47         15.13       79.12       15.13     10
       695     13.49          1.02       71.61        1.02     12
       696     13.51          0.00       62.94        0.00     10
       697     13.53          8.15       72.14        8.15     14
       698     13.54          1.02       71.61        1.02     14
       699     13.56         14.13       84.72       14.13      8
       700     13.58          0.00       62.94        0.00     10
       701     13.59          0.00       59.65        0.00      8
       702     13.61         17.72       88.31       17.72     10
       703     13.63          0.00       58.50        0.00     10
       704     13.65          1.02       71.61        1.02     10
       705     13.67          0.00       58.67        0.00      6
       706     13.69         14.13       84.72       14.13     10
       707     13.71          0.00       66.72        0.00     12
       708     13.73          0.00       58.50        0.00      8
       709     13.75          0.00       58.90        0.00      8
       710     13.77         10.13       64.06       10.13     10
       711     13.78          0.00       62.59        0.00     10
       712     13.80          1.02       71.61        1.02     12
       713     13.82          1.02       71.61        1.02     10
       714     13.84         14.13       84.72       14.13      6
       715     13.85          1.02       71.61        1.02     12
       716     13.87          1.02       71.61        1.02     10
       717     13.89          8.15       72.14        8.15     14
       718     13.91          0.00       62.59        0.00      6
       719     13.93          0.00       62.59        0.00     12
       720     13.95          0.00       62.59        0.00      8
       721     13.97          0.00       58.67        0.00      8
       722     13.98          1.02       71.61        1.02     12
       723     14.01          1.02       71.61        1.02     12
       724     14.03         14.13       84.72       14.13      8
       725     14.04          0.00       66.72        0.00     12
       726     14.06         10.13       64.06       10.13      8
       727     14.09          0.00       62.59        0.00      8
       728     14.10          1.02       71.61        1.02     16
       729     14.12         17.49       88.08       17.49      6
       730     14.14         14.13       84.72       14.13      6
       731     14.15          0.00       66.72        0.00     14
       732     14.17          8.15       72.14        8.15     14
       733     14.19          1.02       71.61        1.02     12
       734     14.21          0.00       58.90        0.00     10
       735     14.23         18.48       82.47       18.48      4
       736     14.24         14.13       84.72       14.13     10
       737     14.26         10.13       62.59       10.13     16
       738     14.28          1.02       71.61        1.02     10
       739     14.30          0.00       64.06        0.00     12
       740     14.32          0.00       66.72        0.00     12
       741     14.34         17.72       88.31       17.72      8
       742     14.35         18.05       88.64       18.05      4
       743     14.37          0.00       58.50        0.00      8
       744     14.39          8.15       72.14        8.15     12
       745     14.41          1.02       71.61        1.02     12
       746     14.43          1.02       71.61        1.02     12
       747     14.45          0.00       64.06        0.00     10
       748     14.46         14.13       84.72       14.13      8
       749     14.48          1.02       71.61        1.02     14
       750     14.50          0.00       62.59        0.00     10
       751     14.51         14.13       84.72       14.13      4
       752     14.53         26.41       89.30       26.41     10
       753     14.55         14.13       84.72       14.13     10
       754     14.56          0.00       66.72        0.00     12
       755     14.58          0.00       58.90        0.00      8
       756     14.60          0.00       66.72        0.00     12
       757     14.61          8.15       72.14        8.15     12
       758     14.63         10.13       64.06       10.13     10
       759     14.66         17.72       88.31       17.72     10
       760     14.68          0.00       62.59        0.00     10
       761     14.70          0.00       62.59        0.00      8
       762     14.72          0.00       65.25        0.00     12
       763     14.73         14.13       84.72       14.13      6
       764     14.75          0.00       62.59        0.00     12
       765     14.77         32.62       84.72       32.62      4
       766     14.78          1.02       71.61        1.02     12
       767     14.80          0.00       62.59        0.00     10
       768     14.82         17.72       88.31       17.72      6
       769     14.84          1.02       71.61        1.02     12
       770     14.86         14.13       84.72       14.13     10
       771     14.88         14.13       84.72       14.13     10
       772     14.90          0.00       62.94        0.00     10
       773     14.91         15.13       79.12       15.13     10
       774     14.93         14.13       84.72       14.13      8
       775     14.96          1.02       71.61        1.02     10
       776     14.98          0.00       62.59        0.00     10
       777     15.00          8.15       72.14        8.15     12
       778     15.02         18.05       88.64       18.05      8
       779     15.03          0.00       62.59        0.00     10
       780     15.06          0.00       62.59        0.00     10
       781     15.08          0.00       59.65        0.00     14
       782     15.10         18.05       88.64       18.05     12
       783     15.12          0.00       62.59        0.00      6
       784     15.14          8.15       72.14        8.15     12
       785     15.16          0.00       64.06        0.00     12
       786     15.18          8.15       72.14        8.15     14
       787     15.20          0.00       62.94        0.00     10
       788     15.21         13.01       83.60       13.01      6
       789     15.23         14.16       84.75       14.16      6
       790     15.25         15.13       79.12       15.13      6
       791     15.27         36.54       88.08       36.54      2
       792     15.29          0.00       59.65        0.00     12
       793     15.30         17.49       88.08       17.49      8
       794     15.32         14.13       84.72       14.13      8
       795     15.34          0.00       62.59        0.00     14
       796     15.36          0.00       58.90        0.00     10
       797     15.38          1.02       71.61        1.02     14
       798     15.40          0.00       62.94        0.00     10
       799     15.41          8.15       72.14        8.15     14
       800     15.43         17.49       88.08       17.49      6
       801     15.45          0.00       65.25        0.00     12
       802     15.46          1.02       71.61        1.02     10
       803     15.48          0.00       62.94        0.00     10
       804     15.50          1.02       71.61        1.02     12
       805     15.52          1.02       71.61        1.02     12
       806     15.54         19.05       83.04       19.05     12
       807     15.55          0.00       62.94        0.00     10
       808     15.57         17.49       88.08       17.49     12
       809     15.59          0.00       58.90        0.00     10
       810     15.60          0.00       58.90        0.00     14
       811     15.62          0.00       62.59        0.00     10
       812     15.64          0.00       61.12        0.00     12
       813     15.65          1.02       71.61        1.02     14
       814     15.67          0.00       62.59        0.00     10
       815     15.69          1.02       71.61        1.02     12
       816     15.70         10.13       64.06       10.13     12
       817     15.73          1.02       71.61        1.02     12
       818     15.75          5.42       61.12        5.42     10
       819     15.78          0.00       66.72        0.00     16
       820     15.80          0.00       58.67        0.00     10
       821     15.81          1.02       71.61        1.02     12
       822     15.83          0.00       62.94        0.00     12
       823     15.84          8.15       72.14        8.15     16
       824     15.86          1.02       71.61        1.02     10
       825     15.88         13.01       83.60       13.01      2
       826     15.90          1.02       71.61        1.02     12
       827     15.91          0.00       64.06        0.00     12
       828     15.93         18.25       88.84       18.25      8
       829     15.95          1.02       71.61        1.02     14
       830     15.97          1.02       71.61        1.02     14
       831     15.99          1.02       71.61        1.02     12
       832     16.00          0.00       62.59        0.00     10
       833     16.02         10.13       64.06       10.13     10
       834     16.05         36.77       88.64       36.77      4
       835     16.07          0.00       66.72        0.00     14
       836     16.08          0.00       62.59        0.00      8
       837     16.10         14.13       84.72       14.13     10
       838     16.12          0.00       62.94        0.00     10
       839     16.14          0.00       66.72        0.00     12
       840     16.15          0.00       62.59        0.00     10
       841     16.17          0.00       65.25        0.00     12
       842     16.19         15.13       79.12       15.13      8
       843     16.20          1.02       71.61        1.02     12
       844     16.22         14.13       84.72       14.13      6
       845     16.24          0.00       66.72        0.00     10
       846     16.26          1.02       71.61        1.02     16
       847     16.27         17.49       88.08       17.49      8
       848     16.29         10.13       64.06       10.13     12
       849     16.32          0.00       62.94        0.00     10
       850     16.34         23.55       94.14       23.55      6
       851     16.35          1.02       71.61        1.02     14
       852     16.37         10.13       64.06       10.13      8
       853     16.40          0.00       66.72        0.00     12
       854     16.42          1.02       71.61        1.02     10
       855     16.43          1.02       71.61        1.02     12
       856     16.45          1.02       71.61        1.02     12
       857     16.47          0.00       62.94        0.00     10
       858     16.49         10.13       64.06       10.13     10
       859     16.51         15.13       79.12       15.13     10
       860     16.53          1.02       71.61        1.02     12
       861     16.55          1.02       71.61        1.02     16
       862     16.56          0.00       58.90        0.00      8
       863     16.58          1.02       71.61        1.02     16
       864     16.60         18.05       88.64       18.05      6
       865     16.62         13.01       83.60       13.01      6
       866     16.63          0.00       65.25        0.00     12
       867     16.65         10.13       64.06       10.13     10
       868     16.68          0.00       58.67        0.00      8
       869     16.70          1.02       71.61        1.02     12
       870     16.72          1.02       71.61        1.02     12
       871     16.73          0.00       62.94        0.00     10
       872     16.75         14.13       84.72       14.13     10
       873     16.77          2.37       65.26        2.37     12
       874     16.78         18.05       88.64       18.05      8
       875     16.80          1.02       71.61        1.02     12
       876     16.82         19.63       90.22       19.63     10
       877     16.83          1.02       71.61        1.02     14
       878     16.85          0.00       62.94        0.00     10
       879     16.87          0.00       62.59        0.00      8
       880     16.88          0.00       62.94        0.00     10
       881     16.90         10.13       64.06       10.13     14
       882     16.92          8.15       72.14        8.15     14
       883     16.94          1.02       71.61        1.02     10
       884     16.96         18.05       88.64       18.05      6
       885     16.98          1.02       71.61        1.02     10
       886     17.00          0.00       62.59        0.00     14
       887     17.01         10.13       64.06       10.13     14
       888     17.05          0.00       66.72        0.00     12
       889     17.07          0.00       59.65        0.00     12
       890     17.09         15.13       79.12       15.13      8
       891     17.10          0.00       66.72        0.00     12
       892     17.12          0.00       62.94        0.00     10
       893     17.14          8.15       72.14        8.15     12
       894     17.15          1.02       71.61        1.02     12
       895     17.17          0.00       62.94        0.00     10
       896     17.19         18.12       88.70       18.12      6
       897     17.20         14.13       84.72       14.13      6
       898     17.22          0.00       58.67        0.00     10
       899     17.24          8.15       72.14        8.15     16
       900     17.26         17.72       88.31       17.72      4
       901     17.27         15.13       79.12       15.13     10
       902     17.29          0.00       65.25        0.00     10
       903     17.31         10.13       64.06       10.13      8
       904     17.34          0.00       66.72        0.00     12
       905     17.35         14.13       84.72       14.13      8
       906     17.37          0.00       58.90        0.00      8
       907     17.39          8.15       72.14        8.15     14
       908     17.41         26.46       90.45       26.46      8
       909     17.42          0.00       65.25        0.00     12
       910     17.44          0.00       58.90        0.00     10
       911     17.46          0.00       66.72        0.00     12
       912     17.47          0.00       62.59        0.00      6
       913     17.49          0.00       62.59        0.00      8
       914     17.51         17.72       88.31       17.72      6
       915     17.53          0.00       64.06        0.00     12
       916     17.54          5.42       57.91        5.42     10
       917     17.57          0.00       62.59        0.00      6
       918     17.59          0.00       58.90        0.00     16
       919     17.61          0.00       66.72        0.00     12
       920     17.62          0.00       58.50        0.00      6
       921     17.64          8.15       72.14        8.15     12
       922     17.66          0.00       62.59        0.00     12
       923     17.68         17.49       88.08       17.49      6
       924     17.70          0.00       62.59        0.00     12
       925     17.71          1.02       71.61        1.02     10
       926     17.73         14.13       84.72       14.13      6
       927     17.75          0.00       62.59        0.00     12
       928     17.76          0.00       61.12        0.00      8
       929     17.78         14.13       84.72       14.13      8
       930     17.80         15.13       79.12       15.13     12
       931     17.81         17.49       88.08       17.49      8
       932     17.83          0.00       66.72        0.00      8
       933     17.85          8.15       72.14        8.15     14
       934     17.87          0.00       66.72        0.00     12
       935     17.88         10.13       64.06       10.13     12
       936     17.91          0.00       58.50        0.00      6
       937     17.93          0.00       66.72        0.00     12
       938     17.95          0.00       59.65        0.00     12
       939     17.96          0.00       62.94        0.00     10
       940     17.98         14.13       84.72       14.13      4
       941     18.00          0.00       62.94        0.00     10
       942     18.01          0.00       58.67        0.00      8
       943     18.03         18.48       89.07       18.48      8
       944     18.05         17.49       88.08       17.49      6
       945     18.07          0.00       62.59        0.00     10
       946     18.09          8.15       72.14        8.15     14
       947     18.11          0.00       62.94        0.00     10
       948     18.13         25.06       95.65       25.06      6
       949     18.14         14.16       84.75       14.16      4
       950     18.16          0.00       62.59        0.00     10
       951     18.18          0.00       62.94        0.00     10
       952     18.20         19.05       83.04       19.05     10
       953     18.21          1.02       71.61        1.02     14
       954     18.23          0.00       62.94        0.00     10
       955     18.25          0.00       65.25        0.00     12
       956     18.27          1.02       71.61        1.02     14
       957     18.29         10.13       64.06       10.13     12
       958     18.32         14.13       84.72       14.13     10
       959     18.34          0.00       62.59        0.00      8
       960     18.35          8.15       72.14        8.15     14
       961     18.37          8.15       72.14        8.15     18
       962     18.39          0.00       62.59        0.00     14
       963     18.40          0.00       58.50        0.00     10
       964     18.42          0.00       64.06        0.00     12
       965     18.44          0.00       62.94        0.00     10
       966     18.46          0.00       66.72        0.00     12
       967     18.48         10.13       64.06       10.13     10
       968     18.51          0.00       65.25        0.00     14
       969     18.53          0.00       62.94        0.00     10
       970     18.55          0.00       58.50        0.00     12
       971     18.56         14.13       84.72       14.13      8
       972     18.58          8.15       72.14        8.15     16
       973     18.60          0.00       58.67        0.00     10
       974     18.62         14.13       84.72       14.13      6
       975     18.64          1.02       71.61        1.02     12
       976     18.66          0.00       62.94        0.00     10
       977     18.68         12.78       83.37       12.78      8
       978     18.70         10.13       64.06       10.13     10
       979     18.73          0.00       62.59        0.00      8
       980     18.75          5.42       57.91        5.42     10
       981     18.78          1.02       71.61        1.02     10
       982     18.80          1.02       71.61        1.02     12
       983     18.81          0.00       59.65        0.00     10
       984     18.83          0.00       62.59        0.00      8
       985     18.85          1.02       71.61        1.02     14
       986     18.87          5.42       58.46        5.42     12
       987     18.91          0.00       65.25        0.00     12
       988     18.93          1.02       71.61        1.02     10
       989     18.95          0.00       62.59        0.00      6
       990     18.97         10.13       62.94       10.13     16
       991     18.99          0.00       66.72        0.00     10
       992     19.01          0.00       64.06        0.00     14
       993     19.03          1.02       71.61        1.02     12
       994     19.05          0.00       58.90        0.00      6
       995     19.06          1.02       71.61        1.02     12
       996     19.08          0.00       66.72        0.00     12
       997     19.10          1.02       71.61        1.02     12
       998     19.12          0.00       66.72        0.00     12
       999     19.14          0.00       58.90        0.00      8
      1000     19.15         10.13       62.94       10.13     16
      1001     19.18          8.15       72.14        8.15     12
      1002     19.19          0.00       66.72        0.00     12
      1003     19.21          8.15       72.14        8.15     14
      1004     19.23          0.00       62.94        0.00     10
      1005     19.25          1.02       71.61        1.02     12
      1006     19.27          0.00       62.94        0.00     10
      1007     19.29          1.02       71.61        1.02     12
      1008     19.31         17.72       88.31       17.72      6
      1009     19.32         17.49       88.08       17.49     10
      1010     19.34         18.48       82.47       18.48      8
      1011     19.36          1.02       71.61        1.02     10
      1012     19.37          0.00       62.59        0.00     10
      1013     19.39          1.02       71.61        1.02     14
      1014     19.41          0.00       62.59        0.00      8
      1015     19.43          1.02       71.61        1.02     16
      1016     19.44          0.00       62.94        0.00     10
      1017     19.46         17.72       88.31       17.72      6
      1018     19.48          0.00       62.94        0.00     10
      1019     19.50         17.49       88.08       17.49      8
      1020     19.52          0.00       66.72        0.00     12
      1021     19.54         37.93       87.79       37.93      4
      1022     19.55          0.00       62.94        0.00     10
      1023     19.57          0.00       66.72        0.00     10
      1024     19.59         10.13       64.06       10.13     12
      1025     19.61          1.02       71.61        1.02     12
      1026     19.63          1.02       71.61        1.02     14
      1027     19.65         13.01       83.60       13.01      8
      1028     19.67          1.02       71.61        1.02     10
      1029     19.69          0.00       64.06        0.00     10
      1030     19.70         32.62       84.72       32.62      4
      1031     19.72          1.02       71.61        1.02     14
      1032     19.74          0.00       65.25        0.00      8
      1033     19.76         18.12       88.70       18.12     10
      1034     19.77          0.00       62.59        0.00      6
      1035     19.79          1.02       71.61        1.02     12
      1036     19.81         14.13       84.72       14.13     12
      1037     19.83          0.00       62.59        0.00     10
      1038     19.85          0.00       58.90        0.00     12
      1039     19.86          1.02       71.61        1.02     12
      1040     19.88          0.00       58.90        0.00     10
      1041     19.90         14.13       84.72       14.13      6
      1042     19.92         17.72       88.31       17.72      8
      1043     19.93          0.00       62.94        0.00     12
      1044     19.95          0.00       64.06        0.00     12
      1045     19.97         14.13       84.72       14.13      8
      1046     19.99         17.72       88.31       17.72      6
      1047     20.01          0.00       62.59        0.00      8
      1048     20.03          0.00       62.94        0.00     10
      1049     20.05          0.00       65.25        0.00      6
      1050     20.07          1.02       71.61        1.02     12
      1051     20.09          0.00       62.59        0.00      6
      1052     20.11          1.02       71.61        1.02     14
      1053     20.13          0.00       58.50        0.00      6
      1054     20.14         12.78       83.37       12.78      4
      1055     20.16         18.05       88.64       18.05     12
      1056     20.18         14.13       84.72       14.13      8
      1057     20.20          0.00       64.06        0.00     14
      1058     20.22         14.16       84.75       14.16      8
      1059     20.23         14.13       84.72       14.13      6
      1060     20.25          8.15       72.14        8.15     14
      1061     20.27          1.02       71.61        1.02     12
      1062     20.29          1.02       71.61        1.02     10
      1063     20.30          8.15       72.14        8.15     14
      1064     20.32          0.00       62.94        0.00     10
      1065     20.34          0.00       58.67        0.00      6
      1066     20.36          1.02       71.61        1.02     16
      1067     20.37         10.13       64.06       10.13     12
      1068     20.40         13.01       83.60       13.01      8
      1069     20.42          0.00       66.72        0.00     12
      1070     20.44          0.00       62.59        0.00      8
      1071     20.46          0.00       62.94        0.00      8
      1072     20.48          0.00       58.90        0.00      8
      1073     20.50          0.00       66.72        0.00     12
      1074     20.52         14.13       84.72       14.13      6
      1075     20.54         14.13       84.72       14.13      6
      1076     20.55          0.00       61.12        0.00     12
      1077     20.57          0.00       62.59        0.00      6
      1078     20.59          0.00       58.50        0.00     12
      1079     20.61         14.13       84.72       14.13     10
      1080     20.62          0.00       64.06        0.00     12
      1081     20.64          0.00       62.59        0.00     10
      1082     20.66          0.00       62.59        0.00     16
      1083     20.68         14.13       84.72       14.13      8
      1084     20.69          0.00       66.72        0.00      8
      1085     20.71          0.00       62.59        0.00      8
      1086     20.72          1.02       71.61        1.02     12
      1087     20.74         14.13       84.72       14.13      6
      1088     20.76          1.02       71.61        1.02     18
      1089     20.77          0.00       62.59        0.00      8
      1090     20.79          0.00       64.06        0.00     12
      1091     20.81          1.02       71.61        1.02     10
      1092     20.83          0.00       58.90        0.00     10
      1093     20.85         14.13       84.72       14.13      8
      1094     20.87          0.00       59.65        0.00     10
      1095     20.89          0.00       65.25        0.00     10
      1096     20.91         14.13       84.72       14.13      6
      1097     20.93          1.02       71.61        1.02     14
      1098     20.95          0.00       65.25        0.00     10
      1099     20.97          0.00       58.50        0.00      8
      1100     20.99          0.00       59.65        0.00     10
      1101     21.00          0.00       66.72        0.00     14
      1102     21.02         10.13       64.06       10.13     12
      1103     21.05         10.13       64.06       10.13     10
      1104     21.08          1.02       71.61        1.02     12
      1105     21.10         10.13       64.06       10.13     10
      1106     21.13          5.42       57.91        5.42     10
      1107     21.16         14.13       84.72       14.13     10
      1108     21.18         14.13       84.72       14.13      8
      1109     21.20          0.00       66.72        0.00     12
      1110     21.22          0.00       65.25        0.00     12
      1111     21.24          0.00       62.94        0.00     10
      1112     21.26          1.02       71.61        1.02     10
      1113     21.28          1.02       71.61        1.02     14
      1114     21.30         18.25       88.84       18.25      8
      1115     21.32          1.02       71.61        1.02     12
      1116     21.33          1.02       71.61        1.02     10
      1117     21.35          1.02       71.61        1.02     14
      1118     21.37         23.15       93.74       23.15      8
      1119     21.39          1.02       71.61        1.02     10
      1120     21.40         14.13       84.72       14.13      8
      1121     21.42         26.46       90.45       26.46     10
      1122     21.44         18.05       88.64       18.05     12
      1123     21.46          8.15       72.14        8.15     14
      1124     21.48          0.00       58.50        0.00     12
      1125     21.50          8.15       72.14        8.15     14
      1126     21.52          1.02       71.61        1.02     12
      1127     21.54          0.00       62.59        0.00      8
      1128     21.56         18.05       88.64       18.05      8
      1129     21.58          0.00       66.72        0.00     12
      1130     21.60         14.13       84.72       14.13     12
      1131     21.63          8.15       72.14        8.15     12
      1132     21.65          8.15       72.14        8.15     14
      1133     21.75         14.13       84.72       14.13      6
      1134     21.78          1.02       71.61        1.02     12
      1135     21.80          0.00       62.94        0.00     10
      1136     21.82         36.77       88.31       36.77      4
      1137     21.84         19.25       83.24       19.25     12
      1138     21.86          1.02       71.61        1.02     16
      1139     21.88          1.02       71.61        1.02     10
      1140     21.90         17.49       88.08       17.49      8
      1141     21.92          1.02       71.61        1.02     12
      1142     21.94         19.63       90.22       19.63      8
      1143     21.96          0.00       58.67        0.00     14
      1144     21.98          0.00       58.67        0.00      8
      1145     22.00         18.05       88.64       18.05     10
      1146     22.03          0.00       61.12        0.00     12
      1147     22.05          0.00       64.06        0.00     12
      1148     22.08          0.00       58.67        0.00      8
      1149     22.10         12.78       83.37       12.78      2
      1150     22.13         17.49       88.08       17.49      8
      1151     22.15         14.13       84.72       14.13      4
      1152     22.18          0.00       58.50        0.00      6
      1153     22.20         18.05       88.64       18.05      8
      1154     22.22         17.49       88.08       17.49      8
      1155     22.24          0.00       65.25        0.00     10
      1156     22.26         14.13       84.72       14.13      8
      1157     22.28         14.13       84.72       14.13      8
      1158     22.30         14.13       84.72       14.13      6
      1159     22.32          0.00       65.25        0.00     14
      1160     22.34          1.02       71.61        1.02     10
      1161     22.37          0.00       66.72        0.00     12
      1162     22.39          0.00       64.06        0.00     12
      1163     22.42          1.02       71.61        1.02     12
      1164     22.44          8.15       72.14        8.15     12
      1165     22.47          0.00       62.59        0.00      6
      1166     22.49          0.00       61.12        0.00     12
      1167     22.51          0.00       62.59        0.00     14
      1168     22.53          0.00       62.94        0.00     10
      1169     22.55         14.13       84.72       14.13      8
      1170     22.57          8.15       72.14        8.15     14
      1171     22.59          8.15       72.14        8.15     12
      1172     22.61          1.02       71.61        1.02     12
      1173     22.63          0.00       59.65        0.00     10
      1174     22.65          8.15       72.14        8.15     14
      1175     22.68         10.13       64.06       10.13      8
      1176     22.71          0.00       65.25        0.00     12
      1177     22.73          0.00       66.72        0.00     12
      1178     22.76          0.00       62.94        0.00     10
      1179     22.79         17.72       88.31       17.72      6
      1180     22.81         14.13       84.72       14.13      4
      1181     22.83          0.00       62.94        0.00     10
      1182     22.86          1.02       71.61        1.02     12
      1183     22.91         17.49       88.08       17.49     12
      1184     22.93         17.72       88.31       17.72     12
      1185     22.96          0.00       66.72        0.00     12
      1186     22.99          1.02       71.61        1.02     10
      1187     23.04          1.02       71.61        1.02     12
      1188     23.08          0.00       66.72        0.00     10
      1189     23.10         14.41       78.40       14.41      6
      1190     23.13          0.00       62.59        0.00     10
      1191     23.16         14.13       84.72       14.13      8
      1192     23.18         17.49       88.08       17.49      8
      1193     23.21          7.88       61.23        7.88     10
      1194     23.23          1.02       71.61        1.02     12
      1195     23.25          0.00       62.94        0.00     10
      1196     23.27          0.00       62.59        0.00      8
      1197     23.30         14.13       84.72       14.13      8
      1198     23.32          0.00       62.59        0.00     14
      1199     23.34         19.63       90.22       19.63      6
      1200     23.36          0.00       66.72        0.00     12
      1201     23.38          0.00       66.72        0.00     12
      1202     23.41         14.13       84.72       14.13      6
      1203     23.43          0.00       66.72        0.00     12
      1204     23.45         14.13       84.72       14.13     10
      1205     23.47          0.00       62.59        0.00     10
      1206     23.50         14.13       84.72       14.13      8
      1207     23.52          8.15       72.14        8.15     16
      1208     23.54          0.00       62.59        0.00      8
      1209     23.56          0.00       65.25        0.00     12
      1210     23.58          0.00       62.59        0.00     12
      1211     23.60          0.00       66.72        0.00     12
      1212     23.63          1.02       71.61        1.02     12
      1213     23.65          1.02       71.61        1.02     12
      1214     23.67         13.41       84.00       13.41      4
      1215     23.69         18.71       82.70       18.71      6
      1216     23.72          0.00       62.59        0.00     12
      1217     23.74          0.00       62.59        0.00      8
      1218     23.76          8.15       72.14        8.15     12
      1219     23.78         18.83       81.72       18.83     10
      1220     23.80          0.00       59.65        0.00     10
      1221     23.82         19.63       90.22       19.63      2
      1222     23.84          0.00       62.59        0.00      6
      1223     23.87          0.00       61.12        0.00     14
      1224     23.89          0.00       62.94        0.00     10
      1225     23.91          1.02       71.61        1.02     14
      1226     23.93          0.00       62.94        0.00     12
      1227     23.95          0.00       62.59        0.00     10
      1228     23.97          0.00       62.59        0.00      8
      1229     23.99          0.00       65.25        0.00     10
      1230     24.01          0.00       58.50        0.00     12
      1231     24.03         10.13       64.06       10.13     14
      1232     24.06          1.02       71.61        1.02     14
      1233     24.08          1.02       71.61        1.02     10
      1234     24.11          1.02       71.61        1.02     12
      1235     24.12          0.00       61.12        0.00     12
      1236     24.14          1.02       71.61        1.02     12
      1237     24.16          0.00       62.59        0.00      6
      1238     24.18         14.13       84.72       14.13      4
      1239     24.20         17.49       88.08       17.49      4
      1240     24.22          0.00       62.59        0.00     12
      1241     24.25         14.13       84.72       14.13      8
      1242     24.27          0.00       62.59        0.00      6
      1243     24.29         10.13       64.06       10.13     14
      1244     24.33         10.13       62.94       10.13     14
      1245     24.36          1.02       71.61        1.02     12
      1246     24.38         14.13       84.72       14.13      4
      1247     24.40          0.00       62.59        0.00      8
      1248     24.42         14.13       84.72       14.13      8
      1249     24.44          0.00       59.65        0.00     10
      1250     24.46         15.13       79.12       15.13     12
      1251     24.48         10.13       62.94       10.13     14
      1252     24.51         18.12       88.70       18.12      6
      1253     24.53         17.72       88.31       17.72      8
      1254     24.55         14.13       84.72       14.13      4
      1255     24.56          1.02       71.61        1.02     14
      1256     24.58          0.00       62.59        0.00     10
      1257     24.60          1.02       71.61        1.02     12
      1258     24.62          1.02       71.61        1.02     12
      1259     24.64         14.13       84.72       14.13     10
      1260     24.66          0.00       62.59        0.00     10
      1261     24.68         14.13       84.72       14.13      4
      1262     24.70          0.00       66.72        0.00     12
      1263     24.72         14.13       84.72       14.13      6
      1264     24.73          0.00       62.94        0.00     10
      1265     24.75          0.00       61.12        0.00     14
      1266     24.77          0.00       66.72        0.00     12
      1267     24.79          0.00       59.65        0.00     14
      1268     24.80         14.13       84.72       14.13      8
      1269     24.82          1.02       71.61        1.02     14
      1270     24.84          8.15       72.14        8.15     12
      1271     24.86         17.49       88.08       17.49      8
      1272     24.88          0.00       65.25        0.00     12
      1273     24.90         14.13       84.72       14.13      6
      1274     25.00         14.13       84.72       14.13     10
      1275     25.02          1.02       71.61        1.02     12
      1276     25.04          1.02       71.61        1.02     12
      1277     25.07         17.49       88.08       17.49      8
      1278     25.10         14.13       84.72       14.13      6
      1279     25.12         18.05       88.64       18.05      6
      1280     25.14         26.21       96.80       26.21      8
      1281     25.16          0.00       62.59        0.00     10
      1282     25.19          0.00       62.59        0.00     10
      1283     25.21          0.00       62.94        0.00     10
      1284     25.24          1.02       71.61        1.02     16
      1285     25.27          8.15       72.14        8.15     14
      1286     25.29          0.00       62.59        0.00      6
      1287     25.32         14.13       84.72       14.13     10
      1288     25.34          0.00       62.59        0.00     14
      1289     25.37         36.54       88.08       36.54      2
      1290     25.39          1.02       71.61        1.02     16
      1291     25.41          0.00       62.94        0.00     10
      1292     25.44          0.00       62.59        0.00      8
      1293     25.46          0.00       62.59        0.00     10
      1294     25.49          0.00       62.59        0.00      6
      1295     25.51          1.02       71.61        1.02     12
      1296     25.54          8.15       72.14        8.15     14
      1297     25.56          0.00       62.59        0.00      8
      1298     25.58          1.02       71.61        1.02     12
      1299     25.60          0.00       66.72        0.00     12
      1300     25.62          0.00       62.59        0.00      8
      1301     25.64          0.00       62.94        0.00     10
      1302     25.66         14.13       84.72       14.13      8
      1303     25.68          0.00       62.94        0.00     10
      1304     25.70         17.49       88.08       17.49     10
      1305     25.72          0.00       62.59        0.00     14
      1306     25.74          1.02       71.61        1.02     12
      1307     25.75          0.00       58.67        0.00      8
      1308     25.77         10.13       64.06       10.13     10
      1309     25.80          1.02       71.61        1.02     12
      1310     25.82          1.02       71.61        1.02     10
      1311     25.84          0.00       62.59        0.00     10
      1312     25.87          8.15       72.14        8.15     14
      1313     25.89         14.13       84.72       14.13      6
      1314     25.91          0.00       58.50        0.00     10
      1315     25.94          0.00       58.50        0.00      8
      1316     25.95          0.00       58.67        0.00     10
      1317     25.97          1.02       71.61        1.02     12
      1318     25.99         17.49       88.08       17.49      8
      1319     26.01          1.02       71.61        1.02     12
      1320     26.03          0.00       66.72        0.00      8
      1321     26.05          0.00       66.72        0.00     12
      1322     26.07          0.00       62.59        0.00     12
      1323     26.08         18.48       89.07       18.48      8
      1324     26.10          0.00       58.50        0.00     10
      1325     26.12          1.02       71.61        1.02     12
      1326     26.14          0.00       58.50        0.00     10
      1327     26.16          0.00       61.12        0.00      8
      1328     26.18          0.00       62.59        0.00      6
      1329     26.20         10.13       64.06       10.13     12
      1330     26.23          0.00       62.59        0.00      8
      1331     26.25         18.05       88.64       18.05     12
      1332     26.27          0.00       62.94        0.00     10
      1333     26.29          0.00       66.72        0.00     12
      1334     26.31          1.02       71.61        1.02     12
      1335     26.33          5.42       61.12        5.42     10
      1336     26.38         14.13       84.72       14.13      6
      1337     26.39         25.46       96.05       25.46      8
      1338     26.41          0.00       66.72        0.00     12
      1339     26.43          0.00       58.50        0.00     12
      1340     26.45          0.00       65.25        0.00     12
      1341     26.47          0.00       58.90        0.00      8
      1342     26.49          0.00       62.59        0.00     12
      1343     26.51         10.13       64.06       10.13     14
      1344     26.54          0.00       61.12        0.00     12
      1345     26.56          0.00       62.94        0.00     10
      1346     26.57         14.13       84.72       14.13      8
      1347     26.60          1.02       71.61        1.02     12
      1348     26.62         10.13       64.06       10.13     12
      1349     26.65          1.02       71.61        1.02     16
      1350     26.67          0.00       58.90        0.00     10
      1351     26.69         12.78       83.37       12.78      2
      1352     26.72          0.00       62.94        0.00     10
      1353     26.74          0.00       66.72        0.00     12
      1354     26.76          1.02       71.61        1.02     14
      1355     26.78          0.00       66.72        0.00     14
      1356     26.80          0.00       62.59        0.00      8
      1357     26.82          1.02       71.61        1.02     14
      1358     26.83         19.05       83.04       19.05     12
      1359     26.85         15.48       78.37       15.48     10
      1360     26.87         13.78       77.77       13.78      8
      1361     26.89          0.00       66.72        0.00     12
      1362     26.90         18.71       82.70       18.71      6
      1363     26.92         10.13       64.06       10.13     10
      1364     26.95          1.02       71.61        1.02     10
      1365     26.97         10.13       64.06       10.13      8
      1366     26.99          0.00       65.25        0.00     12
      1367     27.01          0.00       65.25        0.00     14
      1368     27.03          0.00       62.59        0.00     10
      1369     27.04          0.00       62.59        0.00      8
      1370     27.07         10.13       64.06       10.13     10
      1371     27.12         14.13       84.72       14.13     10
      1372     27.14          1.02       71.61        1.02     12
      1373     27.16          0.00       62.59        0.00     10
      1374     27.18          1.02       71.61        1.02     16
      1375     27.20          8.15       72.14        8.15     14
      1376     27.21          1.02       71.61        1.02     12
      1377     27.23          0.00       62.59        0.00      6
      1378     27.25         14.13       84.72       14.13      8
      1379     27.27          1.02       71.61        1.02     14
      1380     27.28         14.13       84.72       14.13      8
      1381     27.30          1.02       71.61        1.02     10
      1382     27.32         17.49       88.08       17.49     12
      1383     27.33         15.13       79.12       15.13     10
      1384     27.35         14.13       84.72       14.13      8
      1385     27.37          0.00       62.59        0.00      8
      1386     27.39          0.00       62.94        0.00     10
      1387     27.40          8.15       72.14        8.15     14
      1388     27.42          0.00       62.59        0.00      8
      1389     27.45          1.02       71.61        1.02     12
      1390     27.47          0.00       65.25        0.00     12
      1391     27.49          0.00       65.25        0.00     10
      1392     27.51          0.00       66.72        0.00     12
      1393     27.53          0.00       62.59        0.00      8
      1394     27.55          8.15       72.14        8.15     18
      1395     27.56          0.00       64.06        0.00     12
      1396     27.59         10.13       64.06       10.13     10
      1397     27.62         14.13       84.72       14.13      6
      1398     27.64          0.00       62.59        0.00      6
      1399     27.67         14.13       84.72       14.13     10
      1400     27.68          1.02       71.61        1.02     10
      1401     27.70          1.02       71.61        1.02     12
      1402     27.72          5.42       57.91        5.42     12
      1403     27.76         18.05       88.64       18.05      8
      1404     27.77          1.02       71.61        1.02     10
      1405     27.79         14.13       84.72       14.13      6
      1406     27.81          0.00       62.94        0.00     10
      1407     27.83         14.13       84.72       14.13      8
      1408     27.84         15.48       78.37       15.48     10
      1409     27.86          0.00       62.94        0.00     10
      1410     27.88          0.00       58.50        0.00     10
      1411     27.91          1.02       71.61        1.02     10
      1412     27.93         10.13       64.06       10.13     12
      1413     27.96          0.00       62.94        0.00     10
      1414     27.97          1.02       71.61        1.02     12
      1415     27.99          0.00       62.59        0.00      6
      1416     28.01         17.49       88.08       17.49      8
      1417     28.02          1.02       71.61        1.02     12
      1418     28.04          1.02       71.61        1.02     14
      1419     28.06          1.02       71.61        1.02     12
      1420     28.08         15.13       79.12       15.13     10
      1421     28.09          0.00       62.59        0.00      6
      1422     28.11          1.02       71.61        1.02     12
      1423     28.13         10.13       64.06       10.13     10
      1424     28.15          1.02       71.61        1.02     12
      1425     28.16         25.46       96.05       25.46     12
      1426     28.18          0.00       64.06        0.00     12
      1427     28.20          0.00       62.94        0.00     10
      1428     28.22          0.00       66.72        0.00     12
      1429     28.24          0.00       62.94        0.00     10
      1430     28.25         14.16       84.75       14.16      8
      1431     28.27          0.00       58.90        0.00     10
      1432     28.28          0.00       66.72        0.00     12
      1433     28.30         14.16       84.75       14.16      2
      1434     28.33          0.00       62.94        0.00      8
      1435     28.34          8.15       72.14        8.15     14
      1436     28.36          9.56       64.63        9.56     12
      1437     28.38          0.00       61.12        0.00     12
      1438     28.40          0.00       62.59        0.00     10
      1439     28.42          0.00       58.50        0.00      8
      1440     28.44         17.72       88.31       17.72      8
      1441     28.45          8.15       72.14        8.15     12
      1442     28.47          1.02       71.61        1.02     14
      1443     28.49          0.00       62.59        0.00     10
      1444     28.51          1.02       71.61        1.02     12
      1445     28.52          1.02       71.61        1.02     14
      1446     28.54         15.13       79.12       15.13     10
      1447     28.56         18.48       82.47       18.48     12
      1448     28.58          0.00       66.72        0.00     12
      1449     28.59         10.13       64.06       10.13     12
      1450     28.62          0.00       62.59        0.00      6
      1451     28.64         14.13       84.72       14.13     10
      1452     28.65         14.13       84.72       14.13      6
      1453     28.67          0.00       58.50        0.00     12
      1454     28.69          0.00       62.94        0.00     10
      1455     28.71          1.02       71.61        1.02     14
      1456     28.72          0.00       66.72        0.00     12
      1457     28.74          0.00       62.59        0.00      8
      1458     28.76         10.13       64.06       10.13     12
      1459     28.80          0.00       62.59        0.00      8
      1460     28.82          8.15       72.14        8.15     16
      1461     28.84          0.00       62.59        0.00     12
      1462     28.85          1.02       71.61        1.02     14
      1463     28.87         13.41       84.00       13.41      2
      1464     28.89         17.49       88.08       17.49      8
      1465     28.90          0.00       62.59        0.00      8
      1466     28.92         18.05       88.64       18.05      8
      1467     28.94          1.02       71.61        1.02     10
      1468     28.96         18.05       88.64       18.05      8
      1469     28.97         14.13       84.72       14.13     10
      1470     28.99          0.00       62.59        0.00      8
      1471     29.01         14.13       84.72       14.13     10
      1472     29.03          0.00       64.06        0.00     12
      1473     29.04          1.02       71.61        1.02     14
      1474     29.06          0.00       64.06        0.00     12
      1475     29.08         14.13       84.72       14.13     10
      1476     29.09          0.00       58.90        0.00      8
      1477     29.11          1.02       71.61        1.02     14
      1478     29.13          1.02       71.61        1.02     12
      1479     29.14          5.42       61.12        5.42     10
      1480     29.17          0.00       58.90        0.00     14
      1481     29.19          0.00       66.72        0.00     14
      1482     29.21         37.53       92.99       37.53      4
      1483     29.22         14.13       84.72       14.13      8
      1484     29.24          8.15       72.14        8.15     16
      1485     29.26          0.00       62.59        0.00     12
      1486     29.28          0.00       64.06        0.00     12
      1487     29.30         15.13       79.12       15.13     10
      1488     29.32         18.05       88.64       18.05      8
      1489     29.33          8.15       72.14        8.15     12
      1490     29.35          0.00       66.72        0.00     14
      1491     29.36          0.00       59.65        0.00     10
      1492     29.38         14.13       84.72       14.13      6
      1493     29.40         17.49       88.08       17.49      8
      1494     29.42          0.00       62.59        0.00     10
      1495     29.43          8.15       72.14        8.15     12
      1496     29.45          0.00       66.72        0.00     12
      1497     29.47         10.13       64.06       10.13     12
      1498     29.50         14.13       84.72       14.13      8
      1499     29.52          1.02       71.61        1.02     12
      1500     29.53          1.02       71.61        1.02     10
      1501     29.55          0.00       62.94        0.00     10
      1502     29.57          0.00       66.72        0.00     12
      1503     29.59          0.00       66.72        0.00     16
      1504     29.60         14.13       84.72       14.13     10
      1505     29.62         15.13       79.12       15.13     10
      1506     29.64          0.00       59.65        0.00      8
      1507     29.66          0.00       66.72        0.00     14
      1508     29.67          0.00       58.90        0.00     10
      1509     29.69          8.15       72.14        8.15     12
      1510     29.71         17.72       88.31       17.72      6
      1511     29.72          0.00       62.59        0.00      6
      1512     29.74         15.13       79.12       15.13      6
      1513     29.76          0.00       62.94        0.00      8
      1514     29.77          1.02       71.61        1.02     14
      1515     29.80         17.72       88.31       17.72      8
      1516     29.81         10.13       64.06       10.13     10
      1517     29.84          0.00       62.59        0.00     10
      1518     29.86         17.49       88.08       17.49      6
      1519     29.88          0.00       66.72        0.00     12
      1520     29.89         15.13       79.12       15.13     10
      1521     29.91         10.13       64.06       10.13     10
      1522     29.94         14.13       84.72       14.13      8
      1523     29.96          0.00       62.59        0.00      8
      1524     29.97          1.02       71.61        1.02     12
      1525     29.99          0.00       62.94        0.00     10
      1526     30.01          0.00       58.90        0.00      8
      1527     30.03          0.00       62.59        0.00     10
      1528     30.05          1.02       71.61        1.02     12
      1529     30.06          0.00       64.06        0.00     10
      1530     30.08          0.00       62.59        0.00     10
      1531     30.10         18.05       88.64       18.05      8
      1532     30.11          0.00       58.67        0.00      8
      1533     30.13         10.13       64.06       10.13     14
      1534     30.16          1.02       71.61        1.02     16
      1535     30.17          1.02       71.61        1.02     10
      1536     30.19         14.13       84.72       14.13      8
      1537     30.21          0.00       62.59        0.00      6
      1538     30.22          1.02       71.61        1.02     12
      1539     30.24          0.00       58.67        0.00      8
      1540     30.26          0.00       62.59        0.00     10
      1541     30.28          1.02       71.61        1.02     12
      1542     30.29          0.00       66.72        0.00      8
      1543     30.31         14.13       84.72       14.13      6
      1544     30.32         15.13       79.12       15.13     10
      1545     30.34          1.02       71.61        1.02     16
      1546     30.36         36.77       88.31       36.77      2
      1547     30.37          0.00       62.94        0.00     12
      1548     30.39          0.00       61.12        0.00     12
      1549     30.41          1.02       71.61        1.02     12
      1550     30.43         10.13       64.06       10.13     12
      1551     30.45          1.02       71.61        1.02     14
      1552     30.47          0.00       66.72        0.00     14
      1553     30.49         10.13       64.06       10.13     10
      1554     30.52          1.02       71.61        1.02     12
      1555     30.54          1.02       71.61        1.02     14
      1556     30.56          1.02       71.61        1.02     10
      1557     30.57          1.02       71.61        1.02     10
      1558     30.59          8.15       72.14        8.15     12
      1559     30.61          8.15       72.14        8.15     12
      1560     30.63         10.13       64.06       10.13     10
      1561     30.66          0.00       62.94        0.00     10
      1562     30.67          8.15       72.14        8.15     14
      1563     30.69          0.00       66.72        0.00     12
      1564     30.71         14.13       84.72       14.13      6
      1565     30.72         36.97       88.31       36.97      4
      1566     30.74          1.02       71.61        1.02     10
      1567     30.76         25.06       95.65       25.06     12
      1568     30.77         17.49       88.08       17.49      8
      1569     30.79         14.13       84.72       14.13      6
      1570     30.80          0.00       58.67        0.00      8
      1571     30.82          1.02       71.61        1.02     14
      1572     30.84          8.15       72.14        8.15     14
      1573     30.85          0.00       62.59        0.00      8
      1574     30.87          0.00       58.67        0.00      8
      1575     30.89          1.02       71.61        1.02     16
      1576     30.91          0.00       58.90        0.00     16
      1577     30.92          1.02       71.61        1.02     14
      1578     30.94         14.13       84.72       14.13      8
      1579     30.96         18.05       88.64       18.05      8
      1580     30.98          1.02       71.61        1.02     12
      1581     30.99          0.00       66.72        0.00     12
      1582     31.01          0.00       62.59        0.00     12
      1583     31.03          0.00       58.50        0.00     12
      1584     31.04         10.13       64.06       10.13     12
      1585     31.07          0.00       62.94        0.00     10
      1586     31.09          0.00       66.72        0.00     10
      1587     31.11          0.00       58.50        0.00      8
      1588     31.12          1.02       71.61        1.02     12
      1589     31.14          0.00       65.25        0.00     14
      1590     31.16         17.72       88.31       17.72      8
      1591     31.17          1.02       71.61        1.02     12
      1592     31.19          0.00       58.50        0.00     10
      1593     31.21          0.00       66.72        0.00     12
      1594     31.22          0.00       62.94        0.00     10
      1595     31.24         15.13       79.12       15.13     10
      1596     31.26          5.42       57.91        5.42      8
      1597     31.29          8.15       72.14        8.15     14
      1598     31.30          0.00       62.94        0.00     12
      1599     31.32         12.78       83.37       12.78      2
      1600     31.34          1.02       71.61        1.02     14
      1601     31.36         26.06       90.05       26.06     10
      1602     31.37          0.00       62.94        0.00     10
      1603     31.39         12.78       83.37       12.78      4
      1604     31.41         15.13       79.12       15.13     10
      1605     31.42          0.00       66.72        0.00     14
      1606     31.44          0.00       62.59        0.00     10
      1607     31.46          0.00       58.50        0.00     10
      1608     31.48          1.02       71.61        1.02     12
      1609     31.50          0.00       64.06        0.00     14
      1610     31.51          8.15       72.14        8.15     14
      1611     31.53         10.13       64.06       10.13     10
      1612     31.56          0.00       62.59        0.00     12
      1613     31.58          0.00       64.06        0.00     12
      1614     31.60          0.00       64.06        0.00     12
      1615     31.62          0.00       58.90        0.00      8
      1616     31.63         18.05       88.64       18.05      8
      1617     31.66         17.49       88.08       17.49     12
      1618     31.68         36.77       88.31       36.77      4
      1619     31.70          1.02       71.61        1.02     14
      1620     31.72          0.00       62.59        0.00     10
      1621     31.74          1.02       71.61        1.02     12
      1622     31.76         14.13       84.72       14.13      6
      1623     31.78          0.00       66.72        0.00     12
      1624     31.80         17.49       88.08       17.49      8
      1625     31.82         18.48       82.47       18.48     10
      1626     31.84         14.13       84.72       14.13      8
      1627     31.86          0.00       62.59        0.00      8
      1628     31.88         14.13       84.72       14.13      8
      1629     31.89          0.00       62.94        0.00     10
      1630     31.91         12.78       83.37       12.78     10
      1631     31.93          0.00       66.72        0.00     10
      1632     31.95          0.00       62.94        0.00     12
      1633     31.97          0.00       62.59        0.00     12
      1634     31.99         10.13       64.06       10.13     10
      1635     32.02          1.02       71.61        1.02     12
      1636     32.04          0.00       66.72        0.00     12
      1637     32.06          0.00       62.59        0.00      8
      1638     32.08          1.02       71.61        1.02     10
      1639     32.10          1.02       71.61        1.02     10
      1640     32.12         10.13       64.06       10.13     14
      1641     32.15          0.00       62.59        0.00      8
      1642     32.17         15.13       79.12       15.13     10
      1643     32.19          8.15       72.14        8.15     12
      1644     32.20          1.02       71.61        1.02     12
      1645     32.22          0.00       62.94        0.00     10
      1646     32.24         10.13       64.06       10.13     10
      1647     32.27          0.00       58.50        0.00      8
      1648     32.29         14.13       84.72       14.13     10
      1649     32.31         18.05       88.64       18.05     10
      1650     32.33         17.72       88.31       17.72      6
      1651     32.35         10.13       64.06       10.13     12
      1652     32.38          0.00       61.12        0.00     10
      1653     32.39          0.00       62.94        0.00      8
      1654     32.42         17.49       88.08       17.49      8
      1655     32.44         10.13       58.67       10.13     16
      1656     32.46         18.48       82.47       18.48      8
      1657     32.48         17.72       88.31       17.72     12
      1658     32.50          1.02       71.61        1.02     10
      1659     32.51         10.13       64.06       10.13     12
      1660     32.54          0.00       58.90        0.00     12
      1661     32.56          0.00       62.59        0.00      8
      1662     32.58          4.85       65.25        4.85     16
      1663     32.60          0.00       62.94        0.00     10
      1664     32.62          0.00       62.59        0.00     10
      1665     32.63         14.13       84.72       14.13      8
      1666     32.65          1.02       71.61        1.02     12
      1667     32.67          0.00       58.90        0.00     16
      1668     32.69          8.15       72.14        8.15     18
      1669     32.71         14.13       84.72       14.13      6
      1670     32.72          0.00       62.94        0.00     10
      1671     32.74          1.02       71.61        1.02     14
      1672     32.76          1.02       71.61        1.02     12
      1673     32.78          1.02       71.61        1.02     14
      1674     32.79         22.80       93.39       22.80      8
      1675     32.81         14.13       84.72       14.13     10
      1676     32.83         14.13       84.72       14.13     10
      1677     32.85          0.00       58.67        0.00      6
      1678     32.87          0.00       62.59        0.00      8
      1679     32.88          0.00       62.59        0.00     10
      1680     32.90          0.00       64.06        0.00     10
      1681     32.92          0.00       62.59        0.00     10
      1682     32.94          1.02       71.61        1.02     14
      1683     32.96          0.00       66.72        0.00     12
      1684     32.98          0.00       66.72        0.00     12
      1685     33.00          0.00       62.59        0.00     12
      1686     33.01          0.00       62.94        0.00     10
      1687     33.03          0.00       66.72        0.00     12
      1688     33.05          1.02       71.61        1.02     12
      1689     33.07          1.02       71.61        1.02     12
      1690     33.08         10.13       58.67       10.13     18
      1691     33.11         18.05       88.64       18.05      6
      1692     33.12         18.05       88.64       18.05      6
      1693     33.14         19.63       90.22       19.63      4
      1694     33.16         25.46       96.05       25.46      6
      1695     33.18          1.02       71.61        1.02     14
      1696     33.20         14.13       84.72       14.13      8
      1697     33.21         10.13       64.06       10.13     12
      1698     33.24         10.13       64.06       10.13     18
      1699     33.27          0.00       62.94        0.00     10
      1700     33.29          0.00       58.50        0.00     10
      1701     33.31          8.15       72.14        8.15     16
      1702     33.32          1.02       71.61        1.02     10
      1703     33.34          0.00       62.94        0.00     12
      1704     33.36          0.00       66.72        0.00     12
      1705     33.37          0.00       58.67        0.00      6
      1706     33.39         17.49       88.08       17.49      6
      1707     33.41          1.02       71.61        1.02     14
      1708     33.42          0.00       62.59        0.00      8
      1709     33.44          0.00       65.25        0.00     12
      1710     33.46         17.49       88.08       17.49      6
      1711     33.48          0.00       64.06        0.00     10
      1712     33.49          0.00       62.59        0.00     10
      1713     33.51          0.00       62.59        0.00      8
      1714     33.53          1.02       71.61        1.02     12
      1715     33.55          1.02       71.61        1.02     14
      1716     33.57         14.13       84.72       14.13     10
      1717     33.58          0.00       64.06        0.00     12
      1718     33.60          0.00       66.72        0.00     12
      1719     33.62          0.00       66.72        0.00     10
      1720     33.63         17.72       88.31       17.72      8
      1721     33.65          0.00       62.94        0.00     10
      1722     33.67          0.00       66.72        0.00     12
      1723     33.72         14.41       78.40       14.41      8
      1724     33.82          0.00       62.94        0.00     10
      1725     33.86         17.49       88.08       17.49      8
      1726     33.89         14.13       84.72       14.13      8
      1727     33.91          1.02       71.61        1.02     16
      1728     33.94         18.05       88.64       18.05     12
      1729     33.96          1.02       71.61        1.02     12
      1730     33.98         13.41       84.00       13.41      4
      1731     34.00         10.13       64.06       10.13     10
      1732     34.03         13.41       84.00       13.41      6
      1733     34.05          1.02       71.61        1.02     12
      1734     34.07         17.72       88.31       17.72     12
      1735     34.09          0.00       65.25        0.00      8
      1736     34.11          0.00       62.59        0.00      6
      1737     34.13          8.15       72.14        8.15     14
      1738     34.14          0.00       62.94        0.00     10
      1739     34.16          0.00       65.25        0.00     14
      1740     34.18          1.02       71.61        1.02     12
      1741     34.20         14.13       84.72       14.13      8
      1742     34.22         14.13       84.72       14.13      8
      1743     34.23          0.00       66.72        0.00     10
      1744     34.25          0.00       62.59        0.00      8
      1745     34.27          8.15       72.14        8.15     16
      1746     34.29          1.02       71.61        1.02     14
      1747     34.31          0.00       61.12        0.00     12
      1748     34.33          0.00       65.25        0.00     12
      1749     34.35          0.00       58.90        0.00      8
      1750     34.37          0.00       58.67        0.00      8
      1751     34.39          0.00       62.94        0.00     10
      1752     34.41          0.00       61.12        0.00     12
      1753     34.42          0.54       65.25        0.54     10
      1754     34.45          1.02       71.61        1.02     14
      1755     34.47          1.02       71.61        1.02     12
      1756     34.49          1.02       71.61        1.02     10
      1757     34.51         19.25       83.24       19.25     10
      1758     34.53          0.00       61.12        0.00     12
      1759     34.55          0.00       65.25        0.00     12
      1760     34.57         22.80       93.39       22.80      8
      1761     34.59          1.02       71.61        1.02     14
      1762     34.62         10.13       64.06       10.13     14
      1763     34.65          0.00       62.59        0.00     16
      1764     34.67          0.00       58.50        0.00     12
      1765     34.69         10.13       64.06       10.13     12
      1766     34.72         14.13       84.72       14.13      6
      1767     34.74         10.13       64.06       10.13     12
      1768     34.77          0.00       66.72        0.00     14
      1769     34.79         14.13       84.72       14.13     10
      1770     34.81         10.13       64.06       10.13      8
      1771     34.84          0.00       62.59        0.00      8
      1772     34.85          0.00       62.59        0.00     10
      1773     34.87          0.00       66.72        0.00     12
      1774     34.89          1.02       71.61        1.02     14
      1775     34.91          5.42       57.91        5.42      6
      1776     34.94          1.02       71.61        1.02     10
      1777     34.96          0.00       66.72        0.00     14
      1778     34.98          1.02       71.61        1.02     12
      1779     35.00          1.02       71.61        1.02     12
      1780     35.02          1.02       71.61        1.02     12
      1781     35.04         14.13       84.72       14.13      8
      1782     35.06          0.00       62.59        0.00     10
      1783     35.08          0.00       62.94        0.00     10
      1784     35.10         18.05       88.64       18.05     14
      1785     35.12         10.13       64.06       10.13     14
      1786     35.16          0.00       62.59        0.00      8
      1787     35.17          1.02       71.61        1.02     16
      1788     35.19          1.02       71.61        1.02     10
      1789     35.21          0.00       66.72        0.00      8
      1790     35.23          0.00       62.94        0.00     10
      1791     35.24         23.80       87.79       23.80     10
      1792     35.26         14.13       84.72       14.13      6
      1793     35.28          0.00       62.59        0.00     10
      1794     35.30          0.00       58.90        0.00     12
      1795     35.32          0.00       62.59        0.00      8
      1796     35.34         17.49       88.08       17.49     10
      1797     35.36          0.00       66.72        0.00     12
      1798     35.38          0.00       65.25        0.00     10
      1799     35.41          0.00       58.90        0.00     10
      1800     35.43          0.00       58.50        0.00      8
      1801     35.45         10.13       64.06       10.13      8
      1802     35.48          0.00       62.94        0.00     10
      1803     35.50         22.67       77.74       22.67     10
      1804     35.51          0.00       66.72        0.00     12
      1805     35.53         14.13       84.72       14.13      6
      1806     35.55          5.42       58.46        5.42     10
      1807     35.58          0.00       65.25        0.00     12
      1808     35.60         14.13       84.72       14.13      8
      1809     35.61          0.00       62.94        0.00     10
      1810     35.63          0.00       64.06        0.00     14
      1811     35.65          0.00       65.25        0.00     10
      1812     35.67         14.13       84.72       14.13     10
      1813     35.70          9.56       64.63        9.56      8
      1814     35.72         14.13       84.72       14.13      8
      1815     35.74          0.00       65.25        0.00     12
      1816     35.76         22.80       93.39       22.80      8
      1817     35.78         10.13       64.06       10.13     12
      1818     35.80          0.00       62.59        0.00      6
      1819     35.82          8.15       72.14        8.15     14
      1820     35.83          0.00       66.72        0.00     12
      1821     35.85          1.02       71.61        1.02     12
      1822     35.87          0.00       62.59        0.00     12
      1823     35.89         10.13       64.06       10.13     10
      1824     35.92          0.00       66.72        0.00     10
      1825     35.95         10.13       64.06       10.13     12
      1826     35.98          1.02       71.61        1.02     12
      1827     36.00          1.02       71.61        1.02     12
      1828     36.02          0.00       62.59        0.00      8
      1829     36.04          8.15       72.14        8.15     14
      1830     36.05          0.00       62.59        0.00     10
      1831     36.07         14.13       84.72       14.13      8
      1832     36.09         13.01       83.60       13.01      6
      1833     36.11         25.06       95.65       25.06      6
      1834     36.12          0.00       58.67        0.00      6
      1835     36.14          8.15       72.14        8.15     18
      1836     36.16         36.54       88.08       36.54      4
      1837     36.17          8.15       72.14        8.15     12
      1838     36.19          0.00       65.25        0.00     14
      1839     36.21         14.16       84.75       14.16     10
      1840     36.23          0.00       62.59        0.00      8
      1841     36.25         23.55       94.14       23.55      6
      1842     36.27          0.00       62.59        0.00      8
      1843     36.30         18.48       89.07       18.48      6
      1844     36.32         10.13       64.06       10.13     12
      1845     36.35          0.00       62.94        0.00     10
      1846     36.37          0.00       66.72        0.00     14
      1847     36.38          0.00       58.90        0.00      8
      1848     36.40          1.02       71.61        1.02     14
      1849     36.42         18.05       88.64       18.05      8
      1850     36.44          1.02       71.61        1.02     12
      1851     36.45          0.00       62.59        0.00      8
      1852     36.47         14.13       84.72       14.13      4
      1853     36.49         15.13       79.12       15.13     10
      1854     36.50          0.00       58.50        0.00     12
      1855     36.52          0.00       62.94        0.00     10
      1856     36.53         18.25       88.84       18.25      6
      1857     36.55          1.02       71.61        1.02     14
      1858     36.57          0.00       62.59        0.00      8
      1859     36.59          0.00       62.94        0.00     10
      1860     36.60          0.00       65.25        0.00     12
      1861     36.63         14.13       84.72       14.13      6
      1862     36.65          8.15       72.14        8.15     14
      1863     36.67          0.00       62.59        0.00      8
      1864     36.70          0.00       65.25        0.00     12
      1865     36.73         25.27       89.26       25.27     10
      1866     36.75          1.02       71.61        1.02     10
      1867     36.77         10.13       64.06       10.13     10
      1868     36.80         14.13       84.72       14.13      6
      1869     36.81          0.00       62.59        0.00      6
      1870     36.83         14.13       84.72       14.13      8
      1871     36.85          1.02       71.61        1.02     12
      1872     36.87         18.25       88.84       18.25      6
      1873     36.88          0.00       62.59        0.00      6
      1874     36.90         14.13       84.72       14.13      8
      1875     36.92         14.13       84.72       14.13     10
      1876     36.93          0.00       64.06        0.00     10
      1877     36.95          0.00       58.90        0.00     10
      1878     36.97          1.02       71.61        1.02     10
      1879     36.99          0.00       66.72        0.00      8
      1880     37.01          1.02       71.61        1.02     10
      1881     37.02         10.13       62.94       10.13     16
      1882     37.05          0.00       62.94        0.00     10
      1883     37.06          8.15       72.14        8.15     14
      1884     37.08          1.02       71.61        1.02     12
      1885     37.10         36.97       88.31       36.97      4
      1886     37.12          8.15       72.14        8.15     14
      1887     37.13          0.00       62.94        0.00      8
      1888     37.15          0.00       62.59        0.00      6
      1889     37.16          0.00       65.25        0.00     12
      1890     37.18         14.13       84.72       14.13      8
      1891     37.20         14.13       84.72       14.13      8
      1892     37.22          1.02       71.61        1.02     10
      1893     37.24          0.00       62.94        0.00     10
      1894     37.25          1.02       71.61        1.02     12
      1895     37.27          1.02       71.61        1.02     12
      1896     37.29          1.02       71.61        1.02     12
      1897     37.31          1.02       71.61        1.02     14
      1898     37.33          0.00       61.12        0.00     12
      1899     37.35         10.13       64.06       10.13     18
      1900     37.37          0.00       61.12        0.00     12
      1901     37.38          8.15       72.14        8.15     14
      1902     37.40         15.13       79.12       15.13     10
      1903     37.42          0.00       58.50        0.00     10
      1904     37.43          0.00       62.94        0.00     10
      1905     37.45          0.00       61.12        0.00     14
      1906     37.47          0.00       59.65        0.00     10
      1907     37.49         17.49       88.08       17.49     10
      1908     37.50         10.13       64.06       10.13     12
      1909     37.53          1.02       71.61        1.02     12
      1910     37.55          8.50       71.39        8.50     16
      1911     37.56          0.00       62.59        0.00     10
      1912     37.58          0.00       62.59        0.00      6
      1913     37.60          0.00       66.72        0.00     14
      1914     37.61          0.00       62.59        0.00     10
      1915     37.63          1.02       71.61        1.02     10
      1916     37.65          1.02       71.61        1.02     14
      1917     37.67          0.00       62.59        0.00     10
      1918     37.68          1.02       71.61        1.02     14
      1919     37.70          0.00       62.59        0.00      6
      1920     37.72          1.02       71.61        1.02     10
      1921     37.74          0.00       58.67        0.00      6
      1922     37.75         25.06       95.65       25.06     10
      1923     37.77          0.00       58.90        0.00      6
      1924     37.79         14.13       84.72       14.13     10
      1925     37.80          0.00       62.59        0.00     16
      1926     37.83         14.13       84.72       14.13      6
      1927     37.84         10.13       64.06       10.13     12
      1928     37.87          1.02       71.61        1.02     16
      1929     37.89          8.15       72.14        8.15     14
      1930     37.90         14.13       84.72       14.13      6
      1931     37.92          0.00       59.65        0.00     10
      1932     37.94          0.00       58.90        0.00     16
      1933     37.96          0.00       62.59        0.00      8
      1934     37.97          0.00       66.72        0.00     10
      1935     37.99          1.02       71.61        1.02     12
      1936     38.01          1.02       71.61        1.02     12
      1937     38.02         18.05       88.64       18.05     10
      1938     38.04          0.00       66.72        0.00     10
      1939     38.06         14.13       84.72       14.13      8
      1940     38.07         14.13       84.72       14.13      8
      1941     38.09          8.15       72.14        8.15     16
      1942     38.11          8.15       72.14        8.15     14
      1943     38.12          1.02       71.61        1.02     12
      1944     38.14          8.50       71.39        8.50     12
      1945     38.15          0.00       66.72        0.00     12
      1946     38.17          1.02       71.61        1.02     10
      1947     38.19         17.49       88.08       17.49      8
      1948     38.21         22.40       92.99       22.40      6
      1949     38.23         17.72       88.31       17.72      8
      1950     38.24          1.02       71.61        1.02     12
      1951     38.26          0.00       65.25        0.00     12
      1952     38.27         14.16       84.75       14.16      8
      1953     38.29          8.15       72.14        8.15     16
      1954     38.31         14.13       84.72       14.13      6
      1955     38.32          0.00       66.72        0.00     14
      1956     38.34          0.00       61.12        0.00     12
      1957     38.36          0.00       62.94        0.00     10
      1958     38.38          1.02       71.61        1.02     12
      1959     38.40          1.02       71.61        1.02     12
      1960     38.42          0.00       62.59        0.00      6
      1961     38.43          0.00       59.65        0.00      8
      1962     38.45         10.13       64.06       10.13     10
      1963     38.49         14.13       84.72       14.13      8
      1964     38.50         17.49       88.08       17.49      6
      1965     38.52          1.02       71.61        1.02     16
      1966     38.54          0.00       62.59        0.00      8
      1967     38.56          0.00       62.59        0.00     10
      1968     38.58          1.02       71.61        1.02     12
      1969     38.59          1.02       71.61        1.02     12
      1970     38.61         14.13       84.72       14.13     10
      1971     38.63          1.02       71.61        1.02     12
      1972     38.65          0.00       66.72        0.00     12
      1973     38.66         10.13       64.06       10.13     12
      1974     38.69          0.00       62.59        0.00      8
      1975     38.71         15.13       79.12       15.13     10
      1976     38.73         14.13       84.72       14.13      8
      1977     38.75         23.90       94.49       23.90      6
      1978     38.76          0.00       64.06        0.00     10
      1979     38.78         18.71       82.70       18.71      2
      1980     38.80          0.00       62.94        0.00     10
      1981     38.82          1.02       71.61        1.02     14
      1982     38.83          1.02       71.61        1.02     12
      1983     38.85          0.00       64.06        0.00     12
      1984     38.87          1.02       71.61        1.02     10
      1985     38.89         10.13       64.06       10.13     12
      1986     38.90         17.49       88.08       17.49      8
      1987     38.92          1.02       71.61        1.02     10
      1988     38.94          1.02       71.61        1.02     16
      1989     38.96         17.49       88.08       17.49     10
      1990     38.97          0.00       62.59        0.00     14
      1991     38.99          0.00       62.59        0.00     12
      1992     39.01          1.02       71.61        1.02     12
      1993     39.02          1.02       71.61        1.02     14
      1994     39.04         18.48       82.47       18.48      4
      1995     39.06          1.02       71.61        1.02     10
      1996     39.07         14.13       84.72       14.13      8
      1997     39.09         10.13       64.06       10.13     12
      1998     39.12          1.02       71.61        1.02     14
      1999     39.13          8.15       72.14        8.15     14
      2000     39.15          0.00       62.59        0.00      8
      2001     39.17          0.00       65.25        0.00     12
      2002     39.18          8.15       72.14        8.15     12
      2003     39.20          8.15       72.14        8.15     14
      2004     39.22          1.02       71.61        1.02     12
      2005     39.23          0.00       62.59        0.00      6
      2006     39.25          0.00       58.50        0.00     12
      2007     39.27         17.49       88.08       17.49     10
      2008     39.28         36.77       88.31       36.77      4
      2009     39.30          0.00       62.59        0.00      6
      2010     39.32          0.00       64.06        0.00     16
      2011     39.34          1.02       71.61        1.02     10
      2012     39.36          0.00       59.65        0.00     12
      2013     39.37          0.00       62.59        0.00     10
      2014     39.39          1.02       71.61        1.02     12
      2015     39.41          0.00       66.72        0.00     14
      2016     39.42         23.55       94.14       23.55      8
      2017     39.44         10.13       64.06       10.13     10
      2018     39.47          1.02       71.61        1.02     14
      2019     39.49         10.13       64.06       10.13     12
      2020     39.51          8.15       72.14        8.15     14
      2021     39.53          0.00       58.50        0.00      6
      2022     39.54         18.05       88.64       18.05      8
      2023     39.56         14.13       84.72       14.13      8
      2024     39.58          0.00       66.72        0.00     10
      2025     39.59         17.49       88.08       17.49     10
      2026     39.61          0.00       65.25        0.00     10
      2027     39.63          0.00       62.59        0.00     12
      2028     39.65          0.00       62.59        0.00      8
      2029     39.66         14.13       84.72       14.13      8
      2030     39.68         14.13       84.72       14.13      8
      2031     39.70          0.00       62.59        0.00      6
      2032     39.71         14.13       84.72       14.13      6
      2033     39.73         10.13       64.06       10.13     10
      2034     39.76         15.13       79.12       15.13     10
      2035     39.78          1.02       71.61        1.02     16
      2036     39.79         14.13       84.72       14.13      8
      2037     39.81         15.13       79.12       15.13     10
      2038     39.83         15.13       79.12       15.13     10
      2039     39.85          0.00       62.59        0.00      8
      2040     39.86          0.00       62.59        0.00      6
      2041     39.88          8.15       72.14        8.15     16
      2042     39.90         23.55       94.14       23.55      8
      2043     39.92          1.02       71.61        1.02     12
      2044     39.93         14.13       84.72       14.13      6
      2045     39.95         18.25       88.84       18.25      6
      2046     39.96          0.00       65.25        0.00     12
      2047     39.98          0.00       62.59        0.00      8
      2048     40.00          9.00       62.94        9.00     14
      2049     40.01          0.00       65.25        0.00     12
      2050     40.03          1.02       71.61        1.02     12
      2051     40.05          0.00       58.67        0.00     10
      2052     40.06         14.13       84.72       14.13     10
      2053     40.08          0.00       66.72        0.00     12
      2054     40.10          1.02       71.61        1.02     14
      2055     40.11          0.00       58.90        0.00      8
      2056     40.13          1.02       71.61        1.02     12
      2057     40.15          0.00       65.25        0.00     10
      2058     40.16          0.00       66.72        0.00     12
      2059     40.18          5.42       58.46        5.42      8
      2060     40.21          1.02       71.61        1.02     12
      2061     40.23          0.00       62.59        0.00      8
      2062     40.24          0.00       58.50        0.00      8
      2063     40.26          0.00       64.06        0.00     14
      2064     40.28          1.02       71.61        1.02     10
      2065     40.29          0.00       62.94        0.00     12
      2066     40.31         10.13       62.59       10.13     14
      2067     40.33         18.05       88.64       18.05      8
      2068     40.35          1.02       71.61        1.02     10
      2069     40.36          0.00       62.94        0.00     10
      2070     40.38          1.02       71.61        1.02     12
      2071     40.40          0.00       66.72        0.00      8
      2072     40.42          1.02       71.61        1.02     10
      2073     40.43         13.01       83.60       13.01      6
      2074     40.45         15.13       79.12       15.13     10
      2075     40.46         17.72       88.31       17.72      8
      2076     40.48          1.02       71.61        1.02     16
      2077     40.50          0.00       65.25        0.00     12
      2078     40.51          0.00       65.25        0.00     12
      2079     40.53          0.00       58.67        0.00      6
      2080     40.55          0.00       66.72        0.00     10
      2081     40.56          1.02       71.61        1.02     14
      2082     40.58          1.02       71.61        1.02     12
      2083     40.59          0.00       62.94        0.00     12
      2084     40.61          1.02       71.61        1.02     12
      2085     40.63         14.16       84.75       14.16      2
      2086     40.64          1.02       71.61        1.02     10
      2087     40.66         10.13       64.06       10.13     14
      2088     40.68         14.13       84.72       14.13      8
      2089     40.70         13.01       83.60       13.01      6
      2090     40.72         10.13       64.06       10.13     12
      2091     40.74          1.02       71.61        1.02     12
      2092     40.76          0.00       62.94        0.00     10
      2093     40.78          0.00       62.59        0.00      8
      2094     40.79         17.49       88.08       17.49      6
      2095     40.81          0.00       58.50        0.00     12
      2096     40.83          0.00       62.94        0.00     10
      2097     40.84          0.00       62.94        0.00     12
      2098     40.86          0.00       62.94        0.00     10
      2099     40.88         14.13       84.72       14.13      8
      2100     40.90         13.41       84.00       13.41      4
      2101     40.91          0.00       58.90        0.00      8
      2102     40.93         14.13       84.72       14.13      6
      2103     40.95         22.80       93.39       22.80      6
      2104     40.97          0.00       64.06        0.00      8
      2105     40.98          0.00       62.59        0.00     10
      2106     41.00          1.02       71.61        1.02     12
      2107     41.02         14.13       84.72       14.13      8
      2108     41.04          0.00       58.90        0.00      8
      2109     41.06         14.13       84.72       14.13      8
      2110     41.07          1.02       71.61        1.02     14
      2111     41.09         15.13       79.12       15.13     14
      2112     41.11          1.02       71.61        1.02     16
      2113     41.13          5.42       57.91        5.42     10
      2114     41.16         14.13       84.72       14.13      6
      2115     41.17          0.00       62.94        0.00     10
      2116     41.19          0.00       65.25        0.00     12
      2117     41.21          2.37       65.26        2.37     12
      2118     41.22          8.15       72.14        8.15     14
      2119     41.24         30.50       94.49       30.50      6
      2120     41.26          8.15       72.14        8.15     14
      2121     41.27          0.00       62.94        0.00     10
      2122     41.29          1.02       71.61        1.02     14
      2123     41.30          0.00       65.25        0.00      8
      2124     41.32         17.72       88.31       17.72      6
      2125     41.34          0.00       62.59        0.00      6
      2126     41.36          8.15       72.14        8.15     12
      2127     41.37         14.13       84.72       14.13     10
      2128     41.39         14.13       84.72       14.13      8
      2129     41.41          8.15       72.14        8.15     14
      2130     41.43         18.05       88.64       18.05     12
      2131     41.45         10.13       62.94       10.13     14
      2132     41.47          0.00       65.25        0.00     12
      2133     41.49          1.02       71.61        1.02     12
      2134     41.50         14.13       84.72       14.13     10
      2135     41.52          1.02       71.61        1.02     14
      2136     41.54         14.13       77.02       14.13      6
      2137     41.55          8.15       72.14        8.15     12
      2138     41.57          8.15       72.14        8.15     12
      2139     41.59          0.00       62.59        0.00      8
      2140     41.61         10.13       64.06       10.13     10
      2141     41.64         14.13       84.72       14.13      6
      2142     41.65         17.49       88.08       17.49      6
      2143     41.67          0.00       62.94        0.00     10
      2144     41.69          0.00       59.65        0.00     12
      2145     41.71          1.02       71.61        1.02     16
      2146     41.73          8.15       72.14        8.15     12
      2147     41.74         14.13       84.72       14.13     10
      2148     41.76          0.00       58.50        0.00      6
      2149     41.78          1.02       71.61        1.02     16
      2150     41.80          1.02       71.61        1.02     10
      2151     41.82         18.48       89.07       18.48      8
      2152     41.83          0.00       64.06        0.00     12
      2153     41.85          0.00       66.72        0.00     14
      2154     41.87         15.13       79.12       15.13      4
      2155     41.89          0.00       62.59        0.00     12
      2156     41.90          1.02       71.61        1.02     14
      2157     41.92          0.00       66.72        0.00     12
      2158     41.94         10.13       64.06       10.13     12
      2159     41.96         14.13       84.72       14.13      6
      2160     41.98          1.02       71.61        1.02     10
      2161     41.99          8.15       72.14        8.15     16
      2162     42.01         17.49       88.08       17.49      8
      2163     42.03         14.13       84.72       14.13      4
      2164     42.05         10.13       64.06       10.13     12
      2165     42.08         14.13       84.72       14.13      6
      2166     42.10          0.00       62.59        0.00     10
      2167     42.11          0.00       66.72        0.00     10
      2168     42.13         10.13       64.06       10.13     10
      2169     42.16          0.00       62.59        0.00      8
      2170     42.18         22.80       93.39       22.80     10
      2171     42.20         10.13       64.06       10.13     12
      2172     42.23         14.13       84.72       14.13      8
      2173     42.24         18.48       82.47       18.48      8
      2174     42.26          0.00       66.72        0.00      8
      2175     42.28          1.02       71.61        1.02     14
      2176     42.30          1.02       71.61        1.02     12
      2177     42.31         17.49       88.08       17.49     10
      2178     42.33          0.00       62.59        0.00     14
      2179     42.35         10.13       64.06       10.13     10
      2180     42.38          0.00       62.94        0.00     12
      2181     42.40          1.02       71.61        1.02     14
      2182     42.41          0.00       62.94        0.00     10
      2183     42.43          1.02       71.61        1.02     12
      2184     42.45          8.15       72.14        8.15     14
      2185     42.47          1.02       71.61        1.02     10
      2186     42.48          1.02       71.61        1.02     12
      2187     42.50         14.13       84.72       14.13      8
      2188     42.52         14.13       84.72       14.13      8
      2189     42.54          8.15       72.14        8.15     16
      2190     42.56          0.00       66.72        0.00     10
      2191     42.57          1.02       71.61        1.02     12
      2192     42.59         18.05       88.64       18.05     12
      2193     42.61          8.15       72.14        8.15     14
      2194     42.62          8.50       71.39        8.50     14
      2195     42.64          0.00       58.67        0.00      8
      2196     42.66          0.00       62.59        0.00      8
      2197     42.68         10.13       58.67       10.13     10
      2198     42.70          1.02       71.61        1.02     10
      2199     42.72          0.00       62.94        0.00     12
      2200     42.73         15.13       79.12       15.13      8
      2201     42.75          0.00       62.59        0.00      8
      2202     42.77          8.15       72.14        8.15     14
      2203     42.79          0.00       58.90        0.00     12
      2204     42.80          1.02       71.61        1.02     14
      2205     42.82         18.88       89.47       18.88      6
      2206     42.84          1.02       71.61        1.02     14
      2207     42.86          0.00       66.72        0.00     12
      2208     42.87          1.02       71.61        1.02     10
      2209     42.89          0.00       61.12        0.00     14
      2210     42.91         10.13       64.06       10.13     14
      2211     42.94          1.02       71.61        1.02     12
      2212     42.96          1.02       71.61        1.02     14
      2213     42.98          0.00       62.94        0.00     10
      2214     43.00          0.00       62.94        0.00     10
      2215     43.01          1.02       71.61        1.02     10
      2216     43.03          0.00       62.59        0.00      8
      2217     43.05          0.00       62.94        0.00     10
      2218     43.07          0.00       62.59        0.00      8
      2219     43.08          8.15       72.14        8.15     12
      2220     43.10         10.13       64.06       10.13      8
      2221     43.13          0.00       62.94        0.00     10
      2222     43.15          1.02       71.61        1.02     12
      2223     43.17         14.13       84.72       14.13     10
      2224     43.19          0.00       62.94        0.00      8
      2225     43.20          0.00       65.25        0.00     12
      2226     43.22          1.02       71.61        1.02     14
      2227     43.24          0.00       62.94        0.00     10
      2228     43.26          0.00       66.72        0.00     12
      2229     43.28          0.00       62.59        0.00      8
      2230     43.30         14.13       84.72       14.13      6
      2231     43.32         14.13       84.72       14.13      6
      2232     43.34          0.00       66.72        0.00     12
      2233     43.36          1.02       71.61        1.02     12
      2234     43.38          0.00       62.59        0.00      8
      2235     43.40          0.00       62.59        0.00     10
      2236     43.41          0.00       62.59        0.00     10
      2237     43.43          1.02       71.61        1.02     12
      2238     43.45          0.00       62.59        0.00     14
      2239     43.47         10.13       62.59       10.13     14
      2240     43.49          0.00       62.59        0.00      8
      2241     43.51          1.02       71.61        1.02     14
      2242     43.53          1.02       71.61        1.02     12
      2243     43.55          0.00       66.72        0.00     12
      2244     43.56          1.02       71.61        1.02     12
      2245     43.58          0.00       62.59        0.00      6
      2246     43.60          0.00       62.59        0.00      6
      2247     43.61          0.00       65.25        0.00     10
      2248     43.63          0.00       62.94        0.00     10
      2249     43.65         18.71       82.70       18.71      6
      2250     43.67          0.00       62.94        0.00     10
      2251     43.69          5.42       57.91        5.42     12
      2252     43.73          0.00       66.72        0.00     14
      2253     43.75          1.02       71.61        1.02     14
      2254     43.76          8.15       72.14        8.15     14
      2255     43.78         15.13       79.12       15.13     10
      2256     43.81          0.00       58.67        0.00      8
      2257     43.83          0.00       62.94        0.00     12
      2258     43.85          1.02       71.61        1.02     12
      2259     43.87         18.05       88.64       18.05      8
      2260     43.89          8.15       72.14        8.15     14
      2261     43.91          0.00       65.25        0.00     12
      2262     43.95          1.02       71.61        1.02     10
      2263     43.97          0.00       65.25        0.00     12
      2264     44.00         18.05       88.64       18.05      8
      2265     44.02          0.00       62.59        0.00     14
      2266     44.04         17.72       88.31       17.72      6
      2267     44.06          8.15       72.14        8.15     12
      2268     44.08         10.13       64.06       10.13     10
      2269     44.11          0.00       58.50        0.00     10
      2270     44.13          1.02       71.61        1.02     12
      2271     44.15          0.00       62.59        0.00     10
      2272     44.18          0.00       62.94        0.00     10
      2273     44.20          0.00       66.72        0.00     12
      2274     44.22          0.00       62.59        0.00     14
      2275     44.24          8.15       72.14        8.15     16
      2276     44.26          0.00       62.59        0.00     14
      2277     44.28          1.02       71.61        1.02     14
      2278     44.31          8.15       72.14        8.15     12
      2279     44.33         15.13       79.12       15.13      8
      2280     44.35          1.02       71.61        1.02     10
      2281     44.37          1.02       71.61        1.02     12
      2282     44.39         32.62       88.08       32.62      4
      2283     44.41          0.00       65.25        0.00     12
      2284     44.43         10.13       64.06       10.13     12
      2285     44.47         14.13       84.72       14.13     10
      2286     44.49          1.02       71.61        1.02     16
      2287     44.51          8.15       72.14        8.15     14
      2288     44.53         18.48       82.47       18.48     10
      2289     44.55          1.02       71.61        1.02     14
      2290     44.57         10.13       66.72       10.13     16
      2291     44.60          1.02       71.61        1.02     12
      2292     44.62          1.02       71.61        1.02     10
      2293     44.64          1.02       71.61        1.02     14
      2294     44.66          0.00       58.90        0.00     16
      2295     44.68          1.02       71.61        1.02     16
      2296     44.69          0.00       65.25        0.00     12
      2297     44.71          8.15       72.14        8.15     14
      2298     44.73          0.00       65.25        0.00     10
      2299     44.75          0.00       62.94        0.00     10
      2300     44.77          0.00       66.72        0.00     12
      2301     44.78          0.00       58.90        0.00     12
      2302     44.80          0.00       62.59        0.00      8
      2303     44.82         14.13       84.72       14.13      8
      2304     44.84          1.02       71.61        1.02     16
      2305     44.86          1.02       71.61        1.02     12
      2306     44.87          5.42       57.91        5.42     10
      2307     44.91         23.55       94.14       23.55      8
      2308     44.92          0.00       64.06        0.00     12
      2309     44.94         10.13       64.06       10.13     10
      2310     44.97         14.13       84.72       14.13     12
      2311     44.99          0.00       62.59        0.00     12
      2312     45.01         17.49       88.08       17.49      6
      2313     45.03         17.72       88.31       17.72      8
      2314     45.05          0.00       61.12        0.00     12
      2315     45.06         15.13       79.12       15.13     10
      2316     45.08          2.37       65.26        2.37     12
      2317     45.10          0.00       66.72        0.00     12
      2318     45.12          0.00       61.12        0.00     12
      2319     45.13          1.02       71.61        1.02     10
      2320     45.15          0.00       62.94        0.00     10
      2321     45.17          0.00       62.59        0.00     14
      2322     45.19         15.13       79.12       15.13     10
      2323     45.21          8.15       72.14        8.15     14
      2324     45.23         14.13       84.72       14.13      8
      2325     45.25          1.02       71.61        1.02     16
      2326     45.26         15.13       79.12       15.13     10
      2327     45.28         14.13       84.72       14.13      8
      2328     45.30          0.00       65.25        0.00     12
      2329     45.32          0.00       58.90        0.00     14
      2330     45.34         17.72       88.31       17.72      6
      2331     45.35          0.00       58.67        0.00      8
      2332     45.37          1.02       71.61        1.02     10
      2333     45.39         14.13       84.72       14.13     10
      2334     45.41         10.13       64.06       10.13     10
      2335     45.43          0.00       61.12        0.00     12
      2336     45.45          0.00       62.59        0.00     14
      2337     45.47         10.13       64.06       10.13     10
      2338     45.50          0.00       62.59        0.00      8
      2339     45.52          0.00       58.90        0.00      6
      2340     45.54          0.00       62.94        0.00     10
      2341     45.56          8.15       72.14        8.15     12
      2342     45.58         18.71       82.70       18.71     10
      2343     45.60          0.00       59.65        0.00     10
      2344     45.61          0.00       62.94        0.00     10
      2345     45.63         14.13       84.72       14.13      6
      2346     45.65         14.16       84.75       14.16      8
      2347     45.67          8.15       72.14        8.15     12
      2348     45.69         14.13       84.72       14.13      6
      2349     45.71         17.72       88.31       17.72      8
      2350     45.72         14.13       84.72       14.13      6
      2351     45.74          1.02       71.61        1.02     12
      2352     45.76          0.00       62.59        0.00      6
      2353     45.77         14.13       84.72       14.13      8
      2354     45.79         17.49       88.08       17.49      6
      2355     45.81         14.13       84.72       14.13      8
      2356     45.82          8.15       72.14        8.15     12
      2357     45.84         15.13       79.12       15.13      6
      2358     45.86          0.00       65.25        0.00     10
      2359     45.88          0.00       66.72        0.00     12
      2360     45.89          1.02       71.61        1.02     14
      2361     45.91          0.00       65.25        0.00     12
      2362     45.93          0.00       62.59        0.00     10
      2363     45.94         18.71       82.70       18.71      6
      2364     45.97          0.00       58.90        0.00     10
      2365     45.99          1.02       71.61        1.02     12
      2366     46.02         15.13       79.12       15.13     10
      2367     46.04         12.78       83.37       12.78      4
      2368     46.06          0.00       66.72        0.00     12
      2369     46.08         14.13       84.72       14.13      8
      2370     46.10         10.13       64.06       10.13     10
      2371     46.12          1.02       71.61        1.02     14
      2372     46.14         10.13       64.06       10.13     10
      2373     46.17          0.00       66.72        0.00     14
      2374     46.19          5.42       57.91        5.42      6
      2375     46.23         17.72       88.31       17.72     10
      2376     46.25          0.00       62.94        0.00     10
      2377     46.27          0.00       58.90        0.00     10
      2378     46.28          1.02       71.61        1.02     12
      2379     46.30          1.02       71.61        1.02     12
      2380     46.32          8.15       72.14        8.15     14
      2381     46.34          0.00       62.59        0.00      8
      2382     46.36         10.13       64.06       10.13     10
      2383     46.39         14.13       84.72       14.13      4
      2384     46.41          1.02       71.61        1.02     10
      2385     46.44          0.00       62.59        0.00     10
      2386     46.46          0.00       61.12        0.00     12
      2387     46.49          1.02       71.61        1.02     16
      2388     46.51          1.02       71.61        1.02     14
      2389     46.53          0.00       66.72        0.00     12
      2390     46.55          0.00       62.59        0.00      8
      2391     46.57          0.00       62.59        0.00     14
      2392     46.59         10.13       62.94       10.13     12
      2393     46.61          0.00       65.25        0.00     12
      2394     46.63          1.02       71.61        1.02     12
      2395     46.65          1.02       71.61        1.02     12
      2396     46.68         18.88       89.47       18.88     12
      2397     46.70         14.13       84.72       14.13      6
      2398     46.72          1.02       71.61        1.02     16
      2399     46.74          1.02       71.61        1.02     14
      2400     46.76          0.00       65.25        0.00     10
      2401     46.77          1.02       71.61        1.02     10
      2402     46.79          0.00       62.59        0.00     14
      2403     46.81          1.02       71.61        1.02     10
      2404     46.83          0.00       65.25        0.00     12
      2405     46.85          1.02       71.61        1.02     16
      2406     46.87          0.00       62.59        0.00      6
      2407     46.89          0.00       66.72        0.00     12
      2408     46.90          8.15       72.14        8.15     12
      2409     46.92          0.00       61.12        0.00     14
      2410     46.94          0.00       62.59        0.00      6
      2411     46.96          8.15       72.14        8.15     14
      2412     46.98         36.77       88.64       36.77      2
      2413     47.00          1.02       71.61        1.02     10
      2414     47.02         23.69       84.72       23.69     10
      2415     47.03          0.00       58.67        0.00      8
      2416     47.05          1.02       71.61        1.02     16
      2417     47.07          1.02       71.61        1.02     12
      2418     47.09         22.80       93.39       22.80      6
      2419     47.11          0.00       62.59        0.00     10
      2420     47.13         10.13       64.06       10.13     10
      2421     47.16         14.13       84.72       14.13      6
      2422     47.18         12.78       83.37       12.78      8
      2423     47.20         18.05       88.64       18.05     12
      2424     47.22          1.02       71.61        1.02     14
      2425     47.24         14.13       84.72       14.13      6
      2426     47.26          1.02       71.61        1.02     12
      2427     47.28          1.02       71.61        1.02     16
      2428     47.30          1.02       71.61        1.02     10
      2429     47.32          8.15       72.14        8.15     12
      2430     47.35          1.02       71.61        1.02     12
      2431     47.37         10.13       64.06       10.13     12
      2432     47.40          1.02       71.61        1.02     10
      2433     47.43          1.02       71.61        1.02     12
      2434     47.45         12.78       83.37       12.78      6
      2435     47.47          1.02       71.61        1.02     12
      2436     47.50          1.02       71.61        1.02     12
      2437     47.52          8.15       72.14        8.15     12
      2438     47.55          1.02       71.61        1.02     10
      2439     47.58          8.15       72.14        8.15     18
      2440     47.61          1.02       71.61        1.02     14
      2441     47.64          0.00       64.06        0.00     12
      2442     47.66          1.02       71.61        1.02     12
      2443     47.69          0.00       61.12        0.00     12
      2444     47.72         10.13       64.06       10.13      8
      2445     47.74         15.13       79.12       15.13     10
      2446     47.76         10.13       58.67       10.13     10
      2447     47.79          0.00       62.59        0.00     10
      2448     47.81          0.00       62.94        0.00     10
      2449     47.84          0.00       62.94        0.00     10
      2450     47.86          0.00       62.59        0.00     12
      2451     47.89          0.00       62.59        0.00      8
      2452     47.91          8.15       72.14        8.15     16
      2453     47.94         14.13       84.72       14.13      6
      2454     47.96          1.02       71.61        1.02     14
      2455     47.98         14.13       84.72       14.13      8
      2456     48.00         14.13       84.72       14.13      6
      2457     48.03          0.00       65.25        0.00     12
      2458     48.05         17.49       88.08       17.49      8
      2459     48.07         10.13       62.94       10.13     14
      2460     48.10          0.00       58.50        0.00     10
      2461     48.12         14.13       84.72       14.13      6
      2462     48.14         14.13       84.72       14.13     10
      2463     48.16          0.00       62.59        0.00     12
      2464     48.19          0.00       62.59        0.00      6
      2465     48.21         10.13       64.06       10.13     12
      2466     48.24         14.13       84.72       14.13      8
      2467     48.26          0.00       66.72        0.00     10
      2468     48.29         15.48       78.37       15.48     10
      2469     48.31          0.00       66.72        0.00     12
      2470     48.33         10.13       64.06       10.13     12
      2471     48.36         18.71       82.70       18.71     10
      2472     48.38          8.50       71.39        8.50     16
      2473     48.41          1.02       71.61        1.02     10
      2474     48.43         10.13       64.06       10.13      6
      2475     48.47          1.02       71.61        1.02     16
      2476     48.48          0.00       58.67        0.00      8
      2477     48.50          0.00       62.59        0.00      6
      2478     48.52          0.00       66.72        0.00     12
      2479     48.55          1.02       71.61        1.02     16
      2480     48.59          0.00       62.94        0.00     10
      2481     48.62         25.46       96.05       25.46      8
      2482     48.65         14.13       84.72       14.13      8
      2483     48.69          1.02       71.61        1.02     14
      2484     48.80          0.00       62.59        0.00     12
      2485     48.84          0.00       66.72        0.00     14
      2486     48.88          1.02       71.61        1.02     12
      2487     48.92         14.13       84.72       14.13      8
      2488     48.96         15.48       78.37       15.48     10
      2489     48.98          0.00       58.90        0.00     12
      2490     49.01          0.00       62.94        0.00     10
      2491     49.04          0.00       62.94        0.00     10
      2492     49.07          0.00       65.25        0.00     12
      2493     49.09         14.13       84.72       14.13     10
      2494     49.12          1.02       71.61        1.02     12
      2495     49.14         18.05       88.64       18.05     10
      2496     49.16         10.13       64.06       10.13     10
      2497     49.20          1.02       71.61        1.02     12
      2498     49.23          0.00       66.72        0.00     10
      2499     49.25          8.15       72.14        8.15     16
      2500     49.27         18.48       82.47       18.48      6
      2501     49.29         10.13       64.06       10.13     12
      2502     49.33          0.00       59.65        0.00     12
      2503     49.35          0.00       65.25        0.00      6
      2504     49.38          1.02       71.61        1.02     16
      2505     49.40          0.00       62.59        0.00     14
      2506     49.42          0.00       62.59        0.00     12
      2507     49.45          0.00       62.59        0.00      6
      2508     49.48          1.02       71.61        1.02     10
      2509     49.50         14.13       84.72       14.13      6
      2510     49.52          0.00       62.59        0.00      6
      2511     49.55          0.00       64.06        0.00     10
      2512     49.57          1.02       71.61        1.02     12
      2513     49.59          0.00       62.94        0.00     10
      2514     49.62          5.42       57.91        5.42      8
      2515     49.65          0.00       62.94        0.00     12
      2516     49.67         15.13       79.12       15.13     10
      2517     49.69         14.13       84.72       14.13      6
      2518     49.71          1.02       71.61        1.02     14
      2519     49.73         10.13       64.06       10.13     12
      2520     49.77          8.15       72.14        8.15     12
      2521     49.79         10.13       64.06       10.13     12
      2522     49.83          0.00       62.59        0.00     14
      2523     49.85          0.00       66.72        0.00     12
      2524     49.87          5.42       57.91        5.42     12
      2525     49.91          2.37       65.26        2.37     10
      2526     49.93         14.13       84.72       14.13      8
      2527     49.96          0.00       62.59        0.00      8
      2528     49.98          0.00       62.59        0.00      8
      2529     50.01          0.00       62.59        0.00     10
      2530     50.03         14.13       84.72       14.13      8
      2531     50.05          1.02       71.61        1.02     12
      2532     50.08          1.02       71.61        1.02     16
      2533     50.10         14.13       84.72       14.13      8
      2534     50.13          1.02       71.61        1.02     12
      2535     50.15          0.00       62.59        0.00     14
      2536     50.18          8.15       72.14        8.15     14
      2537     50.20          1.02       71.61        1.02     16
      2538     50.22          0.00       62.59        0.00     14
      2539     50.24         14.13       84.72       14.13      8
      2540     50.27          0.00       61.12        0.00     12
      2541     50.29          0.00       66.72        0.00      8
      2542     50.31          0.00       62.59        0.00     14
      2543     50.33          0.00       62.94        0.00     10
      2544     50.35          1.02       71.61        1.02     16
      2545     50.37         13.41       84.00       13.41      6
      2546     50.39          0.00       65.25        0.00     14
      2547     50.41          1.02       71.61        1.02     14
      2548     50.44         14.13       84.72       14.13      6
      2549     50.46          1.02       71.61        1.02     10
      2550     50.48         15.13       79.12       15.13     10
      2551     50.50          1.02       71.61        1.02     14
      2552     50.52         25.06       95.65       25.06      4
      2553     50.54          0.00       62.94        0.00     10
      2554     50.56          0.00       62.94        0.00     10
      2555     50.58          8.50       71.39        8.50     14
      2556     50.60          0.00       65.25        0.00     12
      2557     50.62          1.02       71.61        1.02     16
      2558     50.64          1.02       71.61        1.02     14
      2559     50.66         10.13       62.94       10.13     14
      2560     50.68         14.13       84.72       14.13      8
      2561     50.70          0.00       66.72        0.00     12
      2562     50.72         10.13       64.06       10.13     12
      2563     50.75         14.13       84.72       14.13      6
      2564     50.77          0.00       62.59        0.00     16
      2565     50.79          1.02       71.61        1.02     12
      2566     50.82         15.13       79.12       15.13     10
      2567     50.83          0.00       61.12        0.00     14
      2568     50.86         15.13       79.12       15.13     10
      2569     50.87          8.15       72.14        8.15     12
      2570     50.89          1.02       71.61        1.02     16
      2571     50.91          0.00       58.67        0.00      8
      2572     50.93          0.00       65.25        0.00     10
      2573     50.95          1.02       71.61        1.02     16
      2574     50.97          1.02       71.61        1.02     12
      2575     50.99         12.78       83.37       12.78      6
      2576     51.01          0.00       62.94        0.00     10
      2577     51.03          1.02       71.61        1.02     14
      2578     51.04          0.00       58.50        0.00     10
      2579     51.06          0.00       62.59        0.00     14
      2580     51.08          8.15       72.14        8.15     12
      2581     51.10          0.00       61.12        0.00     12
      2582     51.12          0.00       62.59        0.00     12
      2583     51.13          0.00       66.72        0.00     12
      2584     51.15         10.13       64.06       10.13     12
      2585     51.18          0.00       62.59        0.00      8
      2586     51.20         12.78       83.37       12.78      6
      2587     51.22          1.02       71.61        1.02     16
      2588     51.24         14.13       84.72       14.13      6
      2589     51.26          0.00       66.72        0.00      8
      2590     51.27          8.15       72.14        8.15     14
      2591     51.29          0.00       65.25        0.00     10
      2592     51.31          0.00       66.72        0.00     12
      2593     51.33         14.13       84.72       14.13      8
      2594     51.34          0.00       62.94        0.00     10
      2595     51.36          0.00       65.25        0.00     12
      2596     51.38         14.13       84.72       14.13      6
      2597     51.40          0.00       62.59        0.00     14
      2598     51.42         14.13       84.72       14.13      6
      2599     51.43         17.72       88.31       17.72      6
      2600     51.45          8.15       72.14        8.15     14
      2601     51.47         26.41       89.30       26.41      4
      2602     51.49          8.15       72.14        8.15     14
      2603     51.51          0.00       66.72        0.00      8
      2604     51.52          0.00       62.59        0.00      8
      2605     51.54          0.00       62.59        0.00      8
      2606     51.56         19.63       90.22       19.63      4
      2607     51.58          8.15       72.14        8.15     12
      2608     51.60          0.00       66.72        0.00     12
      2609     51.61         10.13       64.06       10.13     10
      2610     51.64         14.13       84.72       14.13      6
      2611     51.67          1.02       71.61        1.02     12
      2612     51.69          0.00       65.25        0.00     12
      2613     51.71         15.13       79.12       15.13     10
      2614     51.73         14.13       84.72       14.13     12
      2615     51.75          0.00       66.72        0.00     14
      2616     51.77          0.00       62.59        0.00      8
      2617     51.79         14.13       84.72       14.13      8
      2618     51.81          0.00       58.67        0.00      8
      2619     51.83          0.00       66.72        0.00     12
      2620     51.86          1.02       71.61        1.02     12
      2621     51.89          1.02       71.61        1.02     12
      2622     51.91          8.15       72.14        8.15     14
      2623     51.93          0.00       58.50        0.00      8
      2624     51.95         14.13       84.72       14.13      6
      2625     51.97          0.00       62.94        0.00     10
      2626     51.99          1.02       71.61        1.02     12
      2627     52.01          8.15       72.14        8.15     12
      2628     52.03          0.00       65.25        0.00     10
      2629     52.05         14.13       84.72       14.13      8
      2630     52.08         17.49       88.08       17.49      8
      2631     52.10          0.00       62.94        0.00     10
      2632     52.12          1.02       71.61        1.02     16
      2633     52.14         19.05       83.04       19.05     10
      2634     52.16          0.00       66.72        0.00     12
      2635     52.18         18.48       89.07       18.48     10
      2636     52.20         15.13       79.12       15.13      8
      2637     52.22          0.00       62.59        0.00     12
      2638     52.25          8.15       72.14        8.15     14
      2639     52.27          1.02       71.61        1.02     16
      2640     52.29         14.13       84.72       14.13     10
      2641     52.31         14.13       84.72       14.13      6
      2642     52.33          0.00       62.59        0.00      8
      2643     52.35         14.13       84.72       14.13      8
      2644     52.37         14.13       84.72       14.13      6
      2645     52.40          1.02       71.61        1.02     12
      2646     52.42          0.00       58.90        0.00      6
      2647     52.44          1.02       71.61        1.02     14
      2648     52.47          0.00       62.59        0.00     10
      2649     52.50          1.02       71.61        1.02     12
      2650     52.52          0.00       62.59        0.00      8
      2651     52.54          1.02       71.61        1.02     14
      2652     52.57         14.13       84.72       14.13      6
      2653     52.59          0.00       62.59        0.00     12
      2654     52.61         10.13       62.94       10.13     18
      2655     52.64         10.13       64.06       10.13     12
      2656     52.69          0.00       58.50        0.00      8
      2657     52.71          0.00       58.90        0.00     10
      2658     52.73          8.15       72.14        8.15     12
      2659     52.75          1.02       71.61        1.02     12
      2660     52.78         15.13       79.12       15.13      4
      2661     52.80          8.15       72.14        8.15     14
      2662     52.82          0.00       62.59        0.00      8
      2663     52.84         10.13       62.94       10.13     14
      2664     52.87         14.13       84.72       14.13      6
      2665     52.89          1.02       71.61        1.02     12
      2666     52.91          0.00       62.59        0.00      6
      2667     52.93         23.55       94.14       23.55      8
      2668     52.95         10.13       64.06       10.13     10
      2669     52.98          0.00       66.72        0.00     12
      2670     53.00          0.00       66.72        0.00     10
      2671     53.02         17.72       88.31       17.72     12
      2672     53.04          0.00       62.59        0.00     14
      2673     53.06         18.71       82.70       18.71     10
      2674     53.09         14.13       84.72       14.13      6
      2675     53.13          1.02       71.61        1.02     14
      2676     53.15          0.00       62.59        0.00      8
      2677     53.19          0.00       62.94        0.00     10
      2678     53.21          0.00       65.25        0.00     10
      2679     53.24          0.00       62.59        0.00     10
      2680     53.26         14.13       84.72       14.13     10
      2681     53.28          1.02       71.61        1.02     12
      2682     53.31          0.00       62.94        0.00     12
      2683     53.33          1.02       71.61        1.02     12
      2684     53.35         10.13       64.06       10.13     12
      2685     53.39          8.15       72.14        8.15     14
      2686     53.41          0.00       62.94        0.00     10
      2687     53.43          8.50       71.39        8.50     12
      2688     53.45          0.00       62.59        0.00      8
      2689     53.47          0.00       66.72        0.00     12
      2690     53.49          1.02       71.61        1.02     14
      2691     53.51          8.15       72.14        8.15     16
      2692     53.53          0.00       66.72        0.00     12
      2693     53.55          0.00       66.72        0.00     12
      2694     53.57          0.00       58.67        0.00     10
      2695     53.59          0.00       58.67        0.00      6
      2696     53.62         14.13       84.72       14.13      6
      2697     53.64          1.02       71.61        1.02     16
      2698     53.65         15.13       79.12       15.13     12
      2699     53.67          0.00       64.06        0.00     10
      2700     53.69          0.00       65.25        0.00     12
      2701     53.71          5.42       57.91        5.42      6
      2702     53.74          0.00       66.72        0.00     10
      2703     53.76          0.00       64.06        0.00     14
      2704     53.78          1.02       71.61        1.02     16
      2705     53.80          0.00       58.90        0.00      8
      2706     53.82         17.72       88.31       17.72      8
      2707     53.83         10.13       64.06       10.13      6
      2708     53.86          1.02       71.61        1.02     14
      2709     53.88          0.00       62.59        0.00      6
      2710     53.90          0.00       62.94        0.00     12
      2711     53.92         14.13       84.72       14.13      8
      2712     53.94          1.02       71.61        1.02     12
      2713     53.96          0.00       59.65        0.00      8
      2714     53.98         22.80       93.39       22.80      6
      2715     54.00         29.66       83.01       29.66     14
      2716     54.02          1.02       71.61        1.02     16
      2717     54.04          0.00       62.59        0.00      8
      2718     54.06         18.88       89.47       18.88     12
      2719     54.07          0.00       58.50        0.00      8
      2720     54.09         18.05       88.64       18.05     10
      2721     54.11          0.00       66.72        0.00     12
      2722     54.13         14.13       84.72       14.13     10
      2723     54.15          1.02       71.61        1.02     12
      2724     54.16         17.72       88.31       17.72      8
      2725     54.18          0.00       58.50        0.00     12
      2726     54.20          0.00       62.94        0.00     10
      2727     54.22          0.00       66.72        0.00     14
      2728     54.24          0.00       62.59        0.00      8
      2729     54.26         14.13       84.72       14.13     10
      2730     54.27          1.02       71.61        1.02     12
      2731     54.29          1.02       71.61        1.02     16
      2732     54.31          0.00       62.59        0.00      8
      2733     54.33          0.00       58.50        0.00      8
      2734     54.35         14.13       84.72       14.13      6
      2735     54.37          0.00       66.72        0.00     12
      2736     54.38          1.02       71.61        1.02     14
      2737     54.40          1.02       71.61        1.02     12
      2738     54.42         17.72       88.31       17.72      8
      2739     54.44         17.49       88.08       17.49      8
      2740     54.45          0.00       62.94        0.00     10
      2741     54.48          0.00       66.72        0.00     12
      2742     54.49          1.02       71.61        1.02     12
      2743     54.51         14.13       84.72       14.13      6
      2744     54.53         14.13       84.72       14.13      8
      2745     54.54         17.49       88.08       17.49      8
      2746     54.56         14.13       84.72       14.13      6
      2747     54.58          0.00       62.94        0.00     10
      2748     54.60         17.49       88.08       17.49      8
      2749     54.61         14.16       84.75       14.16      2
      2750     54.63         10.13       64.06       10.13     12
      2751     54.66          0.00       58.67        0.00      6
      2752     54.67          0.00       61.12        0.00     14
      2753     54.69          0.00       62.59        0.00      8
      2754     54.71         14.41       78.40       14.41      4
      2755     54.73          0.00       58.67        0.00      6
      2756     54.74         17.72       88.31       17.72      6
      2757     54.76         10.13       64.06       10.13     10
      2758     54.79         14.13       84.72       14.13      6
      2759     54.81         14.13       84.72       14.13      6
      2760     54.82          0.00       66.72        0.00     12
      2761     54.84         14.13       84.72       14.13      8
      2762     54.86          0.00       58.67        0.00      6
      2763     54.88         10.13       62.94       10.13     14
      2764     54.90          5.42       58.46        5.42     10
      2765     54.93         15.13       79.12       15.13      4
      2766     54.95         10.13       64.06       10.13     10
      2767     54.98          0.00       62.59        0.00     10
      2768     55.00          0.00       65.25        0.00     10
      2769     55.02          0.00       59.65        0.00     12
      2770     55.03         14.13       84.72       14.13      6
      2771     55.05          0.00       62.94        0.00     10
      2772     55.07          1.02       71.61        1.02     10
      2773     55.09         14.13       84.72       14.13      6
      2774     55.11         15.48       78.37       15.48     10
      2775     55.12          1.02       71.61        1.02     12
      2776     55.14          0.00       62.59        0.00     12
      2777     55.16          0.00       62.94        0.00     10
      2778     55.18         14.13       84.72       14.13      8
      2779     55.20         14.13       84.72       14.13      6
      2780     55.21          0.00       66.72        0.00     14
      2781     55.23          8.15       72.14        8.15     16
      2782     55.25          0.00       66.72        0.00     12
      2783     55.27          0.00       62.59        0.00     10
      2784     55.29         10.13       58.67       10.13     16
      2785     55.31          0.00       58.90        0.00     12
      2786     55.33          1.02       71.61        1.02     10
      2787     55.34         15.13       79.12       15.13     10
      2788     55.36         22.80       93.39       22.80      8
      2789     55.38          0.00       62.94        0.00     10
      2790     55.40          0.00       66.72        0.00     14
      2791     55.41          0.00       62.94        0.00     12
      2792     55.43          0.00       58.50        0.00      8
      2793     55.45          1.02       71.61        1.02     14
      2794     55.47          1.02       71.61        1.02     16
      2795     55.49          1.02       71.61        1.02     14
      2796     55.50          0.00       62.59        0.00     14
      2797     55.52          0.00       62.59        0.00      6
      2798     55.54          1.02       71.61        1.02     12
      2799     55.55         10.13       64.06       10.13     14
      2800     55.58         14.13       84.72       14.13      8
      2801     55.60         10.13       64.06       10.13     10
      2802     55.63         17.72       88.31       17.72      8
      2803     55.65         14.13       84.72       14.13      8
      2804     55.66         18.05       88.64       18.05     10
      2805     55.68         23.80       87.79       23.80      8
      2806     55.70          0.00       62.94        0.00     10
      2807     55.72         14.13       84.72       14.13      8
      2808     55.73          0.00       62.59        0.00     16
      2809     55.75          0.00       58.90        0.00      8
      2810     55.77          0.00       58.90        0.00     10
      2811     55.78          0.00       61.12        0.00     12
      2812     55.80          0.00       62.59        0.00      8
      2813     55.82         14.13       84.72       14.13      8
      2814     55.84          1.02       71.61        1.02     12
      2815     55.85          0.00       62.94        0.00     10
      2816     55.87         14.13       84.72       14.13      8
      2817     55.89          0.00       62.94        0.00     10
      2818     55.90          0.00       59.65        0.00     10
      2819     55.92          0.00       62.59        0.00      6
      2820     55.94          1.02       71.61        1.02     12
      2821     55.96          0.00       62.59        0.00      6
      2822     55.97         14.13       84.72       14.13     16
      2823     55.99          1.02       71.61        1.02     16
      2824     56.01          0.00       62.59        0.00     14
      2825     56.03         17.49       88.08       17.49      8
      2826     56.04         18.05       88.64       18.05     12
      2827     56.06         18.05       88.64       18.05     10
      2828     56.08          0.00       62.59        0.00      6
      2829     56.09          1.02       71.61        1.02     10
      2830     56.11         15.13       79.12       15.13     10
      2831     56.13         14.13       84.72       14.13      4
      2832     56.14          0.00       62.94        0.00     10
      2833     56.16         18.05       88.64       18.05      8
      2834     56.18          0.00       66.72        0.00     12
      2835     56.19         15.13       79.12       15.13     10
      2836     56.21         14.13       84.72       14.13      8
      2837     56.23          0.00       62.59        0.00      8
      2838     56.24         15.48       78.37       15.48      4
      2839     56.26         23.80       87.79       23.80     10
      2840     56.28          8.15       72.14        8.15     14
      2841     56.29          0.00       62.59        0.00     12
      2842     56.31         14.13       84.72       14.13     10
      2843     56.33          1.02       71.61        1.02     14
      2844     56.35          0.00       66.72        0.00     12
      2845     56.36          1.02       71.61        1.02     12
      2846     56.38          1.02       71.61        1.02     10
      2847     56.40          0.00       66.72        0.00     10
      2848     56.41          0.00       61.12        0.00     14
      2849     56.43          8.15       72.14        8.15     12
      2850     56.45          5.42       57.91        5.42     10
      2851     56.47          1.02       71.61        1.02     14
      2852     56.49          0.00       58.90        0.00     10
      2853     56.51         10.13       64.06       10.13     12
      2854     56.53         10.13       64.06       10.13     12
      2855     56.56          0.00       62.59        0.00      8
      2856     56.58          1.02       71.61        1.02     10
      2857     56.59          0.00       62.94        0.00     10
      2858     56.61         10.13       64.06       10.13     14
      2859     56.64          0.00       62.94        0.00     10
      2860     56.65          0.00       62.59        0.00     10
      2861     56.67          1.02       71.61        1.02     12
      2862     56.69          1.02       71.61        1.02     12
      2863     56.71          1.02       71.61        1.02     14
      2864     56.72         14.13       84.72       14.13      8
      2865     56.74          1.02       71.61        1.02     16
      2866     56.76          0.00       62.59        0.00      6
      2867     56.77          1.02       71.61        1.02     12
      2868     56.79          0.00       62.94        0.00     10
      2869     56.81         10.13       64.06       10.13     10
      2870     56.84          0.00       64.06        0.00     14
      2871     56.85         18.48       82.47       18.48      8
      2872     56.87          1.02       71.61        1.02     16
      2873     56.89          0.00       66.72        0.00     12
      2874     56.90         18.05       88.64       18.05      8
      2875     56.92         17.72       88.31       17.72      6
      2876     56.94         19.48       83.47       19.48     10
      2877     56.95          0.00       66.72        0.00     14
      2878     56.97          8.15       72.14        8.15     14
      2879     56.99          0.00       62.59        0.00     10
      2880     57.01         19.48       83.47       19.48     10
      2881     57.02          8.15       72.14        8.15     12
      2882     57.04         22.40       92.99       22.40      6
      2883     57.06         14.13       84.72       14.13     10
      2884     57.07          1.02       71.61        1.02     12
      2885     57.09          0.00       66.72        0.00     12
      2886     57.11         14.13       84.72       14.13      8
      2887     57.12          0.00       58.67        0.00     10
      2888     57.14          0.00       62.59        0.00      8
      2889     57.16          0.00       62.59        0.00     10
      2890     57.17          0.00       62.59        0.00      8
      2891     57.19          0.00       62.94        0.00     10
      2892     57.21         10.13       64.06       10.13     12
      2893     57.24         18.05       88.64       18.05     10
      2894     57.25          0.00       66.72        0.00     14
      2895     57.27         14.13       84.72       14.13      8
      2896     57.29         14.13       84.72       14.13      8
      2897     57.31         14.16       84.75       14.16      8
      2898     57.32         10.13       64.06       10.13      8
      2899     57.35          0.00       62.59        0.00     14
      2900     57.37         13.41       84.00       13.41      8
      2901     57.39         14.13       84.72       14.13      8
      2902     57.41          1.02       71.61        1.02     12
      2903     57.43          0.00       62.94        0.00     10
      2904     57.45          0.00       62.94        0.00     10
      2905     57.47          1.02       71.61        1.02     12
      2906     57.49          0.00       62.59        0.00      8
      2907     57.51          0.00       58.67        0.00      8
      2908     57.53          1.02       71.61        1.02     10
      2909     57.55         14.13       84.72       14.13      8
      2910     57.57          1.02       71.61        1.02     14
      2911     57.59          8.15       72.14        8.15     16
      2912     57.61         17.72       88.31       17.72      8
      2913     57.63          0.00       62.59        0.00      8
      2914     57.64         15.13       79.12       15.13     10
      2915     57.66         18.48       82.47       18.48     12
      2916     57.68         14.13       84.72       14.13      8
      2917     57.70         14.13       84.72       14.13      6
      2918     57.72         17.72       88.31       17.72      6
      2919     57.74         15.13       79.12       15.13      8
      2920     57.76          8.15       72.14        8.15     18
      2921     57.78          0.00       62.59        0.00     10
      2922     57.80          8.15       72.14        8.15     12
      2923     57.81          0.00       66.72        0.00     10
      2924     57.83          0.00       62.59        0.00      8
      2925     57.85         15.13       79.12       15.13     10
      2926     57.87          0.00       62.59        0.00      8
      2927     57.89          8.15       72.14        8.15     12
      2928     57.91          1.02       71.61        1.02     14
      2929     57.93          0.00       65.25        0.00     12
      2930     57.95          0.00       62.94        0.00     12
      2931     57.97         10.13       64.06       10.13     12
      2932     58.00          0.00       62.59        0.00     12
      2933     58.01          5.42       57.91        5.42     10
      2934     58.04          5.42       58.46        5.42     10
      2935     58.08          8.15       72.14        8.15     14
      2936     58.09          1.02       71.61        1.02     10
      2937     58.11          0.00       62.59        0.00      8
      2938     58.13          0.00       62.59        0.00     14
      2939     58.15         23.55       94.14       23.55      6
      2940     58.16          0.00       62.94        0.00     10
      2941     58.18         14.13       84.72       14.13      8
      2942     58.20          1.02       71.61        1.02     14
      2943     58.21          0.00       62.59        0.00     12
      2944     58.23         25.06       95.65       25.06      8
      2945     58.25          8.50       71.39        8.50     14
      2946     58.27          1.02       71.61        1.02     16
      2947     58.28          0.00       62.59        0.00      8
      2948     58.30         14.13       84.72       14.13      4
      2949     58.32          1.02       71.61        1.02     12
      2950     58.33         12.78       83.37       12.78      6
      2951     58.35          0.00       62.59        0.00     10
      2952     58.37          5.42       57.91        5.42     10
      2953     58.40         18.48       89.07       18.48      6
      2954     58.42         14.13       84.72       14.13      6
      2955     58.44          0.00       62.59        0.00     10
      2956     58.46          1.02       71.61        1.02     14
      2957     58.47         18.05       88.64       18.05     10
      2958     58.49         15.13       79.12       15.13     10
      2959     58.51          0.00       62.94        0.00     10
      2960     58.53          0.00       62.59        0.00     10
      2961     58.55         25.06       95.65       25.06      8
      2962     58.56          0.00       59.65        0.00     10
      2963     58.58          0.00       62.94        0.00     10
      2964     58.60          1.02       71.61        1.02     10
      2965     58.62         14.13       84.72       14.13      8
      2966     58.64          1.02       71.61        1.02     14
      2967     58.66          0.00       66.72        0.00     12
      2968     58.68          0.00       66.72        0.00     10
      2969     58.69          0.00       62.94        0.00     10
      2970     58.71         15.13       79.12       15.13     10
      2971     58.73          1.02       71.61        1.02     10
      2972     58.75          0.00       64.06        0.00     12
      2973     58.76          1.02       71.61        1.02     16
      2974     58.78          0.00       62.59        0.00      8
      2975     58.80         15.13       79.12       15.13     10
      2976     58.82         15.13       79.12       15.13     10
      2977     58.84         14.13       84.72       14.13      6
      2978     58.85          8.15       72.14        8.15     12
      2979     58.87          8.15       72.14        8.15     12
      2980     58.89         14.13       84.72       14.13     10
      2981     58.91          1.02       71.61        1.02     10
      2982     58.93         10.13       64.06       10.13     12
      2983     58.95          0.00       59.65        0.00     10
      2984     58.97         10.13       64.06       10.13     14
      2985     59.00         10.13       64.06       10.13     10
      2986     59.03          1.02       71.61        1.02     16
      2987     59.05          0.00       62.59        0.00      8
      2988     59.07         17.72       88.31       17.72      6
      2989     59.09         14.13       84.72       14.13     10
      2990     59.10          1.02       71.61        1.02     12
      2991     59.12          5.42       57.91        5.42      8
      2992     59.15          0.00       66.72        0.00     14
      2993     59.17         14.13       84.72       14.13      6
      2994     59.18          0.00       66.72        0.00     14
      2995     59.20          1.02       71.61        1.02     12
      2996     59.22          0.00       64.06        0.00     12
      2997     59.24          0.00       64.06        0.00     12
      2998     59.26          5.42       57.91        5.42     10
      2999     59.29         18.05       88.64       18.05     10
      3000     59.31         18.25       88.84       18.25      6
      3001     59.33         14.13       84.72       14.13      4
      3002     59.34          0.00       62.59        0.00     10
      3003     59.36          0.00       62.59        0.00     10
      3004     59.38         17.72       88.31       17.72      6
      3005     59.40          0.00       62.59        0.00     12
      3006     59.42          0.00       62.94        0.00     10
      3007     59.44         17.72       88.31       17.72      6
      3008     59.46          1.02       71.61        1.02     12
      3009     59.48          0.00       66.72        0.00     10
      3010     59.50         37.30       88.64       37.30      6
      3011     59.51          0.00       58.50        0.00      6
      3012     59.53          0.00       62.59        0.00     14
      3013     59.55          8.15       72.14        8.15     12
      3014     59.57          0.00       66.72        0.00     14
      3015     59.59         14.13       84.72       14.13      6
      3016     59.61         14.13       84.72       14.13      8
      3017     59.63         14.13       84.72       14.13      6
      3018     59.65         14.13       84.72       14.13      8
      3019     59.67          8.15       72.14        8.15     16
      3020     59.69         17.72       88.31       17.72      6
      3021     59.71          1.02       71.61        1.02     12
      3022     59.73          1.02       71.61        1.02     10
      3023     59.75          0.00       62.94        0.00     10
      3024     59.77         14.13       84.72       14.13      8
      3025     59.78         18.48       82.47       18.48     12
      3026     59.80         14.13       84.72       14.13      6
      3027     59.82         19.88       83.87       19.88     10
      3028     59.84          1.02       71.61        1.02     10
      3029     59.86          0.00       65.25        0.00     12
      3030     59.88          0.00       62.94        0.00     10
      3031     59.89          0.00       62.59        0.00     14
      3032     59.91          1.02       71.61        1.02     12
      3033     59.93          8.15       72.14        8.15     12
      3034     59.95         14.13       84.72       14.13     10
      3035     59.97          1.02       71.61        1.02     14
      3036     59.99          0.00       65.25        0.00     12
  ------------------------------------------------------------
