========================================================================
  ConstructiveHeuristic — unknown
========================================================================
  alpha=0.6  time_limit=60s  seed=None  min_sep=10.0
  weights: makespan=0.0  delay=1.0  movements=0.0

  Instance: 10 aircraft  5 positions  3 blocking arcs
  Blocking arcs: P3→P4  P3→P5  P4→P5

────────────────────────────────────────────────────────────────────────
  Best construction detail  (iter 2  obj=0.0000)
────────────────────────────────────────────────────────────────────────
Blocking arcs: P3→P4  P3→P5  P4→P5

Aircraft initial ranking (target_finish ASC, total_duration ASC):
  Rank   ID       earliest     target    duration
  ----------------------------------------------
  [ 0]  R8          13.02      21.99        7.74
  [ 1]  R10         18.84      29.89        9.26
  [ 2]  R3           0.00      35.63       16.05
  [ 3]  R1           0.00      51.06       21.52
  [ 4]  R2           0.00      53.35       25.44
  [ 5]  R4           5.62      55.07       20.17
  [ 6]  R5           6.51      60.01       20.40
  [ 7]  R6           8.77      62.89       20.80
  [ 8]  R7          12.91      63.99       21.55
  [ 9]  R9          13.44      70.59       27.15

========================================================================
  STEP 1/10
========================================================================

  Pair evaluation  (50 pairs):
    Rank   ID      Pos     t_start   t_finish    delay      gap   blocking      score    weight     P(%)   cum(%)
    ---------------------------------------------------------------------------------------------------------
    [ 0]  R8      P1        13.02      20.76     0.00     0.00       none       0.00    1.0000   60.00%   60.00%
    [ 1]  R8      P2        13.02      20.76     0.00     0.00       none       0.00    0.4000   24.00%   84.00%
    [ 2]  R8      P3        13.02      20.76     0.00     0.00       none       0.00    0.1600    9.60%   93.60%
    [ 3]  R8      P4        13.02      20.76     0.00     0.00       none       0.00    0.0640    3.84%   97.44%
    [ 4]  R8      P5        13.02      20.76     0.00     0.00       none       0.00    0.0256    1.54%   98.98%
    [ 5]  R10     P1        18.84      28.10     0.00     0.00       none       0.00    0.0102    0.61%   99.59%
    [ 6]  R10     P2        18.84      28.10     0.00     0.00       none       0.00    0.0041    0.25%   99.84%
    [ 7]  R10     P3        18.84      28.10     0.00     0.00       none       0.00    0.0016    0.10%   99.93%
    [ 8]  R10     P4        18.84      28.10     0.00     0.00       none       0.00    0.0007    0.04%   99.97%
    [ 9]  R10     P5        18.84      28.10     0.00     0.00       none       0.00    0.0003    0.02%   99.99%
    [10]  R3      P1         0.00      16.05     0.00     0.00       none       0.00    0.0001    0.01%  100.00%
    [11]  R3      P2         0.00      16.05     0.00     0.00       none       0.00    0.0000    0.00%  100.00%
    [12]  R3      P3         0.00      16.05     0.00     0.00       none       0.00    0.0000    0.00%  100.00%
    [13]  R3      P4         0.00      16.05     0.00     0.00       none       0.00    0.0000    0.00%  100.00%
    [14]  R3      P5         0.00      16.05     0.00     0.00       none       0.00    0.0000    0.00%  100.00%
    [15]  R1      P1         0.00      21.52     0.00     0.00       none       0.00    0.0000    0.00%  100.00%
    [16]  R1      P2         0.00      21.52     0.00     0.00       none       0.00    0.0000    0.00%  100.00%
    [17]  R1      P3         0.00      21.52     0.00     0.00       none       0.00    0.0000    0.00%  100.00%
    [18]  R1      P4         0.00      21.52     0.00     0.00       none       0.00    0.0000    0.00%  100.00%
    [19]  R1      P5         0.00      21.52     0.00     0.00       none       0.00    0.0000    0.00%  100.00%
    [20]  R2      P1         0.00      25.44     0.00     0.00       none       0.00    0.0000    0.00%  100.00%
    [21]  R2      P2         0.00      25.44     0.00     0.00       none       0.00    0.0000    0.00%  100.00%
    [22]  R2      P3         0.00      25.44     0.00     0.00       none       0.00    0.0000    0.00%  100.00%
    [23]  R2      P4         0.00      25.44     0.00     0.00       none       0.00    0.0000    0.00%  100.00%
    [24]  R2      P5         0.00      25.44     0.00     0.00       none       0.00    0.0000    0.00%  100.00%
    [25]  R4      P1         5.62      25.79     0.00     0.00       none       0.00    0.0000    0.00%  100.00%
    [26]  R4      P2         5.62      25.79     0.00     0.00       none       0.00    0.0000    0.00%  100.00%
    [27]  R4      P3         5.62      25.79     0.00     0.00       none       0.00    0.0000    0.00%  100.00%
    [28]  R4      P4         5.62      25.79     0.00     0.00       none       0.00    0.0000    0.00%  100.00%
    [29]  R4      P5         5.62      25.79     0.00     0.00       none       0.00    0.0000    0.00%  100.00%
    [30]  R5      P1         6.51      26.91     0.00     0.00       none       0.00    0.0000    0.00%  100.00%
    [31]  R5      P2         6.51      26.91     0.00     0.00       none       0.00    0.0000    0.00%  100.00%
    [32]  R5      P3         6.51      26.91     0.00     0.00       none       0.00    0.0000    0.00%  100.00%
    [33]  R5      P4         6.51      26.91     0.00     0.00       none       0.00    0.0000    0.00%  100.00%
    [34]  R5      P5         6.51      26.91     0.00     0.00       none       0.00    0.0000    0.00%  100.00%
    [35]  R6      P1         8.77      29.57     0.00     0.00       none       0.00    0.0000    0.00%  100.00%
    [36]  R6      P2         8.77      29.57     0.00     0.00       none       0.00    0.0000    0.00%  100.00%
    [37]  R6      P3         8.77      29.57     0.00     0.00       none       0.00    0.0000    0.00%  100.00%
    [38]  R6      P4         8.77      29.57     0.00     0.00       none       0.00    0.0000    0.00%  100.00%
    [39]  R6      P5         8.77      29.57     0.00     0.00       none       0.00    0.0000    0.00%  100.00%
    [40]  R7      P1        12.91      34.46     0.00     0.00       none       0.00    0.0000    0.00%  100.00%
    [41]  R7      P2        12.91      34.46     0.00     0.00       none       0.00    0.0000    0.00%  100.00%
    [42]  R7      P3        12.91      34.46     0.00     0.00       none       0.00    0.0000    0.00%  100.00%
    [43]  R7      P4        12.91      34.46     0.00     0.00       none       0.00    0.0000    0.00%  100.00%
    [44]  R7      P5        12.91      34.46     0.00     0.00       none       0.00    0.0000    0.00%  100.00%
    [45]  R9      P1        13.44      40.59     0.00     0.00       none       0.00    0.0000    0.00%  100.00%
    [46]  R9      P2        13.44      40.59     0.00     0.00       none       0.00    0.0000    0.00%  100.00%
    [47]  R9      P3        13.44      40.59     0.00     0.00       none       0.00    0.0000    0.00%  100.00%
    [48]  R9      P4        13.44      40.59     0.00     0.00       none       0.00    0.0000    0.00%  100.00%
    [49]  R9      P5        13.44      40.59     0.00     0.00       none       0.00    0.0000    0.00%  100.00%
    draw=0.5429  →  (R8, P1) (rank 0) selected

  Assignment: R8 → P1  [13.02 → 20.76]  delay=0.00
    J8-1       [13.02 → 20.75]

  Assigned so far:
    ID      Pos       start    finish    delay
    ----------------------------------------
    R8      P1        13.02     20.75     0.00

========================================================================
  STEP 2/10
========================================================================

  Pair evaluation  (45 pairs):
    Rank   ID      Pos     t_start   t_finish    delay      gap   blocking      score    weight     P(%)   cum(%)
    ---------------------------------------------------------------------------------------------------------
    [ 0]  R10     P2        18.84      28.10     0.00     0.00       none       0.00    1.0000   60.00%   60.00%
    [ 1]  R10     P3        18.84      28.10     0.00     0.00       none       0.00    0.4000   24.00%   84.00%
    [ 2]  R10     P4        18.84      28.10     0.00     0.00       none       0.00    0.1600    9.60%   93.60%
    [ 3]  R10     P5        18.84      28.10     0.00     0.00       none       0.00    0.0640    3.84%   97.44%
    [ 4]  R3      P2         0.00      16.05     0.00     0.00       none       0.00    0.0256    1.54%   98.98%
    [ 5]  R3      P3         0.00      16.05     0.00     0.00       none       0.00    0.0102    0.61%   99.59%
    [ 6]  R3      P4         0.00      16.05     0.00     0.00       none       0.00    0.0041    0.25%   99.84%
    [ 7]  R3      P5         0.00      16.05     0.00     0.00       none       0.00    0.0016    0.10%   99.93%
    [ 8]  R1      P2         0.00      21.52     0.00     0.00       none       0.00    0.0007    0.04%   99.97%
    [ 9]  R1      P3         0.00      21.52     0.00     0.00       none       0.00    0.0003    0.02%   99.99%
    [10]  R1      P4         0.00      21.52     0.00     0.00       none       0.00    0.0001    0.01%  100.00%
    [11]  R1      P5         0.00      21.52     0.00     0.00       none       0.00    0.0000    0.00%  100.00%
    [12]  R2      P2         0.00      25.44     0.00     0.00       none       0.00    0.0000    0.00%  100.00%
    [13]  R2      P3         0.00      25.44     0.00     0.00       none       0.00    0.0000    0.00%  100.00%
    [14]  R2      P4         0.00      25.44     0.00     0.00       none       0.00    0.0000    0.00%  100.00%
    [15]  R2      P5         0.00      25.44     0.00     0.00       none       0.00    0.0000    0.00%  100.00%
    [16]  R4      P1        30.76      50.93     0.00    10.00       none       0.00    0.0000    0.00%  100.00%
    [17]  R4      P2         5.62      25.79     0.00     0.00       none       0.00    0.0000    0.00%  100.00%
    [18]  R4      P3         5.62      25.79     0.00     0.00       none       0.00    0.0000    0.00%  100.00%
    [19]  R4      P4         5.62      25.79     0.00     0.00       none       0.00    0.0000    0.00%  100.00%
    [20]  R4      P5         5.62      25.79     0.00     0.00       none       0.00    0.0000    0.00%  100.00%
    [21]  R5      P1        30.76      51.16     0.00    10.00       none       0.00    0.0000    0.00%  100.00%
    [22]  R5      P2         6.51      26.91     0.00     0.00       none       0.00    0.0000    0.00%  100.00%
    [23]  R5      P3         6.51      26.91     0.00     0.00       none       0.00    0.0000    0.00%  100.00%
    [24]  R5      P4         6.51      26.91     0.00     0.00       none       0.00    0.0000    0.00%  100.00%
    [25]  R5      P5         6.51      26.91     0.00     0.00       none       0.00    0.0000    0.00%  100.00%
    [26]  R6      P1        30.76      51.56     0.00    10.00       none       0.00    0.0000    0.00%  100.00%
    [27]  R6      P2         8.77      29.57     0.00     0.00       none       0.00    0.0000    0.00%  100.00%
    [28]  R6      P3         8.77      29.57     0.00     0.00       none       0.00    0.0000    0.00%  100.00%
    [29]  R6      P4         8.77      29.57     0.00     0.00       none       0.00    0.0000    0.00%  100.00%
    [30]  R6      P5         8.77      29.57     0.00     0.00       none       0.00    0.0000    0.00%  100.00%
    [31]  R7      P1        30.76      52.31     0.00    10.00       none       0.00    0.0000    0.00%  100.00%
    [32]  R7      P2        12.91      34.46     0.00     0.00       none       0.00    0.0000    0.00%  100.00%
    [33]  R7      P3        12.91      34.46     0.00     0.00       none       0.00    0.0000    0.00%  100.00%
    [34]  R7      P4        12.91      34.46     0.00     0.00       none       0.00    0.0000    0.00%  100.00%
    [35]  R7      P5        12.91      34.46     0.00     0.00       none       0.00    0.0000    0.00%  100.00%
    [36]  R9      P1        30.76      57.91     0.00    10.00       none       0.00    0.0000    0.00%  100.00%
    [37]  R9      P2        13.44      40.59     0.00     0.00       none       0.00    0.0000    0.00%  100.00%
    [38]  R9      P3        13.44      40.59     0.00     0.00       none       0.00    0.0000    0.00%  100.00%
    [39]  R9      P4        13.44      40.59     0.00     0.00       none       0.00    0.0000    0.00%  100.00%
    [40]  R9      P5        13.44      40.59     0.00     0.00       none       0.00    0.0000    0.00%  100.00%
    [41]  R1      P1        30.76      52.28     1.21    10.00       none       1.21    0.0000    0.00%  100.00%
    [42]  R2      P1        30.76      56.20     2.84    10.00       none       2.84    0.0000    0.00%  100.00%
    [43]  R10     P1        30.76      40.02    10.13    10.00       none      10.13    0.0000    0.00%  100.00%
    [44]  R3      P1        30.76      46.80    11.18    10.00       none      11.18    0.0000    0.00%  100.00%
    draw=0.8793  →  (R10, P2) (rank 0) selected

  Assignment: R10 → P2  [18.84 → 28.10]  delay=0.00
    J10-1      [18.84 → 28.10]

  Assigned so far:
    ID      Pos       start    finish    delay
    ----------------------------------------
    R8      P1        13.02     20.75     0.00
    R10     P2        18.84     28.10     0.00

========================================================================
  STEP 3/10
========================================================================

  Pair evaluation  (40 pairs):
    Rank   ID      Pos     t_start   t_finish    delay      gap   blocking      score    weight     P(%)   cum(%)
    ---------------------------------------------------------------------------------------------------------
    [ 0]  R3      P3         0.00      16.05     0.00     0.00       none       0.00    1.0000   60.00%   60.00%
    [ 1]  R3      P4         0.00      16.05     0.00     0.00       none       0.00    0.4000   24.00%   84.00%
    [ 2]  R3      P5         0.00      16.05     0.00     0.00       none       0.00    0.1600    9.60%   93.60%
    [ 3]  R1      P3         0.00      21.52     0.00     0.00       none       0.00    0.0640    3.84%   97.44%
    [ 4]  R1      P4         0.00      21.52     0.00     0.00       none       0.00    0.0256    1.54%   98.98%
    [ 5]  R1      P5         0.00      21.52     0.00     0.00       none       0.00    0.0102    0.61%   99.59%
    [ 6]  R2      P3         0.00      25.44     0.00     0.00       none       0.00    0.0041    0.25%   99.84%
    [ 7]  R2      P4         0.00      25.44     0.00     0.00       none       0.00    0.0016    0.10%   99.93%
    [ 8]  R2      P5         0.00      25.44     0.00     0.00       none       0.00    0.0007    0.04%   99.97%
    [ 9]  R4      P1        30.76      50.93     0.00    10.00       none       0.00    0.0003    0.02%   99.99%
    [10]  R4      P3         5.62      25.79     0.00     0.00       none       0.00    0.0001    0.01%  100.00%
    [11]  R4      P4         5.62      25.79     0.00     0.00       none       0.00    0.0000    0.00%  100.00%
    [12]  R4      P5         5.62      25.79     0.00     0.00       none       0.00    0.0000    0.00%  100.00%
    [13]  R5      P1        30.76      51.16     0.00    10.00       none       0.00    0.0000    0.00%  100.00%
    [14]  R5      P2        38.10      58.50     0.00    10.00       none       0.00    0.0000    0.00%  100.00%
    [15]  R5      P3         6.51      26.91     0.00     0.00       none       0.00    0.0000    0.00%  100.00%
    [16]  R5      P4         6.51      26.91     0.00     0.00       none       0.00    0.0000    0.00%  100.00%
    [17]  R5      P5         6.51      26.91     0.00     0.00       none       0.00    0.0000    0.00%  100.00%
    [18]  R6      P1        30.76      51.56     0.00    10.00       none       0.00    0.0000    0.00%  100.00%
    [19]  R6      P2        38.10      58.90     0.00    10.00       none       0.00    0.0000    0.00%  100.00%
    [20]  R6      P3         8.77      29.57     0.00     0.00       none       0.00    0.0000    0.00%  100.00%
    [21]  R6      P4         8.77      29.57     0.00     0.00       none       0.00    0.0000    0.00%  100.00%
    [22]  R6      P5         8.77      29.57     0.00     0.00       none       0.00    0.0000    0.00%  100.00%
    [23]  R7      P1        30.76      52.31     0.00    10.00       none       0.00    0.0000    0.00%  100.00%
    [24]  R7      P2        38.10      59.65     0.00    10.00       none       0.00    0.0000    0.00%  100.00%
    [25]  R7      P3        12.91      34.46     0.00     0.00       none       0.00    0.0000    0.00%  100.00%
    [26]  R7      P4        12.91      34.46     0.00     0.00       none       0.00    0.0000    0.00%  100.00%
    [27]  R7      P5        12.91      34.46     0.00     0.00       none       0.00    0.0000    0.00%  100.00%
    [28]  R9      P1        30.76      57.91     0.00    10.00       none       0.00    0.0000    0.00%  100.00%
    [29]  R9      P2        38.10      65.25     0.00    10.00       none       0.00    0.0000    0.00%  100.00%
    [30]  R9      P3        13.44      40.59     0.00     0.00       none       0.00    0.0000    0.00%  100.00%
    [31]  R9      P4        13.44      40.59     0.00     0.00       none       0.00    0.0000    0.00%  100.00%
    [32]  R9      P5        13.44      40.59     0.00     0.00       none       0.00    0.0000    0.00%  100.00%
    [33]  R1      P1        30.76      52.28     1.21    10.00       none       1.21    0.0000    0.00%  100.00%
    [34]  R2      P1        30.76      56.20     2.84    10.00       none       2.84    0.0000    0.00%  100.00%
    [35]  R4      P2        38.10      58.27     3.20    10.00       none       3.20    0.0000    0.00%  100.00%
    [36]  R1      P2        38.10      59.62     8.56    10.00       none       8.56    0.0000    0.00%  100.00%
    [37]  R2      P2        38.10      63.54    10.19    10.00       none      10.19    0.0000    0.00%  100.00%
    [38]  R3      P1        30.76      46.80    11.18    10.00       none      11.18    0.0000    0.00%  100.00%
    [39]  R3      P2        38.10      54.15    18.52    10.00       none      18.52    0.0000    0.00%  100.00%
    draw=1.3436  →  (R3, P4) (rank 1) selected

  Assignment: R3 → P4  [0.00 → 16.05]  delay=0.00
    J3-1       [0.00 → 8.95]
    J3-2       [8.95 → 16.05]

  Assigned so far:
    ID      Pos       start    finish    delay
    ----------------------------------------
    R8      P1        13.02     20.75     0.00
    R10     P2        18.84     28.10     0.00
    R3      P4         0.00     16.05     0.00

========================================================================
  STEP 4/10
========================================================================

  Pair evaluation  (35 pairs):
    Rank   ID      Pos     t_start   t_finish    delay      gap   blocking      score    weight     P(%)   cum(%)
    ---------------------------------------------------------------------------------------------------------
    [ 0]  R1      P3         0.00      21.52     0.00     0.00      2 mov       0.00    1.0000   60.00%   60.00%
    [ 1]  R1      P4        26.05      47.57     0.00    10.00       none       0.00    0.4000   24.00%   84.00%
    [ 2]  R1      P5         0.00      21.52     0.00     0.00       none       0.00    0.1600    9.60%   93.60%
    [ 3]  R2      P3         0.00      25.44     0.00     0.00      2 mov       0.00    0.0640    3.84%   97.44%
    [ 4]  R2      P4        26.05      51.49     0.00    10.00       none       0.00    0.0256    1.54%   98.98%
    [ 5]  R2      P5         0.00      25.44     0.00     0.00       none       0.00    0.0102    0.61%   99.59%
    [ 6]  R4      P1        30.76      50.93     0.00    10.00       none       0.00    0.0041    0.25%   99.84%
    [ 7]  R4      P3         5.62      25.79     0.00     0.00      2 mov       0.00    0.0016    0.10%   99.93%
    [ 8]  R4      P4        26.05      46.22     0.00    10.00       none       0.00    0.0007    0.04%   99.97%
    [ 9]  R4      P5         5.62      25.79     0.00     0.00      2 mov       0.00    0.0003    0.02%   99.99%
    [10]  R5      P1        30.76      51.16     0.00    10.00       none       0.00    0.0001    0.01%  100.00%
    [11]  R5      P2        38.10      58.50     0.00    10.00       none       0.00    0.0000    0.00%  100.00%
    [12]  R5      P3         6.51      26.91     0.00     0.00      2 mov       0.00    0.0000    0.00%  100.00%
    [13]  R5      P4        26.05      46.45     0.00    10.00       none       0.00    0.0000    0.00%  100.00%
    [14]  R5      P5         6.51      26.91     0.00     0.00      2 mov       0.00    0.0000    0.00%  100.00%
    [15]  R6      P1        30.76      51.56     0.00    10.00       none       0.00    0.0000    0.00%  100.00%
    [16]  R6      P2        38.10      58.90     0.00    10.00       none       0.00    0.0000    0.00%  100.00%
    [17]  R6      P3         8.77      29.57     0.00     0.00      2 mov       0.00    0.0000    0.00%  100.00%
    [18]  R6      P4        26.05      46.85     0.00    10.00       none       0.00    0.0000    0.00%  100.00%
    [19]  R6      P5         8.77      29.57     0.00     0.00      2 mov       0.00    0.0000    0.00%  100.00%
    [20]  R7      P1        30.76      52.31     0.00    10.00       none       0.00    0.0000    0.00%  100.00%
    [21]  R7      P2        38.10      59.65     0.00    10.00       none       0.00    0.0000    0.00%  100.00%
    [22]  R7      P3        12.91      34.46     0.00     0.00      2 mov       0.00    0.0000    0.00%  100.00%
    [23]  R7      P4        26.05      47.60     0.00    10.00       none       0.00    0.0000    0.00%  100.00%
    [24]  R7      P5        12.91      34.46     0.00     0.00      2 mov       0.00    0.0000    0.00%  100.00%
    [25]  R9      P1        30.76      57.91     0.00    10.00       none       0.00    0.0000    0.00%  100.00%
    [26]  R9      P2        38.10      65.25     0.00    10.00       none       0.00    0.0000    0.00%  100.00%
    [27]  R9      P3        13.44      40.59     0.00     0.00      2 mov       0.00    0.0000    0.00%  100.00%
    [28]  R9      P4        26.05      53.20     0.00    10.00       none       0.00    0.0000    0.00%  100.00%
    [29]  R9      P5        13.44      40.59     0.00     0.00      2 mov       0.00    0.0000    0.00%  100.00%
    [30]  R1      P1        30.76      52.28     1.21    10.00       none       1.21    0.0000    0.00%  100.00%
    [31]  R2      P1        30.76      56.20     2.84    10.00       none       2.84    0.0000    0.00%  100.00%
    [32]  R4      P2        38.10      58.27     3.20    10.00       none       3.20    0.0000    0.00%  100.00%
    [33]  R1      P2        38.10      59.62     8.56    10.00       none       8.56    0.0000    0.00%  100.00%
    [34]  R2      P2        38.10      63.54    10.19    10.00       none      10.19    0.0000    0.00%  100.00%
    draw=1.6457  →  (R2, P4) (rank 4) selected

  Assignment: R2 → P4  [26.05 → 51.49]  delay=0.00
    J2-1       [26.05 → 33.55]
    J2-2       [33.55 → 41.80]
    J2-3       [41.80 → 51.49]

  Assigned so far:
    ID      Pos       start    finish    delay
    ----------------------------------------
    R8      P1        13.02     20.75     0.00
    R10     P2        18.84     28.10     0.00
    R3      P4         0.00     16.05     0.00
    R2      P4        26.05     51.49     0.00

========================================================================
  STEP 5/10
========================================================================

  Pair evaluation  (30 pairs):
    Rank   ID      Pos     t_start   t_finish    delay      gap   blocking      score    weight     P(%)   cum(%)
    ---------------------------------------------------------------------------------------------------------
    [ 0]  R1      P3         0.00      21.52     0.00     0.00      2 mov       0.00    1.0000   60.00%   60.00%
    [ 1]  R1      P5         0.00      21.52     0.00     0.00       none       0.00    0.4000   24.00%   84.00%
    [ 2]  R4      P1        30.76      50.93     0.00    10.00       none       0.00    0.1600    9.60%   93.60%
    [ 3]  R4      P3         5.62      25.79     0.00     0.00      2 mov       0.00    0.0640    3.84%   97.44%
    [ 4]  R4      P5         5.62      25.79     0.00     0.00      2 mov       0.00    0.0256    1.54%   98.98%
    [ 5]  R5      P1        30.76      51.16     0.00    10.00       none       0.00    0.0102    0.61%   99.59%
    [ 6]  R5      P2        38.10      58.50     0.00    10.00       none       0.00    0.0041    0.25%   99.84%
    [ 7]  R5      P3         6.51      26.91     0.00     0.00      4 mov       0.00    0.0016    0.10%   99.93%
    [ 8]  R5      P5         6.51      26.91     0.00     0.00      4 mov       0.00    0.0007    0.04%   99.97%
    [ 9]  R6      P1        30.76      51.56     0.00    10.00       none       0.00    0.0003    0.02%   99.99%
    [10]  R6      P2        38.10      58.90     0.00    10.00       none       0.00    0.0001    0.01%  100.00%
    [11]  R6      P3         8.77      29.57     0.00     0.00      4 mov       0.00    0.0000    0.00%  100.00%
    [12]  R6      P5         8.77      29.57     0.00     0.00      4 mov       0.00    0.0000    0.00%  100.00%
    [13]  R7      P1        30.76      52.31     0.00    10.00       none       0.00    0.0000    0.00%  100.00%
    [14]  R7      P2        38.10      59.65     0.00    10.00       none       0.00    0.0000    0.00%  100.00%
    [15]  R7      P3        12.91      34.46     0.00     0.00      4 mov       0.00    0.0000    0.00%  100.00%
    [16]  R7      P5        12.91      34.46     0.00     0.00      4 mov       0.00    0.0000    0.00%  100.00%
    [17]  R9      P1        30.76      57.91     0.00    10.00       none       0.00    0.0000    0.00%  100.00%
    [18]  R9      P2        38.10      65.25     0.00    10.00       none       0.00    0.0000    0.00%  100.00%
    [19]  R9      P3        13.44      40.59     0.00     0.00      4 mov       0.00    0.0000    0.00%  100.00%
    [20]  R9      P5        13.44      40.59     0.00     0.00      4 mov       0.00    0.0000    0.00%  100.00%
    [21]  R1      P1        30.76      52.28     1.21    10.00       none       1.21    0.0000    0.00%  100.00%
    [22]  R4      P2        38.10      58.27     3.20    10.00       none       3.20    0.0000    0.00%  100.00%
    [23]  R1      P2        38.10      59.62     8.56    10.00       none       8.56    0.0000    0.00%  100.00%
    [24]  R9      P4        61.49      88.64    18.05    10.00       none      18.05    0.0000    0.00%  100.00%
    [25]  R7      P4        61.49      83.04    19.05    10.00       none      19.05    0.0000    0.00%  100.00%
    [26]  R6      P4        61.49      82.29    19.40    10.00       none      19.40    0.0000    0.00%  100.00%
    [27]  R5      P4        61.49      81.89    21.88    10.00       none      21.88    0.0000    0.00%  100.00%
    [28]  R4      P4        61.49      81.66    26.59    10.00       none      26.59    0.0000    0.00%  100.00%
    [29]  R1      P4        61.49      83.01    31.95    10.00       none      31.95    0.0000    0.00%  100.00%
    draw=0.5352  →  (R1, P3) (rank 0) selected
  start-time compare  R1 → P3:  t_imm=0.00 cost=0.00 (2 new movs)  vs  t_nob=26.05 cost=0.00

  Assignment: R1 → P3  [0.00 → 21.52]  delay=0.00
    J1-1       [0.00 → 6.55]
    J1-2       [6.55 → 12.99]
    J1-3       [12.99 → 21.52]

  Assigned so far:
    ID      Pos       start    finish    delay
    ----------------------------------------
    R8      P1        13.02     20.75     0.00
    R10     P2        18.84     28.10     0.00
    R3      P4         0.00     16.05     0.00
    R2      P4        26.05     51.49     0.00
    R1      P3         0.00     21.52     0.00

========================================================================
  STEP 6/10
========================================================================

  Pair evaluation  (25 pairs):
    Rank   ID      Pos     t_start   t_finish    delay      gap   blocking      score    weight     P(%)   cum(%)
    ---------------------------------------------------------------------------------------------------------
    [ 0]  R4      P1        30.76      50.93     0.00    10.00      2 mov       0.00    1.0000   60.00%   60.00%
    [ 1]  R4      P3        31.52      51.69     0.00    10.00      4 mov       0.00    0.4000   24.00%   84.00%
    [ 2]  R4      P5         5.62      25.79     0.00     0.00      6 mov       0.00    0.1600    9.60%   93.60%
    [ 3]  R5      P1        30.76      51.16     0.00    10.00      2 mov       0.00    0.0640    3.84%   97.44%
    [ 4]  R5      P2        38.10      58.50     0.00    10.00      2 mov       0.00    0.0256    1.54%   98.98%
    [ 5]  R5      P3        31.52      51.92     0.00    10.00      4 mov       0.00    0.0102    0.61%   99.59%
    [ 6]  R5      P5         6.51      26.91     0.00     0.00      8 mov       0.00    0.0041    0.25%   99.84%
    [ 7]  R6      P1        30.76      51.56     0.00    10.00      2 mov       0.00    0.0016    0.10%   99.93%
    [ 8]  R6      P2        38.10      58.90     0.00    10.00      2 mov       0.00    0.0007    0.04%   99.97%
    [ 9]  R6      P3        31.52      52.32     0.00    10.00      4 mov       0.00    0.0003    0.02%   99.99%
    [10]  R6      P5         8.77      29.57     0.00     0.00      8 mov       0.00    0.0001    0.01%  100.00%
    [11]  R7      P1        30.76      52.31     0.00    10.00      2 mov       0.00    0.0000    0.00%  100.00%
    [12]  R7      P2        38.10      59.65     0.00    10.00      2 mov       0.00    0.0000    0.00%  100.00%
    [13]  R7      P3        31.52      53.07     0.00    10.00      4 mov       0.00    0.0000    0.00%  100.00%
    [14]  R7      P5        12.91      34.46     0.00     0.00      8 mov       0.00    0.0000    0.00%  100.00%
    [15]  R9      P1        30.76      57.91     0.00    10.00      2 mov       0.00    0.0000    0.00%  100.00%
    [16]  R9      P2        38.10      65.25     0.00    10.00      2 mov       0.00    0.0000    0.00%  100.00%
    [17]  R9      P3        31.52      58.67     0.00    10.00      4 mov       0.00    0.0000    0.00%  100.00%
    [18]  R9      P5        13.44      40.59     0.00     0.00      8 mov       0.00    0.0000    0.00%  100.00%
    [19]  R4      P2        38.10      58.27     3.20    10.00      2 mov       3.20    0.0000    0.00%  100.00%
    [20]  R9      P4        61.49      88.64    18.05    10.00      2 mov      18.05    0.0000    0.00%  100.00%
    [21]  R7      P4        61.49      83.04    19.05    10.00      2 mov      19.05    0.0000    0.00%  100.00%
    [22]  R6      P4        61.49      82.29    19.40    10.00      2 mov      19.40    0.0000    0.00%  100.00%
    [23]  R5      P4        61.49      81.89    21.88    10.00      2 mov      21.88    0.0000    0.00%  100.00%
    [24]  R4      P4        61.49      81.66    26.59    10.00      2 mov      26.59    0.0000    0.00%  100.00%
    draw=1.5409  →  (R4, P5) (rank 2) selected
  start-time compare  R4 → P5:  t_imm=5.62 cost=0.00 (4 new movs)  vs  t_nob=51.49 cost=16.59

  Assignment: R4 → P5  [5.62 → 25.79]  delay=0.00
    J4-1       [5.62 → 12.11]
    J4-2       [12.11 → 18.48]
    J4-3       [18.48 → 25.79]

  Assigned so far:
    ID      Pos       start    finish    delay
    ----------------------------------------
    R8      P1        13.02     20.75     0.00
    R10     P2        18.84     28.10     0.00
    R3      P4         0.00     16.05     0.00
    R2      P4        26.05     51.49     0.00
    R1      P3         0.00     21.52     0.00
    R4      P5         5.62     25.79     0.00

========================================================================
  STEP 7/10
========================================================================

  Pair evaluation  (20 pairs):
    Rank   ID      Pos     t_start   t_finish    delay      gap   blocking      score    weight     P(%)   cum(%)
    ---------------------------------------------------------------------------------------------------------
    [ 0]  R5      P1        30.76      51.16     0.00    10.00      6 mov       0.00    1.0000   60.00%   60.00%
    [ 1]  R5      P2        38.10      58.50     0.00    10.00      6 mov       0.00    0.4000   24.00%   84.00%
    [ 2]  R5      P3        31.52      51.92     0.00    10.00      8 mov       0.00    0.1600    9.60%   93.60%
    [ 3]  R5      P5        35.79      56.19     0.00    10.00      8 mov       0.00    0.0640    3.84%   97.44%
    [ 4]  R6      P1        30.76      51.56     0.00    10.00      6 mov       0.00    0.0256    1.54%   98.98%
    [ 5]  R6      P2        38.10      58.90     0.00    10.00      6 mov       0.00    0.0102    0.61%   99.59%
    [ 6]  R6      P3        31.52      52.32     0.00    10.00      8 mov       0.00    0.0041    0.25%   99.84%
    [ 7]  R6      P5        35.79      56.59     0.00    10.00      8 mov       0.00    0.0016    0.10%   99.93%
    [ 8]  R7      P1        30.76      52.31     0.00    10.00      6 mov       0.00    0.0007    0.04%   99.97%
    [ 9]  R7      P2        38.10      59.65     0.00    10.00      6 mov       0.00    0.0003    0.02%   99.99%
    [10]  R7      P3        31.52      53.07     0.00    10.00      8 mov       0.00    0.0001    0.01%  100.00%
    [11]  R7      P5        35.79      57.34     0.00    10.00      8 mov       0.00    0.0000    0.00%  100.00%
    [12]  R9      P1        30.76      57.91     0.00    10.00      6 mov       0.00    0.0000    0.00%  100.00%
    [13]  R9      P2        38.10      65.25     0.00    10.00      6 mov       0.00    0.0000    0.00%  100.00%
    [14]  R9      P3        31.52      58.67     0.00    10.00      8 mov       0.00    0.0000    0.00%  100.00%
    [15]  R9      P5        35.79      62.94     0.00    10.00      8 mov       0.00    0.0000    0.00%  100.00%
    [16]  R9      P4        61.49      88.64    18.05    10.00      6 mov      18.05    0.0000    0.00%  100.00%
    [17]  R7      P4        61.49      83.04    19.05    10.00      6 mov      19.05    0.0000    0.00%  100.00%
    [18]  R6      P4        61.49      82.29    19.40    10.00      6 mov      19.40    0.0000    0.00%  100.00%
    [19]  R5      P4        61.49      81.89    21.88    10.00      6 mov      21.88    0.0000    0.00%  100.00%
    draw=0.4532  →  (R5, P1) (rank 0) selected

  Assignment: R5 → P1  [30.76 → 51.16]  delay=0.00
    J5-1       [30.75 → 36.81]
    J5-2       [36.81 → 42.55]
    J5-3       [42.55 → 51.16]

  Assigned so far:
    ID      Pos       start    finish    delay
    ----------------------------------------
    R8      P1        13.02     20.75     0.00
    R10     P2        18.84     28.10     0.00
    R3      P4         0.00     16.05     0.00
    R2      P4        26.05     51.49     0.00
    R1      P3         0.00     21.52     0.00
    R4      P5         5.62     25.79     0.00
    R5      P1        30.75     51.16     0.00

========================================================================
  STEP 8/10
========================================================================

  Pair evaluation  (15 pairs):
    Rank   ID      Pos     t_start   t_finish    delay      gap   blocking      score    weight     P(%)   cum(%)
    ---------------------------------------------------------------------------------------------------------
    [ 0]  R6      P2        38.10      58.90     0.00    10.00      6 mov       0.00    1.0000   60.00%   60.00%
    [ 1]  R6      P3        31.52      52.32     0.00    10.00      8 mov       0.00    0.4000   24.00%   84.00%
    [ 2]  R6      P5        35.79      56.59     0.00    10.00      8 mov       0.00    0.1600    9.60%   93.60%
    [ 3]  R7      P2        38.10      59.65     0.00    10.00      6 mov       0.00    0.0640    3.84%   97.44%
    [ 4]  R7      P3        31.52      53.07     0.00    10.00      8 mov       0.00    0.0256    1.54%   98.98%
    [ 5]  R7      P5        35.79      57.34     0.00    10.00      8 mov       0.00    0.0102    0.61%   99.59%
    [ 6]  R9      P2        38.10      65.25     0.00    10.00      6 mov       0.00    0.0041    0.25%   99.84%
    [ 7]  R9      P3        31.52      58.67     0.00    10.00      8 mov       0.00    0.0016    0.10%   99.93%
    [ 8]  R9      P5        35.79      62.94     0.00    10.00      8 mov       0.00    0.0007    0.04%   99.97%
    [ 9]  R9      P1        61.16      88.31    17.72    10.00      6 mov      17.72    0.0003    0.02%   99.99%
    [10]  R9      P4        61.49      88.64    18.05    10.00      6 mov      18.05    0.0001    0.01%  100.00%
    [11]  R7      P1        61.16      82.70    18.71    10.00      6 mov      18.71    0.0000    0.00%  100.00%
    [12]  R7      P4        61.49      83.04    19.05    10.00      6 mov      19.05    0.0000    0.00%  100.00%
    [13]  R6      P1        61.16      81.95    19.06    10.00      6 mov      19.06    0.0000    0.00%  100.00%
    [14]  R6      P4        61.49      82.29    19.40    10.00      6 mov      19.40    0.0000    0.00%  100.00%
    draw=1.1762  →  (R6, P3) (rank 1) selected
  start-time compare  R6 → P3:  t_imm=31.52 cost=0.00 (2 new movs)  vs  t_nob=51.49 cost=9.40

  Assignment: R6 → P3  [31.52 → 52.32]  delay=0.00
    J6-1       [31.52 → 35.82]
    J6-2       [35.82 → 43.47]
    J6-3       [43.47 → 52.32]

  Assigned so far:
    ID      Pos       start    finish    delay
    ----------------------------------------
    R8      P1        13.02     20.75     0.00
    R10     P2        18.84     28.10     0.00
    R3      P4         0.00     16.05     0.00
    R2      P4        26.05     51.49     0.00
    R1      P3         0.00     21.52     0.00
    R4      P5         5.62     25.79     0.00
    R5      P1        30.75     51.16     0.00
    R6      P3        31.52     52.32     0.00

========================================================================
  STEP 9/10
========================================================================

  Pair evaluation  (10 pairs):
    Rank   ID      Pos     t_start   t_finish    delay      gap   blocking      score    weight     P(%)   cum(%)
    ---------------------------------------------------------------------------------------------------------
    [ 0]  R7      P2        38.10      59.65     0.00    10.00      8 mov       0.00    1.0000   60.01%   60.01%
    [ 1]  R7      P5        35.79      57.34     0.00    10.00     12 mov       0.00    0.4000   24.00%   84.01%
    [ 2]  R9      P2        38.10      65.25     0.00    10.00      8 mov       0.00    0.1600    9.60%   93.61%
    [ 3]  R9      P5        35.79      62.94     0.00    10.00     12 mov       0.00    0.0640    3.84%   97.45%
    [ 4]  R9      P1        61.16      88.31    17.72    10.00      8 mov      17.72    0.0256    1.54%   98.99%
    [ 5]  R9      P4        61.49      88.64    18.05    10.00      8 mov      18.05    0.0102    0.61%   99.60%
    [ 6]  R7      P1        61.16      82.70    18.71    10.00      8 mov      18.71    0.0041    0.25%   99.85%
    [ 7]  R9      P3        62.32      89.47    18.88    10.00      8 mov      18.88    0.0016    0.10%   99.94%
    [ 8]  R7      P4        61.49      83.04    19.05    10.00      8 mov      19.05    0.0007    0.04%   99.98%
    [ 9]  R7      P3        62.32      83.87    19.88    10.00      8 mov      19.88    0.0003    0.02%  100.00%
    draw=1.5156  →  (R9, P2) (rank 2) selected

  Assignment: R9 → P2  [38.10 → 65.25]  delay=0.00
    J9-1       [38.10 → 45.25]
    J9-2       [45.25 → 55.28]
    J9-3       [55.28 → 65.25]

  Assigned so far:
    ID      Pos       start    finish    delay
    ----------------------------------------
    R8      P1        13.02     20.75     0.00
    R10     P2        18.84     28.10     0.00
    R3      P4         0.00     16.05     0.00
    R2      P4        26.05     51.49     0.00
    R1      P3         0.00     21.52     0.00
    R4      P5         5.62     25.79     0.00
    R5      P1        30.75     51.16     0.00
    R6      P3        31.52     52.32     0.00
    R9      P2        38.10     65.25     0.00

========================================================================
  STEP 10/10
========================================================================

  Pair evaluation  (5 pairs):
    Rank   ID      Pos     t_start   t_finish    delay      gap   blocking      score    weight     P(%)   cum(%)
    ---------------------------------------------------------------------------------------------------------
    [ 0]  R7      P5        35.79      57.34     0.00    10.00     12 mov       0.00    1.0000   60.62%   60.62%
    [ 1]  R7      P1        61.16      82.70    18.71    10.00      8 mov      18.71    0.4000   24.25%   84.87%
    [ 2]  R7      P4        61.49      83.04    19.05    10.00      8 mov      19.05    0.1600    9.70%   94.57%
    [ 3]  R7      P3        62.32      83.87    19.88    10.00      8 mov      19.88    0.0640    3.88%   98.45%
    [ 4]  R7      P2        75.25      96.80    32.81    10.00      8 mov      32.81    0.0256    1.55%  100.00%
    draw=0.1001  →  (R7, P5) (rank 0) selected
  start-time compare  R7 → P5:  t_imm=35.79 cost=0.00 (4 new movs)  vs  t_nob=52.32 cost=9.88

  Assignment: R7 → P5  [35.79 → 57.34]  delay=0.00
    J7-1       [35.79 → 41.56]
    J7-2       [41.56 → 48.04]
    J7-3       [48.04 → 57.34]

  Assigned so far:
    ID      Pos       start    finish    delay
    ----------------------------------------
    R8      P1        13.02     20.75     0.00
    R10     P2        18.84     28.10     0.00
    R3      P4         0.00     16.05     0.00
    R2      P4        26.05     51.49     0.00
    R1      P3         0.00     21.52     0.00
    R4      P5         5.62     25.79     0.00
    R5      P1        30.75     51.16     0.00
    R6      P3        31.52     52.32     0.00
    R9      P2        38.10     65.25     0.00
    R7      P5        35.79     57.34     0.00

========================================================================
  Iteration result:  makespan=65.25  movements=12  delay=0.00
========================================================================

========================================================================
  Local search start  obj=0.00
========================================================================
  Local search end    obj=0.00

────────────────────────────────────────────────────────────────────────
  Iteration history
────────────────────────────────────────────────────────────────────────
      Iter   Time(s)           Obj    Makespan       Delay    Mov
  ------------------------------------------------------------
         1      0.00         17.72       88.31       17.72      8  *
         2      0.02          0.00       65.25        0.00     12  *
         3      0.04         18.88       89.47       18.88     12
         4      0.07         32.62       84.72       32.62      2
         5      0.09         22.80       93.39       22.80     10
         6      0.11          0.00       66.72        0.00     14
         7      0.13         10.13       62.94       10.13     16
         8      0.15          0.00       58.90        0.00      8
         9      0.17          0.00       62.94        0.00     10
        10      0.19          1.02       71.61        1.02     12
        11      0.21          0.00       58.67        0.00      8
        12      0.22         18.05       88.64       18.05      8
        13      0.24         18.48       89.07       18.48      6
        14      0.26          0.00       65.25        0.00     10
        15      0.28          0.00       62.59        0.00     10
        16      0.30          1.02       71.61        1.02     12
        17      0.32         14.13       84.72       14.13      4
        18      0.34         18.12       88.70       18.12      6
        19      0.35         14.13       84.72       14.13      8
        20      0.37         10.13       64.06       10.13     10
        21      0.41          0.00       66.72        0.00     12
        22      0.43          0.00       64.06        0.00     12
        23      0.45          1.02       71.61        1.02     16
        24      0.46          8.15       72.14        8.15     14
        25      0.48          1.02       71.61        1.02     14
        26      0.50          0.00       62.59        0.00      8
        27      0.52          0.00       66.72        0.00     12
        28      0.54          0.00       62.94        0.00     10
        29      0.55          0.00       62.59        0.00     10
        30      0.57          1.02       71.61        1.02     12
        31      0.59         17.49       88.08       17.49      8
        32      0.61          0.00       58.90        0.00     10
        33      0.63         17.72       88.31       17.72     12
        34      0.65          0.00       62.59        0.00      8
        35      0.67         10.13       64.06       10.13     12
        36      0.70          0.00       62.59        0.00      8
        37      0.72          1.02       71.61        1.02     12
        38      0.74         15.13       79.12       15.13      8
        39      0.75         15.13       79.12       15.13     10
        40      0.77         12.78       83.37       12.78      4
        41      0.79          8.15       72.14        8.15     12
        42      0.81         10.13       64.06       10.13     14
        43      0.84         14.01       78.00       14.01      8
        44      0.86         10.13       64.06       10.13      8
        45      0.88          0.00       62.59        0.00      6
        46      0.90          0.00       65.25        0.00     12
        47      0.92         30.50       94.49       30.50      6
        48      0.94          1.02       71.61        1.02     12
        49      0.96         10.13       64.06       10.13     12
        50      0.98         14.13       84.72       14.13      8
        51      1.01          0.00       65.25        0.00     12
        52      1.02          0.00       62.59        0.00     10
        53      1.04         17.72       88.31       17.72      6
        54      1.06          0.00       62.59        0.00     10
        55      1.08          0.00       64.06        0.00      8
        56      1.11          0.00       62.59        0.00      8
        57      1.13         23.15       93.74       23.15     12
        58      1.15         14.13       84.72       14.13      6
        59      1.18          0.00       62.94        0.00      8
        60      1.20          0.00       62.59        0.00      8
        61      1.22         10.13       58.67       10.13     16
        62      1.25          0.00       64.06        0.00     12
        63      1.28          8.50       71.39        8.50     14
        64      1.30         25.06       95.65       25.06      6
        65      1.32         19.40       82.29       19.40     10
        66      1.34          0.00       62.59        0.00      8
        67      1.37         14.13       84.72       14.13      6
        68      1.39          1.02       71.61        1.02     14
        69      1.42         25.06       95.65       25.06      8
        70      1.44          1.02       71.61        1.02     10
        71      1.46         18.48       82.47       18.48      6
        72      1.48         25.46       96.05       25.46      8
        73      1.50          0.00       62.59        0.00     16
        74      1.52         25.46       96.05       25.46      6
        75      1.54          0.00       66.72        0.00     10
        76      1.56         18.83       81.72       18.83      4
        77      1.58          0.00       66.72        0.00     12
        78      1.60         17.49       88.08       17.49     10
        79      1.61          0.00       66.72        0.00     10
        80      1.63          0.00       62.94        0.00     10
        81      1.65          0.00       62.59        0.00     14
        82      1.67          0.00       66.72        0.00     10
        83      1.69          0.00       62.59        0.00      8
        84      1.71          0.00       58.50        0.00      6
        85      1.73          1.02       71.61        1.02     12
        86      1.75          0.00       65.25        0.00     14
        87      1.77         17.49       88.08       17.49      6
        88      1.78         10.13       62.94       10.13     14
        89      1.81          0.00       62.94        0.00     12
        90      1.82         18.48       82.47       18.48     10
        91      1.84          0.00       62.94        0.00     10
        92      1.86          0.00       66.72        0.00     12
        93      1.88         15.13       79.12       15.13      6
        94      1.90         10.13       64.06       10.13     12
        95      1.93         14.13       84.72       14.13      8
        96      1.95          0.00       66.72        0.00      8
        97      1.96         10.13       61.12       10.13     12
        98      1.98          0.00       66.72        0.00     12
        99      2.00          0.00       62.94        0.00     12
       100      2.02          1.02       71.61        1.02     10
       101      2.04          0.00       62.94        0.00     12
       102      2.06          0.00       62.59        0.00     10
       103      2.08          8.15       72.14        8.15     12
       104      2.09         17.72       88.31       17.72      6
       105      2.11          0.00       64.06        0.00     10
       106      2.13          0.00       66.72        0.00     12
       107      2.15          8.15       72.14        8.15     14
       108      2.16         18.05       88.64       18.05      8
       109      2.18          0.00       62.59        0.00      8
       110      2.20          0.00       62.59        0.00     10
       111      2.22          1.02       71.61        1.02     14
       112      2.23          0.00       58.50        0.00     12
       113      2.25          1.02       71.61        1.02     12
       114      2.27          0.00       62.59        0.00     10
       115      2.29         14.13       84.72       14.13     10
       116      2.30         23.90       94.49       23.90      6
       117      2.32          0.00       62.59        0.00     10
       118      2.34          1.02       71.61        1.02     12
       119      2.36          0.00       62.59        0.00      8
       120      2.37          5.42       57.91        5.42     14
       121      2.41         10.13       64.06       10.13     12
       122      2.44         22.80       93.39       22.80      8
       123      2.46         17.72       88.31       17.72      6
       124      2.48         18.25       88.84       18.25     10
       125      2.50          0.00       62.94        0.00     10
       126      2.51         18.05       88.64       18.05      6
       127      2.53         18.88       89.47       18.88      4
       128      2.55          9.56       64.63        9.56     12
       129      2.57          0.00       58.90        0.00     10
       130      2.59          8.15       72.14        8.15     12
       131      2.60          0.00       62.59        0.00     10
       132      2.62          0.00       65.25        0.00     12
       133      2.64          1.02       71.61        1.02     14
       134      2.66          0.00       59.65        0.00     12
       135      2.67          5.42       57.91        5.42      8
       136      2.71          0.00       62.59        0.00      6
       137      2.73         10.13       64.06       10.13     12
       138      2.75         18.88       89.47       18.88      8
       139      2.77          0.00       66.72        0.00     12
       140      2.79         18.05       88.64       18.05      6
       141      2.80          0.00       66.72        0.00     12
       142      2.82         18.05       88.64       18.05     10
       143      2.84         10.13       64.06       10.13     12
       144      2.87          0.00       66.72        0.00     12
       145      2.88          5.42       57.91        5.42     10
       146      2.91         17.49       88.08       17.49      8
       147      2.93          0.00       62.59        0.00      6
       148      2.95          0.00       62.94        0.00     10
       149      2.97          0.00       62.59        0.00     12
       150      2.99          0.00       64.06        0.00     12
       151      3.00         30.15       94.14       30.15      8
       152      3.02         18.25       88.84       18.25      6
       153      3.04          1.02       71.61        1.02     10
       154      3.06         14.13       84.72       14.13      6
       155      3.07         18.05       88.64       18.05      6
       156      3.09         14.13       84.72       14.13     10
       157      3.11         32.81       96.80       32.81      6
       158      3.13          0.00       66.72        0.00     10
       159      3.14         18.05       88.64       18.05      6
       160      3.16          0.00       62.59        0.00     10
       161      3.18          0.00       64.06        0.00     12
       162      3.20         12.78       83.37       12.78      4
       163      3.21          0.00       62.59        0.00     10
       164      3.23          9.00       66.72        9.00     12
       165      3.25         14.13       84.72       14.13      8
       166      3.27         10.13       64.06       10.13     12
       167      3.30          0.00       62.94        0.00     12
       168      3.32          0.00       65.25        0.00     12
       169      3.34          1.02       71.61        1.02     16
       170      3.36          0.00       62.59        0.00     12
       171      3.38          0.00       65.25        0.00     10
       172      3.40         19.11       83.11       19.11      4
       173      3.42          1.02       71.61        1.02     14
       174      3.44         19.05       83.04       19.05      8
       175      3.46          8.15       72.14        8.15     14
       176      3.48         13.01       83.60       13.01      2
       177      3.49          0.00       65.25        0.00     10
       178      3.51          0.00       62.94        0.00     10
       179      3.53          0.00       62.59        0.00      6
       180      3.55          1.02       71.61        1.02     10
       181      3.57          0.00       62.59        0.00      8
       182      3.59          8.50       71.39        8.50     12
       183      3.61         14.13       84.72       14.13      6
       184      3.63         32.62       84.72       32.62      4
       185      3.65          1.02       71.61        1.02     12
       186      3.67          0.00       62.59        0.00     10
       187      3.69         14.13       84.72       14.13      8
       188      3.71         17.49       88.08       17.49      8
       189      3.73          1.02       71.61        1.02     14
       190      3.75         10.13       64.06       10.13     12
       191      3.78         18.05       88.64       18.05      8
       192      3.80          1.02       71.61        1.02     12
       193      3.82          0.00       66.72        0.00     12
       194      3.84         22.40       92.99       22.40      6
       195      3.86          0.00       62.59        0.00     14
       196      3.87         22.67       77.74       22.67     10
       197      3.89          0.00       64.06        0.00     14
       198      3.91         14.13       84.72       14.13      8
       199      3.93         14.13       84.72       14.13      6
       200      3.95          1.02       71.61        1.02     12
       201      3.97          1.02       71.61        1.02     14
       202      3.99         17.49       88.08       17.49     10
       203      4.01          1.02       71.61        1.02     10
       204      4.03          1.02       71.61        1.02     14
       205      4.05         18.88       89.47       18.88      6
       206      4.07         10.13       62.94       10.13     16
       207      4.09         15.13       79.12       15.13     10
       208      4.11         17.72       88.31       17.72      6
       209      4.12         17.49       88.08       17.49      8
       210      4.14          1.02       71.61        1.02     12
       211      4.16         18.25       88.84       18.25      6
       212      4.18          1.02       71.61        1.02     12
       213      4.20          0.00       65.25        0.00      8
       214      4.22         18.71       82.70       18.71      8
       215      4.23          1.02       71.61        1.02     16
       216      4.25          0.00       62.94        0.00     14
       217      4.27         17.49       88.08       17.49      6
       218      4.29          0.00       65.25        0.00     10
       219      4.31          0.00       62.94        0.00     10
       220      4.32          8.15       72.14        8.15     14
       221      4.34          0.00       62.59        0.00     10
       222      4.36         13.41       84.00       13.41      4
       223      4.38          0.00       62.94        0.00     10
       224      4.40         14.13       84.72       14.13      8
       225      4.42          0.00       58.50        0.00      8
       226      4.43         14.16       84.75       14.16      8
       227      4.45         10.13       62.94       10.13      8
       228      4.47         10.13       58.67       10.13     12
       229      4.49         18.71       82.70       18.71     12
       230      4.51         10.13       64.06       10.13     12
       231      4.54          1.02       71.61        1.02     14
       232      4.57          1.02       71.61        1.02     16
       233      4.59          0.00       62.94        0.00     10
       234      4.62          0.00       62.59        0.00      8
       235      4.64         17.49       88.08       17.49     12
       236      4.67          0.00       62.59        0.00     10
       237      4.69         10.13       64.06       10.13     10
       238      4.73         15.13       79.12       15.13     10
       239      4.75          0.00       62.59        0.00     10
       240      4.78         15.48       78.37       15.48     10
       241      4.83         14.13       84.72       14.13     10
       242      4.87          1.02       71.61        1.02     14
       243      4.91          0.00       59.65        0.00     14
       244      4.95          0.00       62.59        0.00      8
       245      5.00          0.00       58.90        0.00     10
       246      5.03         15.13       79.12       15.13      8
       247      5.06         17.49       88.08       17.49      8
       248      5.08          0.00       62.94        0.00     10
       249      5.11         18.05       88.64       18.05     10
       250      5.14          0.00       64.06        0.00     12
       251      5.17          0.00       58.67        0.00     10
       252      5.20         14.13       84.72       14.13      6
       253      5.23         15.13       79.12       15.13     10
       254      5.26          0.00       66.72        0.00      8
       255      5.28          0.00       65.25        0.00      6
       256      5.31          0.00       65.25        0.00     10
       257      5.33          0.00       62.94        0.00     16
       258      5.36          0.00       58.90        0.00     10
       259      5.38          0.00       58.50        0.00      8
       260      5.41          0.00       62.59        0.00     14
       261      5.44          1.02       71.61        1.02     12
       262      5.46         10.13       64.06       10.13     10
       263      5.50         18.05       88.64       18.05     10
       264      5.53          0.00       65.25        0.00     12
       265      5.57          1.02       71.61        1.02     16
       266      5.60         10.13       64.06       10.13     10
       267      5.63          0.00       62.59        0.00     12
       268      5.66         10.13       64.06       10.13     12
       269      5.70          0.00       65.25        0.00     12
       270      5.73          0.00       58.50        0.00      8
       271      5.75         14.13       84.72       14.13     10
       272      5.77          0.00       58.90        0.00     12
       273      5.80          1.02       71.61        1.02     12
       274      5.82         17.72       88.31       17.72      2
       275      5.86         15.13       79.12       15.13      4
       276      5.88         18.48       82.47       18.48      8
       277      5.91         14.13       84.72       14.13     10
       278      5.93          0.00       66.72        0.00     12
       279      5.95          0.00       62.59        0.00      8
       280      5.97          0.00       65.25        0.00     12
       281      6.00          0.00       61.12        0.00     10
       282      6.04          1.02       71.61        1.02     12
       283      6.06          8.15       72.14        8.15     12
       284      6.08          0.00       65.25        0.00     10
       285      6.10         14.13       84.72       14.13      8
       286      6.12         19.11       83.11       19.11      6
       287      6.14         25.46       96.05       25.46     10
       288      6.16         14.13       84.72       14.13      8
       289      6.19          0.00       65.25        0.00     12
       290      6.21          8.15       72.14        8.15     14
       291      6.23         10.13       64.06       10.13     10
       292      6.26          0.00       66.72        0.00     14
       293      6.28         10.13       64.06       10.13      8
       294      6.31          1.02       71.61        1.02     10
       295      6.33         14.13       84.72       14.13      6
       296      6.35          0.00       58.50        0.00      6
       297      6.37         18.05       88.64       18.05      8
       298      6.39         18.88       89.47       18.88      8
       299      6.41          0.00       64.06        0.00     12
       300      6.43          1.02       71.61        1.02     16
       301      6.45         17.49       88.08       17.49      4
       302      6.47          8.15       72.14        8.15     14
       303      6.49          0.00       66.72        0.00     12
       304      6.51          0.00       62.59        0.00     10
       305      6.53         13.01       83.60       13.01      6
       306      6.55          1.02       71.61        1.02     12
       307      6.57         14.13       84.72       14.13      6
       308      6.59          0.00       62.94        0.00     12
       309      6.61         36.97       89.07       36.97      4
       310      6.63          0.00       58.50        0.00     12
       311      6.65          1.02       71.61        1.02     12
       312      6.67          8.15       72.14        8.15     12
       313      6.69         18.48       82.47       18.48      6
       314      6.71          0.00       59.65        0.00     12
       315      6.73         19.48       83.47       19.48      2
       316      6.75          0.00       62.59        0.00     10
       317      6.77          8.15       72.14        8.15     16
       318      6.79          0.00       66.72        0.00     12
       319      6.81          8.15       72.14        8.15     14
       320      6.83          0.00       66.72        0.00     12
       321      6.85          1.02       71.61        1.02     10
       322      6.87          1.02       71.61        1.02     14
       323      6.89         18.25       88.84       18.25      6
       324      6.91          1.02       71.61        1.02     14
       325      6.93         18.71       82.70       18.71     12
       326      6.95          0.00       66.72        0.00     16
       327      6.97         25.06       95.65       25.06      6
       328      6.99          0.00       65.25        0.00     12
       329      7.01          1.02       71.61        1.02     14
       330      7.03          0.00       66.72        0.00     14
       331      7.05         14.13       84.72       14.13      8
       332      7.07          0.00       65.25        0.00     10
       333      7.09          0.00       62.94        0.00     10
       334      7.11         14.13       84.72       14.13      8
       335      7.13          1.02       71.61        1.02     16
       336      7.15          0.00       62.59        0.00      8
       337      7.17         10.13       64.06       10.13     10
       338      7.20          0.00       66.72        0.00     12
       339      7.22          0.00       66.72        0.00     12
       340      7.24          1.02       71.61        1.02     12
       341      7.26         17.49       88.08       17.49     10
       342      7.29          1.02       71.61        1.02     16
       343      7.31         15.13       79.12       15.13     10
       344      7.33          5.42       57.91        5.42     10
       345      7.37          8.15       72.14        8.15     16
       346      7.39         17.72       88.31       17.72      4
       347      7.41          0.00       59.65        0.00     10
       348      7.43          0.00       62.59        0.00      8
       349      7.45          0.00       58.90        0.00      6
       350      7.47          0.00       62.59        0.00      6
       351      7.49          5.42       57.91        5.42     12
       352      7.52          0.00       66.72        0.00      8
       353      7.54          0.00       62.59        0.00      8
       354      7.56          0.00       62.59        0.00     12
       355      7.58         14.13       84.72       14.13      8
       356      7.60         14.13       84.72       14.13      4
       357      7.62         18.05       88.64       18.05     12
       358      7.64          0.00       64.06        0.00     12
       359      7.66         18.05       88.64       18.05      8
       360      7.68          0.00       62.59        0.00      8
       361      7.70          0.00       65.25        0.00      8
       362      7.72         15.13       79.12       15.13      8
       363      7.74          0.00       58.67        0.00      8
       364      7.76          8.15       72.14        8.15     12
       365      7.78         17.49       88.08       17.49      8
       366      7.81         10.13       66.72       10.13     12
       367      7.84          8.15       72.14        8.15     16
       368      7.86         10.13       64.06       10.13     10
       369      7.89          0.00       62.59        0.00      6
       370      7.91         18.05       88.64       18.05      6
       371      7.93          1.02       71.61        1.02     12
       372      7.95          0.00       62.94        0.00      8
       373      7.97         17.49       88.08       17.49      8
       374      7.99          0.00       65.25        0.00     12
       375      8.01         17.72       88.31       17.72      8
       376      8.02          1.02       71.61        1.02     14
       377      8.04          8.15       72.14        8.15     14
       378      8.06          1.02       71.61        1.02     14
       379      8.08          5.42       57.91        5.42      6
       380      8.11          0.00       58.90        0.00     12
       381      8.13          8.15       72.14        8.15     14
       382      8.15          1.02       71.61        1.02     14
       383      8.17          1.02       71.61        1.02     12
       384      8.18          0.00       62.94        0.00     10
       385      8.20          0.00       62.59        0.00      8
       386      8.22         18.05       88.64       18.05      8
       387      8.24          0.00       65.25        0.00     10
       388      8.26          0.00       62.59        0.00      8
       389      8.28          5.42       57.91        5.42     12
       390      8.31          0.00       58.50        0.00      6
       391      8.33          0.00       62.59        0.00      8
       392      8.35         18.05       88.64       18.05      8
       393      8.37          1.02       71.61        1.02     14
       394      8.38         15.13       79.12       15.13      6
       395      8.40          0.00       58.90        0.00     14
       396      8.42          1.02       71.61        1.02     12
       397      8.44         14.13       84.72       14.13      8
       398      8.46         15.13       79.12       15.13     10
       399      8.47         10.13       64.06       10.13     12
       400      8.50          0.00       62.94        0.00     12
       401      8.52         17.49       88.08       17.49      8
       402      8.54          8.15       72.14        8.15     12
       403      8.56          0.00       65.25        0.00     10
       404      8.58          1.02       71.61        1.02     14
       405      8.60          8.15       72.14        8.15     16
       406      8.61          5.42       57.91        5.42     10
       407      8.65          0.00       58.67        0.00      8
       408      8.67          8.15       72.14        8.15     14
       409      8.68          8.15       72.14        8.15     14
       410      8.70          0.00       62.94        0.00     10
       411      8.72         18.83       81.72       18.83     10
       412      8.73         17.49       88.08       17.49      8
       413      8.75          0.00       65.25        0.00     12
       414      8.77          0.00       62.94        0.00     10
       415      8.79          0.00       66.72        0.00     12
       416      8.80         14.13       84.72       14.13     10
       417      8.82         14.13       84.72       14.13      8
       418      8.84         19.05       83.04       19.05     10
       419      8.86          0.00       66.72        0.00     12
       420      8.87          0.00       59.65        0.00     10
       421      8.89         23.90       94.49       23.90      6
       422      8.91          0.54       59.65        0.54      6
       423      8.93          0.00       62.59        0.00     12
       424      8.95          0.00       62.59        0.00      8
       425      8.97          8.15       72.14        8.15     14
       426      8.98         15.13       79.12       15.13     14
       427      9.00         18.25       88.84       18.25      6
       428      9.02         17.72       88.31       17.72      8
       429      9.03          0.00       65.25        0.00     10
       430      9.05          1.02       71.61        1.02     12
       431      9.07          0.00       59.65        0.00     12
       432      9.09          0.00       62.59        0.00      8
       433      9.10          1.02       71.61        1.02     12
       434      9.12         17.49       88.08       17.49     10
       435      9.14          0.00       58.50        0.00     10
       436      9.16          0.00       62.59        0.00      6
       437      9.17         11.21       71.61       11.21     16
       438      9.19          2.37       65.26        2.37     14
       439      9.21          0.00       58.90        0.00     14
       440      9.23          0.00       62.59        0.00     10
       441      9.24         10.13       64.06       10.13     14
       442      9.28         17.49       88.08       17.49      6
       443      9.30         17.49       88.08       17.49      8
       444      9.31          1.02       71.61        1.02     14
       445      9.33          0.00       61.12        0.00     12
       446      9.36          0.00       58.67        0.00      6
       447      9.38         17.72       88.31       17.72      6
       448      9.40          1.02       71.61        1.02     12
       449      9.42          0.00       64.06        0.00     12
       450      9.44          0.00       65.25        0.00     10
       451      9.46          0.00       64.06        0.00     12
       452      9.48          0.00       62.94        0.00      8
       453      9.49          0.00       58.90        0.00      6
       454      9.51          0.00       65.25        0.00     14
       455      9.53         14.13       84.72       14.13      8
       456      9.55          0.00       65.25        0.00     12
       457      9.56          0.00       66.72        0.00     12
       458      9.58          1.02       71.61        1.02     10
       459      9.60          0.00       58.90        0.00     14
       460      9.62          0.00       61.12        0.00      8
       461      9.64         14.13       84.72       14.13     10
       462      9.66         17.49       88.08       17.49     10
       463      9.67          0.00       62.59        0.00      8
       464      9.69          0.00       61.12        0.00     12
       465      9.71         14.13       84.72       14.13      8
       466      9.73          0.00       62.59        0.00      8
       467      9.74         14.13       84.72       14.13     10
       468      9.76          0.00       62.59        0.00     10
       469      9.78         18.83       81.72       18.83     12
       470      9.79          0.00       62.94        0.00     14
       471      9.81         14.13       84.72       14.13      4
       472      9.83          0.00       65.25        0.00      8
       473      9.84          8.15       72.14        8.15     14
       474      9.86         12.78       83.37       12.78      4
       475      9.88          0.00       61.12        0.00     12
       476      9.90         13.41       84.00       13.41     10
       477      9.91          8.15       72.14        8.15     18
       478      9.93          0.00       62.59        0.00     12
       479      9.95          0.00       62.59        0.00     14
       480      9.97          0.00       61.12        0.00     14
       481      9.99          0.00       62.59        0.00     10
       482     10.00         10.13       64.06       10.13      8
       483     10.03          8.15       72.14        8.15     14
       484     10.05          0.00       58.90        0.00     10
       485     10.07         36.54       88.08       36.54      4
       486     10.08          0.00       58.67        0.00      8
       487     10.10          0.00       58.50        0.00     12
       488     10.12         18.88       89.47       18.88      8
       489     10.14         10.13       64.06       10.13     14
       490     10.16          1.02       71.61        1.02     14
       491     10.18          0.00       62.59        0.00      8
       492     10.19         22.80       93.39       22.80     10
       493     10.21          0.00       64.06        0.00     14
       494     10.23          0.00       66.72        0.00     14
       495     10.25          0.00       58.90        0.00     12
       496     10.26          0.00       62.94        0.00      8
       497     10.28          0.00       65.25        0.00      8
       498     10.30          0.00       58.90        0.00      6
       499     10.32         10.13       64.06       10.13     14
       500     10.35         15.13       79.12       15.13     10
       501     10.36          0.00       62.59        0.00      8
       502     10.38          0.00       66.72        0.00     10
       503     10.40         18.05       88.64       18.05      8
       504     10.42         18.48       89.07       18.48     12
       505     10.43         14.13       84.72       14.13      8
       506     10.45          1.02       71.61        1.02     18
       507     10.47          0.00       65.25        0.00      6
       508     10.49          0.00       58.90        0.00     10
       509     10.50          0.00       58.90        0.00      8
       510     10.52         18.25       88.84       18.25     12
       511     10.54          1.02       71.61        1.02     16
       512     10.56          1.02       71.61        1.02     16
       513     10.58         18.48       82.47       18.48     12
       514     10.59          0.00       62.59        0.00     10
       515     10.61         14.13       84.72       14.13      8
       516     10.63         22.40       92.99       22.40     10
       517     10.65          1.02       71.61        1.02     10
       518     10.66         12.78       83.37       12.78      4
       519     10.68         14.13       84.72       14.13      8
       520     10.70          0.00       62.94        0.00     10
       521     10.72          8.15       72.14        8.15     16
       522     10.73         13.41       84.00       13.41      4
       523     10.75          0.00       58.90        0.00     12
       524     10.77          0.00       62.59        0.00     12
       525     10.79         14.13       84.72       14.13      8
       526     10.80          0.00       61.12        0.00     12
       527     10.82         14.13       84.72       14.13      6
       528     10.84         10.13       64.06       10.13      8
       529     10.87         17.49       88.08       17.49      6
       530     10.88          0.00       58.90        0.00      8
       531     10.90         10.13       66.72       10.13     10
       532     10.93         14.13       84.72       14.13      6
       533     10.95         15.13       79.12       15.13     10
       534     10.97         20.76       84.75       20.76      4
       535     10.98         15.13       79.12       15.13     12
       536     11.00         14.13       84.72       14.13      6
       537     11.02         14.13       84.72       14.13     10
       538     11.04          8.15       72.14        8.15     12
       539     11.06          0.00       65.25        0.00     14
       540     11.07          8.15       72.14        8.15     14
       541     11.09          0.00       65.25        0.00     14
       542     11.11          0.00       61.12        0.00     12
       543     11.14          0.00       62.59        0.00     14
       544     11.16          0.00       62.59        0.00      8
       545     11.18          0.00       62.59        0.00      8
       546     11.19         14.13       84.72       14.13     10
       547     11.21         10.13       64.06       10.13     16
       548     11.24         26.21       96.80       26.21      8
       549     11.26          8.15       72.14        8.15     12
       550     11.27         14.13       84.72       14.13      8
       551     11.29          1.02       71.61        1.02     14
       552     11.31          0.00       65.25        0.00     12
       553     11.32          0.00       58.90        0.00     10
       554     11.34          0.00       62.59        0.00     14
       555     11.36          0.00       58.67        0.00      8
       556     11.38          0.00       62.94        0.00     10
       557     11.39         14.13       84.72       14.13     10
       558     11.41          0.00       58.67        0.00     10
       559     11.43         13.01       83.60       13.01      6
       560     11.45          0.00       59.65        0.00     10
       561     11.47          0.00       62.59        0.00     10
       562     11.49         17.72       88.31       17.72      8
       563     11.51         12.78       83.37       12.78      6
       564     11.52         17.49       88.08       17.49     12
       565     11.54         26.21       96.80       26.21      6
       566     11.56          0.00       66.72        0.00     14
       567     11.58         19.63       90.22       19.63      6
       568     11.60          0.00       62.94        0.00      8
       569     11.61         10.13       64.06       10.13     12
       570     11.64          0.00       66.72        0.00     12
       571     11.66          0.00       62.59        0.00     12
       572     11.68         14.13       84.72       14.13      8
       573     11.70         18.05       88.64       18.05      8
       574     11.71         13.41       84.00       13.41      4
       575     11.73          0.00       62.59        0.00     12
       576     11.75          0.00       62.59        0.00      8
       577     11.77         14.13       84.72       14.13      8
       578     11.78         17.49       88.08       17.49      6
       579     11.80         12.78       83.37       12.78      6
       580     11.82         19.25       83.24       19.25      6
       581     11.84         18.25       88.84       18.25      8
       582     11.86         14.13       84.72       14.13      8
       583     11.88          1.02       71.61        1.02     12
       584     11.89          0.00       62.59        0.00     14
       585     11.91          8.15       72.14        8.15     16
       586     11.93          0.00       58.67        0.00      8
       587     11.95         36.77       88.31       36.77      4
       588     11.96          0.00       58.90        0.00     10
       589     11.98          0.00       66.72        0.00     10
       590     12.00          0.00       66.72        0.00     12
       591     12.02          0.00       66.72        0.00     12
       592     12.03          0.00       58.50        0.00     10
       593     12.05          5.42       57.91        5.42     10
       594     12.09          0.00       62.59        0.00      6
       595     12.11         10.13       64.06       10.13     12
       596     12.13         17.49       88.08       17.49      8
       597     12.15         17.49       88.08       17.49      8
       598     12.17          5.42       57.91        5.42     12
       599     12.20          0.00       62.59        0.00     12
       600     12.22          0.00       66.72        0.00     12
       601     12.24         10.13       64.06       10.13     12
       602     12.27         10.13       64.06       10.13      8
       603     12.29          8.50       71.39        8.50     14
       604     12.31          0.00       66.72        0.00     12
       605     12.33         14.13       84.72       14.13      6
       606     12.34          0.00       64.06        0.00     12
       607     12.36          1.02       71.61        1.02     14
       608     12.38         10.13       64.06       10.13      6
       609     12.41         14.13       84.72       14.13      8
       610     12.43          1.02       71.61        1.02     12
       611     12.45         17.49       88.08       17.49      6
       612     12.46         14.13       84.72       14.13      6
       613     12.48          0.00       66.72        0.00     10
       614     12.50         13.41       84.00       13.41     14
       615     12.52          0.00       62.59        0.00      8
       616     12.53          0.00       65.25        0.00     10
       617     12.55          3.61       64.06        3.61     14
       618     12.57          1.02       71.61        1.02     12
       619     12.59          1.02       71.61        1.02     12
       620     12.60          0.00       58.67        0.00      8
       621     12.62         14.13       84.72       14.13     10
       622     12.64         10.13       64.06       10.13      8
       623     12.67         10.13       64.06       10.13     12
       624     12.70          0.00       66.72        0.00     10
       625     12.71          0.00       58.50        0.00     12
       626     12.73          1.02       71.61        1.02     16
       627     12.75          0.00       58.67        0.00      8
       628     12.76          0.00       62.59        0.00      6
       629     12.78          0.00       62.94        0.00     10
       630     12.80         36.54       88.64       36.54      4
       631     12.81         15.13       79.12       15.13      8
       632     12.83          8.15       72.14        8.15     12
       633     12.85          0.00       62.94        0.00     10
       634     12.87          0.00       62.94        0.00     12
       635     12.89         14.13       84.72       14.13      6
       636     12.90          0.00       62.94        0.00     10
       637     12.92         25.46       96.05       25.46      6
       638     12.94          0.00       62.94        0.00     10
       639     12.96          0.00       66.72        0.00     12
       640     12.97         18.05       88.64       18.05     10
       641     12.99          0.00       62.59        0.00      6
       642     13.01         14.13       84.72       14.13      8
       643     13.03          0.00       65.25        0.00     12
       644     13.04          0.00       62.94        0.00      8
       645     13.06         14.16       84.75       14.16      4
       646     13.08          8.15       72.14        8.15     16
       647     13.10          0.00       59.65        0.00      6
       648     13.11          0.00       64.06        0.00     12
       649     13.13         14.13       84.72       14.13      8
       650     13.15          0.00       62.59        0.00      6
       651     13.17         22.40       92.99       22.40      8
       652     13.18          0.00       62.59        0.00      8
       653     13.20          0.00       58.90        0.00      8
       654     13.22         19.25       83.24       19.25      4
       655     13.24          0.00       62.59        0.00      8
       656     13.25          0.00       62.59        0.00      6
       657     13.27          0.00       65.25        0.00     10
       658     13.29          0.00       62.94        0.00     10
       659     13.31          1.02       71.61        1.02     12
       660     13.32         19.05       83.04       19.05     12
       661     13.34         18.05       88.64       18.05      8
       662     13.36          0.00       62.59        0.00      8
       663     13.38         17.49       88.08       17.49     10
       664     13.39         17.49       88.08       17.49     10
       665     13.41          0.00       62.59        0.00     12
       666     13.43          0.00       61.12        0.00     12
       667     13.45          0.00       62.59        0.00     10
       668     13.46          0.00       66.72        0.00     10
       669     13.48          0.00       65.25        0.00     10
       670     13.50         23.90       94.49       23.90      8
       671     13.52         18.12       88.70       18.12      8
       672     13.53         10.13       64.06       10.13     12
       673     13.56          5.42       57.91        5.42     10
       674     13.59         18.25       88.84       18.25      2
       675     13.61         17.49       88.08       17.49      6
       676     13.63          0.00       58.50        0.00      8
       677     13.65         17.72       88.31       17.72      8
       678     13.66         10.13       64.06       10.13     12
       679     13.69          8.15       72.14        8.15     12
       680     13.71         14.13       84.72       14.13      6
       681     13.72          8.15       72.14        8.15     14
       682     13.74          0.00       62.59        0.00      8
       683     13.76         17.49       88.08       17.49      8
       684     13.78          0.00       62.59        0.00      8
       685     13.80         10.13       62.94       10.13     16
       686     13.81          0.00       64.06        0.00     12
       687     13.83         14.13       84.72       14.13      8
       688     13.85         18.48       89.07       18.48      8
       689     13.87         14.13       84.72       14.13      8
       690     13.88          0.00       58.90        0.00     12
       691     13.90         18.05       88.64       18.05     12
       692     13.92         10.13       66.72       10.13     10
       693     13.94         25.06       95.65       25.06      8
       694     13.96          0.00       59.65        0.00     10
       695     13.97          0.00       62.59        0.00      8
       696     13.99         10.13       64.06       10.13     14
       697     14.02          0.00       58.50        0.00      8
       698     14.04          0.00       58.90        0.00      8
       699     14.06         14.41       78.40       14.41     12
       700     14.07          0.00       62.59        0.00     10
       701     14.09         17.49       88.08       17.49      8
       702     14.11         15.13       79.12       15.13     10
       703     14.13          1.02       71.61        1.02     10
       704     14.14          0.00       66.72        0.00     14
       705     14.16         12.78       83.37       12.78      6
       706     14.18         17.72       88.31       17.72      8
       707     14.20          0.00       62.59        0.00     10
       708     14.21         14.13       84.72       14.13      8
       709     14.23          0.00       62.94        0.00     10
       710     14.25         10.13       64.06       10.13     14
       711     14.28          0.00       59.65        0.00     12
       712     14.29         14.13       84.72       14.13      8
       713     14.31          8.50       71.39        8.50     14
       714     14.33         10.13       64.06       10.13     14
       715     14.35         17.72       88.31       17.72      6
       716     14.37         18.25       88.84       18.25     12
       717     14.38          0.00       62.59        0.00     12
       718     14.40          0.00       62.59        0.00     12
       719     14.42          1.02       71.61        1.02     12
       720     14.44         10.13       64.06       10.13     12
       721     14.46          1.02       71.61        1.02     10
       722     14.48          0.00       66.72        0.00     12
       723     14.50         14.13       84.72       14.13      6
       724     14.51         10.13       62.59       10.13     16
       725     14.53          0.00       58.90        0.00     14
       726     14.55         14.13       84.72       14.13      8
       727     14.57          0.00       66.72        0.00     10
       728     14.59          0.00       65.25        0.00     10
       729     14.61         14.13       84.72       14.13      8
       730     14.62          1.02       71.61        1.02     16
       731     14.64          0.54       66.72        0.54     10
       732     14.66         17.49       88.08       17.49      8
       733     14.68         14.13       84.72       14.13      8
       734     14.69         17.49       88.08       17.49     10
       735     14.71          0.00       62.94        0.00     10
       736     14.73         14.41       78.40       14.41      6
       737     14.75         18.25       88.84       18.25     10
       738     14.76         10.13       62.59       10.13     16
       739     14.78         18.88       89.47       18.88      2
       740     14.80         10.13       64.06       10.13     10
       741     14.83         14.13       84.72       14.13      8
       742     14.85         23.55       94.14       23.55      8
       743     14.86          1.02       71.61        1.02     16
       744     14.88          0.00       58.90        0.00     10
       745     14.90          1.02       71.61        1.02     12
       746     14.92         17.72       88.31       17.72      4
       747     14.93         13.01       83.60       13.01      4
       748     14.95          0.00       62.59        0.00      8
       749     14.97          5.42       57.91        5.42      4
       750     15.01          0.00       62.94        0.00     14
       751     15.02          0.00       58.90        0.00     10
       752     15.04         18.48       82.47       18.48      8
       753     15.06         17.49       88.08       17.49     10
       754     15.07         14.13       84.72       14.13      8
       755     15.09          0.00       62.59        0.00     14
       756     15.11          0.00       59.65        0.00      8
       757     15.13          8.15       72.14        8.15     14
       758     15.15          0.00       65.25        0.00     10
       759     15.16          0.00       66.72        0.00     12
       760     15.18         14.13       84.72       14.13      6
       761     15.20          0.00       62.59        0.00     10
       762     15.22         26.21       96.80       26.21      8
       763     15.23          8.69       72.14        8.69     14
       764     15.25          0.00       58.50        0.00     10
       765     15.27          0.00       62.59        0.00     10
       766     15.29          5.42       58.46        5.42     12
       767     15.33          0.00       58.90        0.00     10
       768     15.34          0.00       62.94        0.00     12
       769     15.36          0.00       62.94        0.00     10
       770     15.38          0.00       65.25        0.00     12
       771     15.40          0.00       62.59        0.00      8
       772     15.42          0.00       65.25        0.00     12
       773     15.44          0.00       65.25        0.00     14
       774     15.45          0.00       66.72        0.00     10
       775     15.47         17.49       88.08       17.49      8
       776     15.49         17.49       88.08       17.49     10
       777     15.51         14.13       84.72       14.13     10
       778     15.53          0.00       66.72        0.00     12
       779     15.55         13.41       84.00       13.41      8
       780     15.56          0.00       66.72        0.00     12
       781     15.58          0.00       58.50        0.00     10
       782     15.60         10.13       64.06       10.13      8
       783     15.63          1.02       71.61        1.02     16
       784     15.65         14.13       84.72       14.13      8
       785     15.67          1.02       71.61        1.02     14
       786     15.68          0.00       62.59        0.00     14
       787     15.70          0.00       66.72        0.00     12
       788     15.72          0.00       64.06        0.00     16
       789     15.74         23.80       87.79       23.80     12
       790     15.76          8.15       72.14        8.15     14
       791     15.77          0.00       65.25        0.00     12
       792     15.79         15.48       78.37       15.48     10
       793     15.81         10.13       64.06       10.13     10
       794     15.84         14.13       84.72       14.13      6
       795     15.86          0.00       65.25        0.00     12
       796     15.87         10.13       64.06       10.13     12
       797     15.90         14.13       84.72       14.13      8
       798     15.92         14.13       84.72       14.13      6
       799     15.94          0.00       62.59        0.00     10
       800     15.96         18.48       89.07       18.48     10
       801     15.98          0.00       62.59        0.00     14
       802     16.00          1.02       71.61        1.02     12
       803     16.02         10.13       64.06       10.13     10
       804     16.05          0.00       62.94        0.00     10
       805     16.07         19.05       83.04       19.05     14
       806     16.09          0.00       66.72        0.00     12
       807     16.11          0.00       59.65        0.00     10
       808     16.13          0.00       66.72        0.00      8
       809     16.15          0.00       66.72        0.00     12
       810     16.16         14.13       84.72       14.13     10
       811     16.19          1.02       71.61        1.02     10
       812     16.21         16.50       78.37       16.50     10
       813     16.22          1.02       71.61        1.02     10
       814     16.24          8.15       72.14        8.15     14
       815     16.26          0.00       58.50        0.00     14
       816     16.28          0.00       62.94        0.00     10
       817     16.30          5.42       58.46        5.42     10
       818     16.34         10.13       58.67       10.13     14
       819     16.36          5.42       57.91        5.42     10
       820     16.40         17.72       88.31       17.72      8
       821     16.42         17.49       88.08       17.49     10
       822     16.43          0.00       65.25        0.00     10
       823     16.45          0.00       58.90        0.00     10
       824     16.47          0.00       58.90        0.00      8
       825     16.49         14.13       84.72       14.13      4
       826     16.51          0.00       65.25        0.00     10
       827     16.53         10.13       62.94       10.13     14
       828     16.55          0.00       61.12        0.00     12
       829     16.57          1.02       71.61        1.02     16
       830     16.58          8.15       72.14        8.15     14
       831     16.60         10.13       62.59       10.13     14
       832     16.62          1.02       71.61        1.02     14
       833     16.64          0.00       58.90        0.00     12
       834     16.66         10.13       64.06       10.13     10
       835     16.70         14.13       84.72       14.13      6
       836     16.71          0.00       65.25        0.00      8
       837     16.73          0.00       62.59        0.00      8
       838     16.75          0.00       66.72        0.00     14
       839     16.77         10.13       64.06       10.13     12
       840     16.80          1.02       71.61        1.02     10
       841     16.82         22.80       93.39       22.80     10
       842     16.84         14.13       84.72       14.13      6
       843     16.86         18.05       88.64       18.05      8
       844     16.88          0.00       58.50        0.00     12
       845     16.89         14.13       84.72       14.13      8
       846     16.91         18.83       81.72       18.83     12
       847     16.93         10.13       58.67       10.13     14
       848     16.96          0.00       66.72        0.00     10
       849     16.97          0.00       66.72        0.00     14
       850     16.99          0.00       62.59        0.00     10
       851     17.01          0.00       62.59        0.00      8
       852     17.03          0.00       66.72        0.00     12
       853     17.05         12.78       83.37       12.78      8
       854     17.07         17.72       88.31       17.72      6
       855     17.08          0.00       62.59        0.00     14
       856     17.10         25.46       96.05       25.46      4
       857     17.12          0.00       65.25        0.00     12
       858     17.14         18.05       88.64       18.05      8
       859     17.15         18.48       89.07       18.48      8
       860     17.17         14.13       84.72       14.13     10
       861     17.19          0.00       59.65        0.00      6
       862     17.21          0.00       66.72        0.00     12
       863     17.23          0.00       65.25        0.00     10
       864     17.24          1.02       71.61        1.02     14
       865     17.26          1.02       71.61        1.02     12
       866     17.28         17.49       88.08       17.49      8
       867     17.30          0.00       59.65        0.00     12
       868     17.32         10.13       64.06       10.13      8
       869     17.35          0.00       66.72        0.00     10
       870     17.36         13.78       77.77       13.78      4
       871     17.38          0.00       66.72        0.00     10
       872     17.40         14.13       84.72       14.13      6
       873     17.42          0.00       62.59        0.00      8
       874     17.44         10.13       62.94       10.13     12
       875     17.45          1.02       71.61        1.02     14
       876     17.47          0.00       65.25        0.00     12
       877     17.49          1.02       71.61        1.02     12
       878     17.51          0.00       58.50        0.00     10
       879     17.52         18.48       82.47       18.48      2
       880     17.54         13.01       83.60       13.01      6
       881     17.56         17.49       88.08       17.49     10
       882     17.58         18.88       89.47       18.88      8
       883     17.59         17.49       88.08       17.49      8
       884     17.61          0.00       62.94        0.00     10
       885     17.63         17.49       88.08       17.49      8
       886     17.65         10.13       64.06       10.13      6
       887     17.68         14.13       84.72       14.13     10
       888     17.69          0.00       58.67        0.00     12
       889     17.71          0.00       66.72        0.00     10
       890     17.73         10.13       64.06       10.13     14
       891     17.77          1.02       71.61        1.02     14
       892     17.79         18.48       82.47       18.48      4
       893     17.80         10.13       62.94       10.13     16
       894     17.82          0.00       66.72        0.00     10
       895     17.84         17.49       88.08       17.49      4
       896     17.86          0.00       62.59        0.00      6
       897     17.88          0.00       58.50        0.00      8
       898     17.90          1.02       71.61        1.02     12
       899     17.91          1.02       71.61        1.02     10
       900     17.93         18.48       82.47       18.48     10
       901     17.95         37.93       87.79       37.93      4
       902     17.97         14.16       84.75       14.16      6
       903     17.98         18.05       88.64       18.05     12
       904     18.00         18.48       89.07       18.48     10
       905     18.02         18.83       81.72       18.83     10
       906     18.04          0.00       58.90        0.00     14
       907     18.06          0.00       62.59        0.00     10
       908     18.08         14.13       84.72       14.13      8
       909     18.09          0.00       62.59        0.00     16
       910     18.11          0.00       66.72        0.00     10
       911     18.13          0.00       62.94        0.00     14
       912     18.14          0.00       66.72        0.00     14
       913     18.16         14.13       84.72       14.13      8
       914     18.18          0.00       65.25        0.00     12
       915     18.20         10.13       64.06       10.13     14
       916     18.22          1.02       71.61        1.02     14
       917     18.24         14.13       84.72       14.13     12
       918     18.26         14.13       84.72       14.13      8
       919     18.27          0.00       62.59        0.00      8
       920     18.29          0.00       62.59        0.00     12
       921     18.31         10.13       64.06       10.13     12
       922     18.33          0.00       65.25        0.00     12
       923     18.35          0.00       62.59        0.00     12
       924     18.37          0.00       62.94        0.00     12
       925     18.40          0.00       62.59        0.00      8
       926     18.42         10.13       64.06       10.13      8
       927     18.45          0.00       62.59        0.00     12
       928     18.47          0.00       62.59        0.00     10
       929     18.49         17.49       88.08       17.49      4
       930     18.51          1.02       71.61        1.02     12
       931     18.53          0.00       65.25        0.00     10
       932     18.55          0.00       62.59        0.00      6
       933     18.57          0.00       66.72        0.00     12
       934     18.58         10.13       66.72       10.13     18
       935     18.60         18.05       88.64       18.05     10
       936     18.62          0.00       62.59        0.00     14
       937     18.64         17.49       88.08       17.49      8
       938     18.66          0.00       62.94        0.00     12
       939     18.68         10.13       64.06       10.13      8
       940     18.71         23.55       94.14       23.55      4
       941     18.73          3.61       64.06        3.61     12
       942     18.75          0.00       58.90        0.00     12
       943     18.77         14.13       84.72       14.13      8
       944     18.79         14.13       84.72       14.13     14
       945     18.80          1.02       71.61        1.02     16
       946     18.82          1.02       71.61        1.02     12
       947     18.84         19.06       81.95       19.06     10
       948     18.86          0.00       64.06        0.00     14
       949     18.88         14.13       84.72       14.13     12
       950     18.90         37.53       87.39       37.53      4
       951     18.92         19.86       81.72       19.86      6
       952     18.94          0.00       66.72        0.00     12
       953     18.96          0.00       62.59        0.00     14
       954     18.97         37.93       88.64       37.93      4
       955     18.99         25.46       96.05       25.46      8
       956     19.01          0.00       58.90        0.00     10
       957     19.03          0.00       62.94        0.00     10
       958     19.04         22.80       93.39       22.80      6
       959     19.06          0.00       62.59        0.00      6
       960     19.08          0.00       66.72        0.00     10
       961     19.10         25.06       95.65       25.06      4
       962     19.11         18.05       88.64       18.05     12
       963     19.13          0.00       64.06        0.00     12
       964     19.15         17.49       88.08       17.49      4
       965     19.17         10.13       62.94       10.13     18
       966     19.18         17.49       88.08       17.49      8
       967     19.20         14.13       84.72       14.13      8
       968     19.22          1.02       71.61        1.02     16
       969     19.24         12.78       83.37       12.78      2
       970     19.25          5.42       58.46        5.42     14
       971     19.28         18.48       82.47       18.48      8
       972     19.30          0.00       62.94        0.00     10
       973     19.32          1.02       71.61        1.02     12
       974     19.33          0.00       64.06        0.00     10
       975     19.35          0.00       62.59        0.00      8
       976     19.37          0.00       62.59        0.00      8
       977     19.39          0.00       62.59        0.00     12
       978     19.41          0.00       66.72        0.00     14
       979     19.42          0.00       65.25        0.00      8
       980     19.44          0.00       66.72        0.00     16
       981     19.46          0.00       62.59        0.00     10
       982     19.48          0.00       58.90        0.00      8
       983     19.50          0.00       62.59        0.00     10
       984     19.51          1.02       71.61        1.02     12
       985     19.53         13.41       84.00       13.41      8
       986     19.55          0.00       58.90        0.00      8
       987     19.57         17.72       88.31       17.72      4
       988     19.58          0.00       62.59        0.00     10
       989     19.60         14.13       84.72       14.13     10
       990     19.62          8.15       72.14        8.15     14
       991     19.64          8.15       72.14        8.15     14
       992     19.65          0.00       62.59        0.00      6
       993     19.67         18.05       88.64       18.05     10
       994     19.69          0.00       58.90        0.00     14
       995     19.71         18.25       88.84       18.25      4
       996     19.73         18.83       81.72       18.83     10
       997     19.75          0.00       62.59        0.00      6
       998     19.77          1.02       71.61        1.02     12
       999     19.79          1.02       71.61        1.02     12
      1000     19.81          0.00       62.59        0.00      6
      1001     19.83         14.13       84.72       14.13     10
      1002     19.85          5.42       57.91        5.42     12
      1003     19.89         10.13       64.06       10.13     12
      1004     19.92          1.02       71.61        1.02     14
      1005     19.94          0.00       64.06        0.00     12
      1006     19.97          0.00       65.25        0.00     12
      1007     19.99         10.13       64.06       10.13      8
      1008     20.02          0.00       62.59        0.00      8
      1009     20.05          0.00       59.65        0.00     14
      1010     20.07          0.00       65.25        0.00      6
      1011     20.09          0.00       62.59        0.00     12
      1012     20.11         14.13       84.72       14.13      6
      1013     20.13          0.00       62.94        0.00     10
      1014     20.15          1.02       71.61        1.02     12
      1015     20.18         18.25       88.84       18.25     10
      1016     20.20          0.00       66.72        0.00     12
      1017     20.23          0.00       62.59        0.00     14
      1018     20.25          0.00       66.72        0.00     12
      1019     20.27         17.49       88.08       17.49     12
      1020     20.29         23.80       87.79       23.80     10
      1021     20.31          2.37       65.26        2.37     14
      1022     20.34          1.02       71.61        1.02     10
      1023     20.36          0.00       62.59        0.00      8
      1024     20.39         18.48       82.47       18.48      8
      1025     20.41          1.02       71.61        1.02     12
      1026     20.44         14.13       84.72       14.13      6
      1027     20.47         29.66       83.01       29.66     14
      1028     20.50          1.02       71.61        1.02     16
      1029     20.52          0.00       58.90        0.00      6
      1030     20.54         14.16       84.75       14.16      6
      1031     20.56         10.13       66.72       10.13     10
      1032     20.58         18.71       82.70       18.71     10
      1033     20.60          0.00       62.59        0.00      8
      1034     20.63          1.02       71.61        1.02     10
      1035     20.65         14.13       84.72       14.13     10
      1036     20.67         14.13       84.72       14.13      8
      1037     20.69          0.00       58.50        0.00      8
      1038     20.71         18.05       88.64       18.05      8
      1039     20.75          1.02       71.61        1.02     16
      1040     20.78          0.00       62.59        0.00      8
      1041     20.80          1.02       71.61        1.02     10
      1042     20.82          0.00       62.94        0.00     10
      1043     20.85         14.13       84.72       14.13      8
      1044     20.86          8.50       71.39        8.50     14
      1045     20.88          5.42       61.12        5.42     12
      1046     20.93          0.00       62.59        0.00      8
      1047     20.95          0.00       62.94        0.00     10
      1048     20.97          5.42       57.91        5.42      8
      1049     21.00          8.15       72.14        8.15     14
      1050     21.02         15.13       79.12       15.13     10
      1051     21.04          0.00       62.59        0.00     10
      1052     21.06          0.00       62.59        0.00     12
      1053     21.09          0.00       58.90        0.00      8
      1054     21.11          0.00       62.59        0.00      8
      1055     21.13          0.00       58.90        0.00     10
      1056     21.15          0.00       62.59        0.00      8
      1057     21.17          0.00       65.25        0.00     14
      1058     21.19          0.00       62.59        0.00      8
      1059     21.21          0.00       62.59        0.00     12
      1060     21.23          0.00       62.59        0.00      8
      1061     21.25          0.00       66.72        0.00     10
      1062     21.27          0.00       64.06        0.00     12
      1063     21.29         17.49       88.08       17.49      8
      1064     21.30         18.48       89.07       18.48     12
      1065     21.32         10.13       64.06       10.13     12
      1066     21.35          0.00       58.90        0.00     12
      1067     21.37         25.46       96.05       25.46     12
      1068     21.39         13.78       77.77       13.78      4
      1069     21.41         17.49       88.08       17.49      6
      1070     21.43          0.00       66.72        0.00     12
      1071     21.45          0.00       58.67        0.00      8
      1072     21.47          0.00       62.59        0.00      8
      1073     21.49          8.15       72.14        8.15     14
      1074     21.51          0.00       65.25        0.00     12
      1075     21.53         18.88       89.47       18.88      6
      1076     21.55         17.72       88.31       17.72      6
      1077     21.57          5.42       57.91        5.42     10
      1078     21.61         13.41       84.00       13.41      2
      1079     21.63         10.13       58.67       10.13     16
      1080     21.66          0.00       66.72        0.00     14
      1081     21.68          0.00       59.65        0.00     12
      1082     21.70         14.13       84.72       14.13      6
      1083     21.71         22.80       93.39       22.80      6
      1084     21.73         17.72       88.31       17.72      8
      1085     21.75         12.78       83.37       12.78      6
      1086     21.77          0.00       66.72        0.00     12
      1087     21.79          0.00       58.50        0.00      8
      1088     21.81          0.00       62.59        0.00      8
      1089     21.82          8.15       72.14        8.15     14
      1090     21.84         17.72       88.31       17.72      8
      1091     21.86          1.02       71.61        1.02     12
      1092     21.88         14.13       84.72       14.13      8
      1093     21.90         14.13       84.72       14.13      8
      1094     21.92          0.00       66.72        0.00     12
      1095     21.94          0.00       65.25        0.00     12
      1096     21.96         10.13       64.06       10.13     12
      1097     21.98          5.42       57.91        5.42      8
      1098     22.02          0.00       66.72        0.00     12
      1099     22.04         22.67       77.74       22.67     10
      1100     22.06         14.16       84.75       14.16      6
      1101     22.07          0.00       62.59        0.00     10
      1102     22.09          5.42       57.91        5.42     12
      1103     22.12         14.13       84.72       14.13      8
      1104     22.14          0.00       58.50        0.00     10
      1105     22.16          1.02       71.61        1.02     12
      1106     22.18         10.13       62.59       10.13     18
      1107     22.21         17.49       88.08       17.49      6
      1108     22.22          0.00       64.06        0.00     12
      1109     22.24          0.00       65.25        0.00     12
      1110     22.26          0.00       65.25        0.00     12
      1111     22.28          5.42       58.46        5.42      4
      1112     22.32          0.00       64.06        0.00     12
      1113     22.34          0.00       64.06        0.00     12
      1114     22.36         10.13       64.06       10.13     12
      1115     22.39         17.49       88.08       17.49     10
      1116     22.41         19.48       83.47       19.48      8
      1117     22.43         10.13       64.06       10.13     18
      1118     22.46          0.00       61.12        0.00     14
      1119     22.48          0.00       65.25        0.00     10
      1120     22.50         14.13       84.72       14.13     10
      1121     22.52          0.00       65.25        0.00     14
      1122     22.54          5.42       61.12        5.42     10
      1123     22.57          0.00       62.59        0.00      8
      1124     22.59          0.00       61.12        0.00      8
      1125     22.61         18.25       88.84       18.25      2
      1126     22.62          0.00       62.94        0.00     10
      1127     22.64         10.13       66.72       10.13     12
      1128     22.66          1.02       71.61        1.02     14
      1129     22.68          0.00       58.50        0.00     12
      1130     22.70          0.00       64.06        0.00     14
      1131     22.72          0.00       61.12        0.00      8
      1132     22.74         17.72       88.31       17.72     10
      1133     22.76          0.00       58.67        0.00      6
      1134     22.78          0.00       65.25        0.00     14
      1135     22.80         10.13       64.06       10.13     14
      1136     22.84         17.72       88.31       17.72      6
      1137     22.86          1.02       71.61        1.02     12
      1138     22.87          0.00       58.50        0.00     12
      1139     22.89          0.00       58.67        0.00      8
      1140     22.91         10.13       64.06       10.13     14
      1141     22.96          0.00       66.72        0.00     12
      1142     22.98          0.00       58.67        0.00      8
      1143     23.00          0.00       62.59        0.00     12
      1144     23.02         14.13       84.72       14.13      8
      1145     23.04          0.00       62.94        0.00     10
      1146     23.06         18.87       89.45       18.87      6
      1147     23.08         10.13       64.06       10.13      8
      1148     23.11          0.00       58.90        0.00     12
      1149     23.13          0.00       64.06        0.00     12
      1150     23.15          0.00       65.25        0.00     10
      1151     23.17          1.02       71.61        1.02     10
      1152     23.19         14.13       84.72       14.13      8
      1153     23.21         10.13       64.06       10.13     12
      1154     23.24          8.15       72.14        8.15     14
      1155     23.26          0.00       58.90        0.00      8
      1156     23.27         17.49       88.08       17.49      6
      1157     23.29          0.00       62.59        0.00      8
      1158     23.31          0.00       61.12        0.00     16
      1159     23.33          0.00       62.59        0.00     10
      1160     23.35          0.00       62.59        0.00     14
      1161     23.36          1.02       71.61        1.02     12
      1162     23.38         17.72       88.31       17.72      6
      1163     23.40         17.49       88.08       17.49      8
      1164     23.42          0.00       58.50        0.00     10
      1165     23.44         18.88       89.47       18.88     12
      1166     23.45          1.02       71.61        1.02     10
      1167     23.47         10.13       64.06       10.13     10
      1168     23.51          1.02       71.61        1.02     12
      1169     23.53          1.02       71.61        1.02     14
      1170     23.55          1.02       71.61        1.02     10
      1171     23.57         18.71       82.70       18.71     10
      1172     23.59          0.00       62.59        0.00      8
      1173     23.61         18.87       89.45       18.87      4
      1174     23.63          0.00       61.12        0.00     12
      1175     23.65          0.00       61.12        0.00     12
      1176     23.66          0.00       66.72        0.00     10
      1177     23.68          1.02       71.61        1.02     14
      1178     23.70         10.13       64.06       10.13     10
      1179     23.72          8.50       71.39        8.50     14
      1180     23.73         18.05       88.64       18.05     10
      1181     23.75          0.00       65.25        0.00     12
      1182     23.77          0.00       59.65        0.00     14
      1183     23.79         13.01       83.60       13.01      6
      1184     23.80         10.13       64.06       10.13     10
      1185     23.83          1.02       71.61        1.02     12
      1186     23.85         18.48       82.47       18.48      8
      1187     23.86          0.00       66.72        0.00     12
      1188     23.88         14.13       84.72       14.13      8
      1189     23.90         10.13       62.94       10.13     14
      1190     23.92         17.72       88.31       17.72      6
      1191     23.94         15.13       79.12       15.13     12
      1192     23.96         17.49       88.08       17.49      8
      1193     23.97          0.00       62.94        0.00     12
      1194     23.99          0.00       59.65        0.00      6
      1195     24.01         17.49       88.08       17.49      8
      1196     24.03          5.42       58.46        5.42     10
      1197     24.07         10.13       62.94       10.13     16
      1198     24.09         26.21       96.80       26.21      8
      1199     24.11         14.13       84.72       14.13     18
      1200     24.12          5.42       57.91        5.42     10
      1201     24.16          0.00       62.59        0.00      8
      1202     24.17         18.05       88.64       18.05     12
      1203     24.19         19.05       83.04       19.05      8
      1204     24.21          0.00       58.67        0.00      8
      1205     24.23          0.00       65.25        0.00     12
      1206     24.25          0.00       58.50        0.00     12
      1207     24.26          1.02       71.61        1.02     12
      1208     24.28         14.13       84.72       14.13      6
      1209     24.30          1.02       71.61        1.02     12
      1210     24.32         14.13       84.72       14.13      8
      1211     24.33          1.02       71.61        1.02     10
      1212     24.35          5.42       57.91        5.42      8
      1213     24.39          0.00       62.94        0.00     12
      1214     24.40          0.00       62.59        0.00     10
      1215     24.42         14.16       84.75       14.16      4
      1216     24.44          0.00       58.50        0.00     10
      1217     24.46          0.00       62.59        0.00      6
      1218     24.48         14.13       84.72       14.13      6
      1219     24.49         17.72       88.31       17.72     10
      1220     24.51         13.01       83.60       13.01      4
      1221     24.53          0.00       65.25        0.00     10
      1222     24.54          1.02       71.61        1.02     20
      1223     24.56          0.00       66.72        0.00     12
      1224     24.58          0.00       66.72        0.00     12
      1225     24.60         19.05       83.04       19.05     10
      1226     24.62         25.06       95.65       25.06      6
      1227     24.63         10.13       64.06       10.13     10
      1228     24.66          0.00       65.25        0.00     14
      1229     24.68         15.13       79.12       15.13     10
      1230     24.70          0.00       65.25        0.00     10
      1231     24.72          0.00       58.67        0.00     10
      1232     24.73         19.88       83.87       19.88      8
      1233     24.75          0.00       65.25        0.00     10
      1234     24.77         14.13       84.72       14.13      8
      1235     24.79         17.49       88.08       17.49     10
      1236     24.80         18.71       82.70       18.71      6
      1237     24.82         23.55       94.14       23.55      6
      1238     24.84         18.05       88.64       18.05      8
      1239     24.85         18.48       82.47       18.48     10
      1240     24.87         12.78       83.37       12.78      6
      1241     24.89          5.42       61.12        5.42     10
      1242     24.92          1.02       71.61        1.02     16
      1243     24.94         23.55       94.14       23.55      4
      1244     24.95         15.13       79.12       15.13      6
      1245     24.97          0.00       62.59        0.00      8
      1246     24.99         18.05       88.64       18.05     10
      1247     25.01          0.00       62.59        0.00     12
      1248     25.03          0.00       62.59        0.00     10
      1249     25.04          0.00       65.25        0.00     12
      1250     25.06          3.20       66.72        3.20     12
      1251     25.08         14.13       84.72       14.13      6
      1252     25.10         19.05       83.04       19.05     10
      1253     25.11          0.00       62.59        0.00     10
      1254     25.13         18.48       82.47       18.48     10
      1255     25.15         10.13       64.06       10.13     12
      1256     25.18          1.02       71.61        1.02     10
      1257     25.20          8.15       72.14        8.15     16
      1258     25.22         14.13       84.72       14.13      8
      1259     25.23          0.00       62.59        0.00     10
      1260     25.25         14.13       84.72       14.13      8
      1261     25.27         18.05       88.64       18.05      8
      1262     25.29          0.00       62.59        0.00      8
      1263     25.31         17.49       88.08       17.49     12
      1264     25.32          0.00       62.59        0.00     12
      1265     25.34         14.13       84.72       14.13      8
      1266     25.36         26.23       90.22       26.23      2
      1267     25.37         10.13       66.72       10.13      6
      1268     25.39          0.00       62.59        0.00      8
      1269     25.41         10.13       64.06       10.13     10
      1270     25.44         14.16       84.75       14.16      6
      1271     25.45          8.15       72.14        8.15     16
      1272     25.47         10.13       64.06       10.13     10
      1273     25.50         10.13       64.06       10.13     10
      1274     25.53          0.00       62.94        0.00     10
      1275     25.55         14.13       84.72       14.13      8
      1276     25.57          0.00       58.90        0.00     10
      1277     25.59         14.13       84.72       14.13     10
      1278     25.60         10.13       64.06       10.13      8
      1279     25.63          0.00       66.72        0.00     14
      1280     25.65          0.00       66.72        0.00      8
      1281     25.67         10.13       62.59       10.13      8
      1282     25.69          1.02       71.61        1.02     12
      1283     25.71          0.00       66.72        0.00     12
      1284     25.73          2.37       65.26        2.37     12
      1285     25.75          0.00       62.59        0.00      6
      1286     25.77          1.02       71.61        1.02     14
      1287     25.79         14.13       84.72       14.13     10
      1288     25.81         10.13       64.06       10.13     12
      1289     25.84         18.05       88.64       18.05      8
      1290     25.86         18.05       88.64       18.05     10
      1291     25.89         26.41       89.30       26.41      4
      1292     25.91         15.48       78.37       15.48     14
      1293     25.93          5.42       57.91        5.42     12
      1294     25.97         14.13       84.72       14.13      8
      1295     26.00          8.50       71.39        8.50     14
      1296     26.02         10.13       64.06       10.13     10
      1297     26.06          0.00       62.94        0.00     12
      1298     26.09          1.02       71.61        1.02     12
      1299     26.11         18.48       89.07       18.48      6
      1300     26.13          0.00       59.97        0.00     12
      1301     26.16          0.00       62.94        0.00     10
      1302     26.18         17.49       88.08       17.49     10
      1303     26.21          1.02       71.61        1.02     12
      1304     26.23          0.00       61.12        0.00     12
      1305     26.25          0.00       65.25        0.00     10
      1306     26.28          0.00       66.72        0.00     12
      1307     26.30         15.13       79.12       15.13     10
      1308     26.32         19.11       83.11       19.11      2
      1309     26.35         10.13       64.06       10.13      8
      1310     26.37          0.00       62.59        0.00      8
      1311     26.40          0.00       62.59        0.00      8
      1312     26.42         17.49       88.08       17.49      6
      1313     26.44          0.00       58.90        0.00     14
      1314     26.48          8.15       72.14        8.15     14
      1315     26.51          0.00       66.72        0.00     12
      1316     26.53          0.00       62.94        0.00     10
      1317     26.56         14.13       84.72       14.13      6
      1318     26.58          0.00       62.94        0.00     12
      1319     26.61         14.13       84.72       14.13     12
      1320     26.65          8.15       72.14        8.15     12
      1321     26.67         10.13       64.06       10.13     14
      1322     26.71         18.05       88.64       18.05      8
      1323     26.75          1.02       71.61        1.02     12
      1324     26.78         10.13       64.06       10.13      8
      1325     26.81          0.00       62.59        0.00      6
      1326     26.84         14.16       84.75       14.16     10
      1327     26.86          1.02       71.61        1.02     12
      1328     26.88         20.76       84.75       20.76      4
      1329     26.90         14.13       84.72       14.13     10
      1330     26.94         18.48       89.07       18.48      6
      1331     26.97         18.05       88.64       18.05     10
      1332     26.99          8.15       72.14        8.15     14
      1333     27.02          1.02       71.61        1.02     12
      1334     27.04         14.41       78.40       14.41      6
      1335     27.08          0.00       58.67        0.00      8
      1336     27.10          1.02       71.61        1.02     12
      1337     27.13          0.00       65.25        0.00     10
      1338     27.15          0.00       62.94        0.00     10
      1339     27.18         10.13       66.72       10.13     10
      1340     27.20         18.48       82.47       18.48     10
      1341     27.23          1.02       71.61        1.02     12
      1342     27.25          0.00       59.65        0.00     10
      1343     27.27          1.02       71.61        1.02     16
      1344     27.30          0.00       62.94        0.00     10
      1345     27.32         22.40       92.99       22.40     10
      1346     27.34          1.02       71.61        1.02     14
      1347     27.37         10.13       64.06       10.13     10
      1348     27.41         16.50       84.72       16.50      6
      1349     27.43          1.02       71.61        1.02     16
      1350     27.45         15.13       79.12       15.13     10
      1351     27.48          0.00       65.25        0.00     14
      1352     27.50          2.01       62.59        2.01     10
      1353     27.52          0.00       62.59        0.00     16
      1354     27.55          1.02       71.61        1.02     16
      1355     27.57          5.42       57.91        5.42     10
      1356     27.63         19.11       83.11       19.11      8
      1357     27.65          0.00       62.59        0.00     14
      1358     27.68         14.13       84.72       14.13     10
      1359     27.70         14.13       84.72       14.13      6
      1360     27.72          0.00       59.65        0.00      8
      1361     27.75          1.02       71.61        1.02     14
      1362     27.77          0.00       62.94        0.00     12
      1363     27.80          0.00       62.59        0.00      8
      1364     27.82         18.88       89.47       18.88     10
      1365     27.84          0.00       64.06        0.00     10
      1366     27.87          1.02       71.61        1.02     10
      1367     27.90          5.42       57.91        5.42     12
      1368     27.94         17.72       88.31       17.72      8
      1369     27.96          0.00       58.90        0.00     10
      1370     27.98          0.00       58.90        0.00      6
      1371     28.01          0.00       65.25        0.00     12
      1372     28.03          0.00       58.67        0.00     12
      1373     28.05         18.05       88.64       18.05      6
      1374     28.08          0.00       62.59        0.00      8
      1375     28.10         14.01       78.00       14.01      6
      1376     28.12         10.13       64.06       10.13     12
      1377     28.16          0.00       58.67        0.00     12
      1378     28.19          0.00       58.67        0.00      8
      1379     28.21          1.02       71.61        1.02     10
      1380     28.23          1.02       71.61        1.02     10
      1381     28.25          1.02       71.61        1.02     12
      1382     28.27         18.12       88.70       18.12      8
      1383     28.30          0.00       64.06        0.00     12
      1384     28.32          0.00       62.59        0.00     10
      1385     28.34          8.15       72.14        8.15     12
      1386     28.36          0.00       65.25        0.00     12
      1387     28.38         10.13       58.67       10.13     16
      1388     28.41         15.13       79.12       15.13      8
      1389     28.43          0.00       66.72        0.00     12
      1390     28.45          1.02       71.61        1.02     16
      1391     28.47         10.13       64.06       10.13      6
      1392     28.49          0.00       58.90        0.00     16
      1393     28.51          0.00       66.72        0.00     10
      1394     28.53         17.72       88.31       17.72      8
      1395     28.55          0.00       62.59        0.00     10
      1396     28.57         18.25       88.84       18.25     10
      1397     28.59          0.00       59.65        0.00     10
      1398     28.61          0.00       59.65        0.00     14
      1399     28.64         14.13       84.72       14.13      8
      1400     28.66         13.41       84.00       13.41      4
      1401     28.68         13.01       83.60       13.01      8
      1402     28.70          5.42       58.46        5.42     10
      1403     28.73         14.13       84.72       14.13      8
      1404     28.75          0.00       62.94        0.00     10
      1405     28.78          5.42       57.91        5.42     10
      1406     28.82          5.42       58.46        5.42     10
      1407     28.86         15.13       79.12       15.13      8
      1408     28.88          0.00       62.59        0.00     10
      1409     28.91         14.13       84.72       14.13      8
      1410     28.93          1.02       71.61        1.02     16
      1411     28.96          0.00       66.72        0.00     12
      1412     28.98          1.02       71.61        1.02     14
      1413     29.00          8.15       72.14        8.15     14
      1414     29.02         23.90       94.49       23.90      6
      1415     29.04          0.00       65.25        0.00     14
      1416     29.06          0.00       62.59        0.00      8
      1417     29.08         18.05       88.64       18.05      4
      1418     29.10          0.00       66.72        0.00     12
      1419     29.13          0.00       58.50        0.00      6
      1420     29.15         36.89       88.64       36.89      4
      1421     29.17         26.06       90.05       26.06      4
      1422     29.19          0.00       64.06        0.00     10
      1423     29.21          0.00       58.50        0.00     12
      1424     29.23          1.02       71.61        1.02     12
      1425     29.25         17.72       88.31       17.72      6
      1426     29.26         10.13       64.06       10.13      8
      1427     29.30          0.00       66.72        0.00     14
      1428     29.32         14.13       84.72       14.13     12
      1429     29.34          0.00       66.72        0.00     12
      1430     29.36          0.00       58.90        0.00     12
      1431     29.38          0.00       62.94        0.00     12
      1432     29.40         14.13       84.72       14.13      8
      1433     29.42         18.88       89.47       18.88     10
      1434     29.44         18.05       88.64       18.05     10
      1435     29.46         17.72       88.31       17.72     12
      1436     29.49          0.00       66.72        0.00     10
      1437     29.51          0.00       58.50        0.00     12
      1438     29.53          0.00       64.06        0.00     12
      1439     29.56          0.00       62.59        0.00      8
      1440     29.58          8.15       72.14        8.15     14
      1441     29.61          0.00       58.90        0.00     10
      1442     29.63          0.00       62.94        0.00      8
      1443     29.66          0.00       62.94        0.00     10
      1444     29.68          0.00       62.94        0.00     10
      1445     29.70          0.00       62.59        0.00     10
      1446     29.73          0.00       66.72        0.00     12
      1447     29.75         12.78       83.37       12.78      4
      1448     29.78         14.13       84.72       14.13      6
      1449     29.80          0.00       58.67        0.00     12
      1450     29.82          1.02       71.61        1.02     12
      1451     29.85          0.00       58.90        0.00     12
      1452     29.87          0.00       62.94        0.00      8
      1453     29.90         22.80       93.39       22.80      6
      1454     29.92          1.02       71.61        1.02     12
      1455     29.94          0.00       58.90        0.00     10
      1456     29.96          0.00       58.67        0.00      8
      1457     29.99          0.00       62.59        0.00     12
      1458     30.01          5.42       57.91        5.42      4
      1459     30.05          0.00       58.50        0.00      8
      1460     30.08          0.00       58.50        0.00     12
      1461     30.11          0.00       62.94        0.00     12
      1462     30.13          1.02       71.61        1.02     14
      1463     30.15          0.00       59.65        0.00      8
      1464     30.18         23.90       94.49       23.90      6
      1465     30.20         10.13       64.06       10.13     12
      1466     30.24          0.00       58.50        0.00      8
      1467     30.26          0.00       66.72        0.00     14
      1468     30.29          0.00       58.50        0.00      6
      1469     30.31          1.56       71.61        1.56     12
      1470     30.34         10.13       64.06       10.13     12
      1471     30.37         14.13       84.72       14.13     12
      1472     30.40          1.02       71.61        1.02     10
      1473     30.44          0.00       66.72        0.00      8
      1474     30.47          0.00       62.59        0.00     12
      1475     30.50         14.13       84.72       14.13      6
      1476     30.53         17.49       88.08       17.49     10
      1477     30.56          8.15       72.14        8.15     16
      1478     30.58          0.00       58.50        0.00     10
      1479     30.61         14.13       84.72       14.13      8
      1480     30.64          0.00       65.25        0.00     12
      1481     30.66         18.05       88.64       18.05      8
      1482     30.68          8.15       72.14        8.15     16
      1483     30.71          5.42       57.91        5.42      4
      1484     30.75          1.02       71.61        1.02     14
      1485     30.77         14.13       84.72       14.13      6
      1486     30.80          0.00       65.25        0.00      6
      1487     30.82          0.00       65.25        0.00      6
      1488     30.84         23.90       94.49       23.90      6
      1489     30.86         14.13       84.72       14.13      8
      1490     30.89          8.15       72.14        8.15     12
      1491     30.91          5.42       61.12        5.42     10
      1492     30.95          1.02       71.61        1.02     10
      1493     30.97          1.02       71.61        1.02     10
      1494     30.99          0.00       61.12        0.00     12
      1495     31.01          1.02       71.61        1.02     10
      1496     31.03          8.15       72.14        8.15     14
      1497     31.06          0.00       58.90        0.00      8
      1498     31.09         18.05       88.64       18.05      8
      1499     31.11         14.13       84.72       14.13     10
      1500     31.13         10.13       64.06       10.13      6
      1501     31.16         10.13       64.06       10.13     10
      1502     31.20          8.50       71.39        8.50     14
      1503     31.22         15.13       79.12       15.13     10
      1504     31.25          1.02       71.61        1.02     10
      1505     31.28         14.13       84.72       14.13     10
      1506     31.30          1.02       71.61        1.02     14
      1507     31.33         15.13       79.12       15.13      4
      1508     31.35          0.00       65.25        0.00     10
      1509     31.37          0.00       66.72        0.00     12
      1510     31.40         10.13       58.67       10.13     14
      1511     31.45         13.41       84.00       13.41      4
      1512     31.47         18.48       82.47       18.48     10
      1513     31.49         19.40       82.29       19.40     10
      1514     31.51          0.00       62.59        0.00      8
      1515     31.53          0.00       62.59        0.00      6
      1516     31.55          1.02       71.61        1.02     16
      1517     31.57         12.78       83.37       12.78      8
      1518     31.59          0.00       58.90        0.00     10
      1519     31.61         10.13       64.06       10.13     10
      1520     31.65          0.00       62.94        0.00     10
      1521     31.67          0.00       62.59        0.00     12
      1522     31.69          8.15       72.14        8.15     12
      1523     31.71          0.00       62.59        0.00      8
      1524     31.73          0.00       62.59        0.00     10
      1525     31.75          0.00       64.06        0.00     14
      1526     31.77          0.00       59.65        0.00     12
      1527     31.79         17.49       88.08       17.49      6
      1528     31.81          1.02       71.61        1.02     14
      1529     31.83          0.00       62.59        0.00      6
      1530     31.85          8.15       72.14        8.15     14
      1531     31.87         13.41       84.00       13.41      6
      1532     31.89          0.00       62.59        0.00      8
      1533     31.92         10.13       64.06       10.13     10
      1534     31.95         14.13       84.72       14.13      8
      1535     31.97          0.00       66.72        0.00     16
      1536     31.99         14.13       84.72       14.13      8
      1537     32.01         14.13       84.72       14.13     14
      1538     32.03          0.00       62.59        0.00     10
      1539     32.05          5.42       61.12        5.42     10
      1540     32.09          0.00       66.72        0.00     14
      1541     32.11         15.13       79.12       15.13      6
      1542     32.13         14.16       84.75       14.16      6
      1543     32.15         18.05       88.64       18.05      6
      1544     32.17          1.02       71.61        1.02     16
      1545     32.19          8.15       72.14        8.15     16
      1546     32.21         18.25       88.84       18.25      6
      1547     32.23          0.00       58.67        0.00      8
      1548     32.25         23.55       94.14       23.55      6
      1549     32.27          0.00       64.06        0.00     12
      1550     32.29         14.16       84.75       14.16     14
      1551     32.31          0.00       62.94        0.00     10
      1552     32.33          0.00       66.72        0.00      8
      1553     32.35         14.13       84.72       14.13      8
      1554     32.37          0.00       62.94        0.00     10
      1555     32.39         10.13       64.06       10.13      8
      1556     32.42          0.00       65.25        0.00     12
      1557     32.44          0.00       62.59        0.00      8
      1558     32.46         14.13       84.72       14.13     12
      1559     32.48         18.05       88.64       18.05     10
      1560     32.50          8.15       72.14        8.15     14
      1561     32.52          0.00       58.90        0.00      6
      1562     32.54          8.15       72.14        8.15     12
      1563     32.56         18.05       88.64       18.05     12
      1564     32.58          1.02       71.61        1.02     10
      1565     32.60          0.00       62.59        0.00      8
      1566     32.62         23.90       94.49       23.90      8
      1567     32.64         15.48       78.37       15.48     12
      1568     32.66         18.71       82.70       18.71      6
      1569     32.69          8.15       72.14        8.15     14
      1570     32.71         19.63       90.22       19.63      4
      1571     32.73          1.02       71.61        1.02     12
      1572     32.75          0.00       66.72        0.00     10
      1573     32.77          1.02       71.61        1.02     12
      1574     32.79          1.02       71.61        1.02     16
      1575     32.81          1.02       71.61        1.02     12
      1576     32.83          0.00       66.72        0.00     10
      1577     32.85          1.02       71.61        1.02     10
      1578     32.88         40.89       88.08       40.89      2
      1579     32.90          1.02       71.61        1.02     10
      1580     32.92         26.65       81.72       26.65      8
      1581     32.94          8.15       72.14        8.15     14
      1582     32.96          5.42       58.46        5.42      8
      1583     33.00         12.78       83.37       12.78      6
      1584     33.03          0.00       61.12        0.00     12
      1585     33.07         10.13       64.06       10.13     12
      1586     33.10         10.13       64.06       10.13     14
      1587     33.20         14.16       84.75       14.16      4
      1588     33.22         17.72       88.31       17.72     10
      1589     33.25          0.00       62.59        0.00      6
      1590     33.28         37.30       88.64       37.30      2
      1591     33.31         10.13       62.94       10.13     12
      1592     33.37          0.00       62.94        0.00     10
      1593     33.39          1.02       71.61        1.02     12
      1594     33.42          0.00       62.59        0.00      8
      1595     33.44          0.00       62.94        0.00      8
      1596     33.47          0.00       64.06        0.00     10
      1597     33.50          0.00       65.25        0.00     12
      1598     33.52          0.00       64.06        0.00     12
      1599     33.54          1.02       71.61        1.02     12
      1600     33.58         18.25       88.84       18.25     10
      1601     33.61          0.00       58.50        0.00      8
      1602     33.65          0.00       59.65        0.00      6
      1603     33.68          0.00       62.59        0.00      6
      1604     33.71          0.00       66.72        0.00     10
      1605     33.74          1.02       71.61        1.02     10
      1606     33.77          0.00       58.50        0.00     12
      1607     33.80         18.12       88.70       18.12      6
      1608     33.83         19.88       83.87       19.88     10
      1609     33.86         28.31       81.66       28.31      8
      1610     33.89          0.00       58.90        0.00     12
      1611     33.92         13.78       77.77       13.78     12
      1612     33.95         37.93       87.79       37.93      4
      1613     33.99          0.00       62.59        0.00      8
      1614     34.02          0.00       62.59        0.00      8
      1615     34.06          1.02       71.61        1.02     12
      1616     34.10          0.00       62.59        0.00      8
      1617     34.13         10.13       66.72       10.13     16
      1618     34.17         18.05       88.64       18.05      8
      1619     34.20          0.00       66.72        0.00      8
      1620     34.23         19.40       82.29       19.40     10
      1621     34.27         14.13       84.72       14.13     10
      1622     34.31         14.16       84.75       14.16      4
      1623     34.35          0.00       66.72        0.00     14
      1624     34.39          1.02       71.61        1.02     16
      1625     34.44         16.50       78.37       16.50     10
      1626     34.47          0.00       61.12        0.00     12
      1627     34.51          5.42       57.91        5.42     10
      1628     34.56          0.00       66.72        0.00     12
      1629     34.59          0.00       62.59        0.00     10
      1630     34.64          1.02       71.61        1.02     12
      1631     34.67         15.13       79.12       15.13      8
      1632     34.71          0.00       58.90        0.00     12
      1633     34.73         10.13       62.94       10.13      8
      1634     34.77         17.72       88.31       17.72     12
      1635     34.80         15.13       79.12       15.13      6
      1636     34.83          8.15       72.14        8.15     14
      1637     34.85          0.00       62.59        0.00      8
      1638     34.88          0.00       62.94        0.00     10
      1639     34.90         17.72       88.31       17.72      8
      1640     34.93         10.13       64.06       10.13     10
      1641     34.97          5.42       57.91        5.42     10
      1642     35.02         15.48       78.37       15.48     10
      1643     35.04          1.02       71.61        1.02     12
      1644     35.06          0.00       58.90        0.00      8
      1645     35.09         19.11       83.11       19.11      4
      1646     35.11          0.00       66.72        0.00     14
      1647     35.14          2.37       65.26        2.37     16
      1648     35.17          0.00       62.59        0.00     12
      1649     35.20         14.13       84.72       14.13      8
      1650     35.22          1.02       71.61        1.02     14
      1651     35.25          0.00       65.25        0.00     12
      1652     35.27          0.54       66.72        0.54     12
      1653     35.30         17.49       88.08       17.49      8
      1654     35.32          0.00       62.59        0.00      8
      1655     35.34          0.00       62.94        0.00     10
      1656     35.37         10.13       62.94       10.13     14
      1657     35.40          5.42       61.12        5.42     12
      1658     35.44          8.15       72.14        8.15     12
      1659     35.47         13.01       83.60       13.01      4
      1660     35.49          0.00       62.94        0.00     10
      1661     35.51          1.02       71.61        1.02     14
      1662     35.53         20.98       83.87       20.98     12
      1663     35.56          0.00       58.67        0.00     14
      1664     35.58          0.00       66.72        0.00     12
      1665     35.60         17.49       88.08       17.49      4
      1666     35.62         14.13       84.72       14.13      8
      1667     35.64          0.00       65.25        0.00     14
      1668     35.66          1.02       71.61        1.02     12
      1669     35.68          0.00       58.90        0.00      8
      1670     35.70         22.80       93.39       22.80      6
      1671     35.72         14.13       84.72       14.13     10
      1672     35.74          0.00       62.59        0.00      8
      1673     35.76          5.42       57.91        5.42     10
      1674     35.79          0.00       65.25        0.00      8
      1675     35.81         10.13       58.67       10.13      8
      1676     35.85          0.00       62.59        0.00      8
      1677     35.87          8.15       72.14        8.15     14
      1678     35.89          0.00       58.50        0.00      8
      1679     35.91          1.02       71.61        1.02     12
      1680     35.93          0.00       62.59        0.00      8
      1681     35.96          0.00       66.72        0.00     10
      1682     35.98          0.00       62.94        0.00     10
      1683     35.99          0.00       58.50        0.00      6
      1684     36.01          0.00       58.50        0.00     12
      1685     36.03         14.13       84.72       14.13     10
      1686     36.05         10.13       62.94       10.13     18
      1687     36.08         18.48       82.47       18.48      6
      1688     36.10          8.15       72.14        8.15     12
      1689     36.12         10.13       64.06       10.13     10
      1690     36.16         18.71       82.70       18.71     10
      1691     36.18         18.25       88.84       18.25      4
      1692     36.19          0.00       65.25        0.00     12
      1693     36.22          1.02       71.61        1.02     14
      1694     36.23          5.42       58.46        5.42     10
      1695     36.28          0.00       64.06        0.00     12
      1696     36.31         23.55       94.14       23.55      8
      1697     36.33         23.55       94.14       23.55      4
      1698     36.35         15.13       79.12       15.13     10
      1699     36.37         10.13       62.94       10.13     10
      1700     36.40         19.05       83.04       19.05     10
      1701     36.42          1.02       71.61        1.02     10
      1702     36.44         14.13       84.72       14.13     10
      1703     36.47          1.02       71.61        1.02     10
      1704     36.49          0.00       66.72        0.00     12
      1705     36.52          5.42       58.46        5.42     12
      1706     36.56         19.63       90.22       19.63      8
      1707     36.59          0.00       59.65        0.00     10
      1708     36.61         17.49       88.08       17.49      8
      1709     36.63          0.00       62.59        0.00     10
      1710     36.66          0.00       62.59        0.00      8
      1711     36.68          0.00       62.94        0.00     10
      1712     36.70          8.15       72.14        8.15     16
      1713     36.72          1.02       71.61        1.02     16
      1714     36.75          1.02       71.61        1.02     16
      1715     36.77          0.00       58.67        0.00      8
      1716     36.79          0.00       59.65        0.00     10
      1717     36.81          0.00       62.94        0.00      8
      1718     36.84         19.40       82.29       19.40     10
      1719     36.86          5.42       58.46        5.42     12
      1720     36.92          1.02       71.61        1.02     10
      1721     36.95          1.02       71.61        1.02     12
      1722     36.97          0.00       65.25        0.00     14
      1723     36.99         10.13       64.06       10.13      8
      1724     37.02         18.48       82.47       18.48     12
      1725     37.04         17.49       88.08       17.49      8
      1726     37.06          0.00       58.67        0.00      8
      1727     37.08         14.13       84.72       14.13      8
      1728     37.10          0.00       58.50        0.00     12
      1729     37.12          1.02       71.61        1.02     16
      1730     37.14         18.05       88.64       18.05      8
      1731     37.16          0.00       58.90        0.00     10
      1732     37.19         10.13       64.06       10.13     10
      1733     37.23         17.49       88.08       17.49      8
      1734     37.25          0.00       65.25        0.00     10
      1735     37.27          0.00       62.94        0.00     10
      1736     37.29          0.00       62.59        0.00     14
      1737     37.31          0.00       62.59        0.00      8
      1738     37.33          0.00       58.90        0.00      8
      1739     37.35          0.00       62.94        0.00     12
      1740     37.37          0.00       66.72        0.00     10
      1741     37.39          0.00       65.25        0.00     10
      1742     37.40          0.00       58.90        0.00     10
      1743     37.42         19.11       83.11       19.11      6
      1744     37.44          0.00       62.59        0.00      6
      1745     37.46          0.00       58.90        0.00      6
      1746     37.48          1.02       71.61        1.02     12
      1747     37.50          1.02       71.61        1.02     12
      1748     37.52          1.02       71.61        1.02     14
      1749     37.54          5.42       57.91        5.42     10
      1750     37.57         18.05       88.64       18.05      8
      1751     37.59         18.48       89.07       18.48      8
      1752     37.61          5.42       57.91        5.42     10
      1753     37.64          1.02       71.61        1.02     10
      1754     37.66         18.05       88.64       18.05     10
      1755     37.68         23.55       94.14       23.55      8
      1756     37.70         18.05       88.64       18.05     10
      1757     37.72          1.02       71.61        1.02     12
      1758     37.74         14.13       84.72       14.13      6
      1759     37.76          0.00       58.90        0.00     12
      1760     37.78         17.72       88.31       17.72      8
      1761     37.79          0.00       62.94        0.00     12
      1762     37.82          1.02       71.61        1.02     16
      1763     37.84         10.13       64.06       10.13     10
      1764     37.87          0.00       66.72        0.00     12
      1765     37.89          0.00       62.59        0.00      8
      1766     37.91         10.13       58.67       10.13     16
      1767     37.94         18.05       88.64       18.05      6
      1768     37.97         36.77       88.31       36.77      6
      1769     37.99          8.15       72.14        8.15     14
      1770     38.01          0.00       59.65        0.00     10
      1771     38.03         15.67       79.12       15.67     10
      1772     38.05          0.00       65.25        0.00     10
      1773     38.07          0.00       62.59        0.00      6
      1774     38.10          0.00       66.72        0.00     12
      1775     38.12         17.72       88.31       17.72      6
      1776     38.14         18.48       89.07       18.48      6
      1777     38.16          0.00       64.06        0.00     12
      1778     38.19          8.15       72.14        8.15     16
      1779     38.22          0.00       64.06        0.00     12
      1780     38.24         15.13       79.12       15.13     10
      1781     38.26          0.00       58.50        0.00      8
      1782     38.28         19.63       90.22       19.63      6
      1783     38.30          0.00       58.90        0.00     12
      1784     38.32         18.05       88.64       18.05     10
      1785     38.35         14.13       84.72       14.13     10
      1786     38.37         17.72       88.31       17.72      8
      1787     38.39          0.00       58.50        0.00     14
      1788     38.42         18.12       88.70       18.12      8
      1789     38.44         26.59       81.66       26.59      4
      1790     38.47          0.00       62.59        0.00      8
      1791     38.50          0.00       62.59        0.00      8
      1792     38.52         18.05       88.64       18.05     12
      1793     38.53          1.02       71.61        1.02     12
      1794     38.55          1.02       71.61        1.02     14
      1795     38.57          0.00       58.50        0.00     12
      1796     38.59         13.41       84.00       13.41      4
      1797     38.61          0.00       62.94        0.00     12
      1798     38.63          0.00       62.59        0.00     10
      1799     38.65         10.13       64.06       10.13     10
      1800     38.71         15.13       79.12       15.13      6
      1801     38.75         14.13       84.72       14.13     10
      1802     38.77         14.13       84.72       14.13      8
      1803     38.79         14.13       84.72       14.13     10
      1804     38.81          0.00       64.06        0.00     10
      1805     38.83          1.02       71.61        1.02     10
      1806     38.85          0.00       62.59        0.00     14
      1807     38.87          0.00       66.72        0.00     12
      1808     38.88          0.00       58.90        0.00      6
      1809     38.90          0.00       66.72        0.00     12
      1810     38.92          0.00       66.72        0.00     12
      1811     38.94          0.00       66.72        0.00     12
      1812     38.96          0.00       58.90        0.00     12
      1813     38.98          0.00       62.59        0.00     10
      1814     39.00          0.00       58.50        0.00     10
      1815     39.02          0.00       62.59        0.00      6
      1816     39.03         17.49       88.08       17.49     10
      1817     39.05         22.40       92.99       22.40      8
      1818     39.07          0.00       65.25        0.00     12
      1819     39.09         15.13       79.12       15.13      6
      1820     39.11          1.02       71.61        1.02     12
      1821     39.13         10.13       62.94       10.13     14
      1822     39.15          0.00       62.59        0.00     14
      1823     39.17         14.13       84.72       14.13      4
      1824     39.19          1.02       71.61        1.02     12
      1825     39.21          1.02       71.61        1.02     10
      1826     39.22         25.06       95.65       25.06      6
      1827     39.24         13.41       84.00       13.41      8
      1828     39.26         10.13       64.06       10.13     12
      1829     39.29          0.00       65.25        0.00     12
      1830     39.31          0.00       65.25        0.00      8
      1831     39.33          1.02       71.61        1.02     16
      1832     39.35          0.00       65.25        0.00     12
      1833     39.37          0.00       62.59        0.00      6
      1834     39.39          0.00       59.65        0.00     10
      1835     39.41          0.00       58.90        0.00      6
      1836     39.43          0.00       58.90        0.00      8
      1837     39.45          0.00       64.06        0.00     14
      1838     39.47         30.15       94.14       30.15      6
      1839     39.49         18.05       88.64       18.05     10
      1840     39.51         30.15       94.14       30.15      4
      1841     39.53         17.49       88.08       17.49      6
      1842     39.55         10.13       62.59       10.13     14
      1843     39.59         17.49       88.08       17.49      6
      1844     39.61          0.00       66.72        0.00     12
      1845     39.63          1.02       71.61        1.02     12
      1846     39.65         10.13       64.06       10.13      8
      1847     39.68          1.02       71.61        1.02     14
      1848     39.70         19.06       81.95       19.06      6
      1849     39.72          0.00       62.59        0.00      8
      1850     39.74         19.48       83.47       19.48      6
      1851     39.75         10.13       62.94       10.13     16
      1852     39.77         18.48       82.47       18.48     12
      1853     39.79         14.13       84.72       14.13      8
      1854     39.81          8.15       72.14        8.15     14
      1855     39.83         26.41       89.30       26.41      8
      1856     39.85         14.01       78.00       14.01      6
      1857     39.87          0.00       66.72        0.00      8
      1858     39.89          0.00       62.59        0.00      8
      1859     39.90         10.13       62.94       10.13     14
      1860     39.92          0.00       58.90        0.00     12
      1861     39.94          0.00       65.25        0.00     12
      1862     39.96          0.00       65.25        0.00     12
      1863     39.98         10.13       64.06       10.13     10
      1864     40.01         14.13       84.72       14.13      8
      1865     40.03          0.00       58.50        0.00     10
      1866     40.05         18.48       82.47       18.48      8
      1867     40.07         14.13       84.72       14.13      6
      1868     40.09         22.80       93.39       22.80      6
      1869     40.10         17.49       88.08       17.49      8
      1870     40.12          0.00       62.59        0.00     14
      1871     40.14         17.49       88.08       17.49      2
      1872     40.16          5.42       57.91        5.42     12
      1873     40.19         15.13       79.12       15.13     10
      1874     40.21          1.02       71.61        1.02     12
      1875     40.23         15.48       78.37       15.48     10
      1876     40.25          5.42       57.91        5.42     12
      1877     40.28          1.02       71.61        1.02     14
      1878     40.30          0.00       64.06        0.00     12
      1879     40.32          0.00       58.50        0.00      8
      1880     40.34         23.40       87.39       23.40     10
      1881     40.36         14.13       84.72       14.13      8
      1882     40.37          0.00       62.94        0.00     10
      1883     40.39          0.00       62.94        0.00     10
      1884     40.41          0.00       62.59        0.00      8
      1885     40.43         10.13       64.06       10.13     10
      1886     40.46          0.00       61.12        0.00     12
      1887     40.48          8.15       72.14        8.15     16
      1888     40.50         10.13       64.06       10.13     10
      1889     40.53          0.00       66.72        0.00     10
      1890     40.55         25.06       95.65       25.06     10
      1891     40.57         15.13       79.12       15.13     12
      1892     40.59         26.21       96.80       26.21      6
      1893     40.61         13.41       84.00       13.41      8
      1894     40.63          0.00       62.59        0.00      8
      1895     40.66         14.13       84.72       14.13      8
      1896     40.68         18.05       88.64       18.05      6
      1897     40.70         14.13       84.72       14.13     10
      1898     40.72          0.00       62.59        0.00     12
      1899     40.74         10.13       64.06       10.13     12
      1900     40.77         14.13       84.72       14.13     10
      1901     40.79         26.06       90.05       26.06      6
      1902     40.81          1.02       71.61        1.02     12
      1903     40.83          0.00       62.59        0.00     10
      1904     40.85         14.13       84.72       14.13     14
      1905     40.87          0.00       66.72        0.00     12
      1906     40.89         13.01       83.60       13.01     14
      1907     40.91          0.00       62.59        0.00     12
      1908     40.93         14.13       84.72       14.13      8
      1909     40.97          8.50       71.39        8.50     12
      1910     40.99          1.02       71.61        1.02     16
      1911     41.02         14.13       84.72       14.13      8
      1912     41.05         23.90       94.49       23.90      6
      1913     41.08         10.13       64.06       10.13     12
      1914     41.14          5.42       57.91        5.42      8
      1915     41.18          0.00       58.50        0.00     12
      1916     41.20         10.13       62.94       10.13     10
      1917     41.24          0.00       62.59        0.00      8
      1918     41.26          9.56       65.25        9.56     14
      1919     41.28         25.06       95.65       25.06      8
      1920     41.30         26.21       96.80       26.21      6
      1921     41.32          0.00       66.72        0.00     16
      1922     41.34         10.13       64.06       10.13     12
      1923     41.37          5.42       58.46        5.42      8
      1924     41.41          0.00       62.59        0.00      8
      1925     41.43          0.00       62.94        0.00     10
      1926     41.45          0.00       62.59        0.00      8
      1927     41.47         23.55       94.14       23.55      8
      1928     41.49         17.72       88.31       17.72     12
      1929     41.50         17.72       88.31       17.72      8
      1930     41.52         18.25       88.84       18.25      6
      1931     41.54          0.00       62.94        0.00     10
      1932     41.56         18.05       88.64       18.05     10
      1933     41.58          8.15       72.14        8.15     14
      1934     41.60          1.02       71.61        1.02     16
      1935     41.61          0.00       62.94        0.00     12
      1936     41.63         10.13       64.06       10.13     10
      1937     41.66          5.42       58.46        5.42     10
      1938     41.70          0.00       62.94        0.00     10
      1939     41.71         18.88       89.47       18.88      6
      1940     41.73          8.15       72.14        8.15     12
      1941     41.75         18.05       88.64       18.05     12
      1942     41.77          0.00       62.59        0.00     12
      1943     41.79          1.02       71.61        1.02     10
      1944     41.80         14.13       84.72       14.13      8
      1945     41.82         18.05       88.64       18.05      8
      1946     41.84          0.00       65.25        0.00     12
      1947     41.86          0.00       62.94        0.00     10
      1948     41.87          5.42       57.91        5.42     10
      1949     41.91         18.48       82.47       18.48      6
      1950     41.93          0.00       59.65        0.00      8
      1951     41.95          0.00       59.65        0.00     10
      1952     41.97          0.54       61.12        0.54     12
      1953     41.99          0.00       66.72        0.00      8
      1954     42.00          0.00       61.12        0.00      8
      1955     42.02         14.13       84.72       14.13      8
      1956     42.04          0.00       62.59        0.00     12
      1957     42.06         14.13       84.72       14.13      6
      1958     42.08          0.00       58.50        0.00      6
      1959     42.09         17.49       88.08       17.49     12
      1960     42.11          0.00       62.59        0.00     12
      1961     42.13          0.00       65.25        0.00     10
      1962     42.15         19.05       83.04       19.05     12
      1963     42.17         10.13       64.06       10.13     14
      1964     42.20         14.13       84.72       14.13      8
      1965     42.22         14.13       84.72       14.13      4
      1966     42.24          0.00       58.90        0.00     14
      1967     42.25          0.00       62.59        0.00      6
      1968     42.27          0.00       62.59        0.00      8
      1969     42.29          0.00       58.67        0.00     10
      1970     42.31          8.50       71.39        8.50     14
      1971     42.33          0.00       58.50        0.00     10
      1972     42.34         18.05       88.64       18.05     10
      1973     42.36          0.00       62.94        0.00      8
      1974     42.38         19.25       83.24       19.25      4
      1975     42.40          0.00       62.59        0.00     12
      1976     42.41          0.00       64.06        0.00     10
      1977     42.43          2.37       65.26        2.37     12
      1978     42.45          8.50       71.39        8.50     12
      1979     42.47          5.42       57.91        5.42     12
      1980     42.51          0.00       62.59        0.00      8
      1981     42.53          1.02       71.61        1.02     12
      1982     42.55         37.12       88.64       37.12      4
      1983     42.57         10.13       64.06       10.13     14
      1984     42.60         22.80       93.39       22.80     12
      1985     42.61          1.02       71.61        1.02     14
      1986     42.63         10.13       64.06       10.13     10
      1987     42.66          0.00       66.72        0.00     12
      1988     42.68         18.05       88.64       18.05     12
      1989     42.70         17.72       88.31       17.72      6
      1990     42.72          1.02       71.61        1.02     16
      1991     42.73          0.00       58.90        0.00      6
      1992     42.75         19.40       82.29       19.40     12
      1993     42.77          0.00       61.12        0.00     12
      1994     42.79         10.13       62.94       10.13     16
      1995     42.81          0.00       62.59        0.00      8
      1996     42.83         14.13       84.72       14.13      8
      1997     42.84          0.00       62.94        0.00     10
      1998     42.86         13.78       77.77       13.78     10
      1999     42.88         12.78       83.37       12.78      4
      2000     42.90          0.00       66.72        0.00     12
      2001     42.91          0.00       58.50        0.00     10
      2002     42.93         13.78       77.77       13.78      8
      2003     42.95          0.00       66.72        0.00     12
      2004     42.97         17.49       88.08       17.49      8
      2005     42.99          0.00       64.06        0.00     10
      2006     43.00         15.13       79.12       15.13     10
      2007     43.02          0.00       62.59        0.00      6
      2008     43.04          0.00       66.72        0.00     12
      2009     43.06         23.55       94.14       23.55      6
      2010     43.08          0.00       59.65        0.00      8
      2011     43.10          0.00       62.59        0.00     10
      2012     43.11          0.00       59.65        0.00     10
      2013     43.13         10.13       66.72       10.13     12
      2014     43.15         14.16       84.75       14.16      6
      2015     43.17         10.13       64.06       10.13     14
      2016     43.19         10.13       64.06       10.13     10
      2017     43.22         10.13       64.06       10.13     12
      2018     43.26         18.88       89.47       18.88      6
      2019     43.27          0.00       62.94        0.00     10
      2020     43.29         10.13       64.06       10.13     10
      2021     43.32          0.00       66.72        0.00     16
      2022     43.34         14.13       84.72       14.13      8
      2023     43.36          1.02       71.61        1.02     14
      2024     43.38          1.02       71.61        1.02     10
      2025     43.39          0.00       65.25        0.00     14
      2026     43.41          0.00       65.25        0.00     14
      2027     43.43          0.00       64.06        0.00      8
      2028     43.45          1.02       71.61        1.02     12
      2029     43.47         25.06       95.65       25.06     10
      2030     43.48         14.13       84.72       14.13      6
      2031     43.50         12.78       83.37       12.78      8
      2032     43.52          0.00       62.94        0.00     10
      2033     43.54         23.90       94.49       23.90      8
      2034     43.55          8.15       72.14        8.15     14
      2035     43.57         14.13       84.72       14.13      8
      2036     43.59         17.49       88.08       17.49      8
      2037     43.61         18.71       82.70       18.71      6
      2038     43.62          0.00       62.59        0.00     10
      2039     43.64          5.42       57.91        5.42      8
      2040     43.68         25.06       95.65       25.06      6
      2041     43.69         18.05       88.64       18.05     12
      2042     43.71         14.13       84.72       14.13      8
      2043     43.73          0.00       58.50        0.00     12
      2044     43.75          1.02       71.61        1.02     12
      2045     43.76         14.16       84.75       14.16      8
      2046     43.78         10.13       64.06       10.13      8
      2047     43.81          0.00       61.12        0.00     14
      2048     43.83          0.00       62.94        0.00     10
      2049     43.85         17.49       88.08       17.49      8
      2050     43.87         15.13       79.12       15.13     10
      2051     43.89         17.49       88.08       17.49      6
      2052     43.90          0.00       62.59        0.00      8
      2053     43.92         14.13       84.72       14.13      6
      2054     43.94          0.00       65.25        0.00     14
      2055     43.96          0.00       59.65        0.00     14
      2056     43.98         10.13       64.06       10.13      6
      2057     44.01          0.00       65.25        0.00     12
      2058     44.02          0.00       62.94        0.00     10
      2059     44.04          1.02       71.61        1.02     10
      2060     44.06          0.00       66.72        0.00     14
      2061     44.08          0.00       58.67        0.00      8
      2062     44.09         17.49       88.08       17.49      8
      2063     44.11          0.00       62.59        0.00      6
      2064     44.13          0.00       65.25        0.00      8
      2065     44.15          8.15       72.14        8.15     16
      2066     44.16         17.72       88.31       17.72      8
      2067     44.18         27.68       98.27       27.68      8
      2068     44.20          0.00       62.59        0.00      8
      2069     44.22          0.00       65.25        0.00     12
      2070     44.23          0.00       66.72        0.00     12
      2071     44.25          0.54       66.72        0.54     12
      2072     44.27         12.78       83.37       12.78      8
      2073     44.29          0.00       62.59        0.00      8
      2074     44.31          1.02       71.61        1.02     12
      2075     44.33         14.13       84.72       14.13      8
      2076     44.34          0.00       65.25        0.00     12
      2077     44.36          0.00       58.50        0.00     12
      2078     44.38         14.13       84.72       14.13      8
      2079     44.40         10.13       64.06       10.13     14
      2080     44.43          5.42       57.91        5.42      8
      2081     44.46         12.78       83.37       12.78      2
      2082     44.48         13.41       84.00       13.41      2
      2083     44.50          1.02       71.61        1.02     10
      2084     44.51         17.72       88.31       17.72      6
      2085     44.53         14.13       84.72       14.13      8
      2086     44.55          0.00       62.94        0.00     12
      2087     44.57          0.00       62.59        0.00      8
      2088     44.59          0.00       62.59        0.00     10
      2089     44.61          0.00       66.72        0.00     14
      2090     44.63          0.00       58.50        0.00      8
      2091     44.64         14.13       84.72       14.13     14
      2092     44.66          0.00       62.94        0.00     10
      2093     44.68          0.00       62.94        0.00     10
      2094     44.70         26.46       90.45       26.46      6
      2095     44.72          0.00       66.72        0.00     10
      2096     44.74          0.00       62.59        0.00      8
      2097     44.75         14.13       84.72       14.13      8
      2098     44.77          0.00       58.50        0.00     10
      2099     44.79         15.13       79.12       15.13     10
      2100     44.81          1.02       71.61        1.02     12
      2101     44.83          0.00       62.59        0.00     10
      2102     44.85          0.00       62.59        0.00     10
      2103     44.87         18.48       82.47       18.48      8
      2104     44.89         14.13       84.72       14.13      6
      2105     44.90         15.13       79.12       15.13     10
      2106     44.92         14.13       84.72       14.13      8
      2107     44.94          1.02       71.61        1.02     12
      2108     44.96         14.16       84.75       14.16      4
      2109     44.98          0.00       58.90        0.00     14
      2110     45.00         17.72       88.31       17.72      6
      2111     45.02         14.13       84.72       14.13     10
      2112     45.03          1.02       71.61        1.02     12
      2113     45.05          0.00       66.72        0.00     10
      2114     45.07          1.02       71.61        1.02     12
      2115     45.09          0.00       61.12        0.00     14
      2116     45.11          0.00       58.90        0.00     12
      2117     45.13         10.13       64.06       10.13      6
      2118     45.16          1.02       71.61        1.02     12
      2119     45.18          0.00       66.72        0.00     12
      2120     45.20          5.42       58.46        5.42     14
      2121     45.23          0.00       59.65        0.00     12
      2122     45.25          0.00       65.25        0.00     10
      2123     45.27         14.13       84.72       14.13     10
      2124     45.29         18.71       82.70       18.71      6
      2125     45.30         14.13       84.72       14.13      6
      2126     45.32         18.48       89.07       18.48      6
      2127     45.34          0.00       62.59        0.00      8
      2128     45.36          1.02       71.61        1.02     14
      2129     45.38         10.13       64.06       10.13     12
      2130     45.41          0.00       59.65        0.00     12
      2131     45.43          5.42       57.91        5.42     12
      2132     45.45         15.48       78.37       15.48     10
      2133     45.47         14.13       84.72       14.13      8
      2134     45.49          0.00       62.59        0.00     14
      2135     45.51         17.72       88.31       17.72      6
      2136     45.53         17.49       88.08       17.49     12
      2137     45.55         33.96       82.47       33.96      4
      2138     45.57          1.02       71.61        1.02     18
      2139     45.58         14.13       84.72       14.13      6
      2140     45.60          0.00       65.25        0.00     14
      2141     45.62         19.05       83.04       19.05     10
      2142     45.64          0.00       64.06        0.00     10
      2143     45.66          0.00       62.59        0.00     12
      2144     45.68          1.02       71.61        1.02     12
      2145     45.70         10.13       64.06       10.13     10
      2146     45.73          0.00       62.59        0.00      8
      2147     45.74         10.13       64.06       10.13     10
      2148     45.78         17.49       88.08       17.49      8
      2149     45.79         14.13       84.72       14.13     10
      2150     45.81          9.00       65.25        9.00     10
      2151     45.83         14.13       84.72       14.13     10
      2152     45.85          0.00       62.59        0.00     12
      2153     45.87          0.00       58.90        0.00     10
      2154     45.89         10.13       66.72       10.13      6
      2155     45.90         17.72       88.31       17.72     10
      2156     45.92          0.00       62.94        0.00     16
      2157     45.94          0.00       62.94        0.00     10
      2158     45.96         37.93       93.39       37.93      4
      2159     45.98          0.00       62.59        0.00     12
      2160     46.00          0.00       65.25        0.00     14
      2161     46.02          0.00       58.50        0.00     12
      2162     46.03          0.00       59.65        0.00     12
      2163     46.05          0.00       65.25        0.00     12
      2164     46.07          0.00       62.59        0.00     10
      2165     46.09         10.13       64.06       10.13     10
      2166     46.12         18.48       82.47       18.48      6
      2167     46.14          0.00       58.50        0.00      8
      2168     46.15          0.00       66.72        0.00     10
      2169     46.17          0.00       62.59        0.00     10
      2170     46.19          8.50       71.39        8.50     14
      2171     46.21          0.00       62.59        0.00     10
      2172     46.23          2.37       65.26        2.37     14
      2173     46.25          5.42       58.46        5.42     12
      2174     46.28         18.05       88.64       18.05     10
      2175     46.30         10.13       64.06       10.13     16
      2176     46.33         19.25       83.24       19.25      8
      2177     46.35          0.00       58.67        0.00     10
      2178     46.36          0.00       58.90        0.00     14
      2179     46.38          1.02       71.61        1.02     14
      2180     46.40          0.00       58.50        0.00     10
      2181     46.42          0.00       62.94        0.00      8
      2182     46.44         18.88       89.47       18.88      4
      2183     46.45          0.00       66.72        0.00     16
      2184     46.47          1.02       71.61        1.02     14
      2185     46.49          0.00       62.59        0.00     10
      2186     46.51         10.13       64.06       10.13     10
      2187     46.54          0.00       58.90        0.00     12
      2188     46.55         17.49       88.08       17.49      8
      2189     46.57         14.16       84.75       14.16      8
      2190     46.59          1.02       71.61        1.02     14
      2191     46.61         14.13       84.72       14.13      8
      2192     46.63          8.15       72.14        8.15     12
      2193     46.65          0.00       62.59        0.00      8
      2194     46.66         37.93       88.64       37.93      4
      2195     46.68         17.72       88.31       17.72     10
      2196     46.70          0.00       65.25        0.00     14
      2197     46.71         10.13       64.06       10.13     12
      2198     46.74         14.13       84.72       14.13      8
      2199     46.76          0.00       65.25        0.00     14
      2200     46.78          0.00       62.59        0.00      8
      2201     46.80         15.13       79.12       15.13      6
      2202     46.81         14.13       84.72       14.13      6
      2203     46.83         14.13       84.72       14.13     10
      2204     46.85          0.00       58.50        0.00      8
      2205     46.87          0.00       62.94        0.00     12
      2206     46.88         12.78       83.37       12.78      2
      2207     46.90          0.00       62.59        0.00      6
      2208     46.92          0.00       62.59        0.00      8
      2209     46.93         25.46       96.05       25.46      2
      2210     46.95         22.40       92.99       22.40      8
      2211     46.97         10.13       64.06       10.13     12
      2212     47.01          0.00       62.94        0.00      8
      2213     47.02         14.13       84.72       14.13     10
      2214     47.04         18.71       82.70       18.71     10
      2215     47.06          1.02       71.61        1.02     12
      2216     47.08          0.00       58.67        0.00      8
      2217     47.09         10.13       64.06       10.13      8
      2218     47.11          0.00       62.59        0.00     10
      2219     47.13          0.00       62.59        0.00     14
      2220     47.15          0.00       62.59        0.00     16
      2221     47.17          0.00       65.25        0.00     12
      2222     47.19          5.42       61.12        5.42     10
      2223     47.22          5.42       61.12        5.42     14
      2224     47.25         17.72       88.31       17.72     10
      2225     47.27          0.00       58.50        0.00     10
      2226     47.29          0.00       58.90        0.00      8
      2227     47.31         18.25       88.84       18.25     10
      2228     47.33          0.00       62.59        0.00     10
      2229     47.35         14.13       84.72       14.13      6
      2230     47.37          0.00       66.72        0.00      8
      2231     47.39          0.00       65.25        0.00     10
      2232     47.41          0.00       58.90        0.00     12
      2233     47.44          0.00       65.25        0.00      8
      2234     47.46          0.00       65.25        0.00     12
      2235     47.48          0.00       58.90        0.00     10
      2236     47.50          5.42       58.46        5.42     12
      2237     47.53         18.05       88.64       18.05     10
      2238     47.55          0.00       65.25        0.00     10
      2239     47.57         14.13       84.72       14.13      6
      2240     47.59          1.02       71.61        1.02     10
      2241     47.61          0.00       58.67        0.00      8
      2242     47.63          0.00       59.65        0.00      8
      2243     47.65         23.90       94.49       23.90      6
      2244     47.67          5.42       61.12        5.42     10
      2245     47.71          1.02       71.61        1.02     16
      2246     47.73          0.00       62.59        0.00     12
      2247     47.75          0.00       62.59        0.00      8
      2248     47.77          0.00       62.59        0.00     10
      2249     47.79          0.00       65.25        0.00     10
      2250     47.81         17.49       88.08       17.49     10
      2251     47.82         14.16       84.75       14.16      2
      2252     47.84         17.49       88.08       17.49      6
      2253     47.86          0.00       62.59        0.00      8
      2254     47.88          0.00       62.59        0.00      6
      2255     47.90          8.15       72.14        8.15     12
      2256     47.92         23.90       94.49       23.90      8
      2257     47.94         12.78       83.37       12.78      2
      2258     47.96          1.02       71.61        1.02     16
      2259     47.98         18.05       88.64       18.05      6
      2260     47.99         14.13       84.72       14.13      8
      2261     48.01          8.15       72.14        8.15     12
      2262     48.03          0.00       62.94        0.00     10
      2263     48.06          0.00       64.06        0.00     14
      2264     48.08         10.13       64.06       10.13     14
      2265     48.12         10.13       64.06       10.13     14
      2266     48.15          0.00       62.59        0.00     10
      2267     48.17          0.00       58.90        0.00     12
      2268     48.19         25.46       96.05       25.46      8
      2269     48.21          0.00       61.12        0.00      8
      2270     48.23          0.00       66.72        0.00     12
      2271     48.25          0.00       62.59        0.00     12
      2272     48.27         14.13       84.72       14.13      6
      2273     48.29          1.02       71.61        1.02     12
      2274     48.31          0.00       66.72        0.00     12
      2275     48.33         15.13       79.12       15.13      6
      2276     48.35         23.55       94.14       23.55      8
      2277     48.37         15.13       79.12       15.13     10
      2278     48.39         14.16       84.75       14.16      8
      2279     48.41          0.00       58.90        0.00     10
      2280     48.43         10.13       64.06       10.13     10
      2281     48.46         10.13       61.12       10.13     16
      2282     48.48          0.00       59.65        0.00     12
      2283     48.50          1.02       71.61        1.02     14
      2284     48.52         18.05       88.64       18.05      6
      2285     48.54         14.13       84.72       14.13      6
      2286     48.56          0.00       65.25        0.00     12
      2287     48.58          8.15       72.14        8.15     16
      2288     48.60          0.00       65.25        0.00     10
      2289     48.62         10.13       64.06       10.13     12
      2290     48.65          0.00       58.90        0.00     12
      2291     48.67         26.06       90.05       26.06     10
      2292     48.69         14.13       84.72       14.13      8
      2293     48.71         18.48       89.07       18.48      6
      2294     48.72          0.00       62.59        0.00     10
      2295     48.74         22.80       93.39       22.80      6
      2296     48.76          0.00       62.94        0.00     10
      2297     48.78          0.00       66.72        0.00     12
      2298     48.80          0.00       62.94        0.00     10
      2299     48.82          0.00       62.59        0.00      8
      2300     48.84          0.00       65.25        0.00      6
      2301     48.86          0.00       66.72        0.00     12
      2302     48.88         13.41       84.00       13.41      2
      2303     48.90         22.67       77.74       22.67     10
      2304     48.92          0.00       62.59        0.00      8
      2305     48.94         10.13       64.06       10.13     12
      2306     48.97         13.01       83.60       13.01      2
      2307     48.99          0.00       65.25        0.00     10
      2308     49.01          0.00       58.90        0.00     10
      2309     49.03          1.02       71.61        1.02     12
      2310     49.05          0.00       66.72        0.00     12
      2311     49.07         17.72       88.31       17.72      6
      2312     49.09         17.49       88.08       17.49      8
      2313     49.11         33.01       86.36       33.01     12
      2314     49.13          0.00       62.94        0.00     12
      2315     49.15          0.00       62.94        0.00     12
      2316     49.17          0.00       66.72        0.00     12
      2317     49.18          0.00       58.90        0.00      6
      2318     49.20         37.93       89.47       37.93      4
      2319     49.22         29.66       83.01       29.66     10
      2320     49.24          0.00       61.12        0.00      8
      2321     49.26          5.42       57.91        5.42     12
      2322     49.29          0.00       62.59        0.00     10
      2323     49.31          0.00       66.72        0.00     12
      2324     49.33          1.02       71.61        1.02     12
      2325     49.35         18.48       82.47       18.48     12
      2326     49.37          0.00       58.50        0.00     12
      2327     49.38         10.13       62.94       10.13     14
      2328     49.40          0.00       65.25        0.00     12
      2329     49.42          0.00       65.25        0.00      8
      2330     49.44         18.48       82.47       18.48      8
      2331     49.46          0.00       62.59        0.00     14
      2332     49.48          8.15       72.14        8.15     18
      2333     49.50          0.00       62.94        0.00     10
      2334     49.51          0.00       58.67        0.00     12
      2335     49.53          0.00       65.25        0.00     14
      2336     49.55          0.00       64.06        0.00     12
      2337     49.57         17.72       88.31       17.72      6
      2338     49.59         10.13       64.06       10.13     12
      2339     49.60          0.00       62.59        0.00     14
      2340     49.62         17.72       88.31       17.72      8
      2341     49.64          0.00       65.25        0.00     12
      2342     49.66          0.00       62.59        0.00      8
      2343     49.68          0.00       65.25        0.00     14
      2344     49.70         17.49       88.08       17.49      8
      2345     49.72         18.05       88.64       18.05      8
      2346     49.73         19.05       83.04       19.05     12
      2347     49.75         17.49       88.08       17.49     10
      2348     49.77          1.02       71.61        1.02     16
      2349     49.79         10.13       64.06       10.13     10
      2350     49.82          0.00       62.59        0.00     14
      2351     49.83          1.02       71.61        1.02     12
      2352     49.86          0.00       58.67        0.00      8
      2353     49.88          0.00       59.65        0.00     10
      2354     49.90         15.48       78.37       15.48     10
      2355     49.91         14.13       84.72       14.13     10
      2356     49.93          0.00       62.59        0.00      6
      2357     49.95          0.00       62.59        0.00      8
      2358     49.97         10.13       64.06       10.13     12
      2359     50.00          8.15       72.14        8.15     14
      2360     50.01          0.00       62.59        0.00     14
      2361     50.03          0.00       62.59        0.00     14
      2362     50.05          0.00       59.65        0.00     10
      2363     50.07          8.15       72.14        8.15     12
      2364     50.09          8.15       72.14        8.15     14
      2365     50.10          0.00       59.65        0.00      8
      2366     50.12         12.78       83.37       12.78      8
      2367     50.14          0.00       65.25        0.00     10
      2368     50.16         14.13       84.72       14.13      6
      2369     50.18          0.00       59.65        0.00     10
      2370     50.19          1.02       71.61        1.02     10
      2371     50.21          0.00       62.59        0.00      8
      2372     50.23          0.00       59.65        0.00     10
      2373     50.25          0.00       62.59        0.00      8
      2374     50.27         18.71       82.70       18.71      8
      2375     50.28         10.13       64.06       10.13     12
      2376     50.31         14.13       84.72       14.13      6
      2377     50.33         18.12       88.70       18.12      6
      2378     50.35          8.15       72.14        8.15     14
      2379     50.37          0.00       62.94        0.00     10
      2380     50.38          0.00       62.59        0.00      6
      2381     50.40         10.13       64.06       10.13     12
      2382     50.42         18.05       88.64       18.05      8
      2383     50.44          0.00       62.94        0.00     10
      2384     50.46          0.00       58.50        0.00     10
      2385     50.47          0.00       62.59        0.00     12
      2386     50.49          5.42       57.91        5.42     10
      2387     50.53          0.00       62.59        0.00     12
      2388     50.55          0.00       64.06        0.00     10
      2389     50.56         13.41       84.00       13.41      4
      2390     50.58          0.00       66.72        0.00     14
      2391     50.60          0.00       62.59        0.00     16
      2392     50.62          8.15       72.14        8.15     16
      2393     50.63         14.13       84.72       14.13      6
      2394     50.65          0.00       65.25        0.00     12
      2395     50.67         10.13       64.06       10.13     12
      2396     50.70          0.00       62.94        0.00     12
      2397     50.72          1.02       71.61        1.02     12
      2398     50.74          0.00       58.90        0.00     10
      2399     50.75          0.00       58.50        0.00     12
      2400     50.77         14.16       84.75       14.16      2
      2401     50.79         17.49       88.08       17.49      8
      2402     50.81          5.42       57.91        5.42     10
      2403     50.84         10.13       64.06       10.13     10
      2404     50.87          8.15       72.14        8.15     16
      2405     50.89          0.00       61.12        0.00     12
      2406     50.90          0.00       62.59        0.00      6
      2407     50.92          0.00       62.59        0.00      8
      2408     50.94         10.13       64.06       10.13     14
      2409     50.97         18.88       89.47       18.88      4
      2410     50.98          5.42       57.91        5.42     10
      2411     51.01          0.00       62.94        0.00     10
      2412     51.03          0.00       65.25        0.00     10
      2413     51.05          1.02       71.61        1.02     14
      2414     51.07          0.00       62.59        0.00     10
      2415     51.08          1.02       71.61        1.02     12
      2416     51.10         14.13       84.72       14.13      8
      2417     51.12         15.13       79.12       15.13     10
      2418     51.14          8.15       72.14        8.15     14
      2419     51.15         14.13       84.72       14.13     10
      2420     51.17         14.13       84.72       14.13      6
      2421     51.19         18.25       88.84       18.25      6
      2422     51.21          0.00       62.59        0.00      8
      2423     51.22         10.13       62.94       10.13     14
      2424     51.25         10.13       62.94       10.13     14
      2425     51.27          0.00       66.72        0.00     12
      2426     51.29         13.01       83.60       13.01      6
      2427     51.30          1.02       71.61        1.02     12
      2428     51.32          0.00       62.94        0.00     10
      2429     51.34          1.02       71.61        1.02     14
      2430     51.36          0.00       62.59        0.00     10
      2431     51.38          0.00       65.25        0.00     10
      2432     51.40         15.13       79.12       15.13      6
      2433     51.41         23.55       94.14       23.55      8
      2434     51.43         13.78       77.77       13.78      4
      2435     51.45          8.15       72.14        8.15     12
      2436     51.47         14.13       84.72       14.13      6
      2437     51.48         14.13       84.72       14.13     12
      2438     51.50          0.00       62.59        0.00      6
      2439     51.52          0.00       62.59        0.00      8
      2440     51.54         22.67       77.74       22.67     10
      2441     51.56         18.05       88.64       18.05     10
      2442     51.58          0.00       65.25        0.00     12
      2443     51.59          0.00       62.59        0.00      8
      2444     51.61          0.00       65.25        0.00     12
      2445     51.63         32.97       84.72       32.97      2
      2446     51.65         18.05       88.64       18.05      8
      2447     51.66          0.00       62.59        0.00     12
      2448     51.68          5.42       61.12        5.42     10
      2449     51.72         18.25       88.84       18.25      8
      2450     51.74         10.13       64.06       10.13     12
      2451     51.77         25.46       96.05       25.46      8
      2452     51.78          1.02       71.61        1.02     12
      2453     51.80         14.13       84.72       14.13     12
      2454     51.82          0.00       58.90        0.00     10
      2455     51.84          0.00       62.59        0.00      8
      2456     51.86          0.00       62.59        0.00     10
      2457     51.87         13.01       83.60       13.01      4
      2458     51.89         14.16       84.75       14.16      8
      2459     51.91         23.55       94.14       23.55      4
      2460     51.93          0.00       65.25        0.00     14
      2461     51.94          0.00       66.72        0.00     12
      2462     51.96         17.72       88.31       17.72     10
      2463     51.98         18.48       82.47       18.48     14
      2464     52.00          0.00       62.59        0.00     10
      2465     52.02         18.48       82.47       18.48     10
      2466     52.03          0.00       66.72        0.00     10
      2467     52.05          0.00       62.59        0.00      8
      2468     52.07         26.21       96.80       26.21      8
      2469     52.08          0.00       58.67        0.00      8
      2470     52.10          1.02       71.61        1.02     10
      2471     52.12          0.00       62.59        0.00      8
      2472     52.14          0.00       66.72        0.00     14
      2473     52.15          1.02       71.61        1.02     16
      2474     52.17          0.00       66.72        0.00     10
      2475     52.19         15.13       79.12       15.13      8
      2476     52.21         14.13       84.72       14.13      8
      2477     52.22          1.02       71.61        1.02     16
      2478     52.24          8.50       71.39        8.50     16
      2479     52.26          0.00       62.94        0.00     16
      2480     52.28          0.00       66.72        0.00     10
      2481     52.30         15.13       79.12       15.13     12
      2482     52.32          8.50       71.39        8.50     12
      2483     52.34          0.00       62.59        0.00      8
      2484     52.35          0.00       64.06        0.00      8
      2485     52.37          8.15       72.14        8.15     14
      2486     52.39         14.16       84.75       14.16      4
      2487     52.41          0.00       62.94        0.00     10
      2488     52.43          0.00       62.59        0.00     10
      2489     52.44          1.02       71.61        1.02     12
      2490     52.46          0.00       66.72        0.00     10
      2491     52.48         14.13       84.72       14.13      8
      2492     52.50          0.00       62.59        0.00      8
      2493     52.51          0.00       58.90        0.00     12
      2494     52.53          0.00       62.94        0.00     10
      2495     52.55         22.40       92.99       22.40      8
      2496     52.57          0.00       62.94        0.00      8
      2497     52.58         13.41       84.00       13.41      8
      2498     52.60          1.02       71.61        1.02     16
      2499     52.62          0.00       59.65        0.00     12
      2500     52.64          0.00       64.06        0.00     12
      2501     52.66          0.00       58.90        0.00     10
      2502     52.68         30.15       94.14       30.15      4
      2503     52.70          0.00       62.59        0.00     10
      2504     52.71         18.05       88.64       18.05      8
      2505     52.73          0.00       62.59        0.00     10
      2506     52.75          0.00       66.72        0.00     14
      2507     52.77          5.42       57.91        5.42     10
      2508     52.80          0.00       58.90        0.00     12
      2509     52.82          1.02       71.61        1.02     14
      2510     52.83          0.00       66.72        0.00     10
      2511     52.85          0.00       62.59        0.00      8
      2512     52.87          0.00       61.12        0.00     12
      2513     52.89         18.48       82.47       18.48      8
      2514     52.91          8.15       72.14        8.15     14
      2515     52.92          0.00       62.59        0.00      6
      2516     52.94          0.00       62.59        0.00      8
      2517     52.96          0.00       64.06        0.00     10
      2518     52.98         18.25       88.84       18.25      8
      2519     53.00         10.13       64.06       10.13     12
      2520     53.03          0.00       58.50        0.00      8
      2521     53.04         14.13       84.72       14.13      8
      2522     53.06         17.72       88.31       17.72      8
      2523     53.08          0.00       66.72        0.00     12
      2524     53.09          0.00       62.94        0.00     10
      2525     53.11         15.13       79.12       15.13     10
      2526     53.13         13.78       77.77       13.78      8
      2527     53.15         17.72       88.31       17.72      6
      2528     53.16         18.48       89.07       18.48     10
      2529     53.18         18.48       89.07       18.48     12
      2530     53.20          1.02       71.61        1.02     12
      2531     53.22          1.02       71.61        1.02     12
      2532     53.23          5.42       58.46        5.42     10
      2533     53.26          0.00       62.59        0.00     10
      2534     53.28          8.90       71.61        8.90     14
      2535     53.30         14.13       84.72       14.13      6
      2536     53.32         18.48       82.47       18.48     12
      2537     53.34          8.50       71.39        8.50     14
      2538     53.36         21.31       81.33       21.31     10
      2539     53.37         15.13       79.12       15.13      6
      2540     53.39         10.13       62.94       10.13     16
      2541     53.42          1.02       71.61        1.02     12
      2542     53.44          0.00       66.72        0.00     12
      2543     53.45         10.13       64.06       10.13      6
      2544     53.49         18.25       88.84       18.25      4
      2545     53.50         10.13       62.94       10.13     14
      2546     53.53          0.00       66.72        0.00     12
      2547     53.55          0.00       58.50        0.00     12
      2548     53.56         14.13       84.72       14.13      6
      2549     53.58         22.80       93.39       22.80      6
      2550     53.60          1.02       71.61        1.02     14
      2551     53.62          1.02       71.61        1.02     14
      2552     53.64          0.00       65.25        0.00     12
      2553     53.66          0.00       65.25        0.00     12
      2554     53.68          1.02       71.61        1.02     12
      2555     53.70          0.00       58.67        0.00      8
      2556     53.71         32.62       88.08       32.62      2
      2557     53.73         12.78       83.37       12.78      8
      2558     53.75         15.13       79.12       15.13      6
      2559     53.77          1.02       71.61        1.02     10
      2560     53.78          1.02       71.61        1.02     12
      2561     53.80         17.49       88.08       17.49     10
      2562     53.82          0.00       58.90        0.00      8
      2563     53.84         17.49       88.08       17.49      4
      2564     53.85          0.00       62.59        0.00      6
      2565     53.87          0.00       62.59        0.00     10
      2566     53.89          8.15       72.14        8.15     14
      2567     53.91          0.00       62.59        0.00     14
      2568     53.93          0.00       62.59        0.00     10
      2569     53.94          0.00       62.94        0.00     10
      2570     53.96          1.02       71.61        1.02     12
      2571     53.98          0.00       62.59        0.00      8
      2572     54.00          0.00       66.72        0.00     14
      2573     54.02         14.13       84.72       14.13      8
      2574     54.03          0.00       58.90        0.00     10
      2575     54.05          0.00       62.59        0.00     10
      2576     54.07         25.06       95.65       25.06      2
      2577     54.09         14.13       84.72       14.13      4
      2578     54.11          1.02       71.61        1.02     10
      2579     54.12         18.87       89.45       18.87      8
      2580     54.14          2.37       65.26        2.37     12
      2581     54.16         17.72       88.31       17.72      8
      2582     54.18          1.02       71.61        1.02     12
      2583     54.19         10.13       64.06       10.13     10
      2584     54.22         10.13       64.06       10.13      8
      2585     54.25          0.00       65.25        0.00     10
      2586     54.27          0.00       58.50        0.00     12
      2587     54.29          1.02       71.61        1.02     14
      2588     54.31          0.00       64.06        0.00     12
      2589     54.33          0.00       66.72        0.00     12
      2590     54.34         15.13       79.12       15.13     10
      2591     54.36         14.16       84.75       14.16      4
      2592     54.38          0.00       62.59        0.00     16
      2593     54.40          0.00       65.25        0.00     12
      2594     54.42          0.00       58.67        0.00     10
      2595     54.44         17.49       88.08       17.49     12
      2596     54.46         15.13       79.12       15.13     10
      2597     54.47         17.72       88.31       17.72      6
      2598     54.49          5.42       57.91        5.42      8
      2599     54.52          0.00       62.59        0.00     10
      2600     54.54         10.13       64.06       10.13     12
      2601     54.57          1.02       71.61        1.02     12
      2602     54.59          5.42       57.91        5.42     12
      2603     54.63          0.00       62.59        0.00     10
      2604     54.65          0.00       65.25        0.00     12
      2605     54.67         18.05       88.64       18.05     10
      2606     54.69          0.00       66.72        0.00     12
      2607     54.70         18.48       82.47       18.48     10
      2608     54.72         17.49       88.08       17.49      8
      2609     54.74          0.00       62.59        0.00      8
      2610     54.76         18.05       88.64       18.05      6
      2611     54.77          0.00       62.59        0.00     10
      2612     54.79         17.49       88.08       17.49     10
      2613     54.81          1.02       71.61        1.02     14
      2614     54.83          0.00       66.72        0.00     10
      2615     54.84         10.13       64.06       10.13     10
      2616     54.87         22.80       93.39       22.80      8
      2617     54.89          0.00       58.50        0.00     12
      2618     54.91         18.12       88.70       18.12      8
      2619     54.93          0.00       65.25        0.00     12
      2620     54.94          0.00       64.06        0.00     12
      2621     54.96          0.00       65.25        0.00     10
      2622     54.98          1.02       71.61        1.02     12
      2623     55.00          0.00       62.59        0.00     12
      2624     55.02         10.13       64.06       10.13     18
      2625     55.04          0.00       58.90        0.00     16
      2626     55.05          0.00       64.06        0.00     12
      2627     55.07         10.13       58.67       10.13     16
      2628     55.10          0.00       65.25        0.00     12
      2629     55.12          0.00       62.59        0.00     12
      2630     55.13          0.00       64.06        0.00     10
      2631     55.15          0.00       58.90        0.00     12
      2632     55.17          0.00       65.25        0.00     12
      2633     55.19          0.00       58.50        0.00      8
      2634     55.20          0.00       58.50        0.00     10
      2635     55.22         19.05       83.04       19.05      8
      2636     55.24          5.42       61.12        5.42     14
      2637     55.27          5.42       57.91        5.42      6
      2638     55.30          8.15       72.14        8.15     14
      2639     55.32          0.00       61.12        0.00     12
      2640     55.34          8.50       71.39        8.50     14
      2641     55.36          8.15       72.14        8.15     14
      2642     55.38          0.00       64.06        0.00     12
      2643     55.39         17.72       88.31       17.72      6
      2644     55.41          0.00       62.94        0.00     14
      2645     55.43          0.00       62.94        0.00     10
      2646     55.45          5.42       58.46        5.42     10
      2647     55.48          0.00       66.72        0.00     12
      2648     55.50          0.00       64.06        0.00     12
      2649     55.52          0.00       62.59        0.00      8
      2650     55.54          0.00       66.72        0.00     10
      2651     55.55          8.15       72.14        8.15     14
      2652     55.57          0.00       59.65        0.00     12
      2653     55.59          0.00       64.06        0.00     12
      2654     55.61         10.13       64.06       10.13     10
      2655     55.64          0.00       66.72        0.00     12
      2656     55.66          0.00       58.67        0.00     10
      2657     55.68          8.15       72.14        8.15     14
      2658     55.69          8.15       72.14        8.15     14
      2659     55.71          0.00       62.59        0.00      8
      2660     55.73          0.00       62.59        0.00      6
      2661     55.75         10.13       58.67       10.13      6
      2662     55.77          0.00       62.59        0.00      8
      2663     55.79          1.02       71.61        1.02     16
      2664     55.81          0.00       58.50        0.00     10
      2665     55.83          0.00       59.65        0.00     10
      2666     55.84         12.78       83.37       12.78      6
      2667     55.86         15.13       79.12       15.13     10
      2668     55.88          0.00       58.90        0.00      8
      2669     55.90          0.54       64.06        0.54     12
      2670     55.92          0.00       62.59        0.00      8
      2671     55.96          0.00       58.50        0.00      8
      2672     55.97          0.00       66.72        0.00     12
      2673     55.99          0.00       62.59        0.00     10
      2674     56.01         14.13       84.72       14.13      4
      2675     56.03         18.05       88.64       18.05     10
      2676     56.05          0.00       62.59        0.00      6
      2677     56.07         12.78       83.37       12.78      4
      2678     56.09         17.49       88.08       17.49     10
      2679     56.11         18.05       88.64       18.05      8
      2680     56.12          8.15       72.14        8.15     12
      2681     56.14          0.00       62.94        0.00     10
      2682     56.16          0.00       65.25        0.00     12
      2683     56.18          0.00       64.06        0.00     12
      2684     56.20          0.00       66.72        0.00     12
      2685     56.21         18.05       88.64       18.05      8
      2686     56.23         18.48       89.07       18.48      6
      2687     56.25         18.05       88.64       18.05     12
      2688     56.27          0.00       65.25        0.00     10
      2689     56.29         14.13       84.72       14.13      6
      2690     56.30         18.48       89.07       18.48      8
      2691     56.32         23.40       87.39       23.40     10
      2692     56.34          0.00       65.25        0.00     14
      2693     56.36          0.00       62.94        0.00     10
      2694     56.38          1.02       71.61        1.02     14
      2695     56.40          0.00       62.94        0.00     10
      2696     56.42          0.00       58.90        0.00     10
      2697     56.43         14.13       84.72       14.13      8
      2698     56.45         14.16       84.75       14.16      8
      2699     56.47         10.13       64.06       10.13     12
      2700     56.50          0.00       65.25        0.00     12
      2701     56.52         14.13       84.72       14.13      6
      2702     56.54          0.00       62.59        0.00      8
      2703     56.56         15.48       78.37       15.48     10
      2704     56.58          0.00       66.72        0.00     12
      2705     56.60          0.00       62.59        0.00     10
      2706     56.61         12.78       83.37       12.78      4
      2707     56.63          0.00       66.72        0.00      8
      2708     56.65         14.13       84.72       14.13     10
      2709     56.67          0.00       62.94        0.00     10
      2710     56.69          0.00       62.59        0.00      8
      2711     56.70         19.88       83.87       19.88     10
      2712     56.72          0.00       62.94        0.00     12
      2713     56.74         14.13       84.72       14.13      6
      2714     56.76         14.13       84.72       14.13      6
      2715     56.78         14.13       84.72       14.13      8
      2716     56.79         15.48       78.37       15.48     10
      2717     56.81         17.49       88.08       17.49     10
      2718     56.83         18.25       88.84       18.25      4
      2719     56.85          0.00       66.72        0.00     12
      2720     56.87          0.00       62.59        0.00     12
      2721     56.88         14.13       84.72       14.13      6
      2722     56.90          0.00       62.59        0.00      6
      2723     56.92          0.00       62.94        0.00     10
      2724     56.94          5.42       58.46        5.42     14
      2725     56.97         14.13       84.72       14.13      6
      2726     56.99          0.00       62.94        0.00     10
      2727     57.00          0.00       58.90        0.00      8
      2728     57.02          0.00       65.25        0.00     10
      2729     57.04          0.00       62.59        0.00      8
      2730     57.06         36.54       88.64       36.54      4
      2731     57.08          1.02       71.61        1.02     16
      2732     57.09          1.02       71.61        1.02     12
      2733     57.11         17.49       88.08       17.49      4
      2734     57.13         10.13       64.06       10.13     12
      2735     57.15          1.02       71.61        1.02     14
      2736     57.17          0.00       62.59        0.00     14
      2737     57.19         17.49       88.08       17.49      8
      2738     57.21          8.50       71.39        8.50     12
      2739     57.22          0.00       58.90        0.00     12
      2740     57.24          0.00       58.67        0.00      6
      2741     57.26         18.48       89.07       18.48      6
      2742     57.28         26.21       96.80       26.21      6
      2743     57.30          1.02       71.61        1.02     12
      2744     57.31         17.49       88.08       17.49     12
      2745     57.33          0.00       58.90        0.00     10
      2746     57.35          0.00       62.59        0.00      8
      2747     57.37         19.05       83.04       19.05      8
      2748     57.38          0.00       65.25        0.00     14
      2749     57.40         14.13       84.72       14.13      8
      2750     57.42          5.42       57.91        5.42     10
      2751     57.46          0.00       62.94        0.00     10
      2752     57.47         10.13       64.06       10.13     12
      2753     57.50         14.13       84.72       14.13      8
      2754     57.52          0.00       59.65        0.00      6
      2755     57.54         26.06       90.05       26.06      4
      2756     57.56         10.13       64.06       10.13     12
      2757     57.58         14.13       84.72       14.13      8
      2758     57.60         17.72       88.31       17.72      8
      2759     57.62          1.02       71.61        1.02     16
      2760     57.64         14.13       84.72       14.13      8
      2761     57.66         18.05       88.64       18.05      8
      2762     57.68         10.13       64.06       10.13     10
      2763     57.71          0.00       62.94        0.00     10
      2764     57.73         22.80       93.39       22.80      6
      2765     57.75          0.00       62.94        0.00     10
      2766     57.76          0.00       62.59        0.00     14
      2767     57.78          0.00       62.59        0.00      6
      2768     57.80         18.83       81.72       18.83     10
      2769     57.82          0.00       61.12        0.00     14
      2770     57.84          0.00       62.59        0.00      8
      2771     57.85          0.00       62.59        0.00      6
      2772     57.87          1.02       71.61        1.02     10
      2773     57.89          0.00       65.25        0.00     10
      2774     57.91          0.00       59.65        0.00      8
      2775     57.93         17.49       88.08       17.49      8
      2776     57.94         18.48       82.47       18.48     10
      2777     57.97         15.13       79.12       15.13     12
      2778     58.00          5.42       57.91        5.42      8
      2779     58.05          1.02       71.61        1.02     10
      2780     58.07          5.42       58.46        5.42      8
      2781     58.11         10.13       62.94       10.13     18
      2782     58.13          8.15       72.14        8.15     18
      2783     58.15         10.13       62.94       10.13     10
      2784     58.17          1.02       71.61        1.02     12
      2785     58.20         14.13       84.72       14.13      6
      2786     58.22          0.00       62.94        0.00     10
      2787     58.24          0.00       62.59        0.00     14
      2788     58.26         12.78       83.37       12.78      4
      2789     58.28         17.49       88.08       17.49      8
      2790     58.30          8.15       72.14        8.15     12
      2791     58.32         10.13       64.06       10.13     12
      2792     58.35          0.00       62.59        0.00     10
      2793     58.37          1.02       71.61        1.02     14
      2794     58.39         10.13       64.06       10.13     12
      2795     58.42          0.00       58.50        0.00     10
      2796     58.44         10.13       64.06       10.13      8
      2797     58.47         14.13       84.72       14.13      6
      2798     58.49         14.13       84.72       14.13      8
      2799     58.51         15.13       79.12       15.13      6
      2800     58.53          1.02       71.61        1.02     16
      2801     58.54          0.00       65.25        0.00     12
      2802     58.56          0.00       62.59        0.00      8
      2803     58.58          0.00       58.50        0.00      8
      2804     58.60         14.13       84.72       14.13      6
      2805     58.62         17.72       88.31       17.72      4
      2806     58.64         14.13       84.72       14.13      6
      2807     58.66          8.15       72.14        8.15     12
      2808     58.68          5.42       57.91        5.42     10
      2809     58.71         18.05       88.64       18.05     12
      2810     58.73          0.00       65.25        0.00     12
      2811     58.75          0.00       62.94        0.00     10
      2812     58.77         10.13       64.06       10.13     10
      2813     58.80          0.00       62.59        0.00     10
      2814     58.81          1.02       71.61        1.02     12
      2815     58.83          0.00       62.94        0.00     10
      2816     58.85         10.13       64.06       10.13     12
      2817     58.88         15.48       78.37       15.48      4
      2818     58.90          0.00       58.90        0.00      6
      2819     58.91          0.00       62.94        0.00     10
      2820     58.93          8.15       72.14        8.15     14
      2821     58.95         10.13       66.72       10.13     12
      2822     58.97          0.00       62.59        0.00      8
      2823     58.99         17.49       88.08       17.49     10
      2824     59.01         10.13       58.67       10.13      6
      2825     59.03         14.13       84.72       14.13      6
      2826     59.05          0.00       62.59        0.00     16
      2827     59.07          0.00       64.06        0.00     14
      2828     59.08         17.72       88.31       17.72      6
      2829     59.10         18.48       82.47       18.48      6
      2830     59.12         17.72       88.31       17.72      6
      2831     59.14          0.00       58.67        0.00     10
      2832     59.16         14.13       84.72       14.13     12
      2833     59.17         10.13       62.94       10.13     16
      2834     59.20          0.00       58.90        0.00      6
      2835     59.21          1.02       71.61        1.02     16
      2836     59.23         18.05       88.64       18.05     10
      2837     59.25          0.00       62.59        0.00      6
      2838     59.27         17.49       88.08       17.49     10
      2839     59.29          1.02       71.61        1.02     10
      2840     59.31         10.13       62.59       10.13      6
      2841     59.32          0.00       64.06        0.00     10
      2842     59.34          0.00       65.25        0.00      8
      2843     59.36         10.13       64.06       10.13     12
      2844     59.38          1.02       71.61        1.02     20
      2845     59.40         10.13       64.06       10.13     10
      2846     59.43          1.02       71.61        1.02     12
      2847     59.45         36.54       88.08       36.54      4
      2848     59.46         17.49       88.08       17.49     10
      2849     59.48          0.00       62.94        0.00     10
      2850     59.50          0.00       58.90        0.00     12
      2851     59.52          0.00       62.59        0.00      8
      2852     59.54          0.00       59.65        0.00     10
      2853     59.55          0.00       59.65        0.00     10
      2854     59.57         19.05       83.04       19.05      4
      2855     59.59          0.00       66.72        0.00     12
      2856     59.61         14.13       84.72       14.13      4
      2857     59.62          0.00       65.25        0.00     12
      2858     59.64          0.00       66.72        0.00     14
      2859     59.66         17.49       88.08       17.49      8
      2860     59.68         10.13       64.06       10.13     12
      2861     59.71         17.49       88.08       17.49      8
      2862     59.72          0.00       66.72        0.00     12
      2863     59.74         15.13       79.12       15.13     10
      2864     59.76         14.13       84.72       14.13      8
      2865     59.78          0.00       65.25        0.00     14
      2866     59.79         14.13       84.72       14.13      6
      2867     59.81          0.00       58.90        0.00      8
      2868     59.83          8.15       72.14        8.15     14
      2869     59.85          0.00       58.50        0.00      8
      2870     59.86         14.16       84.75       14.16      6
      2871     59.88          8.50       71.39        8.50     14
      2872     59.90          0.00       62.59        0.00     10
      2873     59.92          0.00       62.59        0.00     10
      2874     59.94         10.13       62.94       10.13     14
      2875     59.97          0.00       66.72        0.00     12
      2876     59.99         18.05       88.64       18.05      6
  ------------------------------------------------------------
