========================================================================
  ConstructiveHeuristic — unknown
========================================================================
  alpha=0.4  time_limit=60s  seed=None  min_sep=10.0
  weights: makespan=1.0  delay=0.0  movements=0.0

  Instance: 10 aircraft  5 positions  3 blocking arcs
  Blocking arcs: P3→P4  P3→P5  P4→P5

────────────────────────────────────────────────────────────────────────
  Best construction detail  (iter 1  obj=55.6100)
────────────────────────────────────────────────────────────────────────
Blocking arcs: P3→P4  P3→P5  P4→P5

Aircraft initial ranking (target_finish ASC, total_duration ASC):
  Rank   ID       earliest     target    duration
  ----------------------------------------------
  [ 0]  R8          13.02      21.99        7.74
  [ 1]  R10         18.84      29.89        9.26
  [ 2]  R3           0.00      35.63       16.05
  [ 3]  R1           0.00      51.06       21.52
  [ 4]  R2           0.00      53.35       25.44
  [ 5]  R4           5.62      55.07       20.17
  [ 6]  R5           6.51      60.01       20.40
  [ 7]  R6           8.77      62.89       20.80
  [ 8]  R7          12.91      63.99       21.55
  [ 9]  R9          13.44      70.59       27.15

========================================================================
  STEP 1/10
========================================================================

  Pair evaluation  (50 pairs):
    Rank   ID      Pos     t_start   t_finish    delay      gap   blocking      score    weight     P(%)   cum(%)
    ---------------------------------------------------------------------------------------------------------
    [ 0]  R3      P1         0.00      16.05     0.00     0.00       none      16.05    1.0000   40.00%   40.00%
    [ 1]  R3      P2         0.00      16.05     0.00     0.00       none      16.05    0.6000   24.00%   64.00%
    [ 2]  R3      P3         0.00      16.05     0.00     0.00       none      16.05    0.3600   14.40%   78.40%
    [ 3]  R3      P4         0.00      16.05     0.00     0.00       none      16.05    0.2160    8.64%   87.04%
    [ 4]  R3      P5         0.00      16.05     0.00     0.00       none      16.05    0.1296    5.18%   92.22%
    [ 5]  R8      P1        13.02      20.76     0.00     0.00       none      20.76    0.0778    3.11%   95.33%
    [ 6]  R8      P2        13.02      20.76     0.00     0.00       none      20.76    0.0467    1.87%   97.20%
    [ 7]  R8      P3        13.02      20.76     0.00     0.00       none      20.76    0.0280    1.12%   98.32%
    [ 8]  R8      P4        13.02      20.76     0.00     0.00       none      20.76    0.0168    0.67%   98.99%
    [ 9]  R8      P5        13.02      20.76     0.00     0.00       none      20.76    0.0101    0.40%   99.40%
    [10]  R1      P1         0.00      21.52     0.00     0.00       none      21.52    0.0060    0.24%   99.64%
    [11]  R1      P2         0.00      21.52     0.00     0.00       none      21.52    0.0036    0.15%   99.78%
    [12]  R1      P3         0.00      21.52     0.00     0.00       none      21.52    0.0022    0.09%   99.87%
    [13]  R1      P4         0.00      21.52     0.00     0.00       none      21.52    0.0013    0.05%   99.92%
    [14]  R1      P5         0.00      21.52     0.00     0.00       none      21.52    0.0008    0.03%   99.95%
    [15]  R2      P1         0.00      25.44     0.00     0.00       none      25.44    0.0005    0.02%   99.97%
    [16]  R2      P2         0.00      25.44     0.00     0.00       none      25.44    0.0003    0.01%   99.98%
    [17]  R2      P3         0.00      25.44     0.00     0.00       none      25.44    0.0002    0.01%   99.99%
    [18]  R2      P4         0.00      25.44     0.00     0.00       none      25.44    0.0001    0.00%   99.99%
    [19]  R2      P5         0.00      25.44     0.00     0.00       none      25.44    0.0001    0.00%  100.00%
    [20]  R4      P1         5.62      25.79     0.00     0.00       none      25.79    0.0000    0.00%  100.00%
    [21]  R4      P2         5.62      25.79     0.00     0.00       none      25.79    0.0000    0.00%  100.00%
    [22]  R4      P3         5.62      25.79     0.00     0.00       none      25.79    0.0000    0.00%  100.00%
    [23]  R4      P4         5.62      25.79     0.00     0.00       none      25.79    0.0000    0.00%  100.00%
    [24]  R4      P5         5.62      25.79     0.00     0.00       none      25.79    0.0000    0.00%  100.00%
    [25]  R5      P1         6.51      26.91     0.00     0.00       none      26.91    0.0000    0.00%  100.00%
    [26]  R5      P2         6.51      26.91     0.00     0.00       none      26.91    0.0000    0.00%  100.00%
    [27]  R5      P3         6.51      26.91     0.00     0.00       none      26.91    0.0000    0.00%  100.00%
    [28]  R5      P4         6.51      26.91     0.00     0.00       none      26.91    0.0000    0.00%  100.00%
    [29]  R5      P5         6.51      26.91     0.00     0.00       none      26.91    0.0000    0.00%  100.00%
    [30]  R10     P1        18.84      28.10     0.00     0.00       none      28.10    0.0000    0.00%  100.00%
    [31]  R10     P2        18.84      28.10     0.00     0.00       none      28.10    0.0000    0.00%  100.00%
    [32]  R10     P3        18.84      28.10     0.00     0.00       none      28.10    0.0000    0.00%  100.00%
    [33]  R10     P4        18.84      28.10     0.00     0.00       none      28.10    0.0000    0.00%  100.00%
    [34]  R10     P5        18.84      28.10     0.00     0.00       none      28.10    0.0000    0.00%  100.00%
    [35]  R6      P1         8.77      29.57     0.00     0.00       none      29.57    0.0000    0.00%  100.00%
    [36]  R6      P2         8.77      29.57     0.00     0.00       none      29.57    0.0000    0.00%  100.00%
    [37]  R6      P3         8.77      29.57     0.00     0.00       none      29.57    0.0000    0.00%  100.00%
    [38]  R6      P4         8.77      29.57     0.00     0.00       none      29.57    0.0000    0.00%  100.00%
    [39]  R6      P5         8.77      29.57     0.00     0.00       none      29.57    0.0000    0.00%  100.00%
    [40]  R7      P1        12.91      34.46     0.00     0.00       none      34.46    0.0000    0.00%  100.00%
    [41]  R7      P2        12.91      34.46     0.00     0.00       none      34.46    0.0000    0.00%  100.00%
    [42]  R7      P3        12.91      34.46     0.00     0.00       none      34.46    0.0000    0.00%  100.00%
    [43]  R7      P4        12.91      34.46     0.00     0.00       none      34.46    0.0000    0.00%  100.00%
    [44]  R7      P5        12.91      34.46     0.00     0.00       none      34.46    0.0000    0.00%  100.00%
    [45]  R9      P1        13.44      40.59     0.00     0.00       none      40.59    0.0000    0.00%  100.00%
    [46]  R9      P2        13.44      40.59     0.00     0.00       none      40.59    0.0000    0.00%  100.00%
    [47]  R9      P3        13.44      40.59     0.00     0.00       none      40.59    0.0000    0.00%  100.00%
    [48]  R9      P4        13.44      40.59     0.00     0.00       none      40.59    0.0000    0.00%  100.00%
    [49]  R9      P5        13.44      40.59     0.00     0.00       none      40.59    0.0000    0.00%  100.00%
    draw=1.7062  →  (R3, P3) (rank 2) selected

  Assignment: R3 → P3  [0.00 → 16.05]  delay=0.00
    J3-1       [0.00 → 8.95]
    J3-2       [8.95 → 16.05]

  Assigned so far:
    ID      Pos       start    finish    delay
    ----------------------------------------
    R3      P3         0.00     16.05     0.00

========================================================================
  STEP 2/10
========================================================================

  Pair evaluation  (45 pairs):
    Rank   ID      Pos     t_start   t_finish    delay      gap   blocking      score    weight     P(%)   cum(%)
    ---------------------------------------------------------------------------------------------------------
    [ 0]  R8      P1        13.02      20.76     0.00     0.00       none      20.76    1.0000   40.00%   40.00%
    [ 1]  R8      P2        13.02      20.76     0.00     0.00       none      20.76    0.6000   24.00%   64.00%
    [ 2]  R8      P4        13.02      20.76     0.00     0.00      2 mov      20.76    0.3600   14.40%   78.40%
    [ 3]  R8      P5        13.02      20.76     0.00     0.00      2 mov      20.76    0.2160    8.64%   87.04%
    [ 4]  R1      P1         0.00      21.52     0.00     0.00       none      21.52    0.1296    5.18%   92.22%
    [ 5]  R1      P2         0.00      21.52     0.00     0.00       none      21.52    0.0778    3.11%   95.33%
    [ 6]  R1      P4         0.00      21.52     0.00     0.00       none      21.52    0.0467    1.87%   97.20%
    [ 7]  R1      P5         0.00      21.52     0.00     0.00       none      21.52    0.0280    1.12%   98.32%
    [ 8]  R2      P1         0.00      25.44     0.00     0.00       none      25.44    0.0168    0.67%   98.99%
    [ 9]  R2      P2         0.00      25.44     0.00     0.00       none      25.44    0.0101    0.40%   99.40%
    [10]  R2      P4         0.00      25.44     0.00     0.00       none      25.44    0.0060    0.24%   99.64%
    [11]  R2      P5         0.00      25.44     0.00     0.00       none      25.44    0.0036    0.15%   99.78%
    [12]  R4      P1         5.62      25.79     0.00     0.00       none      25.79    0.0022    0.09%   99.87%
    [13]  R4      P2         5.62      25.79     0.00     0.00       none      25.79    0.0013    0.05%   99.92%
    [14]  R4      P4         5.62      25.79     0.00     0.00      2 mov      25.79    0.0008    0.03%   99.95%
    [15]  R4      P5         5.62      25.79     0.00     0.00      2 mov      25.79    0.0005    0.02%   99.97%
    [16]  R5      P1         6.51      26.91     0.00     0.00       none      26.91    0.0003    0.01%   99.98%
    [17]  R5      P2         6.51      26.91     0.00     0.00       none      26.91    0.0002    0.01%   99.99%
    [18]  R5      P4         6.51      26.91     0.00     0.00      2 mov      26.91    0.0001    0.00%   99.99%
    [19]  R5      P5         6.51      26.91     0.00     0.00      2 mov      26.91    0.0001    0.00%  100.00%
    [20]  R10     P1        18.84      28.10     0.00     0.00       none      28.10    0.0000    0.00%  100.00%
    [21]  R10     P2        18.84      28.10     0.00     0.00       none      28.10    0.0000    0.00%  100.00%
    [22]  R10     P4        18.84      28.10     0.00     0.00       none      28.10    0.0000    0.00%  100.00%
    [23]  R10     P5        18.84      28.10     0.00     0.00       none      28.10    0.0000    0.00%  100.00%
    [24]  R6      P1         8.77      29.57     0.00     0.00       none      29.57    0.0000    0.00%  100.00%
    [25]  R6      P2         8.77      29.57     0.00     0.00       none      29.57    0.0000    0.00%  100.00%
    [26]  R6      P4         8.77      29.57     0.00     0.00      2 mov      29.57    0.0000    0.00%  100.00%
    [27]  R6      P5         8.77      29.57     0.00     0.00      2 mov      29.57    0.0000    0.00%  100.00%
    [28]  R7      P1        12.91      34.46     0.00     0.00       none      34.46    0.0000    0.00%  100.00%
    [29]  R7      P2        12.91      34.46     0.00     0.00       none      34.46    0.0000    0.00%  100.00%
    [30]  R7      P4        12.91      34.46     0.00     0.00      2 mov      34.46    0.0000    0.00%  100.00%
    [31]  R7      P5        12.91      34.46     0.00     0.00      2 mov      34.46    0.0000    0.00%  100.00%
    [32]  R9      P1        13.44      40.59     0.00     0.00       none      40.59    0.0000    0.00%  100.00%
    [33]  R9      P2        13.44      40.59     0.00     0.00       none      40.59    0.0000    0.00%  100.00%
    [34]  R9      P4        13.44      40.59     0.00     0.00      2 mov      40.59    0.0000    0.00%  100.00%
    [35]  R9      P5        13.44      40.59     0.00     0.00      2 mov      40.59    0.0000    0.00%  100.00%
    [36]  R8      P3        26.05      33.79    11.80    10.00       none      43.79    0.0000    0.00%  100.00%
    [37]  R10     P3        26.05      35.31     5.42    10.00       none      45.31    0.0000    0.00%  100.00%
    [38]  R4      P3        26.05      46.22     0.00    10.00       none      56.22    0.0000    0.00%  100.00%
    [39]  R5      P3        26.05      46.45     0.00    10.00       none      56.45    0.0000    0.00%  100.00%
    [40]  R6      P3        26.05      46.85     0.00    10.00       none      56.85    0.0000    0.00%  100.00%
    [41]  R1      P3        26.05      47.57     0.00    10.00       none      57.57    0.0000    0.00%  100.00%
    [42]  R7      P3        26.05      47.60     0.00    10.00       none      57.60    0.0000    0.00%  100.00%
    [43]  R2      P3        26.05      51.49     0.00    10.00       none      61.49    0.0000    0.00%  100.00%
    [44]  R9      P3        26.05      53.20     0.00    10.00       none      63.20    0.0000    0.00%  100.00%
    draw=0.9946  →  (R8, P1) (rank 0) selected

  Assignment: R8 → P1  [13.02 → 20.76]  delay=0.00
    J8-1       [13.02 → 20.75]

  Assigned so far:
    ID      Pos       start    finish    delay
    ----------------------------------------
    R3      P3         0.00     16.05     0.00
    R8      P1        13.02     20.75     0.00

========================================================================
  STEP 3/10
========================================================================

  Pair evaluation  (40 pairs):
    Rank   ID      Pos     t_start   t_finish    delay      gap   blocking      score    weight     P(%)   cum(%)
    ---------------------------------------------------------------------------------------------------------
    [ 0]  R1      P2         0.00      21.52     0.00     0.00       none      21.52    1.0000   40.00%   40.00%
    [ 1]  R1      P4         0.00      21.52     0.00     0.00       none      21.52    0.6000   24.00%   64.00%
    [ 2]  R1      P5         0.00      21.52     0.00     0.00       none      21.52    0.3600   14.40%   78.40%
    [ 3]  R2      P2         0.00      25.44     0.00     0.00       none      25.44    0.2160    8.64%   87.04%
    [ 4]  R2      P4         0.00      25.44     0.00     0.00       none      25.44    0.1296    5.18%   92.22%
    [ 5]  R2      P5         0.00      25.44     0.00     0.00       none      25.44    0.0778    3.11%   95.33%
    [ 6]  R4      P2         5.62      25.79     0.00     0.00       none      25.79    0.0467    1.87%   97.20%
    [ 7]  R4      P4         5.62      25.79     0.00     0.00      2 mov      25.79    0.0280    1.12%   98.32%
    [ 8]  R4      P5         5.62      25.79     0.00     0.00      2 mov      25.79    0.0168    0.67%   98.99%
    [ 9]  R5      P2         6.51      26.91     0.00     0.00       none      26.91    0.0101    0.40%   99.40%
    [10]  R5      P4         6.51      26.91     0.00     0.00      2 mov      26.91    0.0060    0.24%   99.64%
    [11]  R5      P5         6.51      26.91     0.00     0.00      2 mov      26.91    0.0036    0.15%   99.78%
    [12]  R10     P2        18.84      28.10     0.00     0.00       none      28.10    0.0022    0.09%   99.87%
    [13]  R10     P4        18.84      28.10     0.00     0.00       none      28.10    0.0013    0.05%   99.92%
    [14]  R10     P5        18.84      28.10     0.00     0.00       none      28.10    0.0008    0.03%   99.95%
    [15]  R6      P2         8.77      29.57     0.00     0.00       none      29.57    0.0005    0.02%   99.97%
    [16]  R6      P4         8.77      29.57     0.00     0.00      2 mov      29.57    0.0003    0.01%   99.98%
    [17]  R6      P5         8.77      29.57     0.00     0.00      2 mov      29.57    0.0002    0.01%   99.99%
    [18]  R7      P2        12.91      34.46     0.00     0.00       none      34.46    0.0001    0.00%   99.99%
    [19]  R7      P4        12.91      34.46     0.00     0.00      2 mov      34.46    0.0001    0.00%  100.00%
    [20]  R7      P5        12.91      34.46     0.00     0.00      2 mov      34.46    0.0000    0.00%  100.00%
    [21]  R9      P2        13.44      40.59     0.00     0.00       none      40.59    0.0000    0.00%  100.00%
    [22]  R9      P4        13.44      40.59     0.00     0.00      2 mov      40.59    0.0000    0.00%  100.00%
    [23]  R9      P5        13.44      40.59     0.00     0.00      2 mov      40.59    0.0000    0.00%  100.00%
    [24]  R10     P3        26.05      35.31     5.42    10.00       none      45.31    0.0000    0.00%  100.00%
    [25]  R10     P1        30.76      40.02    10.13    10.00       none      50.02    0.0000    0.00%  100.00%
    [26]  R4      P3        26.05      46.22     0.00    10.00       none      56.22    0.0000    0.00%  100.00%
    [27]  R5      P3        26.05      46.45     0.00    10.00       none      56.45    0.0000    0.00%  100.00%
    [28]  R6      P3        26.05      46.85     0.00    10.00       none      56.85    0.0000    0.00%  100.00%
    [29]  R1      P3        26.05      47.57     0.00    10.00       none      57.57    0.0000    0.00%  100.00%
    [30]  R7      P3        26.05      47.60     0.00    10.00       none      57.60    0.0000    0.00%  100.00%
    [31]  R4      P1        30.76      50.93     0.00    10.00       none      60.93    0.0000    0.00%  100.00%
    [32]  R5      P1        30.76      51.16     0.00    10.00       none      61.16    0.0000    0.00%  100.00%
    [33]  R2      P3        26.05      51.49     0.00    10.00       none      61.49    0.0000    0.00%  100.00%
    [34]  R6      P1        30.76      51.56     0.00    10.00       none      61.56    0.0000    0.00%  100.00%
    [35]  R1      P1        30.76      52.28     1.21    10.00       none      62.28    0.0000    0.00%  100.00%
    [36]  R7      P1        30.76      52.31     0.00    10.00       none      62.31    0.0000    0.00%  100.00%
    [37]  R9      P3        26.05      53.20     0.00    10.00       none      63.20    0.0000    0.00%  100.00%
    [38]  R2      P1        30.76      56.20     2.84    10.00       none      66.19    0.0000    0.00%  100.00%
    [39]  R9      P1        30.76      57.91     0.00    10.00       none      67.91    0.0000    0.00%  100.00%
    draw=2.1560  →  (R2, P2) (rank 3) selected

  Assignment: R2 → P2  [0.00 → 25.44]  delay=0.00
    J2-1       [0.00 → 7.50]
    J2-2       [7.50 → 15.75]
    J2-3       [15.75 → 25.44]

  Assigned so far:
    ID      Pos       start    finish    delay
    ----------------------------------------
    R3      P3         0.00     16.05     0.00
    R8      P1        13.02     20.75     0.00
    R2      P2         0.00     25.44     0.00

========================================================================
  STEP 4/10
========================================================================

  Pair evaluation  (35 pairs):
    Rank   ID      Pos     t_start   t_finish    delay      gap   blocking      score    weight     P(%)   cum(%)
    ---------------------------------------------------------------------------------------------------------
    [ 0]  R1      P4         0.00      21.52     0.00     0.00       none      21.52    1.0000   40.00%   40.00%
    [ 1]  R1      P5         0.00      21.52     0.00     0.00       none      21.52    0.6000   24.00%   64.00%
    [ 2]  R4      P4         5.62      25.79     0.00     0.00      2 mov      25.79    0.3600   14.40%   78.40%
    [ 3]  R4      P5         5.62      25.79     0.00     0.00      2 mov      25.79    0.2160    8.64%   87.04%
    [ 4]  R5      P4         6.51      26.91     0.00     0.00      2 mov      26.91    0.1296    5.18%   92.22%
    [ 5]  R5      P5         6.51      26.91     0.00     0.00      2 mov      26.91    0.0778    3.11%   95.33%
    [ 6]  R10     P4        18.84      28.10     0.00     0.00       none      28.10    0.0467    1.87%   97.20%
    [ 7]  R10     P5        18.84      28.10     0.00     0.00       none      28.10    0.0280    1.12%   98.32%
    [ 8]  R6      P4         8.77      29.57     0.00     0.00      2 mov      29.57    0.0168    0.67%   98.99%
    [ 9]  R6      P5         8.77      29.57     0.00     0.00      2 mov      29.57    0.0101    0.40%   99.40%
    [10]  R7      P4        12.91      34.46     0.00     0.00      2 mov      34.46    0.0060    0.24%   99.64%
    [11]  R7      P5        12.91      34.46     0.00     0.00      2 mov      34.46    0.0036    0.15%   99.78%
    [12]  R9      P4        13.44      40.59     0.00     0.00      2 mov      40.59    0.0022    0.09%   99.87%
    [13]  R9      P5        13.44      40.59     0.00     0.00      2 mov      40.59    0.0013    0.05%   99.92%
    [14]  R10     P3        26.05      35.31     5.42    10.00       none      45.31    0.0008    0.03%   99.95%
    [15]  R10     P1        30.76      40.02    10.13    10.00       none      50.02    0.0005    0.02%   99.97%
    [16]  R10     P2        35.44      44.70    14.81    10.00       none      54.70    0.0003    0.01%   99.98%
    [17]  R4      P3        26.05      46.22     0.00    10.00       none      56.22    0.0002    0.01%   99.99%
    [18]  R5      P3        26.05      46.45     0.00    10.00       none      56.45    0.0001    0.00%   99.99%
    [19]  R6      P3        26.05      46.85     0.00    10.00       none      56.85    0.0001    0.00%  100.00%
    [20]  R1      P3        26.05      47.57     0.00    10.00       none      57.57    0.0000    0.00%  100.00%
    [21]  R7      P3        26.05      47.60     0.00    10.00       none      57.60    0.0000    0.00%  100.00%
    [22]  R4      P1        30.76      50.93     0.00    10.00       none      60.93    0.0000    0.00%  100.00%
    [23]  R5      P1        30.76      51.16     0.00    10.00       none      61.16    0.0000    0.00%  100.00%
    [24]  R6      P1        30.76      51.56     0.00    10.00       none      61.56    0.0000    0.00%  100.00%
    [25]  R1      P1        30.76      52.28     1.21    10.00       none      62.28    0.0000    0.00%  100.00%
    [26]  R7      P1        30.76      52.31     0.00    10.00       none      62.31    0.0000    0.00%  100.00%
    [27]  R9      P3        26.05      53.20     0.00    10.00       none      63.20    0.0000    0.00%  100.00%
    [28]  R4      P2        35.44      55.61     0.54    10.00       none      65.61    0.0000    0.00%  100.00%
    [29]  R5      P2        35.44      55.84     0.00    10.00       none      65.84    0.0000    0.00%  100.00%
    [30]  R6      P2        35.44      56.24     0.00    10.00       none      66.24    0.0000    0.00%  100.00%
    [31]  R1      P2        35.44      56.96     5.90    10.00       none      66.96    0.0000    0.00%  100.00%
    [32]  R7      P2        35.44      56.99     0.00    10.00       none      66.99    0.0000    0.00%  100.00%
    [33]  R9      P1        30.76      57.91     0.00    10.00       none      67.91    0.0000    0.00%  100.00%
    [34]  R9      P2        35.44      62.59     0.00    10.00       none      72.59    0.0000    0.00%  100.00%
    draw=1.2118  →  (R1, P5) (rank 1) selected

  Assignment: R1 → P5  [0.00 → 21.52]  delay=0.00
    J1-1       [0.00 → 6.55]
    J1-2       [6.55 → 12.99]
    J1-3       [12.99 → 21.52]

  Assigned so far:
    ID      Pos       start    finish    delay
    ----------------------------------------
    R3      P3         0.00     16.05     0.00
    R8      P1        13.02     20.75     0.00
    R2      P2         0.00     25.44     0.00
    R1      P5         0.00     21.52     0.00

========================================================================
  STEP 5/10
========================================================================

  Pair evaluation  (30 pairs):
    Rank   ID      Pos     t_start   t_finish    delay      gap   blocking      score    weight     P(%)   cum(%)
    ---------------------------------------------------------------------------------------------------------
    [ 0]  R4      P4         5.62      25.79     0.00     0.00      4 mov      25.79    1.0000   40.00%   40.00%
    [ 1]  R5      P4         6.51      26.91     0.00     0.00      4 mov      26.91    0.6000   24.00%   64.00%
    [ 2]  R10     P4        18.84      28.10     0.00     0.00      2 mov      28.10    0.3600   14.40%   78.40%
    [ 3]  R6      P4         8.77      29.57     0.00     0.00      4 mov      29.57    0.2160    8.64%   87.04%
    [ 4]  R7      P4        12.91      34.46     0.00     0.00      4 mov      34.46    0.1296    5.18%   92.22%
    [ 5]  R9      P4        13.44      40.59     0.00     0.00      4 mov      40.59    0.0778    3.11%   95.33%
    [ 6]  R10     P3        26.05      35.31     5.42    10.00       none      45.31    0.0467    1.87%   97.20%
    [ 7]  R10     P1        30.76      40.02    10.13    10.00       none      50.02    0.0280    1.12%   98.32%
    [ 8]  R10     P5        31.52      40.78    10.89    10.00       none      50.78    0.0168    0.67%   98.99%
    [ 9]  R10     P2        35.44      44.70    14.81    10.00       none      54.70    0.0101    0.40%   99.40%
    [10]  R4      P3        26.05      46.22     0.00    10.00       none      56.22    0.0060    0.24%   99.64%
    [11]  R5      P3        26.05      46.45     0.00    10.00       none      56.45    0.0036    0.15%   99.78%
    [12]  R6      P3        26.05      46.85     0.00    10.00       none      56.85    0.0022    0.09%   99.87%
    [13]  R7      P3        26.05      47.60     0.00    10.00       none      57.60    0.0013    0.05%   99.92%
    [14]  R4      P1        30.76      50.93     0.00    10.00       none      60.93    0.0008    0.03%   99.95%
    [15]  R5      P1        30.76      51.16     0.00    10.00       none      61.16    0.0005    0.02%   99.97%
    [16]  R6      P1        30.76      51.56     0.00    10.00       none      61.56    0.0003    0.01%   99.98%
    [17]  R4      P5        31.52      51.69     0.00    10.00       none      61.69    0.0002    0.01%   99.99%
    [18]  R5      P5        31.52      51.92     0.00    10.00       none      61.92    0.0001    0.00%   99.99%
    [19]  R7      P1        30.76      52.31     0.00    10.00       none      62.31    0.0001    0.00%  100.00%
    [20]  R6      P5        31.52      52.32     0.00    10.00       none      62.32    0.0000    0.00%  100.00%
    [21]  R7      P5        31.52      53.07     0.00    10.00       none      63.07    0.0000    0.00%  100.00%
    [22]  R9      P3        26.05      53.20     0.00    10.00       none      63.20    0.0000    0.00%  100.00%
    [23]  R4      P2        35.44      55.61     0.54    10.00       none      65.61    0.0000    0.00%  100.00%
    [24]  R5      P2        35.44      55.84     0.00    10.00       none      65.84    0.0000    0.00%  100.00%
    [25]  R6      P2        35.44      56.24     0.00    10.00       none      66.24    0.0000    0.00%  100.00%
    [26]  R7      P2        35.44      56.99     0.00    10.00       none      66.99    0.0000    0.00%  100.00%
    [27]  R9      P1        30.76      57.91     0.00    10.00       none      67.91    0.0000    0.00%  100.00%
    [28]  R9      P5        31.52      58.67     0.00    10.00       none      68.67    0.0000    0.00%  100.00%
    [29]  R9      P2        35.44      62.59     0.00    10.00       none      72.59    0.0000    0.00%  100.00%
    draw=1.0323  →  (R5, P4) (rank 1) selected
  start-time compare  R5 → P4:  t_imm=6.51 cost=26.91 (4 new movs)  vs  t_nob=21.52 cost=41.92

  Assignment: R5 → P4  [6.51 → 26.91]  delay=0.00
    J5-1       [6.51 → 12.57]
    J5-2       [12.57 → 18.30]
    J5-3       [18.30 → 26.91]

  Assigned so far:
    ID      Pos       start    finish    delay
    ----------------------------------------
    R3      P3         0.00     16.05     0.00
    R8      P1        13.02     20.75     0.00
    R2      P2         0.00     25.44     0.00
    R1      P5         0.00     21.52     0.00
    R5      P4         6.51     26.91     0.00

========================================================================
  STEP 6/10
========================================================================

  Pair evaluation  (25 pairs):
    Rank   ID      Pos     t_start   t_finish    delay      gap   blocking      score    weight     P(%)   cum(%)
    ---------------------------------------------------------------------------------------------------------
    [ 0]  R10     P3        26.05      35.31     5.42    10.00      6 mov      45.31    1.0000   40.00%   40.00%
    [ 1]  R10     P1        30.76      40.02    10.13    10.00      4 mov      50.02    0.6000   24.00%   64.00%
    [ 2]  R10     P5        31.52      40.78    10.89    10.00      4 mov      50.78    0.3600   14.40%   78.40%
    [ 3]  R10     P2        35.44      44.70    14.81    10.00      4 mov      54.70    0.2160    8.64%   87.04%
    [ 4]  R10     P4        36.91      46.17    16.29    10.00      4 mov      56.17    0.1296    5.18%   92.22%
    [ 5]  R4      P3        26.05      46.22     0.00    10.00      6 mov      56.22    0.0778    3.11%   95.33%
    [ 6]  R6      P3        26.05      46.85     0.00    10.00      6 mov      56.85    0.0467    1.87%   97.20%
    [ 7]  R7      P3        26.05      47.60     0.00    10.00      6 mov      57.60    0.0280    1.12%   98.32%
    [ 8]  R4      P1        30.76      50.93     0.00    10.00      4 mov      60.93    0.0168    0.67%   98.99%
    [ 9]  R6      P1        30.76      51.56     0.00    10.00      4 mov      61.56    0.0101    0.40%   99.40%
    [10]  R4      P5        31.52      51.69     0.00    10.00      4 mov      61.69    0.0060    0.24%   99.64%
    [11]  R7      P1        30.76      52.31     0.00    10.00      4 mov      62.31    0.0036    0.15%   99.78%
    [12]  R6      P5        31.52      52.32     0.00    10.00      4 mov      62.32    0.0022    0.09%   99.87%
    [13]  R7      P5        31.52      53.07     0.00    10.00      4 mov      63.07    0.0013    0.05%   99.92%
    [14]  R9      P3        26.05      53.20     0.00    10.00      6 mov      63.20    0.0008    0.03%   99.95%
    [15]  R4      P2        35.44      55.61     0.54    10.00      4 mov      65.61    0.0005    0.02%   99.97%
    [16]  R6      P2        35.44      56.24     0.00    10.00      4 mov      66.24    0.0003    0.01%   99.98%
    [17]  R7      P2        35.44      56.99     0.00    10.00      4 mov      66.99    0.0002    0.01%   99.99%
    [18]  R4      P4        36.91      57.08     2.01    10.00      4 mov      67.08    0.0001    0.00%   99.99%
    [19]  R6      P4        36.91      57.71     0.00    10.00      4 mov      67.71    0.0001    0.00%  100.00%
    [20]  R9      P1        30.76      57.91     0.00    10.00      4 mov      67.91    0.0000    0.00%  100.00%
    [21]  R7      P4        36.91      58.46     0.00    10.00      4 mov      68.46    0.0000    0.00%  100.00%
    [22]  R9      P5        31.52      58.67     0.00    10.00      4 mov      68.67    0.0000    0.00%  100.00%
    [23]  R9      P2        35.44      62.59     0.00    10.00      4 mov      72.59    0.0000    0.00%  100.00%
    [24]  R9      P4        36.91      64.06     0.00    10.00      4 mov      74.06    0.0000    0.00%  100.00%
    draw=1.6382  →  (R10, P5) (rank 2) selected

  Assignment: R10 → P5  [31.52 → 40.78]  delay=10.89
    J10-1      [31.52 → 40.78]

  Assigned so far:
    ID      Pos       start    finish    delay
    ----------------------------------------
    R3      P3         0.00     16.05     0.00
    R8      P1        13.02     20.75     0.00
    R2      P2         0.00     25.44     0.00
    R1      P5         0.00     21.52     0.00
    R5      P4         6.51     26.91     0.00
    R10     P5        31.52     40.78    10.89

========================================================================
  STEP 7/10
========================================================================

  Pair evaluation  (20 pairs):
    Rank   ID      Pos     t_start   t_finish    delay      gap   blocking      score    weight     P(%)   cum(%)
    ---------------------------------------------------------------------------------------------------------
    [ 0]  R4      P3        26.05      46.22     0.00    10.00     10 mov      56.22    1.0000   40.00%   40.00%
    [ 1]  R6      P3        26.05      46.85     0.00    10.00     10 mov      56.85    0.6000   24.00%   64.00%
    [ 2]  R7      P3        26.05      47.60     0.00    10.00     10 mov      57.60    0.3600   14.40%   78.40%
    [ 3]  R4      P1        30.76      50.93     0.00    10.00      4 mov      60.93    0.2160    8.64%   87.04%
    [ 4]  R6      P1        30.76      51.56     0.00    10.00      4 mov      61.56    0.1296    5.18%   92.23%
    [ 5]  R7      P1        30.76      52.31     0.00    10.00      4 mov      62.31    0.0778    3.11%   95.34%
    [ 6]  R9      P3        26.05      53.20     0.00    10.00     10 mov      63.20    0.0467    1.87%   97.20%
    [ 7]  R4      P2        35.44      55.61     0.54    10.00      4 mov      65.61    0.0280    1.12%   98.32%
    [ 8]  R6      P2        35.44      56.24     0.00    10.00      4 mov      66.24    0.0168    0.67%   99.00%
    [ 9]  R7      P2        35.44      56.99     0.00    10.00      4 mov      66.99    0.0101    0.40%   99.40%
    [10]  R4      P4        36.91      57.08     2.01    10.00      6 mov      67.08    0.0060    0.24%   99.64%
    [11]  R6      P4        36.91      57.71     0.00    10.00      6 mov      67.71    0.0036    0.15%   99.79%
    [12]  R9      P1        30.76      57.91     0.00    10.00      4 mov      67.91    0.0022    0.09%   99.87%
    [13]  R7      P4        36.91      58.46     0.00    10.00      6 mov      68.46    0.0013    0.05%   99.93%
    [14]  R9      P2        35.44      62.59     0.00    10.00      4 mov      72.59    0.0008    0.03%   99.96%
    [15]  R9      P4        36.91      64.06     0.00    10.00      6 mov      74.06    0.0005    0.02%   99.98%
    [16]  R4      P5        50.78      70.95    15.88    10.00      4 mov      80.95    0.0003    0.01%   99.99%
    [17]  R6      P5        50.78      71.58     8.69    10.00      4 mov      81.58    0.0002    0.01%   99.99%
    [18]  R7      P5        50.78      72.33     8.34    10.00      4 mov      82.33    0.0001    0.00%  100.00%
    [19]  R9      P5        50.78      77.93     7.34    10.00      4 mov      87.93    0.0001    0.00%  100.00%
    draw=0.7501  →  (R4, P3) (rank 0) selected
  start-time compare  R4 → P3:  t_imm=26.05 cost=46.22 (6 new movs)  vs  t_nob=40.78 cost=60.95

  Assignment: R4 → P3  [26.05 → 46.22]  delay=0.00
    J4-1       [26.05 → 32.54]
    J4-2       [32.54 → 38.91]
    J4-3       [38.91 → 46.22]

  Assigned so far:
    ID      Pos       start    finish    delay
    ----------------------------------------
    R3      P3         0.00     16.05     0.00
    R8      P1        13.02     20.75     0.00
    R2      P2         0.00     25.44     0.00
    R1      P5         0.00     21.52     0.00
    R5      P4         6.51     26.91     0.00
    R10     P5        31.52     40.78    10.89
    R4      P3        26.05     46.22     0.00

========================================================================
  STEP 8/10
========================================================================

  Pair evaluation  (15 pairs):
    Rank   ID      Pos     t_start   t_finish    delay      gap   blocking      score    weight     P(%)   cum(%)
    ---------------------------------------------------------------------------------------------------------
    [ 0]  R6      P1        30.76      51.56     0.00    10.00     10 mov      61.56    1.0000   40.02%   40.02%
    [ 1]  R7      P1        30.76      52.31     0.00    10.00     10 mov      62.31    0.6000   24.01%   64.03%
    [ 2]  R6      P2        35.44      56.24     0.00    10.00     10 mov      66.24    0.3600   14.41%   78.44%
    [ 3]  R7      P2        35.44      56.99     0.00    10.00     10 mov      66.99    0.2160    8.64%   87.08%
    [ 4]  R6      P4        36.91      57.71     0.00    10.00     14 mov      67.71    0.1296    5.19%   92.27%
    [ 5]  R9      P1        30.76      57.91     0.00    10.00     10 mov      67.91    0.0778    3.11%   95.38%
    [ 6]  R7      P4        36.91      58.46     0.00    10.00     14 mov      68.46    0.0467    1.87%   97.25%
    [ 7]  R9      P2        35.44      62.59     0.00    10.00     10 mov      72.59    0.0280    1.12%   98.37%
    [ 8]  R9      P4        36.91      64.06     0.00    10.00     14 mov      74.06    0.0168    0.67%   99.04%
    [ 9]  R6      P5        50.78      71.58     8.69    10.00     10 mov      81.58    0.0101    0.40%   99.44%
    [10]  R7      P5        50.78      72.33     8.34    10.00     10 mov      82.33    0.0060    0.24%   99.68%
    [11]  R6      P3        56.22      77.02    14.13    10.00     10 mov      87.02    0.0036    0.15%   99.83%
    [12]  R7      P3        56.22      77.77    13.78    10.00     10 mov      87.77    0.0022    0.09%   99.92%
    [13]  R9      P5        50.78      77.93     7.34    10.00     10 mov      87.93    0.0013    0.05%   99.97%
    [14]  R9      P3        56.22      83.37    12.78    10.00     10 mov      93.37    0.0008    0.03%  100.00%
    draw=1.1425  →  (R7, P1) (rank 1) selected

  Assignment: R7 → P1  [30.76 → 52.31]  delay=0.00
    J7-1       [30.75 → 36.52]
    J7-2       [36.52 → 43.01]
    J7-3       [43.01 → 52.30]

  Assigned so far:
    ID      Pos       start    finish    delay
    ----------------------------------------
    R3      P3         0.00     16.05     0.00
    R8      P1        13.02     20.75     0.00
    R2      P2         0.00     25.44     0.00
    R1      P5         0.00     21.52     0.00
    R5      P4         6.51     26.91     0.00
    R10     P5        31.52     40.78    10.89
    R4      P3        26.05     46.22     0.00
    R7      P1        30.75     52.30     0.00

========================================================================
  STEP 9/10
========================================================================

  Pair evaluation  (10 pairs):
    Rank   ID      Pos     t_start   t_finish    delay      gap   blocking      score    weight     P(%)   cum(%)
    ---------------------------------------------------------------------------------------------------------
    [ 0]  R6      P2        35.44      56.24     0.00    10.00     10 mov      66.24    1.0000   40.24%   40.24%
    [ 1]  R6      P4        36.91      57.71     0.00    10.00     14 mov      67.71    0.6000   24.15%   64.39%
    [ 2]  R9      P2        35.44      62.59     0.00    10.00     10 mov      72.59    0.3600   14.49%   78.88%
    [ 3]  R9      P4        36.91      64.06     0.00    10.00     14 mov      74.06    0.2160    8.69%   87.57%
    [ 4]  R6      P5        50.78      71.58     8.69    10.00     10 mov      81.58    0.1296    5.22%   92.79%
    [ 5]  R6      P3        56.22      77.02    14.13    10.00     10 mov      87.02    0.0778    3.13%   95.91%
    [ 6]  R9      P5        50.78      77.93     7.34    10.00     10 mov      87.93    0.0467    1.88%   97.79%
    [ 7]  R6      P1        62.31      83.11    20.21    10.00     10 mov      93.11    0.0280    1.13%   98.92%
    [ 8]  R9      P3        56.22      83.37    12.78    10.00     10 mov      93.37    0.0168    0.68%   99.59%
    [ 9]  R9      P1        62.31      89.46    18.87    10.00     10 mov      99.46    0.0101    0.41%  100.00%
    draw=1.9453  →  (R9, P2) (rank 2) selected

  Assignment: R9 → P2  [35.44 → 62.59]  delay=0.00
    J9-1       [35.44 → 42.59]
    J9-2       [42.59 → 52.62]
    J9-3       [52.62 → 62.59]

  Assigned so far:
    ID      Pos       start    finish    delay
    ----------------------------------------
    R3      P3         0.00     16.05     0.00
    R8      P1        13.02     20.75     0.00
    R2      P2         0.00     25.44     0.00
    R1      P5         0.00     21.52     0.00
    R5      P4         6.51     26.91     0.00
    R10     P5        31.52     40.78    10.89
    R4      P3        26.05     46.22     0.00
    R7      P1        30.75     52.30     0.00
    R9      P2        35.44     62.59     0.00

========================================================================
  STEP 10/10
========================================================================

  Pair evaluation  (5 pairs):
    Rank   ID      Pos     t_start   t_finish    delay      gap   blocking      score    weight     P(%)   cum(%)
    ---------------------------------------------------------------------------------------------------------
    [ 0]  R6      P4        36.91      57.71     0.00    10.00     14 mov      67.71    1.0000   43.37%   43.37%
    [ 1]  R6      P5        50.78      71.58     8.69    10.00     10 mov      81.58    0.6000   26.02%   69.40%
    [ 2]  R6      P3        56.22      77.02    14.13    10.00     10 mov      87.02    0.3600   15.61%   85.01%
    [ 3]  R6      P1        62.31      83.11    20.21    10.00     10 mov      93.11    0.2160    9.37%   94.38%
    [ 4]  R6      P2        72.59      93.39    30.50    10.00     10 mov     103.39    0.1296    5.62%  100.00%
    draw=0.3210  →  (R6, P4) (rank 0) selected
  start-time compare  R6 → P4:  t_imm=36.91 cost=57.71 (4 new movs)  vs  t_nob=46.22 cost=67.02

  Assignment: R6 → P4  [36.91 → 57.71]  delay=0.00
    J6-1       [36.91 → 41.21]
    J6-2       [41.21 → 48.86]
    J6-3       [48.86 → 57.71]

  Assigned so far:
    ID      Pos       start    finish    delay
    ----------------------------------------
    R3      P3         0.00     16.05     0.00
    R8      P1        13.02     20.75     0.00
    R2      P2         0.00     25.44     0.00
    R1      P5         0.00     21.52     0.00
    R5      P4         6.51     26.91     0.00
    R10     P5        31.52     40.78    10.89
    R4      P3        26.05     46.22     0.00
    R7      P1        30.75     52.30     0.00
    R9      P2        35.44     62.59     0.00
    R6      P4        36.91     57.71     0.00

========================================================================
  Iteration result:  makespan=62.59  movements=14  delay=10.89
========================================================================

========================================================================
  Local search start  obj=62.59
========================================================================
  LS 2-opt swap: R3 P3<->P2 R2  obj 62.59 -> 57.71
  LS 2-opt swap: R2 P3<->P4 R5  obj 57.71 -> 56.24
  LS 2-opt swap: R2 P4<->P5 R1  obj 56.24 -> 56.19
  LS 2-opt swap: R2 P5<->P3 R5  obj 56.19 -> 55.61
  Local search end    obj=55.61

────────────────────────────────────────────────────────────────────────
  Iteration history
────────────────────────────────────────────────────────────────────────
      Iter   Time(s)           Obj    Makespan       Delay    Mov
  ------------------------------------------------------------
         1      0.00         55.61       55.61       47.03     16  *
         2      0.06         55.61       55.61       42.14     12
         3      0.11         55.61       55.61       42.14     16
         4      0.15         55.61       55.61       42.14     14
         5      0.21         55.61       55.61       47.03     12
         6      0.27         55.61       55.61       47.03      8
         7      0.31         56.24       56.24       34.96     10
         8      0.34         55.61       55.61       47.03      6
         9      0.41         55.61       55.61       47.03     14
        10      0.46         55.61       55.61       47.03     12
        11      0.52         55.61       55.61       42.14      8
        12      0.55         55.61       55.61       47.03     14
        13      0.61         55.61       55.61       47.03      8
        14      0.67         55.61       55.61       42.14      8
        15      0.70         55.61       55.61       47.03     14
        16      0.75         55.61       55.61       47.03     16
        17      0.81         55.61       55.61       47.03     12
        18      0.84         55.61       55.61       49.69     14
        19      0.87         55.61       55.61       47.03     18
        20      0.93         55.61       55.61       47.03      8
        21      0.98         55.61       55.61       47.03      8
        22      1.04         55.61       55.61       42.14     16
        23      1.08         55.61       55.61       47.03      8
        24      1.16         55.61       55.61       49.69     18
        25      1.21         55.61       55.61       47.03     10
        26      1.26         55.61       55.61       47.03      6
        27      1.34         55.61       55.61       42.14     16
        28      1.37         55.61       55.61       42.14     10
        29      1.43         55.61       55.61       42.14      8
        30      1.48         55.61       55.61       47.03     12
        31      1.53         55.61       55.61       49.69     12
        32      1.57         55.61       55.61       47.03     14
        33      1.64         55.61       55.61       42.14     12
        34      1.67         55.61       55.61       42.14      6
        35      1.73         56.24       56.24       34.96     10
        36      1.77         55.61       55.61       47.03     14
        37      1.85         56.24       56.24       34.96     12
        38      1.90         55.61       55.61       49.69     18
        39      1.93         55.61       55.61       47.03     14
        40      1.97         55.61       55.61       47.03     20
        41      2.02         55.61       55.61       47.03     18
        42      2.09         55.61       55.61       47.03     10
        43      2.13         55.61       55.61       42.14     18
        44      2.18         55.61       55.61       47.03     18
        45      2.22         55.61       55.61       42.14     10
        46      2.26         55.61       55.61       42.14     12
        47      2.31         55.61       55.61       47.03     10
        48      2.36         55.61       55.61       49.69     10
        49      2.42         55.61       55.61       42.14      8
        50      2.47         55.61       55.61       47.03     18
        51      2.51         55.61       55.61       47.03     16
        52      2.58         56.24       56.24       34.96      8
        53      2.60         55.61       55.61       47.03     16
        54      2.64         55.61       55.61       49.69     12
        55      2.68         55.61       55.61       42.14     10
        56      2.73         55.61       55.61       42.14     16
        57      2.77         55.61       55.61       42.14      8
        58      2.80         55.61       55.61       49.69     16
        59      2.84         56.24       56.24       34.96      8
        60      2.87         55.61       55.61       49.69     14
        61      2.90         55.61       55.61       42.14     18
        62      2.92         55.61       55.61       47.03     12
        63      2.98         55.61       55.61       47.03     16
        64      3.04         55.61       55.61       47.03     16
        65      3.09         56.24       56.24       34.96      4
        66      3.12         55.61       55.61       47.03      8
        67      3.17         55.61       55.61       42.14     18
        68      3.22         55.61       55.61       47.03      8
        69      3.26         55.61       55.61       47.03     16
        70      3.33         55.61       55.61       47.03      8
        71      3.38         55.61       55.61       49.69     10
        72      3.43         55.61       55.61       47.03     10
        73      3.49         55.61       55.61       42.14     12
        74      3.53         56.24       56.24       34.96     12
        75      3.58         55.61       55.61       47.03     10
        76      3.64         55.61       55.61       47.03     14
        77      3.69         56.24       56.24       34.96     12
        78      3.73         55.61       55.61       49.69     12
        79      3.75         55.61       55.61       42.14     16
        80      3.78         55.61       55.61       42.14      8
        81      3.80         55.61       55.61       47.03     14
        82      3.88         55.61       55.61       49.69     16
        83      3.93         55.61       55.61       47.03     14
        84      3.99         56.24       56.24       34.96     18
        85      4.04         55.61       55.61       47.03     14
        86      4.09         55.61       55.61       47.03     10
        87      4.14         55.61       55.61       42.14     16
        88      4.20         55.61       55.61       49.69     14
        89      4.24         55.61       55.61       47.03     14
        90      4.29         55.61       55.61       47.03     12
        91      4.33         55.61       55.61       49.69     16
        92      4.38         55.61       55.61       49.69     12
        93      4.43         55.61       55.61       42.14     10
        94      4.49         55.61       55.61       49.69     16
        95      4.52         55.61       55.61       49.69     12
        96      4.54         55.61       55.61       47.03     12
        97      4.57         56.24       56.24       34.96     12
        98      4.61         55.61       55.61       42.14     10
        99      4.65         55.61       55.61       47.03     10
       100      4.70         55.61       55.61       47.03     16
       101      4.74         55.61       55.61       42.14      6
       102      4.78         55.61       55.61       42.14     10
       103      4.82         55.61       55.61       49.69     18
       104      4.86         55.61       55.61       47.03     10
       105      4.90         55.61       55.61       47.03      8
       106      4.94         55.61       55.61       47.03     20
       107      5.00         56.24       56.24       34.96      8
       108      5.03         55.61       55.61       47.03     16
       109      5.08         55.61       55.61       47.03      8
       110      5.12         55.61       55.61       49.69     12
       111      5.16         55.61       55.61       42.14     12
       112      5.22         55.61       55.61       47.03     16
       113      5.27         55.61       55.61       42.14      8
       114      5.31         55.61       55.61       49.69     20
       115      5.36         55.61       55.61       42.14     10
       116      5.38         55.61       55.61       47.03     10
       117      5.43         55.61       55.61       49.69     16
       118      5.47         55.61       55.61       47.03      8
       119      5.50         55.61       55.61       42.14     12
       120      5.54         56.24       56.24       34.96     12
       121      5.60         55.61       55.61       47.03      8
       122      5.63         55.61       55.61       47.03      8
       123      5.69         55.61       55.61       42.14     16
       124      5.74         55.61       55.61       47.03     12
       125      5.78         56.24       56.24       34.96      6
       126      5.81         56.24       56.24       34.96     10
       127      5.84         55.61       55.61       42.14      8
       128      5.87         55.61       55.61       42.14     10
       129      5.91         55.61       55.61       47.03     16
       130      5.98         55.61       55.61       42.14      8
       131      6.01         55.61       55.61       42.14     16
       132      6.05         55.61       55.61       47.03     12
       133      6.11         55.61       55.61       42.14      8
       134      6.14         55.61       55.61       47.03     10
       135      6.18         55.61       55.61       42.14     12
       136      6.24         55.61       55.61       47.03     12
       137      6.30         55.61       55.61       47.03      8
       138      6.35         55.61       55.61       47.03     12
       139      6.41         56.24       56.24       34.96      4
       140      6.44         55.61       55.61       47.03     12
       141      6.48         55.61       55.61       47.03      8
       142      6.53         55.61       55.61       42.14     16
       143      6.57         55.61       55.61       47.03     16
       144      6.62         55.61       55.61       42.14      8
       145      6.69         55.61       55.61       42.14     12
       146      6.74         55.61       55.61       47.03     12
       147      6.80         55.61       55.61       47.03     16
       148      6.83         55.61       55.61       47.03      8
       149      6.90         55.61       55.61       49.69     16
       150      6.93         55.61       55.61       42.14      8
       151      6.97         55.61       55.61       47.03     16
       152      7.01         55.61       55.61       42.14     14
       153      7.07         55.61       55.61       47.03     16
       154      7.11         55.61       55.61       47.03     16
       155      7.16         55.61       55.61       49.69     12
       156      7.20         55.61       55.61       47.03     18
       157      7.24         55.61       55.61       47.03     10
       158      7.31         55.61       55.61       47.03     20
       159      7.38         55.61       55.61       47.03      8
       160      7.45         55.61       55.61       47.03     18
       161      7.50         55.61       55.61       42.14     10
       162      7.56         55.61       55.61       47.03     12
       163      7.61         55.61       55.61       42.14     10
       164      7.66         55.61       55.61       47.03      6
       165      7.71         55.61       55.61       47.03     14
       166      7.78         55.61       55.61       42.14     10
       167      7.86         56.24       56.24       34.96     12
       168      7.93         55.61       55.61       49.69     18
       169      7.98         55.61       55.61       47.03     18
       170      8.03         55.61       55.61       42.14     10
       171      8.08         55.61       55.61       47.03      8
       172      8.16         55.61       55.61       47.03     12
       173      8.20         55.61       55.61       47.03     18
       174      8.25         55.61       55.61       49.69     12
       175      8.29         55.61       55.61       47.03     14
       176      8.36         55.61       55.61       47.03      8
       177      8.42         55.61       55.61       42.14     14
       178      8.47         55.61       55.61       42.14     16
       179      8.51         55.61       55.61       47.03     14
       180      8.59         56.24       56.24       34.96     14
       181      8.65         56.24       56.24       34.96      8
       182      8.68         55.61       55.61       47.03     14
       183      8.73         56.24       56.24       34.96     14
       184      8.76         55.61       55.61       42.14     10
       185      8.81         55.61       55.61       49.69     12
       186      8.89         55.61       55.61       47.03      6
       187      8.94         55.61       55.61       47.03     16
       188      9.01         55.61       55.61       49.69     12
       189      9.05         55.61       55.61       42.14     12
       190      9.08         56.24       56.24       34.96     10
       191      9.12         55.61       55.61       42.14     12
       192      9.17         55.61       55.61       47.03      8
       193      9.23         55.61       55.61       47.03     14
       194      9.28         55.61       55.61       47.03     12
       195      9.34         55.61       55.61       42.14      8
       196      9.38         55.61       55.61       47.03     16
       197      9.45         55.61       55.61       47.03     16
       198      9.51         55.61       55.61       47.03     10
       199      9.57         55.61       55.61       42.14     20
       200      9.62         56.24       56.24       34.96      8
       201      9.66         55.61       55.61       47.03     12
       202      9.71         55.61       55.61       42.14     10
       203      9.76         55.61       55.61       47.03     16
       204      9.79         55.61       55.61       47.03     12
       205      9.84         55.61       55.61       47.03     12
       206      9.87         55.61       55.61       49.69     16
       207      9.92         55.61       55.61       47.03     12
       208      9.98         55.61       55.61       42.14     12
       209     10.01         55.61       55.61       47.03     16
       210     10.07         55.61       55.61       49.69     12
       211     10.12         55.61       55.61       47.03      8
       212     10.15         55.61       55.61       47.03     18
       213     10.21         55.61       55.61       47.03     14
       214     10.24         55.61       55.61       47.03      8
       215     10.28         55.61       55.61       47.03     12
       216     10.32         55.61       55.61       47.03     20
       217     10.37         55.61       55.61       47.03     14
       218     10.40         55.61       55.61       47.03     14
       219     10.46         56.24       56.24       34.96      8
       220     10.49         55.61       55.61       47.03     18
       221     10.57         55.61       55.61       42.14     12
       222     10.60         55.61       55.61       47.03     12
       223     10.67         55.61       55.61       47.03     16
       224     10.71         55.61       55.61       47.03      8
       225     10.76         56.24       56.24       34.96     10
       226     10.81         55.61       55.61       42.14     12
       227     10.86         56.24       56.24       34.96     10
       228     10.92         55.61       55.61       47.03     18
       229     10.97         56.24       56.24       34.96     12
       230     11.00         56.24       56.24       34.96      8
       231     11.04         55.61       55.61       42.14      8
       232     11.09         55.61       55.61       42.14     10
       233     11.14         55.61       55.61       42.14     10
       234     11.19         55.61       55.61       42.14      8
       235     11.25         55.61       55.61       47.03     18
       236     11.29         55.61       55.61       47.03     12
       237     11.33         55.61       55.61       47.03     14
       238     11.39         55.61       55.61       42.14     16
       239     11.43         55.61       55.61       47.03      8
       240     11.49         55.61       55.61       47.03     16
       241     11.55         56.24       56.24       34.96     12
       242     11.59         55.61       55.61       49.69     16
       243     11.62         55.61       55.61       47.03     20
       244     11.68         55.61       55.61       42.14     14
       245     11.72         55.61       55.61       47.03     10
       246     11.79         55.61       55.61       42.14     10
       247     11.81         55.61       55.61       42.14     10
       248     11.83         55.61       55.61       42.14     12
       249     11.88         55.61       55.61       47.03     10
       250     11.92         55.61       55.61       47.03      8
       251     11.99         56.24       56.24       34.96     12
       252     12.02         55.61       55.61       47.03     10
       253     12.05         55.61       55.61       47.03     10
       254     12.10         55.61       55.61       42.14     12
       255     12.14         55.61       55.61       47.03     14
       256     12.20         55.61       55.61       49.69     12
       257     12.24         55.61       55.61       47.03     12
       258     12.29         55.61       55.61       47.03      6
       259     12.32         56.24       56.24       34.96      8
       260     12.38         55.61       55.61       42.14     12
       261     12.41         55.61       55.61       47.03      8
       262     12.49         55.61       55.61       47.03     12
       263     12.53         55.61       55.61       47.03     18
       264     12.57         55.61       55.61       47.03     10
       265     12.65         55.61       55.61       42.14     12
       266     12.68         55.61       55.61       47.03     16
       267     12.74         55.61       55.61       47.03     16
       268     12.78         55.61       55.61       47.03     12
       269     12.85         55.61       55.61       47.03     16
       270     12.90         55.61       55.61       47.03     12
       271     12.95         55.61       55.61       47.03     16
       272     13.00         55.61       55.61       42.14      8
       273     13.06         55.61       55.61       47.03     10
       274     13.11         55.61       55.61       47.03     16
       275     13.15         55.61       55.61       49.69     16
       276     13.18         55.61       55.61       47.03     18
       277     13.23         55.61       55.61       47.03     16
       278     13.27         55.61       55.61       42.14      8
       279     13.31         56.24       56.24       34.96     14
       280     13.34         55.61       55.61       47.03     20
       281     13.40         55.61       55.61       47.03     18
       282     13.45         55.61       55.61       42.14     16
       283     13.50         55.61       55.61       42.14     14
       284     13.54         55.61       55.61       49.69     12
       285     13.56         55.61       55.61       47.03     18
       286     13.62         55.61       55.61       42.14      8
       287     13.67         55.61       55.61       49.69     12
       288     13.70         55.61       55.61       47.03     12
       289     13.74         55.61       55.61       42.14     16
       290     13.77         55.61       55.61       42.14     10
       291     13.81         56.24       56.24       34.96     14
       292     13.86         55.61       55.61       49.69     14
       293     13.91         55.61       55.61       42.14      8
       294     13.96         55.61       55.61       47.03      8
       295     14.00         55.61       55.61       47.03      8
       296     14.05         55.61       55.61       42.14     16
       297     14.09         55.61       55.61       42.14     18
       298     14.15         55.61       55.61       42.14     12
       299     14.21         55.61       55.61       49.69     18
       300     14.24         55.61       55.61       47.03      8
       301     14.29         55.61       55.61       47.03     10
       302     14.35         55.61       55.61       47.03     12
       303     14.37         55.61       55.61       42.14     10
       304     14.42         55.61       55.61       42.14     18
       305     14.47         55.61       55.61       47.03     18
       306     14.53         55.61       55.61       47.03     18
       307     14.58         55.61       55.61       47.03     16
       308     14.63         55.61       55.61       47.03     10
       309     14.67         55.61       55.61       47.03      8
       310     14.73         55.61       55.61       49.69     14
       311     14.76         55.61       55.61       42.14      8
       312     14.79         56.24       56.24       34.96     14
       313     14.83         55.61       55.61       47.03     10
       314     14.87         55.61       55.61       49.69     10
       315     14.90         55.61       55.61       42.14     12
       316     14.93         55.61       55.61       47.03     10
       317     14.99         55.61       55.61       49.69     16
       318     15.04         55.61       55.61       47.03     18
       319     15.07         56.24       56.24       34.96     14
       320     15.13         55.61       55.61       47.03      8
       321     15.18         55.61       55.61       47.03     12
       322     15.20         56.24       56.24       34.96     12
       323     15.24         55.61       55.61       42.14     16
       324     15.29         55.61       55.61       49.69     10
       325     15.33         55.61       55.61       49.69     14
       326     15.36         56.24       56.24       34.96     14
       327     15.40         55.61       55.61       42.14     12
       328     15.45         55.61       55.61       47.03     18
       329     15.51         55.61       55.61       42.14     12
       330     15.57         55.61       55.61       42.14      8
       331     15.60         55.61       55.61       47.03     10
       332     15.65         55.61       55.61       49.69     16
       333     15.69         56.24       56.24       34.96     14
       334     15.74         55.61       55.61       49.69     10
       335     15.77         55.61       55.61       47.03     12
       336     15.84         55.61       55.61       47.03      8
       337     15.89         55.61       55.61       42.14      8
       338     15.92         55.61       55.61       42.14     12
       339     15.97         55.61       55.61       42.14      8
       340     16.01         55.61       55.61       47.03     12
       341     16.06         55.61       55.61       47.03     12
       342     16.11         55.61       55.61       47.03     18
       343     16.17         55.61       55.61       47.03     16
       344     16.23         55.61       55.61       47.03     10
       345     16.29         55.61       55.61       47.03      8
       346     16.37         55.61       55.61       49.69     14
       347     16.40         55.61       55.61       47.03     16
       348     16.46         55.61       55.61       47.03     16
       349     16.53         55.61       55.61       42.14     18
       350     16.59         55.61       55.61       42.14     18
       351     16.64         55.61       55.61       47.03     18
       352     16.70         55.61       55.61       47.03     14
       353     16.78         55.61       55.61       49.69     12
       354     16.84         56.24       56.24       34.96     10
       355     16.88         55.61       55.61       47.03     12
       356     16.93         55.61       55.61       42.14     16
       357     16.96         55.61       55.61       47.03     10
       358     17.03         55.61       55.61       49.69     12
       359     17.06         55.61       55.61       47.03     14
       360     17.13         55.61       55.61       42.14      8
       361     17.18         55.61       55.61       47.03     16
       362     17.22         55.61       55.61       47.03     14
       363     17.27         56.24       56.24       34.96      8
       364     17.32         55.61       55.61       42.14      8
       365     17.35         55.61       55.61       42.14     20
       366     17.40         55.61       55.61       47.03     20
       367     17.45         55.61       55.61       42.14     12
       368     17.50         55.61       55.61       42.14      8
       369     17.53         55.61       55.61       47.03     16
       370     17.59         56.24       56.24       34.96     12
       371     17.62         56.24       56.24       34.96      8
       372     17.67         55.61       55.61       49.69     10
       373     17.70         55.61       55.61       49.69     18
       374     17.75         56.24       56.24       34.96     12
       375     17.79         56.24       56.24       34.96     10
       376     17.83         55.61       55.61       47.03     16
       377     17.88         55.61       55.61       49.69     12
       378     17.93         55.61       55.61       42.14     18
       379     17.97         55.61       55.61       49.69     14
       380     18.02         55.61       55.61       49.69     16
       381     18.06         56.24       56.24       34.96     12
       382     18.11         55.61       55.61       47.03      8
       383     18.18         55.61       55.61       42.14     14
       384     18.23         55.61       55.61       42.14      8
       385     18.29         55.61       55.61       47.03      8
       386     18.34         55.61       55.61       47.03     10
       387     18.40         55.61       55.61       42.14     14
       388     18.44         56.24       56.24       34.96     10
       389     18.48         55.61       55.61       42.14     12
       390     18.52         55.61       55.61       47.03      6
       391     18.59         56.24       56.24       34.96     10
       392     18.64         55.61       55.61       49.69     12
       393     18.71         56.24       56.24       34.96      4
       394     18.75         55.61       55.61       42.14     12
       395     18.80         55.61       55.61       42.14      6
       396     18.84         55.61       55.61       47.03     14
       397     18.89         55.61       55.61       49.69     18
       398     18.93         55.61       55.61       47.03      8
       399     18.97         55.61       55.61       47.03     12
       400     19.03         55.61       55.61       47.03      8
       401     19.06         56.24       56.24       34.96     14
       402     19.09         55.61       55.61       49.69     16
       403     19.14         55.61       55.61       47.03     18
       404     19.18         55.61       55.61       47.03     16
       405     19.23         55.61       55.61       47.03     10
       406     19.26         55.61       55.61       42.14     10
       407     19.33         55.61       55.61       49.69      8
       408     19.38         55.61       55.61       47.03     18
       409     19.42         55.61       55.61       42.14     10
       410     19.47         56.24       56.24       34.96     14
       411     19.50         55.61       55.61       47.03     14
       412     19.55         55.61       55.61       49.69     14
       413     19.58         55.61       55.61       42.14     16
       414     19.64         55.61       55.61       47.03     18
       415     19.71         55.61       55.61       47.03     16
       416     19.76         55.61       55.61       47.03      6
       417     19.82         55.61       55.61       49.69     18
       418     19.90         56.24       56.24       34.96     14
       419     19.94         55.61       55.61       47.03     18
       420     20.00         56.24       56.24       34.96     10
       421     20.06         55.61       55.61       47.03     12
       422     20.12         55.61       55.61       47.03     18
       423     20.16         55.61       55.61       47.03     18
       424     20.21         55.61       55.61       47.03      6
       425     20.25         55.61       55.61       47.03     12
       426     20.30         55.61       55.61       42.14      8
       427     20.35         55.61       55.61       47.03     20
       428     20.39         55.61       55.61       47.03     16
       429     20.44         55.61       55.61       47.03     12
       430     20.51         55.61       55.61       47.03     12
       431     20.56         55.61       55.61       47.03      6
       432     20.63         55.61       55.61       47.03     16
       433     20.69         56.24       56.24       34.96     14
       434     20.73         55.61       55.61       47.03     12
       435     20.78         56.24       56.24       34.96     18
       436     20.82         55.61       55.61       47.03     14
       437     20.86         55.61       55.61       47.03      8
       438     20.90         55.61       55.61       47.03     10
       439     20.96         55.61       55.61       47.03     18
       440     20.99         55.61       55.61       49.69     16
       441     21.06         55.61       55.61       47.03      8
       442     21.12         55.61       55.61       42.14      8
       443     21.17         55.61       55.61       47.03     12
       444     21.22         55.61       55.61       47.03      8
       445     21.26         55.61       55.61       42.14     20
       446     21.31         55.61       55.61       47.03     12
       447     21.38         55.61       55.61       47.03     20
       448     21.44         55.61       55.61       47.03     14
       449     21.50         55.61       55.61       49.69     20
       450     21.54         55.61       55.61       49.69     12
       451     21.58         55.61       55.61       47.03     14
       452     21.63         56.24       56.24       34.96     12
       453     21.68         55.61       55.61       49.69     16
       454     21.71         55.61       55.61       47.03     12
       455     21.76         55.61       55.61       47.03     12
       456     21.83         55.61       55.61       47.03     10
       457     21.89         56.24       56.24       34.96     10
       458     21.92         55.61       55.61       42.14     16
       459     21.98         55.61       55.61       47.03     18
       460     22.03         55.61       55.61       47.03     14
       461     22.19         55.61       55.61       49.69     14
       462     22.24         55.61       55.61       49.69     16
       463     22.28         55.61       55.61       49.69     10
       464     22.32         55.61       55.61       49.69      8
       465     22.36         55.61       55.61       49.69     18
       466     22.40         56.24       56.24       34.96     12
       467     22.45         55.61       55.61       47.03      8
       468     22.51         56.24       56.24       34.96     14
       469     22.54         55.61       55.61       47.03     12
       470     22.61         55.61       55.61       47.03     12
       471     22.69         55.61       55.61       42.14     12
       472     22.74         55.61       55.61       42.14     12
       473     22.79         55.61       55.61       42.14     16
       474     22.83         55.61       55.61       47.03     10
       475     22.89         55.61       55.61       47.03     18
       476     22.93         55.61       55.61       47.03     10
       477     22.97         55.61       55.61       47.03     10
       478     23.02         55.61       55.61       42.14     18
       479     23.05         55.61       55.61       42.14     12
       480     23.10         55.61       55.61       47.03     12
       481     23.15         55.61       55.61       42.14     16
       482     23.20         55.61       55.61       47.03      6
       483     23.24         55.61       55.61       42.14     16
       484     23.27         55.61       55.61       49.69     16
       485     23.31         55.61       55.61       42.14     12
       486     23.35         55.61       55.61       42.14     16
       487     23.38         56.24       56.24       34.96     10
       488     23.43         55.61       55.61       47.03     12
       489     23.46         55.61       55.61       42.14      8
       490     23.50         56.24       56.24       34.96     14
       491     23.53         55.61       55.61       47.03     12
       492     23.59         55.61       55.61       47.03     16
       493     23.63         56.24       56.24       34.96      8
       494     23.66         55.61       55.61       49.69     16
       495     23.71         55.61       55.61       47.03     10
       496     23.76         55.61       55.61       49.69     12
       497     23.80         55.61       55.61       49.69     14
       498     23.84         55.61       55.61       49.69     14
       499     23.88         55.61       55.61       47.03     14
       500     23.92         55.61       55.61       47.03     18
       501     23.98         55.61       55.61       42.14     14
       502     24.04         55.61       55.61       42.14     14
       503     24.07         56.24       56.24       34.96      8
       504     24.12         55.61       55.61       47.03      8
       505     24.18         55.61       55.61       42.14      6
       506     24.25         55.61       55.61       47.03     16
       507     24.27         55.61       55.61       47.03     14
       508     24.34         55.61       55.61       47.03     16
       509     24.41         55.61       55.61       47.03     12
       510     24.47         55.61       55.61       47.03      8
       511     24.54         55.61       55.61       47.03     16
       512     24.61         55.61       55.61       47.03     12
       513     24.67         55.61       55.61       47.03     16
       514     24.71         55.61       55.61       49.69      6
       515     24.76         56.24       56.24       34.96     14
       516     24.80         55.61       55.61       42.14      8
       517     24.87         55.61       55.61       49.69     12
       518     24.90         55.61       55.61       47.03     12
       519     24.94         55.61       55.61       42.14     12
       520     24.98         55.61       55.61       42.14     10
       521     25.02         55.61       55.61       49.69     16
       522     25.06         55.61       55.61       47.03     12
       523     25.11         55.61       55.61       49.69     14
       524     25.14         55.61       55.61       42.14     20
       525     25.17         55.61       55.61       42.14     12
       526     25.20         55.61       55.61       49.69     16
       527     25.25         55.61       55.61       47.03     16
       528     25.29         55.61       55.61       47.03     10
       529     25.35         55.61       55.61       47.03     10
       530     25.41         55.61       55.61       47.03     18
       531     25.44         55.61       55.61       47.03     10
       532     25.49         55.61       55.61       42.14     16
       533     25.54         55.61       55.61       42.14      8
       534     25.57         56.24       56.24       34.96     12
       535     25.61         55.61       55.61       49.69      8
       536     25.64         55.61       55.61       47.03     12
       537     25.69         56.24       56.24       34.96     12
       538     25.73         55.61       55.61       47.03     10
       539     25.78         55.61       55.61       47.03     14
       540     25.85         55.61       55.61       42.14     14
       541     25.88         55.61       55.61       42.14     10
       542     25.93         55.61       55.61       47.03     16
       543     26.00         55.61       55.61       47.03     20
       544     26.04         55.61       55.61       49.69     12
       545     26.07         55.61       55.61       42.14     18
       546     26.11         56.24       56.24       34.96     14
       547     26.16         55.61       55.61       47.03     18
       548     26.21         55.61       55.61       49.69     12
       549     26.25         55.61       55.61       42.14     10
       550     26.31         55.61       55.61       49.69     12
       551     26.35         55.61       55.61       42.14     16
       552     26.40         55.61       55.61       42.14     12
       553     26.44         55.61       55.61       42.14     12
       554     26.49         55.61       55.61       42.14     12
       555     26.54         55.61       55.61       47.03     12
       556     26.59         55.61       55.61       47.03      8
       557     26.62         56.24       56.24       34.96     10
       558     26.67         55.61       55.61       42.14     12
       559     26.70         55.61       55.61       42.14     18
       560     26.75         55.61       55.61       42.14      6
       561     26.80         56.24       56.24       34.96      8
       562     26.82         55.61       55.61       47.03     12
       563     26.86         55.61       55.61       47.03      8
       564     26.90         56.24       56.24       34.96     14
       565     26.95         55.61       55.61       47.03     18
       566     26.99         55.61       55.61       42.14     12
       567     27.04         55.61       55.61       42.14     12
       568     27.10         55.61       55.61       47.03     18
       569     27.16         55.61       55.61       47.03     18
       570     27.20         55.61       55.61       49.69     10
       571     27.24         55.61       55.61       49.69     16
       572     27.31         55.61       55.61       47.03     16
       573     27.37         55.61       55.61       42.14      8
       574     27.40         55.61       55.61       47.03     18
       575     27.45         55.61       55.61       49.69      8
       576     27.51         55.61       55.61       47.03     10
       577     27.54         55.61       55.61       47.03      8
       578     27.62         56.24       56.24       34.96     14
       579     27.65         55.61       55.61       47.03      8
       580     27.70         55.61       55.61       49.69     12
       581     27.75         55.61       55.61       49.69     10
       582     27.78         56.24       56.24       34.96     14
       583     27.82         55.61       55.61       42.14     14
       584     27.87         55.61       55.61       47.03     20
       585     27.91         56.24       56.24       34.96     14
       586     27.93         55.61       55.61       49.69     16
       587     27.98         55.61       55.61       47.03     10
       588     28.04         55.61       55.61       47.03     18
       589     28.10         56.24       56.24       34.96     14
       590     28.15         55.61       55.61       47.03     10
       591     28.19         55.61       55.61       42.14     12
       592     28.24         55.61       55.61       47.03     14
       593     28.29         55.61       55.61       47.03     20
       594     28.35         55.61       55.61       47.03     14
       595     28.42         55.61       55.61       47.03     18
       596     28.47         55.61       55.61       47.03     14
       597     28.52         55.61       55.61       49.69      8
       598     28.58         55.61       55.61       47.03     12
       599     28.63         55.61       55.61       42.14      8
       600     28.66         56.24       56.24       34.96     12
       601     28.69         55.61       55.61       42.14      8
       602     28.73         55.61       55.61       47.03      8
       603     28.78         55.61       55.61       47.03     18
       604     28.82         55.61       55.61       47.03     10
       605     28.88         55.61       55.61       49.69     10
       606     28.93         55.61       55.61       47.03     20
       607     28.98         56.24       56.24       34.96     10
       608     29.03         55.61       55.61       42.14      6
       609     29.06         55.61       55.61       47.03      8
       610     29.09         55.61       55.61       47.03     18
       611     29.14         55.61       55.61       47.03     14
       612     29.18         55.61       55.61       47.03      8
       613     29.23         55.61       55.61       47.03     16
       614     29.30         55.61       55.61       47.03     18
       615     29.34         55.61       55.61       49.69     12
       616     29.37         55.61       55.61       42.14      8
       617     29.41         55.61       55.61       47.03     14
       618     29.47         55.61       55.61       47.03      6
       619     29.53         55.61       55.61       49.69     14
       620     29.56         55.61       55.61       49.69      8
       621     29.59         56.24       56.24       34.96     12
       622     29.65         55.61       55.61       47.03     16
       623     29.71         55.61       55.61       47.03     12
       624     29.78         55.61       55.61       47.03     18
       625     29.84         55.61       55.61       47.03     16
       626     29.91         55.61       55.61       47.03     18
       627     29.97         55.61       55.61       49.69     18
       628     29.99         55.61       55.61       47.03     10
       629     30.06         55.61       55.61       47.03     20
       630     30.12         55.61       55.61       47.03     14
       631     30.18         55.61       55.61       47.03     12
       632     30.23         55.61       55.61       49.69     16
       633     30.26         55.61       55.61       49.69      6
       634     30.32         55.61       55.61       47.03     14
       635     30.38         55.61       55.61       47.03     14
       636     30.43         55.61       55.61       47.03     12
       637     30.49         55.61       55.61       49.69     14
       638     30.53         55.61       55.61       47.03     10
       639     30.62         55.61       55.61       47.03      8
       640     30.68         55.61       55.61       42.14     16
       641     30.75         55.61       55.61       49.69     12
       642     30.78         55.61       55.61       47.03     12
       643     30.82         55.61       55.61       47.03     10
       644     30.85         55.61       55.61       47.03     16
       645     30.92         55.61       55.61       42.14     12
       646     30.95         55.61       55.61       42.14      8
       647     30.99         55.61       55.61       47.03     16
       648     31.05         55.61       55.61       42.14      6
       649     31.07         55.61       55.61       42.14      6
       650     31.12         55.61       55.61       47.03     16
       651     31.18         55.61       55.61       42.14     10
       652     31.20         55.61       55.61       47.03     14
       653     31.26         55.61       55.61       49.69      8
       654     31.29         55.61       55.61       42.14      8
       655     31.33         55.61       55.61       49.69     14
       656     31.36         55.61       55.61       47.03     16
       657     31.43         55.61       55.61       47.03      8
       658     31.48         55.61       55.61       49.69      8
       659     31.50         55.61       55.61       47.03      8
       660     31.55         56.24       56.24       34.96     12
       661     31.58         55.61       55.61       49.69     14
       662     31.62         55.61       55.61       47.03     12
       663     31.69         55.61       55.61       42.14      8
       664     31.75         55.61       55.61       42.14     16
       665     31.81         55.61       55.61       49.69     10
       666     31.84         55.61       55.61       49.69     14
       667     31.87         55.61       55.61       47.03      6
       668     31.91         55.61       55.61       42.14     12
       669     31.96         55.61       55.61       49.69     14
       670     32.00         55.61       55.61       47.03     12
       671     32.05         55.61       55.61       47.03     12
       672     32.10         55.61       55.61       47.03     14
       673     32.15         55.61       55.61       49.69     18
       674     32.21         55.61       55.61       47.03     18
       675     32.27         55.61       55.61       47.03     12
       676     32.32         56.24       56.24       34.96     14
       677     32.34         55.61       55.61       47.03     18
       678     32.37         55.61       55.61       47.03     12
       679     32.44         55.61       55.61       42.14     16
       680     32.48         55.61       55.61       47.03     12
       681     32.55         55.61       55.61       47.03     14
       682     32.61         55.61       55.61       42.14     12
       683     32.68         56.24       56.24       34.96     14
       684     32.72         55.61       55.61       42.14     10
       685     32.76         55.61       55.61       47.03      8
       686     32.82         55.61       55.61       49.69      8
       687     32.88         55.61       55.61       49.69     16
       688     32.91         55.61       55.61       49.69     16
       689     32.95         55.61       55.61       42.14     16
       690     32.99         56.24       56.24       34.96     12
       691     33.02         55.61       55.61       42.14     10
       692     33.05         55.61       55.61       47.03     16
       693     33.08         55.61       55.61       49.69     16
       694     33.11         55.61       55.61       47.03      8
       695     33.20         55.61       55.61       47.03     12
       696     33.25         56.24       56.24       34.96      8
       697     33.28         55.61       55.61       42.14     12
       698     33.31         55.61       55.61       42.14     14
       699     33.36         55.61       55.61       47.03     20
       700     33.42         55.61       55.61       42.14      8
       701     33.49         55.61       55.61       42.14     16
       702     33.52         55.61       55.61       42.14     12
       703     33.58         55.61       55.61       42.14      8
       704     33.64         55.61       55.61       49.69     12
       705     33.67         55.61       55.61       47.03      8
       706     33.71         55.61       55.61       47.03     12
       707     33.74         55.61       55.61       42.14     18
       708     33.79         55.61       55.61       47.03     10
       709     33.84         55.61       55.61       47.03     12
       710     33.88         55.61       55.61       42.14     10
       711     33.94         55.61       55.61       47.03      6
       712     33.98         55.61       55.61       47.03     10
       713     34.04         55.61       55.61       49.69     12
       714     34.09         55.61       55.61       47.03     18
       715     34.15         55.61       55.61       42.14      8
       716     34.20         55.61       55.61       47.03     12
       717     34.27         55.61       55.61       49.69     14
       718     34.31         55.61       55.61       47.03     12
       719     34.36         55.61       55.61       42.14     14
       720     34.42         55.61       55.61       49.69     16
       721     34.45         55.61       55.61       42.14     14
       722     34.48         55.61       55.61       47.03     20
       723     34.55         55.61       55.61       42.14     20
       724     34.60         55.61       55.61       47.03     10
       725     34.63         55.61       55.61       47.03     12
       726     34.66         55.61       55.61       47.03      8
       727     34.72         55.61       55.61       47.03     18
       728     34.77         55.61       55.61       47.03      8
       729     34.84         55.61       55.61       47.03     14
       730     34.88         55.61       55.61       47.03     10
       731     34.94         55.61       55.61       47.03     10
       732     34.99         55.61       55.61       42.14      6
       733     35.03         55.61       55.61       47.03     16
       734     35.06         55.61       55.61       47.03     20
       735     35.13         56.24       56.24       34.96     12
       736     35.18         55.61       55.61       47.03     16
       737     35.24         55.61       55.61       47.03     16
       738     35.28         55.61       55.61       47.03     10
       739     35.34         55.61       55.61       42.14     12
       740     35.38         56.24       56.24       34.96     14
       741     35.42         55.61       55.61       42.14     14
       742     35.48         55.61       55.61       47.03     14
       743     35.52         55.61       55.61       47.03     18
       744     35.59         55.61       55.61       42.14     10
       745     35.62         56.24       56.24       34.96     12
       746     35.66         55.61       55.61       49.69     14
       747     35.71         56.24       56.24       34.96     10
       748     35.75         55.61       55.61       47.03     10
       749     35.82         55.61       55.61       47.03     16
       750     35.88         55.61       55.61       47.03     10
       751     35.94         55.61       55.61       42.14     12
       752     35.98         55.61       55.61       42.14     16
       753     36.03         55.61       55.61       47.03     10
       754     36.10         55.61       55.61       42.14      6
       755     36.19         55.61       55.61       42.14     20
       756     36.24         55.61       55.61       42.14     10
       757     36.31         55.61       55.61       47.03     14
       758     36.36         55.61       55.61       42.14     16
       759     36.41         55.61       55.61       47.03     14
       760     36.46         55.61       55.61       47.03     12
       761     36.50         55.61       55.61       47.03     10
       762     36.56         55.61       55.61       47.03     16
       763     36.62         55.61       55.61       47.03     12
       764     36.69         55.61       55.61       49.69     12
       765     36.73         55.61       55.61       42.14      8
       766     36.76         56.24       56.24       34.96      8
       767     36.78         55.61       55.61       42.14     16
       768     36.81         55.61       55.61       47.03      8
       769     36.87         55.61       55.61       42.14      8
       770     36.92         55.61       55.61       47.03     12
       771     36.97         55.61       55.61       47.03     10
       772     37.02         55.61       55.61       47.03     12
       773     37.07         56.24       56.24       34.96     14
       774     37.12         55.61       55.61       42.14     16
       775     37.15         55.61       55.61       42.14     18
       776     37.20         55.61       55.61       42.14      8
       777     37.25         56.24       56.24       34.96     10
       778     37.29         55.61       55.61       47.03     14
       779     37.33         55.61       55.61       47.03     20
       780     37.37         55.61       55.61       42.14     10
       781     37.41         55.61       55.61       47.03     10
       782     37.47         55.61       55.61       42.14     20
       783     37.54         55.61       55.61       42.14     18
       784     37.59         55.61       55.61       49.69     10
       785     37.64         55.61       55.61       47.03     12
       786     37.66         55.61       55.61       47.03     16
       787     37.72         56.24       56.24       34.96     12
       788     37.75         56.24       56.24       34.96     12
       789     37.78         55.61       55.61       42.14      8
       790     37.81         55.61       55.61       47.03     16
       791     37.86         55.61       55.61       47.03     14
       792     37.90         55.61       55.61       49.69     10
       793     37.95         55.61       55.61       42.14      6
       794     38.00         55.61       55.61       49.69     16
       795     38.04         55.61       55.61       47.03     12
       796     38.09         55.61       55.61       47.03      6
       797     38.13         55.61       55.61       47.03     12
       798     38.17         56.24       56.24       34.96     14
       799     38.21         55.61       55.61       42.14     12
       800     38.27         55.61       55.61       49.69     12
       801     38.31         55.61       55.61       49.69     12
       802     38.35         55.61       55.61       47.03     16
       803     38.40         55.61       55.61       42.14     16
       804     38.47         55.61       55.61       47.03     10
       805     38.52         55.61       55.61       47.03     10
       806     38.57         55.61       55.61       49.69     16
       807     38.62         55.61       55.61       47.03      8
       808     38.65         55.61       55.61       49.69     12
       809     38.69         55.61       55.61       47.03      8
       810     38.71         55.61       55.61       49.69     16
       811     38.76         55.61       55.61       47.03     10
       812     38.82         55.61       55.61       47.03      6
       813     38.88         55.61       55.61       49.69     10
       814     38.90         55.61       55.61       49.69     12
       815     38.94         55.61       55.61       47.03     18
       816     38.98         55.61       55.61       42.14      8
       817     39.03         55.61       55.61       47.03     16
       818     39.08         55.61       55.61       42.14     12
       819     39.13         55.61       55.61       42.14     14
       820     39.21         55.61       55.61       42.14      8
       821     39.23         55.61       55.61       47.03     16
       822     39.27         55.61       55.61       47.03     14
       823     39.32         55.61       55.61       42.14      6
       824     39.37         55.61       55.61       47.03     12
       825     39.42         55.61       55.61       47.03      8
       826     39.48         55.61       55.61       42.14     12
       827     39.53         55.61       55.61       47.03      8
       828     39.60         55.61       55.61       47.03     18
       829     39.65         55.61       55.61       47.03     12
       830     39.71         55.61       55.61       42.14     12
       831     39.76         55.61       55.61       47.03     16
       832     39.81         55.61       55.61       47.03     14
       833     39.87         55.61       55.61       47.03     12
       834     39.91         55.61       55.61       47.03     16
       835     39.95         55.61       55.61       49.69     12
       836     40.00         55.61       55.61       47.03     14
       837     40.06         55.61       55.61       49.69     16
       838     40.09         55.61       55.61       47.03     10
       839     40.14         55.61       55.61       49.69     12
       840     40.18         55.61       55.61       42.14     16
       841     40.22         55.61       55.61       47.03     10
       842     40.26         55.61       55.61       42.14     12
       843     40.29         55.61       55.61       49.69     12
       844     40.33         55.61       55.61       42.14     16
       845     40.37         55.61       55.61       47.03     12
       846     40.43         55.61       55.61       47.03     10
       847     40.48         55.61       55.61       42.14     12
       848     40.54         55.61       55.61       47.03     14
       849     40.62         56.24       56.24       34.96     14
       850     40.67         55.61       55.61       42.14      8
       851     40.72         56.24       56.24       34.96      8
       852     40.78         56.24       56.24       34.96     14
       853     40.80         56.24       56.24       34.96     18
       854     40.84         55.61       55.61       42.14     10
       855     40.90         55.61       55.61       47.03     16
       856     40.94         55.61       55.61       49.69     14
       857     40.98         55.61       55.61       42.14      6
       858     41.02         55.61       55.61       47.03      8
       859     41.06         56.24       56.24       34.96     14
       860     41.09         55.61       55.61       49.69      8
       861     41.12         55.61       55.61       47.03     16
       862     41.18         55.61       55.61       47.03     20
       863     41.22         55.61       55.61       47.03     16
       864     41.26         55.61       55.61       47.03      8
       865     41.30         55.61       55.61       49.69     16
       866     41.33         56.24       56.24       34.96      8
       867     41.38         55.61       55.61       47.03     12
       868     41.42         55.61       55.61       47.03     12
       869     41.47         55.61       55.61       42.14     16
       870     41.51         55.61       55.61       49.69     14
       871     41.54         55.61       55.61       49.69     16
       872     41.57         55.61       55.61       47.03     14
       873     41.60         56.24       56.24       34.96     10
       874     41.65         55.61       55.61       42.14     16
       875     41.69         55.61       55.61       49.69     20
       876     41.72         56.24       56.24       34.96     14
       877     41.76         55.61       55.61       47.03     14
       878     41.78         55.61       55.61       42.14     14
       879     41.82         55.61       55.61       49.69      8
       880     41.89         55.61       55.61       47.03     12
       881     41.95         55.61       55.61       49.69      8
       882     41.98         55.61       55.61       47.03      8
       883     42.01         55.61       55.61       47.03     12
       884     42.06         56.24       56.24       34.96     12
       885     42.10         55.61       55.61       47.03     20
       886     42.16         56.24       56.24       34.96      8
       887     42.20         55.61       55.61       49.69     16
       888     42.24         55.61       55.61       42.14     14
       889     42.32         55.61       55.61       47.03     16
       890     42.37         55.61       55.61       47.03     16
       891     42.42         56.24       56.24       34.96     10
       892     42.45         55.61       55.61       47.03     12
       893     42.51         55.61       55.61       47.03     16
       894     42.58         55.61       55.61       49.69     12
       895     42.63         55.61       55.61       42.14     12
       896     42.70         55.61       55.61       47.03     20
       897     42.76         55.61       55.61       47.03     10
       898     42.78         55.61       55.61       49.69     16
       899     42.82         55.61       55.61       49.69      8
       900     42.86         56.24       56.24       34.96     10
       901     42.92         55.61       55.61       49.69     12
       902     42.95         55.61       55.61       47.03      8
       903     42.99         55.61       55.61       42.14     16
       904     43.05         55.61       55.61       47.03     16
       905     43.12         55.61       55.61       42.14     10
       906     43.16         55.61       55.61       47.03     20
       907     43.19         55.61       55.61       42.14     16
       908     43.22         55.61       55.61       47.03     12
       909     43.26         55.61       55.61       49.69      8
       910     43.30         55.61       55.61       42.14     12
       911     43.32         55.61       55.61       49.69     12
       912     43.36         55.61       55.61       49.69     14
       913     43.39         55.61       55.61       47.03     10
       914     43.44         55.61       55.61       47.03     18
       915     43.48         55.61       55.61       42.14     10
       916     43.51         55.61       55.61       47.03     18
       917     43.57         55.61       55.61       47.03     20
       918     43.61         55.61       55.61       49.69     16
       919     43.64         55.61       55.61       42.14      8
       920     43.68         55.61       55.61       47.03     14
       921     43.73         55.61       55.61       42.14     10
       922     43.77         56.24       56.24       34.96      8
       923     43.80         55.61       55.61       47.03      8
       924     43.82         55.61       55.61       47.03     20
       925     43.88         55.61       55.61       49.69     12
       926     43.91         55.61       55.61       42.14      8
       927     43.95         55.61       55.61       42.14      6
       928     44.01         55.61       55.61       47.03      8
       929     44.05         55.61       55.61       47.03     12
       930     44.10         55.61       55.61       42.14     12
       931     44.13         55.61       55.61       47.03     10
       932     44.17         55.61       55.61       42.14      6
       933     44.21         55.61       55.61       47.03     14
       934     44.27         55.61       55.61       42.14      6
       935     44.32         55.61       55.61       47.03     12
       936     44.39         55.61       55.61       47.03      8
       937     44.44         55.61       55.61       42.14     16
       938     44.49         55.61       55.61       47.03     16
       939     44.53         55.61       55.61       47.03     12
       940     44.61         55.61       55.61       42.14     12
       941     44.66         55.61       55.61       49.69     20
       942     44.70         55.61       55.61       47.03     14
       943     44.73         55.61       55.61       47.03     10
       944     44.78         55.61       55.61       47.03     16
       945     44.82         55.61       55.61       47.03     18
       946     44.87         55.61       55.61       42.14     10
       947     44.93         55.61       55.61       42.14     12
       948     44.97         55.61       55.61       42.14      8
       949     45.03         56.24       56.24       34.96     16
       950     45.05         55.61       55.61       47.03     16
       951     45.10         55.61       55.61       42.14     12
       952     45.12         55.61       55.61       47.03      8
       953     45.19         56.24       56.24       34.96      8
       954     45.23         55.61       55.61       42.14     10
       955     45.25         55.61       55.61       47.03     10
       956     45.28         55.61       55.61       47.03     14
       957     45.30         55.61       55.61       47.03     10
       958     45.34         55.61       55.61       47.03     14
       959     45.38         55.61       55.61       47.03      8
       960     45.44         55.61       55.61       42.14     20
       961     45.46         56.24       56.24       34.96      8
       962     45.51         55.61       55.61       42.14     10
       963     45.57         55.61       55.61       49.69     12
       964     45.60         55.61       55.61       49.69     18
       965     45.65         56.24       56.24       34.96      8
       966     45.69         55.61       55.61       42.14      8
       967     45.77         55.61       55.61       47.03      8
       968     45.84         55.61       55.61       47.03     10
       969     45.92         55.61       55.61       42.14     16
       970     45.97         56.24       56.24       34.96      4
       971     46.03         55.61       55.61       49.69     20
       972     46.09         55.61       55.61       47.03     20
       973     46.18         56.24       56.24       34.96     18
       974     46.22         55.61       55.61       47.03     12
       975     46.28         55.61       55.61       47.03     10
       976     46.35         55.61       55.61       42.14     14
       977     46.39         55.61       55.61       47.03     10
       978     46.47         56.24       56.24       34.96     14
       979     46.52         55.61       55.61       42.14     12
       980     46.58         56.24       56.24       34.96      6
       981     46.69         55.61       55.61       42.14      8
       982     46.74         55.61       55.61       47.03      8
       983     46.82         55.61       55.61       47.03     10
       984     46.98         55.61       55.61       47.03      6
       985     47.03         55.61       55.61       42.14     12
       986     47.13         55.61       55.61       42.14      8
       987     47.18         55.61       55.61       49.69     10
       988     47.22         55.61       55.61       47.03      8
       989     47.28         55.61       55.61       47.03     18
       990     47.33         55.61       55.61       49.69     12
       991     47.40         56.24       56.24       34.96      6
       992     47.43         55.61       55.61       42.14     10
       993     47.46         55.61       55.61       47.03     12
       994     47.50         55.61       55.61       47.03     18
       995     47.58         55.61       55.61       47.03     16
       996     47.63         55.61       55.61       47.03      8
       997     47.67         55.61       55.61       42.14     10
       998     47.71         55.61       55.61       47.03      8
       999     47.77         55.61       55.61       47.03      8
      1000     47.82         55.61       55.61       49.69     14
      1001     47.86         55.61       55.61       49.69     16
      1002     47.89         55.61       55.61       47.03     20
      1003     47.95         55.61       55.61       42.14     16
      1004     47.99         56.24       56.24       34.96     12
      1005     48.04         55.61       55.61       47.03     18
      1006     48.09         55.61       55.61       47.03     12
      1007     48.16         55.61       55.61       47.03     10
      1008     48.23         55.61       55.61       47.03     12
      1009     48.28         55.61       55.61       47.03     18
      1010     48.33         56.24       56.24       34.96     14
      1011     48.36         55.61       55.61       47.03     14
      1012     48.39         55.61       55.61       47.03     14
      1013     48.45         55.61       55.61       42.14     10
      1014     48.50         55.61       55.61       49.69     14
      1015     48.52         55.61       55.61       47.03     18
      1016     48.55         55.61       55.61       47.03     14
      1017     48.59         56.24       56.24       34.96     12
      1018     48.62         55.61       55.61       47.03     18
      1019     48.67         55.61       55.61       47.03      6
      1020     48.71         55.61       55.61       47.03     12
      1021     48.76         55.61       55.61       47.03     18
      1022     48.83         55.61       55.61       47.03     16
      1023     48.87         55.61       55.61       47.03     18
      1024     48.91         55.61       55.61       47.03     10
      1025     48.96         55.61       55.61       42.14     16
      1026     49.01         55.61       55.61       47.03     14
      1027     49.07         55.61       55.61       47.03     14
      1028     49.13         55.61       55.61       47.03     12
      1029     49.19         55.61       55.61       47.03     14
      1030     49.22         55.61       55.61       42.14     10
      1031     49.25         55.61       55.61       49.69      8
      1032     49.27         55.61       55.61       49.69      8
      1033     49.30         55.61       55.61       47.03     14
      1034     49.34         55.61       55.61       47.03     12
      1035     49.40         55.61       55.61       47.03     10
      1036     49.45         55.61       55.61       42.14     14
      1037     49.48         55.61       55.61       42.14     12
      1038     49.52         55.61       55.61       47.03     16
      1039     49.56         55.61       55.61       42.14     10
      1040     49.60         55.61       55.61       49.69     16
      1041     49.64         55.61       55.61       47.03     20
      1042     49.71         55.61       55.61       47.03     16
      1043     49.74         55.61       55.61       47.03     10
      1044     49.80         55.61       55.61       49.69     14
      1045     49.84         55.61       55.61       42.14     16
      1046     49.87         55.61       55.61       47.03     16
      1047     49.91         55.61       55.61       42.14     16
      1048     49.96         55.61       55.61       42.14     10
      1049     50.00         55.61       55.61       47.03     16
      1050     50.03         55.61       55.61       42.14     12
      1051     50.07         56.24       56.24       34.96     12
      1052     50.11         55.61       55.61       42.14     12
      1053     50.16         55.61       55.61       47.03     10
      1054     50.19         55.61       55.61       42.14      8
      1055     50.26         55.61       55.61       42.14     12
      1056     50.31         55.61       55.61       47.03     20
      1057     50.36         55.61       55.61       47.03      8
      1058     50.39         55.61       55.61       42.14     12
      1059     50.43         55.61       55.61       49.69     10
      1060     50.46         55.61       55.61       47.03     12
      1061     50.49         55.61       55.61       42.14     12
      1062     50.53         55.61       55.61       47.03     14
      1063     50.60         55.61       55.61       47.03      8
      1064     50.65         55.61       55.61       47.03      8
      1065     50.70         55.61       55.61       42.14     10
      1066     50.74         55.61       55.61       49.69     18
      1067     50.76         56.24       56.24       34.96     12
      1068     50.81         56.24       56.24       34.96     12
      1069     50.84         55.61       55.61       47.03     12
      1070     50.90         56.24       56.24       34.96      8
      1071     50.94         55.61       55.61       42.14     16
      1072     50.97         55.61       55.61       49.69     10
      1073     51.00         55.61       55.61       49.69     18
      1074     51.04         55.61       55.61       47.03     12
      1075     51.08         55.61       55.61       42.14     12
      1076     51.12         56.24       56.24       34.96     12
      1077     51.14         55.61       55.61       42.14     14
      1078     51.17         56.24       56.24       34.96     10
      1079     51.21         55.61       55.61       47.03     14
      1080     51.27         55.61       55.61       47.03     16
      1081     51.33         55.61       55.61       47.03     12
      1082     51.37         55.61       55.61       49.69     14
      1083     51.41         55.61       55.61       47.03     20
      1084     51.46         55.61       55.61       47.03     14
      1085     51.51         55.61       55.61       42.14      6
      1086     51.55         55.61       55.61       47.03     12
      1087     51.59         55.61       55.61       47.03     10
      1088     51.64         56.24       56.24       34.96      8
      1089     51.67         55.61       55.61       42.14     16
      1090     51.71         55.61       55.61       47.03     14
      1091     51.76         55.61       55.61       47.03     14
      1092     51.80         56.24       56.24       34.96      6
      1093     51.85         55.61       55.61       47.03     16
      1094     51.90         55.61       55.61       47.03     10
      1095     51.95         55.61       55.61       42.14      8
      1096     51.99         55.61       55.61       47.03     12
      1097     52.03         56.24       56.24       34.96     10
      1098     52.06         55.61       55.61       42.14     18
      1099     52.11         55.61       55.61       47.03     12
      1100     52.15         55.61       55.61       42.14      8
      1101     52.20         55.61       55.61       42.14     12
      1102     52.24         55.61       55.61       42.14     12
      1103     52.29         55.61       55.61       42.14     20
      1104     52.34         55.61       55.61       42.14     12
      1105     52.39         55.61       55.61       42.14     16
      1106     52.45         55.61       55.61       49.69      8
      1107     52.49         55.61       55.61       47.03     12
      1108     52.56         55.61       55.61       47.03     10
      1109     52.62         55.61       55.61       47.03     18
      1110     52.67         55.61       55.61       47.03     12
      1111     52.72         55.61       55.61       47.03     10
      1112     52.78         55.61       55.61       47.03     10
      1113     52.84         55.61       55.61       47.03     12
      1114     52.90         55.61       55.61       49.69     16
      1115     52.93         55.61       55.61       42.14     10
      1116     52.96         55.61       55.61       49.69     14
      1117     52.99         55.61       55.61       47.03     14
      1118     53.04         55.61       55.61       47.03     16
      1119     53.10         55.61       55.61       49.69     14
      1120     53.13         55.61       55.61       42.14      6
      1121     53.16         55.61       55.61       49.69     12
      1122     53.20         55.61       55.61       42.14     16
      1123     53.24         55.61       55.61       42.14     12
      1124     53.29         55.61       55.61       42.14     12
      1125     53.33         55.61       55.61       47.03     10
      1126     53.36         55.61       55.61       42.14     16
      1127     53.39         55.61       55.61       47.03     12
      1128     53.46         55.61       55.61       47.03     16
      1129     53.52         55.61       55.61       49.69     14
      1130     53.55         56.24       56.24       34.96     12
      1131     53.60         55.61       55.61       47.03      8
      1132     53.65         55.61       55.61       42.14     10
      1133     53.70         55.61       55.61       47.03     14
      1134     53.73         55.61       55.61       49.69      8
      1135     53.77         55.61       55.61       42.14      6
      1136     53.80         55.61       55.61       47.03     10
      1137     53.86         55.61       55.61       42.14      8
      1138     53.89         55.61       55.61       42.14     16
      1139     53.95         55.61       55.61       47.03     16
      1140     54.02         55.61       55.61       47.03      8
      1141     54.07         55.61       55.61       47.03     20
      1142     54.11         55.61       55.61       47.03     12
      1143     54.18         55.61       55.61       47.03     10
      1144     54.24         55.61       55.61       47.03      8
      1145     54.28         55.61       55.61       49.69     14
      1146     54.32         55.61       55.61       42.14      8
      1147     54.36         55.61       55.61       42.14     14
      1148     54.38         55.61       55.61       47.03     14
      1149     54.44         55.61       55.61       47.03      6
      1150     54.49         55.61       55.61       47.03      8
      1151     54.54         55.61       55.61       47.03     10
      1152     54.59         56.24       56.24       34.96     10
      1153     54.63         55.61       55.61       49.69     16
      1154     54.65         55.61       55.61       42.14     16
      1155     54.72         55.61       55.61       47.03     16
      1156     54.75         56.24       56.24       34.96     12
      1157     54.80         56.24       56.24       34.96     14
      1158     54.84         55.61       55.61       47.03      8
      1159     54.91         55.61       55.61       47.03     10
      1160     54.96         55.61       55.61       42.14     10
      1161     55.01         55.61       55.61       47.03     20
      1162     55.07         55.61       55.61       47.03      6
      1163     55.12         55.61       55.61       47.03     14
      1164     55.16         55.61       55.61       47.03     18
      1165     55.23         55.61       55.61       47.03      8
      1166     55.27         55.61       55.61       47.03     14
      1167     55.33         55.61       55.61       47.03     10
      1168     55.38         55.61       55.61       42.14      6
      1169     55.41         55.61       55.61       47.03     14
      1170     55.49         55.61       55.61       49.69     12
      1171     55.52         55.61       55.61       47.03      8
      1172     55.57         55.61       55.61       42.14     14
      1173     55.61         55.61       55.61       42.14     12
      1174     55.67         55.61       55.61       42.14     16
      1175     55.73         55.61       55.61       47.03     12
      1176     55.79         55.61       55.61       42.14      8
      1177     55.84         56.24       56.24       34.96     12
      1178     55.88         55.61       55.61       47.03     14
      1179     55.93         55.61       55.61       42.14     16
      1180     55.97         55.61       55.61       47.03      8
      1181     56.05         56.24       56.24       34.96     12
      1182     56.09         55.61       55.61       47.03     12
      1183     56.15         55.61       55.61       42.14     10
      1184     56.17         56.24       56.24       34.96      6
      1185     56.20         55.61       55.61       47.03     10
      1186     56.25         55.61       55.61       47.03     12
      1187     56.30         55.61       55.61       49.69     18
      1188     56.34         55.61       55.61       42.14     16
      1189     56.39         55.61       55.61       42.14     10
      1190     56.42         55.61       55.61       42.14     12
      1191     56.47         55.61       55.61       47.03     10
      1192     56.53         55.61       55.61       42.14     12
      1193     56.57         55.61       55.61       42.14     16
      1194     56.60         56.24       56.24       34.96      8
      1195     56.64         55.61       55.61       47.03     16
      1196     56.70         55.61       55.61       49.69     10
      1197     56.75         55.61       55.61       47.03     16
      1198     56.81         55.61       55.61       47.03     12
      1199     56.83         55.61       55.61       47.03      8
      1200     56.88         56.24       56.24       34.96      8
      1201     56.92         55.61       55.61       47.03     12
      1202     56.96         55.61       55.61       42.14     16
      1203     57.01         55.61       55.61       47.03      8
      1204     57.03         55.61       55.61       47.03     18
      1205     57.08         55.61       55.61       47.03      8
      1206     57.10         55.61       55.61       47.03     12
      1207     57.15         55.61       55.61       49.69     12
      1208     57.20         55.61       55.61       42.14      8
      1209     57.24         55.61       55.61       49.69     10
      1210     57.29         55.61       55.61       42.14     18
      1211     57.33         55.61       55.61       42.14      8
      1212     57.36         55.61       55.61       42.14     16
      1213     57.40         55.61       55.61       49.69     18
      1214     57.43         55.61       55.61       47.03     18
      1215     57.47         55.61       55.61       47.03     12
      1216     57.52         55.61       55.61       49.69     16
      1217     57.55         55.61       55.61       49.69     14
      1218     57.60         55.61       55.61       49.69     12
      1219     57.64         55.61       55.61       49.69     16
      1220     57.69         55.61       55.61       42.14     18
      1221     57.74         55.61       55.61       42.14     18
      1222     57.78         55.61       55.61       42.14      8
      1223     57.81         55.61       55.61       47.03     14
      1224     57.86         55.61       55.61       42.14     18
      1225     57.91         55.61       55.61       47.03      6
      1226     57.95         55.61       55.61       47.03     12
      1227     58.01         55.61       55.61       47.03     16
      1228     58.06         55.61       55.61       47.03     10
      1229     58.12         55.61       55.61       49.69     14
      1230     58.18         55.61       55.61       47.03     14
      1231     58.23         55.61       55.61       42.14     10
      1232     58.28         55.61       55.61       42.14      8
      1233     58.34         55.61       55.61       42.14     16
      1234     58.37         55.61       55.61       47.03     16
      1235     58.41         56.24       56.24       34.96      8
      1236     58.44         55.61       55.61       47.03     16
      1237     58.50         56.24       56.24       34.96     12
      1238     58.53         55.61       55.61       47.03     16
      1239     58.60         55.61       55.61       42.14      8
      1240     58.64         55.61       55.61       42.14     18
      1241     58.68         55.61       55.61       47.03     16
      1242     58.75         55.61       55.61       47.03     20
      1243     58.81         55.61       55.61       49.69     12
      1244     58.85         55.61       55.61       49.69     14
      1245     58.89         56.24       56.24       34.96      8
      1246     58.94         55.61       55.61       47.03      8
      1247     58.98         55.61       55.61       47.03     12
      1248     59.01         55.61       55.61       47.03     14
      1249     59.05         55.61       55.61       42.14     12
      1250     59.10         55.61       55.61       47.03      8
      1251     59.14         55.61       55.61       42.14     14
      1252     59.19         55.61       55.61       47.03     16
      1253     59.24         55.61       55.61       47.03      6
      1254     59.29         55.61       55.61       49.69      8
      1255     59.32         55.61       55.61       42.14     16
      1256     59.37         55.61       55.61       47.03     12
      1257     59.40         55.61       55.61       47.03     16
      1258     59.44         55.61       55.61       42.14     18
      1259     59.48         55.61       55.61       47.03      6
      1260     59.52         55.61       55.61       47.03      8
      1261     59.56         55.61       55.61       47.03     16
      1262     59.61         55.61       55.61       47.03     10
      1263     59.67         55.61       55.61       47.03     10
      1264     59.71         55.61       55.61       47.03     14
      1265     59.76         56.24       56.24       34.96     14
      1266     59.79         55.61       55.61       42.14      8
      1267     59.82         55.61       55.61       49.69     16
      1268     59.85         55.61       55.61       49.69     16
      1269     59.89         55.61       55.61       49.69     16
      1270     59.93         55.61       55.61       42.14      8
      1271     59.99         55.61       55.61       47.03     20
  ------------------------------------------------------------
