========================================================================
  ConstructiveHeuristic — unknown
========================================================================
  alpha=0.7  time_limit=60s  seed=None  min_sep=10.0
  weights: makespan=10.0  delay=100.0  movements=1.0

  Instance: 20 aircraft  5 positions  3 blocking arcs
  Blocking arcs: P3→P4  P3→P5  P4→P5

────────────────────────────────────────────────────────────────────────
  Best construction detail  (iter 55  obj=18333.9000)
────────────────────────────────────────────────────────────────────────
Blocking arcs: P3→P4  P3→P5  P4→P5

Aircraft initial ranking (target_finish ASC, total_duration ASC):
  Rank   ID       earliest     target    duration
  ----------------------------------------------
  [ 0]  R12          8.13      26.68        5.78
  [ 1]  R16         13.56      33.59        6.63
  [ 2]  R18         21.73      36.67        8.07
  [ 3]  R19         24.49      40.61        9.19
  [ 4]  R20         23.48      41.03        9.78
  [ 5]  R1           0.00      44.30       18.30
  [ 6]  R2           0.00      45.31       15.20
  [ 7]  R6           1.33      48.84       17.28
  [ 8]  R4           0.00      50.96       16.65
  [ 9]  R7           1.21      51.55       13.93
  [10]  R9           5.74      52.76       12.59
  [11]  R8           3.72      55.02       15.47
  [12]  R13         12.70      58.93       21.38
  [13]  R10          6.71      60.59       11.87
  [14]  R15         14.34      60.60       13.77
  [15]  R14         11.68      65.28       21.00
  [16]  R5           0.00      66.94       21.24
  [17]  R3           0.00      69.01       24.82
  [18]  R11         11.01      72.99       29.10
  [19]  R17         18.00      75.72       22.10

========================================================================
  STEP 1/20
========================================================================

  Pair evaluation  (100 pairs):
    Rank   ID      Pos     t_start   t_finish    delay      gap   blocking      score    weight     P(%)   cum(%)
    ---------------------------------------------------------------------------------------------------------
    [ 0]  R12     P1         8.13      13.91     0.00     0.00       none     139.15    1.0000   70.00%   70.00%
    [ 1]  R12     P2         8.13      13.91     0.00     0.00       none     139.15    0.3000   21.00%   91.00%
    [ 2]  R12     P3         8.13      13.91     0.00     0.00       none     139.15    0.0900    6.30%   97.30%
    [ 3]  R12     P4         8.13      13.91     0.00     0.00       none     139.15    0.0270    1.89%   99.19%
    [ 4]  R12     P5         8.13      13.91     0.00     0.00       none     139.15    0.0081    0.57%   99.76%
    [ 5]  R7      P1         1.21      15.14     0.00     0.00       none     151.39    0.0024    0.17%   99.93%
    [ 6]  R7      P2         1.21      15.14     0.00     0.00       none     151.39    0.0007    0.05%   99.98%
    [ 7]  R7      P3         1.21      15.14     0.00     0.00       none     151.39    0.0002    0.02%   99.99%
    [ 8]  R7      P4         1.21      15.14     0.00     0.00       none     151.39    0.0001    0.00%  100.00%
    [ 9]  R7      P5         1.21      15.14     0.00     0.00       none     151.39    0.0000    0.00%  100.00%
    [10]  R2      P1         0.00      15.20     0.00     0.00       none     152.00    0.0000    0.00%  100.00%
    [11]  R2      P2         0.00      15.20     0.00     0.00       none     152.00    0.0000    0.00%  100.00%
    [12]  R2      P3         0.00      15.20     0.00     0.00       none     152.00    0.0000    0.00%  100.00%
    [13]  R2      P4         0.00      15.20     0.00     0.00       none     152.00    0.0000    0.00%  100.00%
    [14]  R2      P5         0.00      15.20     0.00     0.00       none     152.00    0.0000    0.00%  100.00%
    [15]  R4      P1         0.00      16.65     0.00     0.00       none     166.50    0.0000    0.00%  100.00%
    [16]  R4      P2         0.00      16.65     0.00     0.00       none     166.50    0.0000    0.00%  100.00%
    [17]  R4      P3         0.00      16.65     0.00     0.00       none     166.50    0.0000    0.00%  100.00%
    [18]  R4      P4         0.00      16.65     0.00     0.00       none     166.50    0.0000    0.00%  100.00%
    [19]  R4      P5         0.00      16.65     0.00     0.00       none     166.50    0.0000    0.00%  100.00%
    [20]  R1      P1         0.00      18.30     0.00     0.00       none     183.00    0.0000    0.00%  100.00%
    [21]  R1      P2         0.00      18.30     0.00     0.00       none     183.00    0.0000    0.00%  100.00%
    [22]  R1      P3         0.00      18.30     0.00     0.00       none     183.00    0.0000    0.00%  100.00%
    [23]  R1      P4         0.00      18.30     0.00     0.00       none     183.00    0.0000    0.00%  100.00%
    [24]  R1      P5         0.00      18.30     0.00     0.00       none     183.00    0.0000    0.00%  100.00%
    [25]  R9      P1         5.74      18.33     0.00     0.00       none     183.34    0.0000    0.00%  100.00%
    [26]  R9      P2         5.74      18.33     0.00     0.00       none     183.34    0.0000    0.00%  100.00%
    [27]  R9      P3         5.74      18.33     0.00     0.00       none     183.34    0.0000    0.00%  100.00%
    [28]  R9      P4         5.74      18.33     0.00     0.00       none     183.34    0.0000    0.00%  100.00%
    [29]  R9      P5         5.74      18.33     0.00     0.00       none     183.34    0.0000    0.00%  100.00%
    [30]  R10     P1         6.71      18.58     0.00     0.00       none     185.81    0.0000    0.00%  100.00%
    [31]  R10     P2         6.71      18.58     0.00     0.00       none     185.81    0.0000    0.00%  100.00%
    [32]  R10     P3         6.71      18.58     0.00     0.00       none     185.81    0.0000    0.00%  100.00%
    [33]  R10     P4         6.71      18.58     0.00     0.00       none     185.81    0.0000    0.00%  100.00%
    [34]  R10     P5         6.71      18.58     0.00     0.00       none     185.81    0.0000    0.00%  100.00%
    [35]  R6      P1         1.33      18.61     0.00     0.00       none     186.06    0.0000    0.00%  100.00%
    [36]  R6      P2         1.33      18.61     0.00     0.00       none     186.06    0.0000    0.00%  100.00%
    [37]  R6      P3         1.33      18.61     0.00     0.00       none     186.06    0.0000    0.00%  100.00%
    [38]  R6      P4         1.33      18.61     0.00     0.00       none     186.06    0.0000    0.00%  100.00%
    [39]  R6      P5         1.33      18.61     0.00     0.00       none     186.06    0.0000    0.00%  100.00%
    [40]  R8      P1         3.72      19.19     0.00     0.00       none     191.89    0.0000    0.00%  100.00%
    [41]  R8      P2         3.72      19.19     0.00     0.00       none     191.89    0.0000    0.00%  100.00%
    [42]  R8      P3         3.72      19.19     0.00     0.00       none     191.89    0.0000    0.00%  100.00%
    [43]  R8      P4         3.72      19.19     0.00     0.00       none     191.89    0.0000    0.00%  100.00%
    [44]  R8      P5         3.72      19.19     0.00     0.00       none     191.89    0.0000    0.00%  100.00%
    [45]  R16     P1        13.56      20.19     0.00     0.00       none     201.93    0.0000    0.00%  100.00%
    [46]  R16     P2        13.56      20.19     0.00     0.00       none     201.93    0.0000    0.00%  100.00%
    [47]  R16     P3        13.56      20.19     0.00     0.00       none     201.93    0.0000    0.00%  100.00%
    [48]  R16     P4        13.56      20.19     0.00     0.00       none     201.93    0.0000    0.00%  100.00%
    [49]  R16     P5        13.56      20.19     0.00     0.00       none     201.93    0.0000    0.00%  100.00%
    [50]  R5      P1         0.00      21.24     0.00     0.00       none     212.40    0.0000    0.00%  100.00%
    [51]  R5      P2         0.00      21.24     0.00     0.00       none     212.40    0.0000    0.00%  100.00%
    [52]  R5      P3         0.00      21.24     0.00     0.00       none     212.40    0.0000    0.00%  100.00%
    [53]  R5      P4         0.00      21.24     0.00     0.00       none     212.40    0.0000    0.00%  100.00%
    [54]  R5      P5         0.00      21.24     0.00     0.00       none     212.40    0.0000    0.00%  100.00%
    [55]  R3      P1         0.00      24.82     0.00     0.00       none     248.20    0.0000    0.00%  100.00%
    [56]  R3      P2         0.00      24.82     0.00     0.00       none     248.20    0.0000    0.00%  100.00%
    [57]  R3      P3         0.00      24.82     0.00     0.00       none     248.20    0.0000    0.00%  100.00%
    [58]  R3      P4         0.00      24.82     0.00     0.00       none     248.20    0.0000    0.00%  100.00%
    [59]  R3      P5         0.00      24.82     0.00     0.00       none     248.20    0.0000    0.00%  100.00%
    [60]  R15     P1        14.34      28.11     0.00     0.00       none     281.07    0.0000    0.00%  100.00%
    [61]  R15     P2        14.34      28.11     0.00     0.00       none     281.07    0.0000    0.00%  100.00%
    [62]  R15     P3        14.34      28.11     0.00     0.00       none     281.07    0.0000    0.00%  100.00%
    [63]  R15     P4        14.34      28.11     0.00     0.00       none     281.07    0.0000    0.00%  100.00%
    [64]  R15     P5        14.34      28.11     0.00     0.00       none     281.07    0.0000    0.00%  100.00%
    [65]  R18     P1        21.73      29.80     0.00     0.00       none     298.04    0.0000    0.00%  100.00%
    [66]  R18     P2        21.73      29.80     0.00     0.00       none     298.04    0.0000    0.00%  100.00%
    [67]  R18     P3        21.73      29.80     0.00     0.00       none     298.04    0.0000    0.00%  100.00%
    [68]  R18     P4        21.73      29.80     0.00     0.00       none     298.04    0.0000    0.00%  100.00%
    [69]  R18     P5        21.73      29.80     0.00     0.00       none     298.04    0.0000    0.00%  100.00%
    [70]  R14     P1        11.68      32.68     0.00     0.00       none     326.82    0.0000    0.00%  100.00%
    [71]  R14     P2        11.68      32.68     0.00     0.00       none     326.82    0.0000    0.00%  100.00%
    [72]  R14     P3        11.68      32.68     0.00     0.00       none     326.82    0.0000    0.00%  100.00%
    [73]  R14     P4        11.68      32.68     0.00     0.00       none     326.82    0.0000    0.00%  100.00%
    [74]  R14     P5        11.68      32.68     0.00     0.00       none     326.82    0.0000    0.00%  100.00%
    [75]  R20     P1        23.48      33.26     0.00     0.00       none     332.63    0.0000    0.00%  100.00%
    [76]  R20     P2        23.48      33.26     0.00     0.00       none     332.63    0.0000    0.00%  100.00%
    [77]  R20     P3        23.48      33.26     0.00     0.00       none     332.63    0.0000    0.00%  100.00%
    [78]  R20     P4        23.48      33.26     0.00     0.00       none     332.63    0.0000    0.00%  100.00%
    [79]  R20     P5        23.48      33.26     0.00     0.00       none     332.63    0.0000    0.00%  100.00%
    [80]  R19     P1        24.49      33.68     0.00     0.00       none     336.83    0.0000    0.00%  100.00%
    [81]  R19     P2        24.49      33.68     0.00     0.00       none     336.83    0.0000    0.00%  100.00%
    [82]  R19     P3        24.49      33.68     0.00     0.00       none     336.83    0.0000    0.00%  100.00%
    [83]  R19     P4        24.49      33.68     0.00     0.00       none     336.83    0.0000    0.00%  100.00%
    [84]  R19     P5        24.49      33.68     0.00     0.00       none     336.83    0.0000    0.00%  100.00%
    [85]  R13     P1        12.70      34.08     0.00     0.00       none     340.81    0.0000    0.00%  100.00%
    [86]  R13     P2        12.70      34.08     0.00     0.00       none     340.81    0.0000    0.00%  100.00%
    [87]  R13     P3        12.70      34.08     0.00     0.00       none     340.81    0.0000    0.00%  100.00%
    [88]  R13     P4        12.70      34.08     0.00     0.00       none     340.81    0.0000    0.00%  100.00%
    [89]  R13     P5        12.70      34.08     0.00     0.00       none     340.81    0.0000    0.00%  100.00%
    [90]  R17     P1        18.00      40.11     0.00     0.00       none     401.05    0.0000    0.00%  100.00%
    [91]  R17     P2        18.00      40.11     0.00     0.00       none     401.05    0.0000    0.00%  100.00%
    [92]  R17     P3        18.00      40.11     0.00     0.00       none     401.05    0.0000    0.00%  100.00%
    [93]  R17     P4        18.00      40.11     0.00     0.00       none     401.05    0.0000    0.00%  100.00%
    [94]  R17     P5        18.00      40.11     0.00     0.00       none     401.05    0.0000    0.00%  100.00%
    [95]  R11     P1        11.01      40.11     0.00     0.00       none     401.06    0.0000    0.00%  100.00%
    [96]  R11     P2        11.01      40.11     0.00     0.00       none     401.06    0.0000    0.00%  100.00%
    [97]  R11     P3        11.01      40.11     0.00     0.00       none     401.06    0.0000    0.00%  100.00%
    [98]  R11     P4        11.01      40.11     0.00     0.00       none     401.06    0.0000    0.00%  100.00%
    [99]  R11     P5        11.01      40.11     0.00     0.00       none     401.06    0.0000    0.00%  100.00%
    draw=1.3811  →  (R12, P3) (rank 2) selected

  Assignment: R12 → P3  [8.13 → 13.91]  delay=0.00
    J12-1      [8.13 → 13.91]

  Assigned so far:
    ID      Pos       start    finish    delay
    ----------------------------------------
    R12     P3         8.13     13.91     0.00

========================================================================
  STEP 2/20
========================================================================

  Pair evaluation  (95 pairs):
    Rank   ID      Pos     t_start   t_finish    delay      gap   blocking      score    weight     P(%)   cum(%)
    ---------------------------------------------------------------------------------------------------------
    [ 0]  R7      P1         1.21      15.14     0.00     0.00       none     151.39    1.0000   70.00%   70.00%
    [ 1]  R7      P2         1.21      15.14     0.00     0.00       none     151.39    0.3000   21.00%   91.00%
    [ 2]  R7      P4         1.21      15.14     0.00     0.00       none     151.39    0.0900    6.30%   97.30%
    [ 3]  R7      P5         1.21      15.14     0.00     0.00       none     151.39    0.0270    1.89%   99.19%
    [ 4]  R2      P1         0.00      15.20     0.00     0.00       none     152.00    0.0081    0.57%   99.76%
    [ 5]  R2      P2         0.00      15.20     0.00     0.00       none     152.00    0.0024    0.17%   99.93%
    [ 6]  R2      P4         0.00      15.20     0.00     0.00       none     152.00    0.0007    0.05%   99.98%
    [ 7]  R2      P5         0.00      15.20     0.00     0.00       none     152.00    0.0002    0.02%   99.99%
    [ 8]  R4      P1         0.00      16.65     0.00     0.00       none     166.50    0.0001    0.00%  100.00%
    [ 9]  R4      P2         0.00      16.65     0.00     0.00       none     166.50    0.0000    0.00%  100.00%
    [10]  R4      P4         0.00      16.65     0.00     0.00       none     166.50    0.0000    0.00%  100.00%
    [11]  R4      P5         0.00      16.65     0.00     0.00       none     166.50    0.0000    0.00%  100.00%
    [12]  R1      P1         0.00      18.30     0.00     0.00       none     183.00    0.0000    0.00%  100.00%
    [13]  R1      P2         0.00      18.30     0.00     0.00       none     183.00    0.0000    0.00%  100.00%
    [14]  R1      P4         0.00      18.30     0.00     0.00       none     183.00    0.0000    0.00%  100.00%
    [15]  R1      P5         0.00      18.30     0.00     0.00       none     183.00    0.0000    0.00%  100.00%
    [16]  R9      P1         5.74      18.33     0.00     0.00       none     183.34    0.0000    0.00%  100.00%
    [17]  R9      P2         5.74      18.33     0.00     0.00       none     183.34    0.0000    0.00%  100.00%
    [18]  R9      P4         5.74      18.33     0.00     0.00       none     183.34    0.0000    0.00%  100.00%
    [19]  R9      P5         5.74      18.33     0.00     0.00       none     183.34    0.0000    0.00%  100.00%
    [20]  R10     P1         6.71      18.58     0.00     0.00       none     185.81    0.0000    0.00%  100.00%
    [21]  R10     P2         6.71      18.58     0.00     0.00       none     185.81    0.0000    0.00%  100.00%
    [22]  R10     P4         6.71      18.58     0.00     0.00       none     185.81    0.0000    0.00%  100.00%
    [23]  R10     P5         6.71      18.58     0.00     0.00       none     185.81    0.0000    0.00%  100.00%
    [24]  R6      P1         1.33      18.61     0.00     0.00       none     186.06    0.0000    0.00%  100.00%
    [25]  R6      P2         1.33      18.61     0.00     0.00       none     186.06    0.0000    0.00%  100.00%
    [26]  R6      P4         1.33      18.61     0.00     0.00       none     186.06    0.0000    0.00%  100.00%
    [27]  R6      P5         1.33      18.61     0.00     0.00       none     186.06    0.0000    0.00%  100.00%
    [28]  R8      P1         3.72      19.19     0.00     0.00       none     191.89    0.0000    0.00%  100.00%
    [29]  R8      P2         3.72      19.19     0.00     0.00       none     191.89    0.0000    0.00%  100.00%
    [30]  R8      P4         3.72      19.19     0.00     0.00       none     191.89    0.0000    0.00%  100.00%
    [31]  R8      P5         3.72      19.19     0.00     0.00       none     191.89    0.0000    0.00%  100.00%
    [32]  R16     P1        13.56      20.19     0.00     0.00       none     201.93    0.0000    0.00%  100.00%
    [33]  R16     P2        13.56      20.19     0.00     0.00       none     201.93    0.0000    0.00%  100.00%
    [34]  R16     P4        13.91      20.54     0.00     0.00       none     205.45    0.0000    0.00%  100.00%
    [35]  R16     P5        13.91      20.54     0.00     0.00       none     205.45    0.0000    0.00%  100.00%
    [36]  R5      P1         0.00      21.24     0.00     0.00       none     212.40    0.0000    0.00%  100.00%
    [37]  R5      P2         0.00      21.24     0.00     0.00       none     212.40    0.0000    0.00%  100.00%
    [38]  R5      P4         0.00      21.24     0.00     0.00       none     212.40    0.0000    0.00%  100.00%
    [39]  R5      P5         0.00      21.24     0.00     0.00       none     212.40    0.0000    0.00%  100.00%
    [40]  R3      P1         0.00      24.82     0.00     0.00       none     248.20    0.0000    0.00%  100.00%
    [41]  R3      P2         0.00      24.82     0.00     0.00       none     248.20    0.0000    0.00%  100.00%
    [42]  R3      P4         0.00      24.82     0.00     0.00       none     248.20    0.0000    0.00%  100.00%
    [43]  R3      P5         0.00      24.82     0.00     0.00       none     248.20    0.0000    0.00%  100.00%
    [44]  R15     P1        14.34      28.11     0.00     0.00       none     281.07    0.0000    0.00%  100.00%
    [45]  R15     P2        14.34      28.11     0.00     0.00       none     281.07    0.0000    0.00%  100.00%
    [46]  R15     P4        14.34      28.11     0.00     0.00       none     281.07    0.0000    0.00%  100.00%
    [47]  R15     P5        14.34      28.11     0.00     0.00       none     281.07    0.0000    0.00%  100.00%
    [48]  R18     P1        21.73      29.80     0.00     0.00       none     298.04    0.0000    0.00%  100.00%
    [49]  R18     P2        21.73      29.80     0.00     0.00       none     298.04    0.0000    0.00%  100.00%
    [50]  R18     P4        21.73      29.80     0.00     0.00       none     298.04    0.0000    0.00%  100.00%
    [51]  R18     P5        21.73      29.80     0.00     0.00       none     298.04    0.0000    0.00%  100.00%
    [52]  R14     P1        11.68      32.68     0.00     0.00       none     326.82    0.0000    0.00%  100.00%
    [53]  R14     P2        11.68      32.68     0.00     0.00       none     326.82    0.0000    0.00%  100.00%
    [54]  R14     P4        11.68      32.68     0.00     0.00      2 mov     330.82    0.0000    0.00%  100.00%
    [55]  R14     P5        11.68      32.68     0.00     0.00      2 mov     330.82    0.0000    0.00%  100.00%
    [56]  R20     P1        23.48      33.26     0.00     0.00       none     332.63    0.0000    0.00%  100.00%
    [57]  R20     P2        23.48      33.26     0.00     0.00       none     332.63    0.0000    0.00%  100.00%
    [58]  R20     P4        23.48      33.26     0.00     0.00       none     332.63    0.0000    0.00%  100.00%
    [59]  R20     P5        23.48      33.26     0.00     0.00       none     332.63    0.0000    0.00%  100.00%
    [60]  R19     P1        24.49      33.68     0.00     0.00       none     336.83    0.0000    0.00%  100.00%
    [61]  R19     P2        24.49      33.68     0.00     0.00       none     336.83    0.0000    0.00%  100.00%
    [62]  R19     P4        24.49      33.68     0.00     0.00       none     336.83    0.0000    0.00%  100.00%
    [63]  R19     P5        24.49      33.68     0.00     0.00       none     336.83    0.0000    0.00%  100.00%
    [64]  R13     P1        12.70      34.08     0.00     0.00       none     340.81    0.0000    0.00%  100.00%
    [65]  R13     P2        12.70      34.08     0.00     0.00       none     340.81    0.0000    0.00%  100.00%
    [66]  R13     P4        12.70      34.08     0.00     0.00      2 mov     344.81    0.0000    0.00%  100.00%
    [67]  R13     P5        12.70      34.08     0.00     0.00      2 mov     344.81    0.0000    0.00%  100.00%
    [68]  R17     P1        18.00      40.11     0.00     0.00       none     401.05    0.0000    0.00%  100.00%
    [69]  R17     P2        18.00      40.11     0.00     0.00       none     401.05    0.0000    0.00%  100.00%
    [70]  R17     P4        18.00      40.11     0.00     0.00       none     401.05    0.0000    0.00%  100.00%
    [71]  R17     P5        18.00      40.11     0.00     0.00       none     401.05    0.0000    0.00%  100.00%
    [72]  R11     P1        11.01      40.11     0.00     0.00       none     401.06    0.0000    0.00%  100.00%
    [73]  R11     P2        11.01      40.11     0.00     0.00       none     401.06    0.0000    0.00%  100.00%
    [74]  R11     P4        11.01      40.11     0.00     0.00      2 mov     405.06    0.0000    0.00%  100.00%
    [75]  R11     P5        11.01      40.11     0.00     0.00      2 mov     405.06    0.0000    0.00%  100.00%
    [76]  R16     P3        23.91      30.54     0.00    10.00       none     405.45    0.0000    0.00%  100.00%
    [77]  R18     P3        23.91      31.98     0.00    10.00       none     419.85    0.0000    0.00%  100.00%
    [78]  R20     P3        23.91      33.70     0.00    10.00       none     436.95    0.0000    0.00%  100.00%
    [79]  R19     P3        24.49      33.68     0.00    10.58       none     442.61    0.0000    0.00%  100.00%
    [80]  R10     P3        23.91      35.78     0.00    10.00       none     457.85    0.0000    0.00%  100.00%
    [81]  R9      P3        23.91      36.50     0.00    10.00       none     465.05    0.0000    0.00%  100.00%
    [82]  R15     P3        23.91      37.69     0.00    10.00       none     476.85    0.0000    0.00%  100.00%
    [83]  R7      P3        23.91      37.84     0.00    10.00       none     478.45    0.0000    0.00%  100.00%
    [84]  R2      P3        23.91      39.11     0.00    10.00       none     491.15    0.0000    0.00%  100.00%
    [85]  R8      P3        23.91      39.38     0.00    10.00       none     493.85    0.0000    0.00%  100.00%
    [86]  R4      P3        23.91      40.56     0.00    10.00       none     505.65    0.0000    0.00%  100.00%
    [87]  R6      P3        23.91      41.20     0.00    10.00       none     511.95    0.0000    0.00%  100.00%
    [88]  R1      P3        23.91      42.22     0.00    10.00       none     522.15    0.0000    0.00%  100.00%
    [89]  R14     P3        23.91      44.91     0.00    10.00       none     549.15    0.0000    0.00%  100.00%
    [90]  R5      P3        23.91      45.16     0.00    10.00       none     551.55    0.0000    0.00%  100.00%
    [91]  R13     P3        23.91      45.30     0.00    10.00       none     552.95    0.0000    0.00%  100.00%
    [92]  R17     P3        23.91      46.02     0.00    10.00       none     560.15    0.0000    0.00%  100.00%
    [93]  R3      P3        23.91      48.73     0.00    10.00       none     587.35    0.0000    0.00%  100.00%
    [94]  R11     P3        23.91      53.02     0.00    10.00       none     630.15    0.0000    0.00%  100.00%
    draw=0.6450  →  (R7, P1) (rank 0) selected

  Assignment: R7 → P1  [1.21 → 15.14]  delay=0.00
    J7-1       [1.21 → 7.65]
    J7-2       [7.65 → 15.14]

  Assigned so far:
    ID      Pos       start    finish    delay
    ----------------------------------------
    R12     P3         8.13     13.91     0.00
    R7      P1         1.21     15.14     0.00

========================================================================
  STEP 3/20
========================================================================

  Pair evaluation  (90 pairs):
    Rank   ID      Pos     t_start   t_finish    delay      gap   blocking      score    weight     P(%)   cum(%)
    ---------------------------------------------------------------------------------------------------------
    [ 0]  R2      P2         0.00      15.20     0.00     0.00       none     152.00    1.0000   70.00%   70.00%
    [ 1]  R2      P4         0.00      15.20     0.00     0.00       none     152.00    0.3000   21.00%   91.00%
    [ 2]  R2      P5         0.00      15.20     0.00     0.00       none     152.00    0.0900    6.30%   97.30%
    [ 3]  R4      P2         0.00      16.65     0.00     0.00       none     166.50    0.0270    1.89%   99.19%
    [ 4]  R4      P4         0.00      16.65     0.00     0.00       none     166.50    0.0081    0.57%   99.76%
    [ 5]  R4      P5         0.00      16.65     0.00     0.00       none     166.50    0.0024    0.17%   99.93%
    [ 6]  R1      P2         0.00      18.30     0.00     0.00       none     183.00    0.0007    0.05%   99.98%
    [ 7]  R1      P4         0.00      18.30     0.00     0.00       none     183.00    0.0002    0.02%   99.99%
    [ 8]  R1      P5         0.00      18.30     0.00     0.00       none     183.00    0.0001    0.00%  100.00%
    [ 9]  R9      P2         5.74      18.33     0.00     0.00       none     183.34    0.0000    0.00%  100.00%
    [10]  R9      P4         5.74      18.33     0.00     0.00       none     183.34    0.0000    0.00%  100.00%
    [11]  R9      P5         5.74      18.33     0.00     0.00       none     183.34    0.0000    0.00%  100.00%
    [12]  R10     P2         6.71      18.58     0.00     0.00       none     185.81    0.0000    0.00%  100.00%
    [13]  R10     P4         6.71      18.58     0.00     0.00       none     185.81    0.0000    0.00%  100.00%
    [14]  R10     P5         6.71      18.58     0.00     0.00       none     185.81    0.0000    0.00%  100.00%
    [15]  R6      P2         1.33      18.61     0.00     0.00       none     186.06    0.0000    0.00%  100.00%
    [16]  R6      P4         1.33      18.61     0.00     0.00       none     186.06    0.0000    0.00%  100.00%
    [17]  R6      P5         1.33      18.61     0.00     0.00       none     186.06    0.0000    0.00%  100.00%
    [18]  R8      P2         3.72      19.19     0.00     0.00       none     191.89    0.0000    0.00%  100.00%
    [19]  R8      P4         3.72      19.19     0.00     0.00       none     191.89    0.0000    0.00%  100.00%
    [20]  R8      P5         3.72      19.19     0.00     0.00       none     191.89    0.0000    0.00%  100.00%
    [21]  R16     P2        13.56      20.19     0.00     0.00       none     201.93    0.0000    0.00%  100.00%
    [22]  R16     P4        13.91      20.54     0.00     0.00       none     205.45    0.0000    0.00%  100.00%
    [23]  R16     P5        13.91      20.54     0.00     0.00       none     205.45    0.0000    0.00%  100.00%
    [24]  R5      P2         0.00      21.24     0.00     0.00       none     212.40    0.0000    0.00%  100.00%
    [25]  R5      P4         0.00      21.24     0.00     0.00       none     212.40    0.0000    0.00%  100.00%
    [26]  R5      P5         0.00      21.24     0.00     0.00       none     212.40    0.0000    0.00%  100.00%
    [27]  R3      P2         0.00      24.82     0.00     0.00       none     248.20    0.0000    0.00%  100.00%
    [28]  R3      P4         0.00      24.82     0.00     0.00       none     248.20    0.0000    0.00%  100.00%
    [29]  R3      P5         0.00      24.82     0.00     0.00       none     248.20    0.0000    0.00%  100.00%
    [30]  R15     P2        14.34      28.11     0.00     0.00       none     281.07    0.0000    0.00%  100.00%
    [31]  R15     P4        14.34      28.11     0.00     0.00       none     281.07    0.0000    0.00%  100.00%
    [32]  R15     P5        14.34      28.11     0.00     0.00       none     281.07    0.0000    0.00%  100.00%
    [33]  R18     P2        21.73      29.80     0.00     0.00       none     298.04    0.0000    0.00%  100.00%
    [34]  R18     P4        21.73      29.80     0.00     0.00       none     298.04    0.0000    0.00%  100.00%
    [35]  R18     P5        21.73      29.80     0.00     0.00       none     298.04    0.0000    0.00%  100.00%
    [36]  R14     P2        11.68      32.68     0.00     0.00       none     326.82    0.0000    0.00%  100.00%
    [37]  R14     P4        11.68      32.68     0.00     0.00      2 mov     330.82    0.0000    0.00%  100.00%
    [38]  R14     P5        11.68      32.68     0.00     0.00      2 mov     330.82    0.0000    0.00%  100.00%
    [39]  R20     P2        23.48      33.26     0.00     0.00       none     332.63    0.0000    0.00%  100.00%
    [40]  R20     P4        23.48      33.26     0.00     0.00       none     332.63    0.0000    0.00%  100.00%
    [41]  R20     P5        23.48      33.26     0.00     0.00       none     332.63    0.0000    0.00%  100.00%
    [42]  R19     P2        24.49      33.68     0.00     0.00       none     336.83    0.0000    0.00%  100.00%
    [43]  R19     P4        24.49      33.68     0.00     0.00       none     336.83    0.0000    0.00%  100.00%
    [44]  R19     P5        24.49      33.68     0.00     0.00       none     336.83    0.0000    0.00%  100.00%
    [45]  R13     P2        12.70      34.08     0.00     0.00       none     340.81    0.0000    0.00%  100.00%
    [46]  R13     P4        12.70      34.08     0.00     0.00      2 mov     344.81    0.0000    0.00%  100.00%
    [47]  R13     P5        12.70      34.08     0.00     0.00      2 mov     344.81    0.0000    0.00%  100.00%
    [48]  R17     P2        18.00      40.11     0.00     0.00       none     401.05    0.0000    0.00%  100.00%
    [49]  R17     P4        18.00      40.11     0.00     0.00       none     401.05    0.0000    0.00%  100.00%
    [50]  R17     P5        18.00      40.11     0.00     0.00       none     401.05    0.0000    0.00%  100.00%
    [51]  R11     P2        11.01      40.11     0.00     0.00       none     401.06    0.0000    0.00%  100.00%
    [52]  R11     P4        11.01      40.11     0.00     0.00      2 mov     405.06    0.0000    0.00%  100.00%
    [53]  R11     P5        11.01      40.11     0.00     0.00      2 mov     405.06    0.0000    0.00%  100.00%
    [54]  R16     P3        23.91      30.54     0.00    10.00       none     405.45    0.0000    0.00%  100.00%
    [55]  R16     P1        25.14      31.77     0.00    10.00       none     417.69    0.0000    0.00%  100.00%
    [56]  R18     P3        23.91      31.98     0.00    10.00       none     419.85    0.0000    0.00%  100.00%
    [57]  R18     P1        25.14      33.21     0.00    10.00       none     432.09    0.0000    0.00%  100.00%
    [58]  R20     P3        23.91      33.70     0.00    10.00       none     436.95    0.0000    0.00%  100.00%
    [59]  R19     P3        24.49      33.68     0.00    10.58       none     442.61    0.0000    0.00%  100.00%
    [60]  R19     P1        25.14      34.33     0.00    10.00       none     443.29    0.0000    0.00%  100.00%
    [61]  R20     P1        25.14      34.92     0.00    10.00       none     449.19    0.0000    0.00%  100.00%
    [62]  R10     P3        23.91      35.78     0.00    10.00       none     457.85    0.0000    0.00%  100.00%
    [63]  R9      P3        23.91      36.50     0.00    10.00       none     465.05    0.0000    0.00%  100.00%
    [64]  R10     P1        25.14      37.01     0.00    10.00       none     470.09    0.0000    0.00%  100.00%
    [65]  R15     P3        23.91      37.69     0.00    10.00       none     476.85    0.0000    0.00%  100.00%
    [66]  R9      P1        25.14      37.73     0.00    10.00       none     477.29    0.0000    0.00%  100.00%
    [67]  R15     P1        25.14      38.91     0.00    10.00       none     489.09    0.0000    0.00%  100.00%
    [68]  R2      P3        23.91      39.11     0.00    10.00       none     491.15    0.0000    0.00%  100.00%
    [69]  R8      P3        23.91      39.38     0.00    10.00       none     493.85    0.0000    0.00%  100.00%
    [70]  R2      P1        25.14      40.34     0.00    10.00       none     503.39    0.0000    0.00%  100.00%
    [71]  R4      P3        23.91      40.56     0.00    10.00       none     505.65    0.0000    0.00%  100.00%
    [72]  R8      P1        25.14      40.61     0.00    10.00       none     506.09    0.0000    0.00%  100.00%
    [73]  R6      P3        23.91      41.20     0.00    10.00       none     511.95    0.0000    0.00%  100.00%
    [74]  R4      P1        25.14      41.79     0.00    10.00       none     517.89    0.0000    0.00%  100.00%
    [75]  R1      P3        23.91      42.22     0.00    10.00       none     522.15    0.0000    0.00%  100.00%
    [76]  R6      P1        25.14      42.42     0.00    10.00       none     524.19    0.0000    0.00%  100.00%
    [77]  R1      P1        25.14      43.44     0.00    10.00       none     534.39    0.0000    0.00%  100.00%
    [78]  R14     P3        23.91      44.91     0.00    10.00       none     549.15    0.0000    0.00%  100.00%
    [79]  R5      P3        23.91      45.16     0.00    10.00       none     551.55    0.0000    0.00%  100.00%
    [80]  R13     P3        23.91      45.30     0.00    10.00       none     552.95    0.0000    0.00%  100.00%
    [81]  R17     P3        23.91      46.02     0.00    10.00       none     560.15    0.0000    0.00%  100.00%
    [82]  R14     P1        25.14      46.14     0.00    10.00       none     561.39    0.0000    0.00%  100.00%
    [83]  R5      P1        25.14      46.38     0.00    10.00       none     563.79    0.0000    0.00%  100.00%
    [84]  R13     P1        25.14      46.52     0.00    10.00       none     565.19    0.0000    0.00%  100.00%
    [85]  R17     P1        25.14      47.24     0.00    10.00       none     572.39    0.0000    0.00%  100.00%
    [86]  R3      P3        23.91      48.73     0.00    10.00       none     587.35    0.0000    0.00%  100.00%
    [87]  R3      P1        25.14      49.96     0.00    10.00       none     599.59    0.0000    0.00%  100.00%
    [88]  R11     P3        23.91      53.02     0.00    10.00       none     630.15    0.0000    0.00%  100.00%
    [89]  R11     P1        25.14      54.24     0.00    10.00       none     642.39    0.0000    0.00%  100.00%
    draw=1.1217  →  (R2, P4) (rank 1) selected

  Assignment: R2 → P4  [0.00 → 15.20]  delay=0.00
    J2-1       [0.00 → 5.39]
    J2-2       [5.39 → 15.20]

  Assigned so far:
    ID      Pos       start    finish    delay
    ----------------------------------------
    R12     P3         8.13     13.91     0.00
    R7      P1         1.21     15.14     0.00
    R2      P4         0.00     15.20     0.00

========================================================================
  STEP 4/20
========================================================================

  Pair evaluation  (85 pairs):
    Rank   ID      Pos     t_start   t_finish    delay      gap   blocking      score    weight     P(%)   cum(%)
    ---------------------------------------------------------------------------------------------------------
    [ 0]  R4      P2         0.00      16.65     0.00     0.00       none     166.50    1.0000   70.00%   70.00%
    [ 1]  R4      P5         0.00      16.65     0.00     0.00       none     166.50    0.3000   21.00%   91.00%
    [ 2]  R1      P2         0.00      18.30     0.00     0.00       none     183.00    0.0900    6.30%   97.30%
    [ 3]  R1      P5         0.00      18.30     0.00     0.00       none     183.00    0.0270    1.89%   99.19%
    [ 4]  R9      P2         5.74      18.33     0.00     0.00       none     183.34    0.0081    0.57%   99.76%
    [ 5]  R10     P2         6.71      18.58     0.00     0.00       none     185.81    0.0024    0.17%   99.93%
    [ 6]  R6      P2         1.33      18.61     0.00     0.00       none     186.06    0.0007    0.05%   99.98%
    [ 7]  R9      P5         5.74      18.33     0.00     0.00      2 mov     187.34    0.0002    0.02%   99.99%
    [ 8]  R10     P5         6.71      18.58     0.00     0.00      2 mov     189.81    0.0001    0.00%  100.00%
    [ 9]  R6      P5         1.33      18.61     0.00     0.00      2 mov     190.06    0.0000    0.00%  100.00%
    [10]  R8      P2         3.72      19.19     0.00     0.00       none     191.89    0.0000    0.00%  100.00%
    [11]  R8      P5         3.72      19.19     0.00     0.00      2 mov     195.89    0.0000    0.00%  100.00%
    [12]  R16     P2        13.56      20.19     0.00     0.00       none     201.93    0.0000    0.00%  100.00%
    [13]  R16     P5        13.56      20.19     0.00     0.00      4 mov     209.93    0.0000    0.00%  100.00%
    [14]  R5      P2         0.00      21.24     0.00     0.00       none     212.40    0.0000    0.00%  100.00%
    [15]  R5      P5         0.00      21.24     0.00     0.00       none     212.40    0.0000    0.00%  100.00%
    [16]  R3      P2         0.00      24.82     0.00     0.00       none     248.20    0.0000    0.00%  100.00%
    [17]  R3      P5         0.00      24.82     0.00     0.00       none     248.20    0.0000    0.00%  100.00%
    [18]  R15     P2        14.34      28.11     0.00     0.00       none     281.07    0.0000    0.00%  100.00%
    [19]  R15     P5        14.34      28.11     0.00     0.00      2 mov     285.07    0.0000    0.00%  100.00%
    [20]  R18     P2        21.73      29.80     0.00     0.00       none     298.04    0.0000    0.00%  100.00%
    [21]  R18     P5        21.73      29.80     0.00     0.00       none     298.04    0.0000    0.00%  100.00%
    [22]  R14     P2        11.68      32.68     0.00     0.00       none     326.82    0.0000    0.00%  100.00%
    [23]  R20     P2        23.48      33.26     0.00     0.00       none     332.63    0.0000    0.00%  100.00%
    [24]  R20     P5        23.48      33.26     0.00     0.00       none     332.63    0.0000    0.00%  100.00%
    [25]  R14     P5        11.68      32.68     0.00     0.00      4 mov     334.82    0.0000    0.00%  100.00%
    [26]  R19     P2        24.49      33.68     0.00     0.00       none     336.83    0.0000    0.00%  100.00%
    [27]  R19     P5        24.49      33.68     0.00     0.00       none     336.83    0.0000    0.00%  100.00%
    [28]  R13     P2        12.70      34.08     0.00     0.00       none     340.81    0.0000    0.00%  100.00%
    [29]  R13     P5        12.70      34.08     0.00     0.00      4 mov     348.81    0.0000    0.00%  100.00%
    [30]  R17     P2        18.00      40.11     0.00     0.00       none     401.05    0.0000    0.00%  100.00%
    [31]  R17     P5        18.00      40.11     0.00     0.00       none     401.05    0.0000    0.00%  100.00%
    [32]  R11     P2        11.01      40.11     0.00     0.00       none     401.06    0.0000    0.00%  100.00%
    [33]  R16     P3        23.91      30.54     0.00    10.00       none     405.45    0.0000    0.00%  100.00%
    [34]  R11     P5        11.01      40.11     0.00     0.00      4 mov     409.06    0.0000    0.00%  100.00%
    [35]  R16     P1        25.14      31.77     0.00    10.00       none     417.69    0.0000    0.00%  100.00%
    [36]  R16     P4        25.20      31.83     0.00    10.00       none     418.30    0.0000    0.00%  100.00%
    [37]  R18     P3        23.91      31.98     0.00    10.00       none     419.85    0.0000    0.00%  100.00%
    [38]  R18     P1        25.14      33.21     0.00    10.00       none     432.09    0.0000    0.00%  100.00%
    [39]  R18     P4        25.20      33.27     0.00    10.00       none     432.70    0.0000    0.00%  100.00%
    [40]  R20     P3        23.91      33.70     0.00    10.00       none     436.95    0.0000    0.00%  100.00%
    [41]  R19     P3        24.49      33.68     0.00    10.58       none     442.61    0.0000    0.00%  100.00%
    [42]  R19     P1        25.14      34.33     0.00    10.00       none     443.29    0.0000    0.00%  100.00%
    [43]  R19     P4        25.20      34.39     0.00    10.00       none     443.90    0.0000    0.00%  100.00%
    [44]  R20     P1        25.14      34.92     0.00    10.00       none     449.19    0.0000    0.00%  100.00%
    [45]  R20     P4        25.20      34.98     0.00    10.00       none     449.80    0.0000    0.00%  100.00%
    [46]  R10     P3        23.91      35.78     0.00    10.00       none     457.85    0.0000    0.00%  100.00%
    [47]  R9      P3        23.91      36.50     0.00    10.00       none     465.05    0.0000    0.00%  100.00%
    [48]  R10     P1        25.14      37.01     0.00    10.00       none     470.09    0.0000    0.00%  100.00%
    [49]  R10     P4        25.20      37.07     0.00    10.00       none     470.70    0.0000    0.00%  100.00%
    [50]  R15     P3        23.91      37.69     0.00    10.00       none     476.85    0.0000    0.00%  100.00%
    [51]  R9      P1        25.14      37.73     0.00    10.00       none     477.29    0.0000    0.00%  100.00%
    [52]  R9      P4        25.20      37.79     0.00    10.00       none     477.90    0.0000    0.00%  100.00%
    [53]  R15     P1        25.14      38.91     0.00    10.00       none     489.09    0.0000    0.00%  100.00%
    [54]  R15     P4        25.20      38.97     0.00    10.00       none     489.70    0.0000    0.00%  100.00%
    [55]  R8      P3        23.91      39.38     0.00    10.00       none     493.85    0.0000    0.00%  100.00%
    [56]  R4      P3        23.91      40.56     0.00    10.00       none     505.65    0.0000    0.00%  100.00%
    [57]  R8      P1        25.14      40.61     0.00    10.00       none     506.09    0.0000    0.00%  100.00%
    [58]  R8      P4        25.20      40.67     0.00    10.00       none     506.70    0.0000    0.00%  100.00%
    [59]  R6      P3        23.91      41.20     0.00    10.00       none     511.95    0.0000    0.00%  100.00%
    [60]  R4      P1        25.14      41.79     0.00    10.00       none     517.89    0.0000    0.00%  100.00%
    [61]  R4      P4        25.20      41.85     0.00    10.00       none     518.50    0.0000    0.00%  100.00%
    [62]  R1      P3        23.91      42.22     0.00    10.00       none     522.15    0.0000    0.00%  100.00%
    [63]  R6      P1        25.14      42.42     0.00    10.00       none     524.19    0.0000    0.00%  100.00%
    [64]  R6      P4        25.20      42.48     0.00    10.00       none     524.80    0.0000    0.00%  100.00%
    [65]  R1      P1        25.14      43.44     0.00    10.00       none     534.39    0.0000    0.00%  100.00%
    [66]  R1      P4        25.20      43.50     0.00    10.00       none     535.00    0.0000    0.00%  100.00%
    [67]  R14     P3        23.91      44.91     0.00    10.00       none     549.15    0.0000    0.00%  100.00%
    [68]  R5      P3        23.91      45.16     0.00    10.00       none     551.55    0.0000    0.00%  100.00%
    [69]  R13     P3        23.91      45.30     0.00    10.00       none     552.95    0.0000    0.00%  100.00%
    [70]  R17     P3        23.91      46.02     0.00    10.00       none     560.15    0.0000    0.00%  100.00%
    [71]  R14     P1        25.14      46.14     0.00    10.00       none     561.39    0.0000    0.00%  100.00%
    [72]  R14     P4        25.20      46.20     0.00    10.00       none     562.00    0.0000    0.00%  100.00%
    [73]  R5      P1        25.14      46.38     0.00    10.00       none     563.79    0.0000    0.00%  100.00%
    [74]  R5      P4        25.20      46.44     0.00    10.00       none     564.40    0.0000    0.00%  100.00%
    [75]  R13     P1        25.14      46.52     0.00    10.00       none     565.19    0.0000    0.00%  100.00%
    [76]  R13     P4        25.20      46.58     0.00    10.00       none     565.80    0.0000    0.00%  100.00%
    [77]  R17     P1        25.14      47.24     0.00    10.00       none     572.39    0.0000    0.00%  100.00%
    [78]  R17     P4        25.20      47.30     0.00    10.00       none     573.00    0.0000    0.00%  100.00%
    [79]  R3      P3        23.91      48.73     0.00    10.00       none     587.35    0.0000    0.00%  100.00%
    [80]  R3      P1        25.14      49.96     0.00    10.00       none     599.59    0.0000    0.00%  100.00%
    [81]  R3      P4        25.20      50.02     0.00    10.00       none     600.20    0.0000    0.00%  100.00%
    [82]  R11     P3        23.91      53.02     0.00    10.00       none     630.15    0.0000    0.00%  100.00%
    [83]  R11     P1        25.14      54.24     0.00    10.00       none     642.39    0.0000    0.00%  100.00%
    [84]  R11     P4        25.20      54.30     0.00    10.00       none     643.00    0.0000    0.00%  100.00%
    draw=0.0612  →  (R4, P2) (rank 0) selected

  Assignment: R4 → P2  [0.00 → 16.65]  delay=0.00
    J4-1       [0.00 → 8.59]
    J4-2       [8.59 → 16.65]

  Assigned so far:
    ID      Pos       start    finish    delay
    ----------------------------------------
    R12     P3         8.13     13.91     0.00
    R7      P1         1.21     15.14     0.00
    R2      P4         0.00     15.20     0.00
    R4      P2         0.00     16.65     0.00

========================================================================
  STEP 5/20
========================================================================

  Pair evaluation  (80 pairs):
    Rank   ID      Pos     t_start   t_finish    delay      gap   blocking      score    weight     P(%)   cum(%)
    ---------------------------------------------------------------------------------------------------------
    [ 0]  R1      P5         0.00      18.30     0.00     0.00       none     183.00    1.0000   70.00%   70.00%
    [ 1]  R9      P5         5.74      18.33     0.00     0.00      2 mov     187.34    0.3000   21.00%   91.00%
    [ 2]  R10     P5         6.71      18.58     0.00     0.00      2 mov     189.81    0.0900    6.30%   97.30%
    [ 3]  R6      P5         1.33      18.61     0.00     0.00      2 mov     190.06    0.0270    1.89%   99.19%
    [ 4]  R8      P5         3.72      19.19     0.00     0.00      2 mov     195.89    0.0081    0.57%   99.76%
    [ 5]  R16     P5        13.56      20.19     0.00     0.00      4 mov     209.93    0.0024    0.17%   99.93%
    [ 6]  R5      P5         0.00      21.24     0.00     0.00       none     212.40    0.0007    0.05%   99.98%
    [ 7]  R3      P5         0.00      24.82     0.00     0.00       none     248.20    0.0002    0.02%   99.99%
    [ 8]  R15     P5        14.34      28.11     0.00     0.00      2 mov     285.07    0.0001    0.00%  100.00%
    [ 9]  R18     P5        21.73      29.80     0.00     0.00       none     298.04    0.0000    0.00%  100.00%
    [10]  R20     P5        23.48      33.26     0.00     0.00       none     332.63    0.0000    0.00%  100.00%
    [11]  R14     P5        11.68      32.68     0.00     0.00      4 mov     334.82    0.0000    0.00%  100.00%
    [12]  R19     P5        24.49      33.68     0.00     0.00       none     336.83    0.0000    0.00%  100.00%
    [13]  R13     P5        12.70      34.08     0.00     0.00      4 mov     348.81    0.0000    0.00%  100.00%
    [14]  R17     P5        18.00      40.11     0.00     0.00       none     401.05    0.0000    0.00%  100.00%
    [15]  R16     P3        23.91      30.54     0.00    10.00       none     405.45    0.0000    0.00%  100.00%
    [16]  R11     P5        11.01      40.11     0.00     0.00      4 mov     409.06    0.0000    0.00%  100.00%
    [17]  R16     P1        25.14      31.77     0.00    10.00       none     417.69    0.0000    0.00%  100.00%
    [18]  R16     P4        25.20      31.83     0.00    10.00       none     418.30    0.0000    0.00%  100.00%
    [19]  R18     P3        23.91      31.98     0.00    10.00       none     419.85    0.0000    0.00%  100.00%
    [20]  R18     P1        25.14      33.21     0.00    10.00       none     432.09    0.0000    0.00%  100.00%
    [21]  R18     P4        25.20      33.27     0.00    10.00       none     432.70    0.0000    0.00%  100.00%
    [22]  R16     P2        26.65      33.28     0.00    10.00       none     432.80    0.0000    0.00%  100.00%
    [23]  R20     P3        23.91      33.70     0.00    10.00       none     436.95    0.0000    0.00%  100.00%
    [24]  R19     P3        24.49      33.68     0.00    10.58       none     442.61    0.0000    0.00%  100.00%
    [25]  R19     P1        25.14      34.33     0.00    10.00       none     443.29    0.0000    0.00%  100.00%
    [26]  R19     P4        25.20      34.39     0.00    10.00       none     443.90    0.0000    0.00%  100.00%
    [27]  R18     P2        26.65      34.72     0.00    10.00       none     447.20    0.0000    0.00%  100.00%
    [28]  R20     P1        25.14      34.92     0.00    10.00       none     449.19    0.0000    0.00%  100.00%
    [29]  R20     P4        25.20      34.98     0.00    10.00       none     449.80    0.0000    0.00%  100.00%
    [30]  R10     P3        23.91      35.78     0.00    10.00       none     457.85    0.0000    0.00%  100.00%
    [31]  R19     P2        26.65      35.84     0.00    10.00       none     458.40    0.0000    0.00%  100.00%
    [32]  R20     P2        26.65      36.43     0.00    10.00       none     464.30    0.0000    0.00%  100.00%
    [33]  R9      P3        23.91      36.50     0.00    10.00       none     465.05    0.0000    0.00%  100.00%
    [34]  R10     P1        25.14      37.01     0.00    10.00       none     470.09    0.0000    0.00%  100.00%
    [35]  R10     P4        25.20      37.07     0.00    10.00       none     470.70    0.0000    0.00%  100.00%
    [36]  R15     P3        23.91      37.69     0.00    10.00       none     476.85    0.0000    0.00%  100.00%
    [37]  R9      P1        25.14      37.73     0.00    10.00       none     477.29    0.0000    0.00%  100.00%
    [38]  R9      P4        25.20      37.79     0.00    10.00       none     477.90    0.0000    0.00%  100.00%
    [39]  R10     P2        26.65      38.52     0.00    10.00       none     485.20    0.0000    0.00%  100.00%
    [40]  R15     P1        25.14      38.91     0.00    10.00       none     489.09    0.0000    0.00%  100.00%
    [41]  R15     P4        25.20      38.97     0.00    10.00       none     489.70    0.0000    0.00%  100.00%
    [42]  R9      P2        26.65      39.24     0.00    10.00       none     492.40    0.0000    0.00%  100.00%
    [43]  R8      P3        23.91      39.38     0.00    10.00       none     493.85    0.0000    0.00%  100.00%
    [44]  R15     P2        26.65      40.42     0.00    10.00       none     504.20    0.0000    0.00%  100.00%
    [45]  R8      P1        25.14      40.61     0.00    10.00       none     506.09    0.0000    0.00%  100.00%
    [46]  R8      P4        25.20      40.67     0.00    10.00       none     506.70    0.0000    0.00%  100.00%
    [47]  R6      P3        23.91      41.20     0.00    10.00       none     511.95    0.0000    0.00%  100.00%
    [48]  R8      P2        26.65      42.12     0.00    10.00       none     521.20    0.0000    0.00%  100.00%
    [49]  R1      P3        23.91      42.22     0.00    10.00       none     522.15    0.0000    0.00%  100.00%
    [50]  R6      P1        25.14      42.42     0.00    10.00       none     524.19    0.0000    0.00%  100.00%
    [51]  R6      P4        25.20      42.48     0.00    10.00       none     524.80    0.0000    0.00%  100.00%
    [52]  R1      P1        25.14      43.44     0.00    10.00       none     534.39    0.0000    0.00%  100.00%
    [53]  R1      P4        25.20      43.50     0.00    10.00       none     535.00    0.0000    0.00%  100.00%
    [54]  R6      P2        26.65      43.93     0.00    10.00       none     539.30    0.0000    0.00%  100.00%
    [55]  R14     P3        23.91      44.91     0.00    10.00       none     549.15    0.0000    0.00%  100.00%
    [56]  R5      P3        23.91      45.16     0.00    10.00       none     551.55    0.0000    0.00%  100.00%
    [57]  R13     P3        23.91      45.30     0.00    10.00       none     552.95    0.0000    0.00%  100.00%
    [58]  R17     P3        23.91      46.02     0.00    10.00       none     560.15    0.0000    0.00%  100.00%
    [59]  R14     P1        25.14      46.14     0.00    10.00       none     561.39    0.0000    0.00%  100.00%
    [60]  R14     P4        25.20      46.20     0.00    10.00       none     562.00    0.0000    0.00%  100.00%
    [61]  R5      P1        25.14      46.38     0.00    10.00       none     563.79    0.0000    0.00%  100.00%
    [62]  R5      P4        25.20      46.44     0.00    10.00       none     564.40    0.0000    0.00%  100.00%
    [63]  R13     P1        25.14      46.52     0.00    10.00       none     565.19    0.0000    0.00%  100.00%
    [64]  R13     P4        25.20      46.58     0.00    10.00       none     565.80    0.0000    0.00%  100.00%
    [65]  R17     P1        25.14      47.24     0.00    10.00       none     572.39    0.0000    0.00%  100.00%
    [66]  R17     P4        25.20      47.30     0.00    10.00       none     573.00    0.0000    0.00%  100.00%
    [67]  R14     P2        26.65      47.65     0.00    10.00       none     576.50    0.0000    0.00%  100.00%
    [68]  R5      P2        26.65      47.89     0.00    10.00       none     578.90    0.0000    0.00%  100.00%
    [69]  R13     P2        26.65      48.03     0.00    10.00       none     580.30    0.0000    0.00%  100.00%
    [70]  R3      P3        23.91      48.73     0.00    10.00       none     587.35    0.0000    0.00%  100.00%
    [71]  R17     P2        26.65      48.75     0.00    10.00       none     587.50    0.0000    0.00%  100.00%
    [72]  R3      P1        25.14      49.96     0.00    10.00       none     599.59    0.0000    0.00%  100.00%
    [73]  R3      P4        25.20      50.02     0.00    10.00       none     600.20    0.0000    0.00%  100.00%
    [74]  R3      P2        26.65      51.47     0.00    10.00       none     614.70    0.0000    0.00%  100.00%
    [75]  R1      P2        26.65      44.95     0.66    10.00       none     615.00    0.0000    0.00%  100.00%
    [76]  R11     P3        23.91      53.02     0.00    10.00       none     630.15    0.0000    0.00%  100.00%
    [77]  R11     P1        25.14      54.24     0.00    10.00       none     642.39    0.0000    0.00%  100.00%
    [78]  R11     P4        25.20      54.30     0.00    10.00       none     643.00    0.0000    0.00%  100.00%
    [79]  R11     P2        26.65      55.75     0.00    10.00       none     657.50    0.0000    0.00%  100.00%
    draw=0.7645  →  (R1, P5) (rank 0) selected

  Assignment: R1 → P5  [0.00 → 18.30]  delay=0.00
    J1-1       [0.00 → 9.64]
    J1-2       [9.64 → 18.30]

  Assigned so far:
    ID      Pos       start    finish    delay
    ----------------------------------------
    R12     P3         8.13     13.91     0.00
    R7      P1         1.21     15.14     0.00
    R2      P4         0.00     15.20     0.00
    R4      P2         0.00     16.65     0.00
    R1      P5         0.00     18.30     0.00

========================================================================
  STEP 6/20
========================================================================

  Pair evaluation  (75 pairs):
    Rank   ID      Pos     t_start   t_finish    delay      gap   blocking      score    weight     P(%)   cum(%)
    ---------------------------------------------------------------------------------------------------------
    [ 0]  R16     P3        23.91      30.54     0.00    10.00       none     405.45    1.0000   70.00%   70.00%
    [ 1]  R16     P1        25.14      31.77     0.00    10.00       none     417.69    0.3000   21.00%   91.00%
    [ 2]  R16     P4        25.20      31.83     0.00    10.00       none     418.30    0.0900    6.30%   97.30%
    [ 3]  R18     P3        23.91      31.98     0.00    10.00       none     419.85    0.0270    1.89%   99.19%
    [ 4]  R18     P1        25.14      33.21     0.00    10.00       none     432.09    0.0081    0.57%   99.76%
    [ 5]  R18     P4        25.20      33.27     0.00    10.00       none     432.70    0.0024    0.17%   99.93%
    [ 6]  R16     P2        26.65      33.28     0.00    10.00       none     432.80    0.0007    0.05%   99.98%
    [ 7]  R20     P3        23.91      33.70     0.00    10.00       none     436.95    0.0002    0.02%   99.99%
    [ 8]  R19     P3        24.49      33.68     0.00    10.58       none     442.61    0.0001    0.00%  100.00%
    [ 9]  R19     P1        25.14      34.33     0.00    10.00       none     443.29    0.0000    0.00%  100.00%
    [10]  R19     P4        25.20      34.39     0.00    10.00       none     443.90    0.0000    0.00%  100.00%
    [11]  R18     P2        26.65      34.72     0.00    10.00       none     447.20    0.0000    0.00%  100.00%
    [12]  R20     P1        25.14      34.92     0.00    10.00       none     449.19    0.0000    0.00%  100.00%
    [13]  R20     P4        25.20      34.98     0.00    10.00       none     449.80    0.0000    0.00%  100.00%
    [14]  R10     P3        23.91      35.78     0.00    10.00       none     457.85    0.0000    0.00%  100.00%
    [15]  R19     P2        26.65      35.84     0.00    10.00       none     458.40    0.0000    0.00%  100.00%
    [16]  R18     P5        28.30      36.37     0.00    10.00       none     463.70    0.0000    0.00%  100.00%
    [17]  R20     P2        26.65      36.43     0.00    10.00       none     464.30    0.0000    0.00%  100.00%
    [18]  R9      P3        23.91      36.50     0.00    10.00       none     465.05    0.0000    0.00%  100.00%
    [19]  R10     P1        25.14      37.01     0.00    10.00       none     470.09    0.0000    0.00%  100.00%
    [20]  R10     P4        25.20      37.07     0.00    10.00       none     470.70    0.0000    0.00%  100.00%
    [21]  R19     P5        28.30      37.49     0.00    10.00       none     474.90    0.0000    0.00%  100.00%
    [22]  R15     P3        23.91      37.69     0.00    10.00       none     476.85    0.0000    0.00%  100.00%
    [23]  R9      P1        25.14      37.73     0.00    10.00       none     477.29    0.0000    0.00%  100.00%
    [24]  R9      P4        25.20      37.79     0.00    10.00       none     477.90    0.0000    0.00%  100.00%
    [25]  R20     P5        28.30      38.08     0.00    10.00       none     480.80    0.0000    0.00%  100.00%
    [26]  R10     P2        26.65      38.52     0.00    10.00       none     485.20    0.0000    0.00%  100.00%
    [27]  R15     P1        25.14      38.91     0.00    10.00       none     489.09    0.0000    0.00%  100.00%
    [28]  R15     P4        25.20      38.97     0.00    10.00       none     489.70    0.0000    0.00%  100.00%
    [29]  R9      P2        26.65      39.24     0.00    10.00       none     492.40    0.0000    0.00%  100.00%
    [30]  R8      P3        23.91      39.38     0.00    10.00       none     493.85    0.0000    0.00%  100.00%
    [31]  R10     P5        28.30      40.17     0.00    10.00       none     501.70    0.0000    0.00%  100.00%
    [32]  R15     P2        26.65      40.42     0.00    10.00       none     504.20    0.0000    0.00%  100.00%
    [33]  R8      P1        25.14      40.61     0.00    10.00       none     506.09    0.0000    0.00%  100.00%
    [34]  R8      P4        25.20      40.67     0.00    10.00       none     506.70    0.0000    0.00%  100.00%
    [35]  R9      P5        28.30      40.89     0.00    10.00       none     508.90    0.0000    0.00%  100.00%
    [36]  R6      P3        23.91      41.20     0.00    10.00       none     511.95    0.0000    0.00%  100.00%
    [37]  R15     P5        28.30      42.07     0.00    10.00       none     520.70    0.0000    0.00%  100.00%
    [38]  R8      P2        26.65      42.12     0.00    10.00       none     521.20    0.0000    0.00%  100.00%
    [39]  R6      P1        25.14      42.42     0.00    10.00       none     524.19    0.0000    0.00%  100.00%
    [40]  R6      P4        25.20      42.48     0.00    10.00       none     524.80    0.0000    0.00%  100.00%
    [41]  R8      P5        28.30      43.77     0.00    10.00       none     537.70    0.0000    0.00%  100.00%
    [42]  R6      P2        26.65      43.93     0.00    10.00       none     539.30    0.0000    0.00%  100.00%
    [43]  R14     P3        23.91      44.91     0.00    10.00       none     549.15    0.0000    0.00%  100.00%
    [44]  R5      P3        23.91      45.16     0.00    10.00       none     551.55    0.0000    0.00%  100.00%
    [45]  R13     P3        23.91      45.30     0.00    10.00       none     552.95    0.0000    0.00%  100.00%
    [46]  R6      P5        28.30      45.58     0.00    10.00       none     555.80    0.0000    0.00%  100.00%
    [47]  R17     P3        23.91      46.02     0.00    10.00       none     560.15    0.0000    0.00%  100.00%
    [48]  R14     P1        25.14      46.14     0.00    10.00       none     561.39    0.0000    0.00%  100.00%
    [49]  R14     P4        25.20      46.20     0.00    10.00       none     562.00    0.0000    0.00%  100.00%
    [50]  R5      P1        25.14      46.38     0.00    10.00       none     563.79    0.0000    0.00%  100.00%
    [51]  R5      P4        25.20      46.44     0.00    10.00       none     564.40    0.0000    0.00%  100.00%
    [52]  R13     P1        25.14      46.52     0.00    10.00       none     565.19    0.0000    0.00%  100.00%
    [53]  R13     P4        25.20      46.58     0.00    10.00       none     565.80    0.0000    0.00%  100.00%
    [54]  R17     P1        25.14      47.24     0.00    10.00       none     572.39    0.0000    0.00%  100.00%
    [55]  R17     P4        25.20      47.30     0.00    10.00       none     573.00    0.0000    0.00%  100.00%
    [56]  R14     P2        26.65      47.65     0.00    10.00       none     576.50    0.0000    0.00%  100.00%
    [57]  R5      P2        26.65      47.89     0.00    10.00       none     578.90    0.0000    0.00%  100.00%
    [58]  R13     P2        26.65      48.03     0.00    10.00       none     580.30    0.0000    0.00%  100.00%
    [59]  R16     P5        28.30      34.93     1.34    10.00       none     583.30    0.0000    0.00%  100.00%
    [60]  R3      P3        23.91      48.73     0.00    10.00       none     587.35    0.0000    0.00%  100.00%
    [61]  R17     P2        26.65      48.75     0.00    10.00       none     587.50    0.0000    0.00%  100.00%
    [62]  R14     P5        28.30      49.30     0.00    10.00       none     593.00    0.0000    0.00%  100.00%
    [63]  R5      P5        28.30      49.54     0.00    10.00       none     595.40    0.0000    0.00%  100.00%
    [64]  R13     P5        28.30      49.68     0.00    10.00       none     596.80    0.0000    0.00%  100.00%
    [65]  R3      P1        25.14      49.96     0.00    10.00       none     599.59    0.0000    0.00%  100.00%
    [66]  R3      P4        25.20      50.02     0.00    10.00       none     600.20    0.0000    0.00%  100.00%
    [67]  R17     P5        28.30      50.40     0.00    10.00       none     604.00    0.0000    0.00%  100.00%
    [68]  R3      P2        26.65      51.47     0.00    10.00       none     614.70    0.0000    0.00%  100.00%
    [69]  R11     P3        23.91      53.02     0.00    10.00       none     630.15    0.0000    0.00%  100.00%
    [70]  R3      P5        28.30      53.12     0.00    10.00       none     631.20    0.0000    0.00%  100.00%
    [71]  R11     P1        25.14      54.24     0.00    10.00       none     642.39    0.0000    0.00%  100.00%
    [72]  R11     P4        25.20      54.30     0.00    10.00       none     643.00    0.0000    0.00%  100.00%
    [73]  R11     P2        26.65      55.75     0.00    10.00       none     657.50    0.0000    0.00%  100.00%
    [74]  R11     P5        28.30      57.40     0.00    10.00       none     674.00    0.0000    0.00%  100.00%
    draw=1.1189  →  (R16, P1) (rank 1) selected

  Assignment: R16 → P1  [25.14 → 31.77]  delay=0.00
    J16-1      [25.14 → 31.77]

  Assigned so far:
    ID      Pos       start    finish    delay
    ----------------------------------------
    R12     P3         8.13     13.91     0.00
    R7      P1         1.21     15.14     0.00
    R2      P4         0.00     15.20     0.00
    R4      P2         0.00     16.65     0.00
    R1      P5         0.00     18.30     0.00
    R16     P1        25.14     31.77     0.00

========================================================================
  STEP 7/20
========================================================================

  Pair evaluation  (70 pairs):
    Rank   ID      Pos     t_start   t_finish    delay      gap   blocking      score    weight     P(%)   cum(%)
    ---------------------------------------------------------------------------------------------------------
    [ 0]  R18     P3        23.91      31.98     0.00    10.00       none     419.85    1.0000   70.00%   70.00%
    [ 1]  R18     P4        25.20      33.27     0.00    10.00       none     432.70    0.3000   21.00%   91.00%
    [ 2]  R20     P3        23.91      33.70     0.00    10.00       none     436.95    0.0900    6.30%   97.30%
    [ 3]  R19     P3        24.49      33.68     0.00    10.58       none     442.61    0.0270    1.89%   99.19%
    [ 4]  R19     P4        25.20      34.39     0.00    10.00       none     443.90    0.0081    0.57%   99.76%
    [ 5]  R18     P2        26.65      34.72     0.00    10.00       none     447.20    0.0024    0.17%   99.93%
    [ 6]  R20     P4        25.20      34.98     0.00    10.00       none     449.80    0.0007    0.05%   99.98%
    [ 7]  R10     P3        23.91      35.78     0.00    10.00       none     457.85    0.0002    0.02%   99.99%
    [ 8]  R19     P2        26.65      35.84     0.00    10.00       none     458.40    0.0001    0.00%  100.00%
    [ 9]  R18     P5        28.30      36.37     0.00    10.00       none     463.70    0.0000    0.00%  100.00%
    [10]  R20     P2        26.65      36.43     0.00    10.00       none     464.30    0.0000    0.00%  100.00%
    [11]  R9      P3        23.91      36.50     0.00    10.00       none     465.05    0.0000    0.00%  100.00%
    [12]  R10     P4        25.20      37.07     0.00    10.00       none     470.70    0.0000    0.00%  100.00%
    [13]  R19     P5        28.30      37.49     0.00    10.00       none     474.90    0.0000    0.00%  100.00%
    [14]  R15     P3        23.91      37.69     0.00    10.00       none     476.85    0.0000    0.00%  100.00%
    [15]  R9      P4        25.20      37.79     0.00    10.00       none     477.90    0.0000    0.00%  100.00%
    [16]  R20     P5        28.30      38.08     0.00    10.00       none     480.80    0.0000    0.00%  100.00%
    [17]  R10     P2        26.65      38.52     0.00    10.00       none     485.20    0.0000    0.00%  100.00%
    [18]  R15     P4        25.20      38.97     0.00    10.00       none     489.70    0.0000    0.00%  100.00%
    [19]  R9      P2        26.65      39.24     0.00    10.00       none     492.40    0.0000    0.00%  100.00%
    [20]  R8      P3        23.91      39.38     0.00    10.00       none     493.85    0.0000    0.00%  100.00%
    [21]  R10     P5        28.30      40.17     0.00    10.00       none     501.70    0.0000    0.00%  100.00%
    [22]  R15     P2        26.65      40.42     0.00    10.00       none     504.20    0.0000    0.00%  100.00%
    [23]  R8      P4        25.20      40.67     0.00    10.00       none     506.70    0.0000    0.00%  100.00%
    [24]  R9      P5        28.30      40.89     0.00    10.00       none     508.90    0.0000    0.00%  100.00%
    [25]  R6      P3        23.91      41.20     0.00    10.00       none     511.95    0.0000    0.00%  100.00%
    [26]  R15     P5        28.30      42.07     0.00    10.00       none     520.70    0.0000    0.00%  100.00%
    [27]  R8      P2        26.65      42.12     0.00    10.00       none     521.20    0.0000    0.00%  100.00%
    [28]  R6      P4        25.20      42.48     0.00    10.00       none     524.80    0.0000    0.00%  100.00%
    [29]  R8      P5        28.30      43.77     0.00    10.00       none     537.70    0.0000    0.00%  100.00%
    [30]  R6      P2        26.65      43.93     0.00    10.00       none     539.30    0.0000    0.00%  100.00%
    [31]  R14     P3        23.91      44.91     0.00    10.00       none     549.15    0.0000    0.00%  100.00%
    [32]  R5      P3        23.91      45.16     0.00    10.00       none     551.55    0.0000    0.00%  100.00%
    [33]  R13     P3        23.91      45.30     0.00    10.00       none     552.95    0.0000    0.00%  100.00%
    [34]  R6      P5        28.30      45.58     0.00    10.00       none     555.80    0.0000    0.00%  100.00%
    [35]  R17     P3        23.91      46.02     0.00    10.00       none     560.15    0.0000    0.00%  100.00%
    [36]  R14     P4        25.20      46.20     0.00    10.00       none     562.00    0.0000    0.00%  100.00%
    [37]  R5      P4        25.20      46.44     0.00    10.00       none     564.40    0.0000    0.00%  100.00%
    [38]  R13     P4        25.20      46.58     0.00    10.00       none     565.80    0.0000    0.00%  100.00%
    [39]  R17     P4        25.20      47.30     0.00    10.00       none     573.00    0.0000    0.00%  100.00%
    [40]  R14     P2        26.65      47.65     0.00    10.00       none     576.50    0.0000    0.00%  100.00%
    [41]  R5      P2        26.65      47.89     0.00    10.00       none     578.90    0.0000    0.00%  100.00%
    [42]  R13     P2        26.65      48.03     0.00    10.00       none     580.30    0.0000    0.00%  100.00%
    [43]  R3      P3        23.91      48.73     0.00    10.00       none     587.35    0.0000    0.00%  100.00%
    [44]  R17     P2        26.65      48.75     0.00    10.00       none     587.50    0.0000    0.00%  100.00%
    [45]  R14     P5        28.30      49.30     0.00    10.00       none     593.00    0.0000    0.00%  100.00%
    [46]  R5      P5        28.30      49.54     0.00    10.00       none     595.40    0.0000    0.00%  100.00%
    [47]  R13     P5        28.30      49.68     0.00    10.00       none     596.80    0.0000    0.00%  100.00%
    [48]  R3      P4        25.20      50.02     0.00    10.00       none     600.20    0.0000    0.00%  100.00%
    [49]  R17     P5        28.30      50.40     0.00    10.00       none     604.00    0.0000    0.00%  100.00%
    [50]  R3      P2        26.65      51.47     0.00    10.00       none     614.70    0.0000    0.00%  100.00%
    [51]  R11     P3        23.91      53.02     0.00    10.00       none     630.15    0.0000    0.00%  100.00%
    [52]  R3      P5        28.30      53.12     0.00    10.00       none     631.20    0.0000    0.00%  100.00%
    [53]  R10     P1        41.77      53.64     0.00    10.00       none     636.39    0.0000    0.00%  100.00%
    [54]  R11     P4        25.20      54.30     0.00    10.00       none     643.00    0.0000    0.00%  100.00%
    [55]  R15     P1        41.77      55.54     0.00    10.00       none     655.39    0.0000    0.00%  100.00%
    [56]  R11     P2        26.65      55.75     0.00    10.00       none     657.50    0.0000    0.00%  100.00%
    [57]  R11     P5        28.30      57.40     0.00    10.00       none     674.00    0.0000    0.00%  100.00%
    [58]  R14     P1        41.77      62.77     0.00    10.00       none     727.69    0.0000    0.00%  100.00%
    [59]  R5      P1        41.77      63.01     0.00    10.00       none     730.09    0.0000    0.00%  100.00%
    [60]  R17     P1        41.77      63.87     0.00    10.00       none     738.69    0.0000    0.00%  100.00%
    [61]  R3      P1        41.77      66.59     0.00    10.00       none     765.89    0.0000    0.00%  100.00%
    [62]  R9      P1        41.77      54.36     1.60    10.00       none     803.29    0.0000    0.00%  100.00%
    [63]  R11     P1        41.77      70.87     0.00    10.00       none     808.69    0.0000    0.00%  100.00%
    [64]  R8      P1        41.77      57.24     2.22    10.00       none     894.79    0.0000    0.00%  100.00%
    [65]  R13     P1        41.77      63.15     4.22    10.00       none    1153.09    0.0000    0.00%  100.00%
    [66]  R19     P1        41.77      50.96    10.35    10.00       none    1644.89    0.0000    0.00%  100.00%
    [67]  R20     P1        41.77      51.55    10.52    10.00       none    1667.79    0.0000    0.00%  100.00%
    [68]  R6      P1        41.77      59.05    10.21    10.00       none    1711.19    0.0000    0.00%  100.00%
    [69]  R18     P1        41.77      49.84    13.17    10.00       none    1915.49    0.0000    0.00%  100.00%
    draw=1.0614  →  (R18, P4) (rank 1) selected

  Assignment: R18 → P4  [25.20 → 33.27]  delay=0.00
    J18-1      [25.20 → 33.27]

  Assigned so far:
    ID      Pos       start    finish    delay
    ----------------------------------------
    R12     P3         8.13     13.91     0.00
    R7      P1         1.21     15.14     0.00
    R2      P4         0.00     15.20     0.00
    R4      P2         0.00     16.65     0.00
    R1      P5         0.00     18.30     0.00
    R16     P1        25.14     31.77     0.00
    R18     P4        25.20     33.27     0.00

========================================================================
  STEP 8/20
========================================================================

  Pair evaluation  (65 pairs):
    Rank   ID      Pos     t_start   t_finish    delay      gap   blocking      score    weight     P(%)   cum(%)
    ---------------------------------------------------------------------------------------------------------
    [ 0]  R20     P3        23.91      33.70     0.00    10.00      4 mov     444.95    1.0000   70.00%   70.00%
    [ 1]  R19     P3        24.49      33.68     0.00    10.58      4 mov     450.61    0.3000   21.00%   91.00%
    [ 2]  R19     P2        26.65      35.84     0.00    10.00       none     458.40    0.0900    6.30%   97.30%
    [ 3]  R20     P2        26.65      36.43     0.00    10.00       none     464.30    0.0270    1.89%   99.19%
    [ 4]  R10     P3        23.91      35.78     0.00    10.00      4 mov     465.85    0.0081    0.57%   99.76%
    [ 5]  R9      P3        23.91      36.50     0.00    10.00      4 mov     473.05    0.0024    0.17%   99.93%
    [ 6]  R19     P5        28.30      37.49     0.00    10.00      2 mov     478.90    0.0007    0.05%   99.98%
    [ 7]  R20     P5        28.30      38.08     0.00    10.00      2 mov     484.80    0.0002    0.02%   99.99%
    [ 8]  R15     P3        23.91      37.69     0.00    10.00      4 mov     484.85    0.0001    0.00%  100.00%
    [ 9]  R10     P2        26.65      38.52     0.00    10.00       none     485.20    0.0000    0.00%  100.00%
    [10]  R9      P2        26.65      39.24     0.00    10.00       none     492.40    0.0000    0.00%  100.00%
    [11]  R8      P3        23.91      39.38     0.00    10.00      4 mov     501.85    0.0000    0.00%  100.00%
    [12]  R15     P2        26.65      40.42     0.00    10.00       none     504.20    0.0000    0.00%  100.00%
    [13]  R10     P5        28.30      40.17     0.00    10.00      2 mov     505.70    0.0000    0.00%  100.00%
    [14]  R9      P5        28.30      40.89     0.00    10.00      2 mov     512.90    0.0000    0.00%  100.00%
    [15]  R6      P3        23.91      41.20     0.00    10.00      4 mov     519.95    0.0000    0.00%  100.00%
    [16]  R8      P2        26.65      42.12     0.00    10.00       none     521.20    0.0000    0.00%  100.00%
    [17]  R15     P5        28.30      42.07     0.00    10.00      2 mov     524.70    0.0000    0.00%  100.00%
    [18]  R6      P2        26.65      43.93     0.00    10.00       none     539.30    0.0000    0.00%  100.00%
    [19]  R8      P5        28.30      43.77     0.00    10.00      2 mov     541.70    0.0000    0.00%  100.00%
    [20]  R14     P3        23.91      44.91     0.00    10.00      4 mov     557.15    0.0000    0.00%  100.00%
    [21]  R5      P3        23.91      45.16     0.00    10.00      4 mov     559.55    0.0000    0.00%  100.00%
    [22]  R6      P5        28.30      45.58     0.00    10.00      2 mov     559.80    0.0000    0.00%  100.00%
    [23]  R13     P3        23.91      45.30     0.00    10.00      4 mov     560.95    0.0000    0.00%  100.00%
    [24]  R17     P3        23.91      46.02     0.00    10.00      4 mov     568.15    0.0000    0.00%  100.00%
    [25]  R14     P2        26.65      47.65     0.00    10.00       none     576.50    0.0000    0.00%  100.00%
    [26]  R5      P2        26.65      47.89     0.00    10.00       none     578.90    0.0000    0.00%  100.00%
    [27]  R13     P2        26.65      48.03     0.00    10.00       none     580.30    0.0000    0.00%  100.00%
    [28]  R17     P2        26.65      48.75     0.00    10.00       none     587.50    0.0000    0.00%  100.00%
    [29]  R3      P3        23.91      48.73     0.00    10.00      4 mov     595.35    0.0000    0.00%  100.00%
    [30]  R14     P5        28.30      49.30     0.00    10.00      2 mov     597.00    0.0000    0.00%  100.00%
    [31]  R5      P5        28.30      49.54     0.00    10.00      2 mov     599.40    0.0000    0.00%  100.00%
    [32]  R13     P5        28.30      49.68     0.00    10.00      2 mov     600.80    0.0000    0.00%  100.00%
    [33]  R17     P5        28.30      50.40     0.00    10.00      2 mov     608.00    0.0000    0.00%  100.00%
    [34]  R3      P2        26.65      51.47     0.00    10.00       none     614.70    0.0000    0.00%  100.00%
    [35]  R3      P5        28.30      53.12     0.00    10.00      2 mov     635.20    0.0000    0.00%  100.00%
    [36]  R10     P1        41.77      53.64     0.00    10.00       none     636.39    0.0000    0.00%  100.00%
    [37]  R11     P3        23.91      53.02     0.00    10.00      4 mov     638.15    0.0000    0.00%  100.00%
    [38]  R10     P4        43.27      55.14     0.00    10.00       none     651.40    0.0000    0.00%  100.00%
    [39]  R15     P1        41.77      55.54     0.00    10.00       none     655.39    0.0000    0.00%  100.00%
    [40]  R11     P2        26.65      55.75     0.00    10.00       none     657.50    0.0000    0.00%  100.00%
    [41]  R15     P4        43.27      57.04     0.00    10.00       none     670.40    0.0000    0.00%  100.00%
    [42]  R11     P5        28.30      57.40     0.00    10.00      2 mov     678.00    0.0000    0.00%  100.00%
    [43]  R14     P1        41.77      62.77     0.00    10.00       none     727.69    0.0000    0.00%  100.00%
    [44]  R5      P1        41.77      63.01     0.00    10.00       none     730.09    0.0000    0.00%  100.00%
    [45]  R17     P1        41.77      63.87     0.00    10.00       none     738.69    0.0000    0.00%  100.00%
    [46]  R14     P4        43.27      64.27     0.00    10.00       none     742.70    0.0000    0.00%  100.00%
    [47]  R5      P4        43.27      64.51     0.00    10.00       none     745.10    0.0000    0.00%  100.00%
    [48]  R17     P4        43.27      65.37     0.00    10.00       none     753.70    0.0000    0.00%  100.00%
    [49]  R3      P1        41.77      66.59     0.00    10.00       none     765.89    0.0000    0.00%  100.00%
    [50]  R3      P4        43.27      68.09     0.00    10.00       none     780.90    0.0000    0.00%  100.00%
    [51]  R9      P1        41.77      54.36     1.60    10.00       none     803.29    0.0000    0.00%  100.00%
    [52]  R11     P1        41.77      70.87     0.00    10.00       none     808.69    0.0000    0.00%  100.00%
    [53]  R11     P4        43.27      72.37     0.00    10.00       none     823.70    0.0000    0.00%  100.00%
    [54]  R8      P1        41.77      57.24     2.22    10.00       none     894.79    0.0000    0.00%  100.00%
    [55]  R9      P4        43.27      55.86     3.10    10.00       none     968.40    0.0000    0.00%  100.00%
    [56]  R8      P4        43.27      58.74     3.72    10.00       none    1059.90    0.0000    0.00%  100.00%
    [57]  R13     P1        41.77      63.15     4.22    10.00       none    1153.09    0.0000    0.00%  100.00%
    [58]  R13     P4        43.27      64.65     5.72    10.00       none    1318.20    0.0000    0.00%  100.00%
    [59]  R19     P1        41.77      50.96    10.35    10.00       none    1644.89    0.0000    0.00%  100.00%
    [60]  R20     P1        41.77      51.55    10.52    10.00       none    1667.79    0.0000    0.00%  100.00%
    [61]  R6      P1        41.77      59.05    10.21    10.00       none    1711.19    0.0000    0.00%  100.00%
    [62]  R19     P4        43.27      52.46    11.85    10.00       none    1810.00    0.0000    0.00%  100.00%
    [63]  R20     P4        43.27      53.05    12.02    10.00       none    1832.90    0.0000    0.00%  100.00%
    [64]  R6      P4        43.27      60.55    11.71    10.00       none    1876.30    0.0000    0.00%  100.00%
    draw=0.2642  →  (R20, P3) (rank 0) selected
  start-time compare  R20 → P3:  t_imm=23.91 cost=344.95 (4 new movs)  vs  t_nob=33.27 cost=632.90

  Assignment: R20 → P3  [23.91 → 33.70]  delay=0.00
    J20-1      [23.91 → 33.70]

  Assigned so far:
    ID      Pos       start    finish    delay
    ----------------------------------------
    R12     P3         8.13     13.91     0.00
    R7      P1         1.21     15.14     0.00
    R2      P4         0.00     15.20     0.00
    R4      P2         0.00     16.65     0.00
    R1      P5         0.00     18.30     0.00
    R16     P1        25.14     31.77     0.00
    R18     P4        25.20     33.27     0.00
    R20     P3        23.91     33.70     0.00

========================================================================
  STEP 9/20
========================================================================

  Pair evaluation  (60 pairs):
    Rank   ID      Pos     t_start   t_finish    delay      gap   blocking      score    weight     P(%)   cum(%)
    ---------------------------------------------------------------------------------------------------------
    [ 0]  R19     P2        26.65      35.84     0.00    10.00      4 mov     466.40    1.0000   70.00%   70.00%
    [ 1]  R19     P5        28.30      37.49     0.00    10.00      8 mov     490.90    0.3000   21.00%   91.00%
    [ 2]  R10     P2        26.65      38.52     0.00    10.00      4 mov     493.20    0.0900    6.30%   97.30%
    [ 3]  R9      P2        26.65      39.24     0.00    10.00      4 mov     500.40    0.0270    1.89%   99.19%
    [ 4]  R15     P2        26.65      40.42     0.00    10.00      4 mov     512.20    0.0081    0.57%   99.76%
    [ 5]  R10     P5        28.30      40.17     0.00    10.00      8 mov     517.70    0.0024    0.17%   99.93%
    [ 6]  R9      P5        28.30      40.89     0.00    10.00      8 mov     524.90    0.0007    0.05%   99.98%
    [ 7]  R8      P2        26.65      42.12     0.00    10.00      4 mov     529.20    0.0002    0.02%   99.99%
    [ 8]  R15     P5        28.30      42.07     0.00    10.00      8 mov     536.70    0.0001    0.00%  100.00%
    [ 9]  R6      P2        26.65      43.93     0.00    10.00      4 mov     547.30    0.0000    0.00%  100.00%
    [10]  R8      P5        28.30      43.77     0.00    10.00      8 mov     553.70    0.0000    0.00%  100.00%
    [11]  R6      P5        28.30      45.58     0.00    10.00      8 mov     571.80    0.0000    0.00%  100.00%
    [12]  R14     P2        26.65      47.65     0.00    10.00      4 mov     584.50    0.0000    0.00%  100.00%
    [13]  R5      P2        26.65      47.89     0.00    10.00      4 mov     586.90    0.0000    0.00%  100.00%
    [14]  R13     P2        26.65      48.03     0.00    10.00      4 mov     588.30    0.0000    0.00%  100.00%
    [15]  R17     P2        26.65      48.75     0.00    10.00      4 mov     595.50    0.0000    0.00%  100.00%
    [16]  R14     P5        28.30      49.30     0.00    10.00      8 mov     609.00    0.0000    0.00%  100.00%
    [17]  R5      P5        28.30      49.54     0.00    10.00      8 mov     611.40    0.0000    0.00%  100.00%
    [18]  R13     P5        28.30      49.68     0.00    10.00      8 mov     612.80    0.0000    0.00%  100.00%
    [19]  R17     P5        28.30      50.40     0.00    10.00      8 mov     620.00    0.0000    0.00%  100.00%
    [20]  R3      P2        26.65      51.47     0.00    10.00      4 mov     622.70    0.0000    0.00%  100.00%
    [21]  R10     P1        41.77      53.64     0.00    10.00      4 mov     644.39    0.0000    0.00%  100.00%
    [22]  R3      P5        28.30      53.12     0.00    10.00      8 mov     647.20    0.0000    0.00%  100.00%
    [23]  R10     P4        43.27      55.14     0.00    10.00      4 mov     659.40    0.0000    0.00%  100.00%
    [24]  R15     P1        41.77      55.54     0.00    10.00      4 mov     663.39    0.0000    0.00%  100.00%
    [25]  R10     P3        43.70      55.56     0.00    10.00      4 mov     663.65    0.0000    0.00%  100.00%
    [26]  R11     P2        26.65      55.75     0.00    10.00      4 mov     665.50    0.0000    0.00%  100.00%
    [27]  R15     P4        43.27      57.04     0.00    10.00      4 mov     678.40    0.0000    0.00%  100.00%
    [28]  R15     P3        43.70      57.47     0.00    10.00      4 mov     682.65    0.0000    0.00%  100.00%
    [29]  R11     P5        28.30      57.40     0.00    10.00      8 mov     690.00    0.0000    0.00%  100.00%
    [30]  R14     P1        41.77      62.77     0.00    10.00      4 mov     735.69    0.0000    0.00%  100.00%
    [31]  R5      P1        41.77      63.01     0.00    10.00      4 mov     738.09    0.0000    0.00%  100.00%
    [32]  R17     P1        41.77      63.87     0.00    10.00      4 mov     746.69    0.0000    0.00%  100.00%
    [33]  R14     P4        43.27      64.27     0.00    10.00      4 mov     750.70    0.0000    0.00%  100.00%
    [34]  R5      P4        43.27      64.51     0.00    10.00      4 mov     753.10    0.0000    0.00%  100.00%
    [35]  R14     P3        43.70      64.69     0.00    10.00      4 mov     754.95    0.0000    0.00%  100.00%
    [36]  R5      P3        43.70      64.94     0.00    10.00      4 mov     757.35    0.0000    0.00%  100.00%
    [37]  R17     P4        43.27      65.37     0.00    10.00      4 mov     761.70    0.0000    0.00%  100.00%
    [38]  R17     P3        43.70      65.80     0.00    10.00      4 mov     765.95    0.0000    0.00%  100.00%
    [39]  R3      P1        41.77      66.59     0.00    10.00      4 mov     773.89    0.0000    0.00%  100.00%
    [40]  R3      P4        43.27      68.09     0.00    10.00      4 mov     788.90    0.0000    0.00%  100.00%
    [41]  R3      P3        43.70      68.52     0.00    10.00      4 mov     793.15    0.0000    0.00%  100.00%
    [42]  R9      P1        41.77      54.36     1.60    10.00      4 mov     811.29    0.0000    0.00%  100.00%
    [43]  R11     P1        41.77      70.87     0.00    10.00      4 mov     816.69    0.0000    0.00%  100.00%
    [44]  R11     P4        43.27      72.37     0.00    10.00      4 mov     831.70    0.0000    0.00%  100.00%
    [45]  R11     P3        43.70      72.80     0.00    10.00      4 mov     835.95    0.0000    0.00%  100.00%
    [46]  R8      P1        41.77      57.24     2.22    10.00      4 mov     902.79    0.0000    0.00%  100.00%
    [47]  R9      P4        43.27      55.86     3.10    10.00      4 mov     976.40    0.0000    0.00%  100.00%
    [48]  R9      P3        43.70      56.28     3.52    10.00      4 mov    1023.15    0.0000    0.00%  100.00%
    [49]  R8      P4        43.27      58.74     3.72    10.00      4 mov    1067.90    0.0000    0.00%  100.00%
    [50]  R8      P3        43.70      59.16     4.15    10.00      4 mov    1114.65    0.0000    0.00%  100.00%
    [51]  R13     P1        41.77      63.15     4.22    10.00      4 mov    1161.09    0.0000    0.00%  100.00%
    [52]  R13     P4        43.27      64.65     5.72    10.00      4 mov    1326.20    0.0000    0.00%  100.00%
    [53]  R13     P3        43.70      65.08     6.14    10.00      4 mov    1372.95    0.0000    0.00%  100.00%
    [54]  R19     P1        41.77      50.96    10.35    10.00      4 mov    1652.89    0.0000    0.00%  100.00%
    [55]  R6      P1        41.77      59.05    10.21    10.00      4 mov    1719.19    0.0000    0.00%  100.00%
    [56]  R19     P4        43.27      52.46    11.85    10.00      4 mov    1818.00    0.0000    0.00%  100.00%
    [57]  R19     P3        43.70      52.88    12.28    10.00      4 mov    1864.75    0.0000    0.00%  100.00%
    [58]  R6      P4        43.27      60.55    11.71    10.00      4 mov    1884.30    0.0000    0.00%  100.00%
    [59]  R6      P3        43.70      60.98    12.13    10.00      4 mov    1931.05    0.0000    0.00%  100.00%
    draw=1.1979  →  (R19, P5) (rank 1) selected
  start-time compare  R19 → P5:  t_imm=28.30 cost=382.90 (4 new movs)  vs  t_nob=33.70 cost=656.75

  Assignment: R19 → P5  [28.30 → 37.49]  delay=0.00
    J19-1      [28.30 → 37.49]

  Assigned so far:
    ID      Pos       start    finish    delay
    ----------------------------------------
    R12     P3         8.13     13.91     0.00
    R7      P1         1.21     15.14     0.00
    R2      P4         0.00     15.20     0.00
    R4      P2         0.00     16.65     0.00
    R1      P5         0.00     18.30     0.00
    R16     P1        25.14     31.77     0.00
    R18     P4        25.20     33.27     0.00
    R20     P3        23.91     33.70     0.00
    R19     P5        28.30     37.49     0.00

========================================================================
  STEP 10/20
========================================================================

  Pair evaluation  (55 pairs):
    Rank   ID      Pos     t_start   t_finish    delay      gap   blocking      score    weight     P(%)   cum(%)
    ---------------------------------------------------------------------------------------------------------
    [ 0]  R10     P2        26.65      38.52     0.00    10.00      8 mov     501.20    1.0000   70.00%   70.00%
    [ 1]  R9      P2        26.65      39.24     0.00    10.00      8 mov     508.40    0.3000   21.00%   91.00%
    [ 2]  R15     P2        26.65      40.42     0.00    10.00      8 mov     520.20    0.0900    6.30%   97.30%
    [ 3]  R8      P2        26.65      42.12     0.00    10.00      8 mov     537.20    0.0270    1.89%   99.19%
    [ 4]  R6      P2        26.65      43.93     0.00    10.00      8 mov     555.30    0.0081    0.57%   99.76%
    [ 5]  R14     P2        26.65      47.65     0.00    10.00      8 mov     592.50    0.0024    0.17%   99.93%
    [ 6]  R5      P2        26.65      47.89     0.00    10.00      8 mov     594.90    0.0007    0.05%   99.98%
    [ 7]  R13     P2        26.65      48.03     0.00    10.00      8 mov     596.30    0.0002    0.02%   99.99%
    [ 8]  R17     P2        26.65      48.75     0.00    10.00      8 mov     603.50    0.0001    0.00%  100.00%
    [ 9]  R3      P2        26.65      51.47     0.00    10.00      8 mov     630.70    0.0000    0.00%  100.00%
    [10]  R10     P1        41.77      53.64     0.00    10.00      8 mov     652.39    0.0000    0.00%  100.00%
    [11]  R10     P4        43.27      55.14     0.00    10.00      8 mov     667.40    0.0000    0.00%  100.00%
    [12]  R15     P1        41.77      55.54     0.00    10.00      8 mov     671.39    0.0000    0.00%  100.00%
    [13]  R10     P3        43.70      55.56     0.00    10.00      8 mov     671.65    0.0000    0.00%  100.00%
    [14]  R11     P2        26.65      55.75     0.00    10.00      8 mov     673.50    0.0000    0.00%  100.00%
    [15]  R15     P4        43.27      57.04     0.00    10.00      8 mov     686.40    0.0000    0.00%  100.00%
    [16]  R15     P3        43.70      57.47     0.00    10.00      8 mov     690.65    0.0000    0.00%  100.00%
    [17]  R10     P5        47.49      59.36     0.00    10.00      8 mov     709.60    0.0000    0.00%  100.00%
    [18]  R14     P1        41.77      62.77     0.00    10.00      8 mov     743.69    0.0000    0.00%  100.00%
    [19]  R5      P1        41.77      63.01     0.00    10.00      8 mov     746.09    0.0000    0.00%  100.00%
    [20]  R17     P1        41.77      63.87     0.00    10.00      8 mov     754.69    0.0000    0.00%  100.00%
    [21]  R14     P4        43.27      64.27     0.00    10.00      8 mov     758.70    0.0000    0.00%  100.00%
    [22]  R5      P4        43.27      64.51     0.00    10.00      8 mov     761.10    0.0000    0.00%  100.00%
    [23]  R14     P3        43.70      64.69     0.00    10.00      8 mov     762.95    0.0000    0.00%  100.00%
    [24]  R5      P3        43.70      64.94     0.00    10.00      8 mov     765.35    0.0000    0.00%  100.00%
    [25]  R17     P4        43.27      65.37     0.00    10.00      8 mov     769.70    0.0000    0.00%  100.00%
    [26]  R17     P3        43.70      65.80     0.00    10.00      8 mov     773.95    0.0000    0.00%  100.00%
    [27]  R3      P1        41.77      66.59     0.00    10.00      8 mov     781.89    0.0000    0.00%  100.00%
    [28]  R15     P5        47.49      61.26     0.66    10.00      8 mov     794.40    0.0000    0.00%  100.00%
    [29]  R3      P4        43.27      68.09     0.00    10.00      8 mov     796.90    0.0000    0.00%  100.00%
    [30]  R3      P3        43.70      68.52     0.00    10.00      8 mov     801.15    0.0000    0.00%  100.00%
    [31]  R17     P5        47.49      69.59     0.00    10.00      8 mov     811.90    0.0000    0.00%  100.00%
    [32]  R9      P1        41.77      54.36     1.60    10.00      8 mov     819.29    0.0000    0.00%  100.00%
    [33]  R11     P1        41.77      70.87     0.00    10.00      8 mov     824.69    0.0000    0.00%  100.00%
    [34]  R11     P4        43.27      72.37     0.00    10.00      8 mov     839.70    0.0000    0.00%  100.00%
    [35]  R11     P3        43.70      72.80     0.00    10.00      8 mov     843.95    0.0000    0.00%  100.00%
    [36]  R8      P1        41.77      57.24     2.22    10.00      8 mov     910.79    0.0000    0.00%  100.00%
    [37]  R5      P5        47.49      68.73     1.80    10.00      8 mov     982.80    0.0000    0.00%  100.00%
    [38]  R9      P4        43.27      55.86     3.10    10.00      8 mov     984.40    0.0000    0.00%  100.00%
    [39]  R9      P3        43.70      56.28     3.52    10.00      8 mov    1031.15    0.0000    0.00%  100.00%
    [40]  R8      P4        43.27      58.74     3.72    10.00      8 mov    1075.90    0.0000    0.00%  100.00%
    [41]  R14     P5        47.49      68.49     3.21    10.00      8 mov    1122.30    0.0000    0.00%  100.00%
    [42]  R8      P3        43.70      59.16     4.15    10.00      8 mov    1122.65    0.0000    0.00%  100.00%
    [43]  R3      P5        47.49      72.31     3.30    10.00      8 mov    1168.90    0.0000    0.00%  100.00%
    [44]  R13     P1        41.77      63.15     4.22    10.00      8 mov    1169.09    0.0000    0.00%  100.00%
    [45]  R11     P5        47.49      76.59     3.60    10.00      8 mov    1242.20    0.0000    0.00%  100.00%
    [46]  R13     P4        43.27      64.65     5.72    10.00      8 mov    1334.20    0.0000    0.00%  100.00%
    [47]  R13     P3        43.70      65.08     6.14    10.00      8 mov    1380.95    0.0000    0.00%  100.00%
    [48]  R9      P5        47.49      60.08     7.32    10.00      8 mov    1448.60    0.0000    0.00%  100.00%
    [49]  R8      P5        47.49      62.96     7.95    10.00      8 mov    1540.10    0.0000    0.00%  100.00%
    [50]  R6      P1        41.77      59.05    10.21    10.00      8 mov    1727.19    0.0000    0.00%  100.00%
    [51]  R13     P5        47.49      68.87     9.94    10.00      8 mov    1798.40    0.0000    0.00%  100.00%
    [52]  R6      P4        43.27      60.55    11.71    10.00      8 mov    1892.30    0.0000    0.00%  100.00%
    [53]  R6      P3        43.70      60.98    12.13    10.00      8 mov    1939.05    0.0000    0.00%  100.00%
    [54]  R6      P5        47.49      64.77    15.93    10.00      8 mov    2356.50    0.0000    0.00%  100.00%
    draw=1.1433  →  (R9, P2) (rank 1) selected

  Assignment: R9 → P2  [26.65 → 39.24]  delay=0.00
    J9-1       [26.65 → 36.66]
    J9-2       [36.66 → 39.24]

  Assigned so far:
    ID      Pos       start    finish    delay
    ----------------------------------------
    R12     P3         8.13     13.91     0.00
    R7      P1         1.21     15.14     0.00
    R2      P4         0.00     15.20     0.00
    R4      P2         0.00     16.65     0.00
    R1      P5         0.00     18.30     0.00
    R16     P1        25.14     31.77     0.00
    R18     P4        25.20     33.27     0.00
    R20     P3        23.91     33.70     0.00
    R19     P5        28.30     37.49     0.00
    R9      P2        26.65     39.24     0.00

========================================================================
  STEP 11/20
========================================================================

  Pair evaluation  (50 pairs):
    Rank   ID      Pos     t_start   t_finish    delay      gap   blocking      score    weight     P(%)   cum(%)
    ---------------------------------------------------------------------------------------------------------
    [ 0]  R10     P1        41.77      53.64     0.00    10.00      8 mov     652.39    1.0000   70.00%   70.00%
    [ 1]  R10     P4        43.27      55.14     0.00    10.00      8 mov     667.40    0.3000   21.00%   91.00%
    [ 2]  R15     P1        41.77      55.54     0.00    10.00      8 mov     671.39    0.0900    6.30%   97.30%
    [ 3]  R10     P3        43.70      55.56     0.00    10.00      8 mov     671.65    0.0270    1.89%   99.19%
    [ 4]  R15     P4        43.27      57.04     0.00    10.00      8 mov     686.40    0.0081    0.57%   99.76%
    [ 5]  R15     P3        43.70      57.47     0.00    10.00      8 mov     690.65    0.0024    0.17%   99.93%
    [ 6]  R10     P5        47.49      59.36     0.00    10.00      8 mov     709.60    0.0007    0.05%   99.98%
    [ 7]  R14     P1        41.77      62.77     0.00    10.00      8 mov     743.69    0.0002    0.02%   99.99%
    [ 8]  R5      P1        41.77      63.01     0.00    10.00      8 mov     746.09    0.0001    0.00%  100.00%
    [ 9]  R17     P1        41.77      63.87     0.00    10.00      8 mov     754.69    0.0000    0.00%  100.00%
    [10]  R14     P4        43.27      64.27     0.00    10.00      8 mov     758.70    0.0000    0.00%  100.00%
    [11]  R5      P4        43.27      64.51     0.00    10.00      8 mov     761.10    0.0000    0.00%  100.00%
    [12]  R14     P3        43.70      64.69     0.00    10.00      8 mov     762.95    0.0000    0.00%  100.00%
    [13]  R5      P3        43.70      64.94     0.00    10.00      8 mov     765.35    0.0000    0.00%  100.00%
    [14]  R17     P4        43.27      65.37     0.00    10.00      8 mov     769.70    0.0000    0.00%  100.00%
    [15]  R17     P3        43.70      65.80     0.00    10.00      8 mov     773.95    0.0000    0.00%  100.00%
    [16]  R10     P2        49.24      61.11     0.52    10.00      8 mov     779.20    0.0000    0.00%  100.00%
    [17]  R3      P1        41.77      66.59     0.00    10.00      8 mov     781.89    0.0000    0.00%  100.00%
    [18]  R15     P5        47.49      61.26     0.66    10.00      8 mov     794.40    0.0000    0.00%  100.00%
    [19]  R3      P4        43.27      68.09     0.00    10.00      8 mov     796.90    0.0000    0.00%  100.00%
    [20]  R3      P3        43.70      68.52     0.00    10.00      8 mov     801.15    0.0000    0.00%  100.00%
    [21]  R17     P5        47.49      69.59     0.00    10.00      8 mov     811.90    0.0000    0.00%  100.00%
    [22]  R11     P1        41.77      70.87     0.00    10.00      8 mov     824.69    0.0000    0.00%  100.00%
    [23]  R17     P2        49.24      71.34     0.00    10.00      8 mov     829.40    0.0000    0.00%  100.00%
    [24]  R11     P4        43.27      72.37     0.00    10.00      8 mov     839.70    0.0000    0.00%  100.00%
    [25]  R11     P3        43.70      72.80     0.00    10.00      8 mov     843.95    0.0000    0.00%  100.00%
    [26]  R8      P1        41.77      57.24     2.22    10.00      8 mov     910.79    0.0000    0.00%  100.00%
    [27]  R5      P5        47.49      68.73     1.80    10.00      8 mov     982.80    0.0000    0.00%  100.00%
    [28]  R15     P2        49.24      63.01     2.41    10.00      8 mov     986.90    0.0000    0.00%  100.00%
    [29]  R8      P4        43.27      58.74     3.72    10.00      8 mov    1075.90    0.0000    0.00%  100.00%
    [30]  R14     P5        47.49      68.49     3.21    10.00      8 mov    1122.30    0.0000    0.00%  100.00%
    [31]  R8      P3        43.70      59.16     4.15    10.00      8 mov    1122.65    0.0000    0.00%  100.00%
    [32]  R3      P5        47.49      72.31     3.30    10.00      8 mov    1168.90    0.0000    0.00%  100.00%
    [33]  R13     P1        41.77      63.15     4.22    10.00      8 mov    1169.09    0.0000    0.00%  100.00%
    [34]  R5      P2        49.24      70.48     3.54    10.00      8 mov    1175.30    0.0000    0.00%  100.00%
    [35]  R11     P5        47.49      76.59     3.60    10.00      8 mov    1242.20    0.0000    0.00%  100.00%
    [36]  R14     P2        49.24      70.24     4.96    10.00      8 mov    1314.80    0.0000    0.00%  100.00%
    [37]  R13     P4        43.27      64.65     5.72    10.00      8 mov    1334.20    0.0000    0.00%  100.00%
    [38]  R3      P2        49.24      74.06     5.05    10.00      8 mov    1361.40    0.0000    0.00%  100.00%
    [39]  R13     P3        43.70      65.08     6.14    10.00      8 mov    1380.95    0.0000    0.00%  100.00%
    [40]  R11     P2        49.24      78.34     5.35    10.00      8 mov    1434.70    0.0000    0.00%  100.00%
    [41]  R8      P5        47.49      62.96     7.95    10.00      8 mov    1540.10    0.0000    0.00%  100.00%
    [42]  R6      P1        41.77      59.05    10.21    10.00      8 mov    1727.19    0.0000    0.00%  100.00%
    [43]  R8      P2        49.24      64.71     9.69    10.00      8 mov    1732.60    0.0000    0.00%  100.00%
    [44]  R13     P5        47.49      68.87     9.94    10.00      8 mov    1798.40    0.0000    0.00%  100.00%
    [45]  R6      P4        43.27      60.55    11.71    10.00      8 mov    1892.30    0.0000    0.00%  100.00%
    [46]  R6      P3        43.70      60.98    12.13    10.00      8 mov    1939.05    0.0000    0.00%  100.00%
    [47]  R13     P2        49.24      70.62    11.69    10.00      8 mov    1990.90    0.0000    0.00%  100.00%
    [48]  R6      P5        47.49      64.77    15.93    10.00      8 mov    2356.50    0.0000    0.00%  100.00%
    [49]  R6      P2        49.24      66.52    17.68    10.00      8 mov    2549.00    0.0000    0.00%  100.00%
    draw=1.3572  →  (R15, P1) (rank 2) selected

  Assignment: R15 → P1  [41.77 → 55.54]  delay=0.00
    J15-1      [41.77 → 49.99]
    J15-2      [49.99 → 55.54]

  Assigned so far:
    ID      Pos       start    finish    delay
    ----------------------------------------
    R12     P3         8.13     13.91     0.00
    R7      P1         1.21     15.14     0.00
    R2      P4         0.00     15.20     0.00
    R4      P2         0.00     16.65     0.00
    R1      P5         0.00     18.30     0.00
    R16     P1        25.14     31.77     0.00
    R18     P4        25.20     33.27     0.00
    R20     P3        23.91     33.70     0.00
    R19     P5        28.30     37.49     0.00
    R9      P2        26.65     39.24     0.00
    R15     P1        41.77     55.54     0.00

========================================================================
  STEP 12/20
========================================================================

  Pair evaluation  (45 pairs):
    Rank   ID      Pos     t_start   t_finish    delay      gap   blocking      score    weight     P(%)   cum(%)
    ---------------------------------------------------------------------------------------------------------
    [ 0]  R10     P4        43.27      55.14     0.00    10.00      8 mov     667.40    1.0000   70.00%   70.00%
    [ 1]  R10     P3        43.70      55.56     0.00    10.00      8 mov     671.65    0.3000   21.00%   91.00%
    [ 2]  R10     P5        47.49      59.36     0.00    10.00      8 mov     709.60    0.0900    6.30%   97.30%
    [ 3]  R14     P4        43.27      64.27     0.00    10.00      8 mov     758.70    0.0270    1.89%   99.19%
    [ 4]  R5      P4        43.27      64.51     0.00    10.00      8 mov     761.10    0.0081    0.57%   99.76%
    [ 5]  R14     P3        43.70      64.69     0.00    10.00      8 mov     762.95    0.0024    0.17%   99.93%
    [ 6]  R5      P3        43.70      64.94     0.00    10.00      8 mov     765.35    0.0007    0.05%   99.98%
    [ 7]  R17     P4        43.27      65.37     0.00    10.00      8 mov     769.70    0.0002    0.02%   99.99%
    [ 8]  R17     P3        43.70      65.80     0.00    10.00      8 mov     773.95    0.0001    0.00%  100.00%
    [ 9]  R10     P2        49.24      61.11     0.52    10.00      8 mov     779.20    0.0000    0.00%  100.00%
    [10]  R3      P4        43.27      68.09     0.00    10.00      8 mov     796.90    0.0000    0.00%  100.00%
    [11]  R3      P3        43.70      68.52     0.00    10.00      8 mov     801.15    0.0000    0.00%  100.00%
    [12]  R17     P5        47.49      69.59     0.00    10.00      8 mov     811.90    0.0000    0.00%  100.00%
    [13]  R17     P2        49.24      71.34     0.00    10.00      8 mov     829.40    0.0000    0.00%  100.00%
    [14]  R11     P4        43.27      72.37     0.00    10.00      8 mov     839.70    0.0000    0.00%  100.00%
    [15]  R11     P3        43.70      72.80     0.00    10.00      8 mov     843.95    0.0000    0.00%  100.00%
    [16]  R5      P5        47.49      68.73     1.80    10.00      8 mov     982.80    0.0000    0.00%  100.00%
    [17]  R8      P4        43.27      58.74     3.72    10.00      8 mov    1075.90    0.0000    0.00%  100.00%
    [18]  R14     P5        47.49      68.49     3.21    10.00      8 mov    1122.30    0.0000    0.00%  100.00%
    [19]  R8      P3        43.70      59.16     4.15    10.00      8 mov    1122.65    0.0000    0.00%  100.00%
    [20]  R3      P5        47.49      72.31     3.30    10.00      8 mov    1168.90    0.0000    0.00%  100.00%
    [21]  R5      P2        49.24      70.48     3.54    10.00      8 mov    1175.30    0.0000    0.00%  100.00%
    [22]  R11     P5        47.49      76.59     3.60    10.00      8 mov    1242.20    0.0000    0.00%  100.00%
    [23]  R14     P2        49.24      70.24     4.96    10.00      8 mov    1314.80    0.0000    0.00%  100.00%
    [24]  R13     P4        43.27      64.65     5.72    10.00      8 mov    1334.20    0.0000    0.00%  100.00%
    [25]  R3      P2        49.24      74.06     5.05    10.00      8 mov    1361.40    0.0000    0.00%  100.00%
    [26]  R13     P3        43.70      65.08     6.14    10.00      8 mov    1380.95    0.0000    0.00%  100.00%
    [27]  R11     P2        49.24      78.34     5.35    10.00      8 mov    1434.70    0.0000    0.00%  100.00%
    [28]  R8      P5        47.49      62.96     7.95    10.00      8 mov    1540.10    0.0000    0.00%  100.00%
    [29]  R8      P2        49.24      64.71     9.69    10.00      8 mov    1732.60    0.0000    0.00%  100.00%
    [30]  R13     P5        47.49      68.87     9.94    10.00      8 mov    1798.40    0.0000    0.00%  100.00%
    [31]  R6      P4        43.27      60.55    11.71    10.00      8 mov    1892.30    0.0000    0.00%  100.00%
    [32]  R6      P3        43.70      60.98    12.13    10.00      8 mov    1939.05    0.0000    0.00%  100.00%
    [33]  R13     P2        49.24      70.62    11.69    10.00      8 mov    1990.90    0.0000    0.00%  100.00%
    [34]  R17     P1        65.54      87.64    11.92    10.00      8 mov    2184.69    0.0000    0.00%  100.00%
    [35]  R6      P5        47.49      64.77    15.93    10.00      8 mov    2356.50    0.0000    0.00%  100.00%
    [36]  R6      P2        49.24      66.52    17.68    10.00      8 mov    2549.00    0.0000    0.00%  100.00%
    [37]  R10     P1        65.54      77.41    16.82    10.00      8 mov    2572.09    0.0000    0.00%  100.00%
    [38]  R5      P1        65.54      86.78    19.84    10.00      8 mov    2968.19    0.0000    0.00%  100.00%
    [39]  R14     P1        65.54      86.54    21.26    10.00      8 mov    3107.69    0.0000    0.00%  100.00%
    [40]  R3      P1        65.54      90.36    21.35    10.00      8 mov    3154.29    0.0000    0.00%  100.00%
    [41]  R11     P1        65.54      94.64    21.65    10.00      8 mov    3227.59    0.0000    0.00%  100.00%
    [42]  R8      P1        65.54      81.01    25.99    10.00      8 mov    3525.49    0.0000    0.00%  100.00%
    [43]  R13     P1        65.54      86.92    27.99    10.00      8 mov    3783.79    0.0000    0.00%  100.00%
    [44]  R6      P1        65.54      82.82    33.98    10.00      8 mov    4341.89    0.0000    0.00%  100.00%
    draw=0.8087  →  (R10, P4) (rank 0) selected

  Assignment: R10 → P4  [43.27 → 55.14]  delay=0.00
    J10-1      [43.27 → 47.49]
    J10-2      [47.49 → 55.14]

  Assigned so far:
    ID      Pos       start    finish    delay
    ----------------------------------------
    R12     P3         8.13     13.91     0.00
    R7      P1         1.21     15.14     0.00
    R2      P4         0.00     15.20     0.00
    R4      P2         0.00     16.65     0.00
    R1      P5         0.00     18.30     0.00
    R16     P1        25.14     31.77     0.00
    R18     P4        25.20     33.27     0.00
    R20     P3        23.91     33.70     0.00
    R19     P5        28.30     37.49     0.00
    R9      P2        26.65     39.24     0.00
    R15     P1        41.77     55.54     0.00
    R10     P4        43.27     55.14     0.00

========================================================================
  STEP 13/20
========================================================================

  Pair evaluation  (40 pairs):
    Rank   ID      Pos     t_start   t_finish    delay      gap   blocking      score    weight     P(%)   cum(%)
    ---------------------------------------------------------------------------------------------------------
    [ 0]  R14     P3        43.70      64.69     0.00    10.00     10 mov     766.95    1.0000   70.00%   70.00%
    [ 1]  R5      P3        43.70      64.94     0.00    10.00     10 mov     769.35    0.3000   21.00%   91.00%
    [ 2]  R17     P3        43.70      65.80     0.00    10.00     10 mov     777.95    0.0900    6.30%   97.30%
    [ 3]  R3      P3        43.70      68.52     0.00    10.00     10 mov     805.15    0.0270    1.89%   99.19%
    [ 4]  R17     P5        47.49      69.59     0.00    10.00     10 mov     815.90    0.0081    0.57%   99.76%
    [ 5]  R17     P2        49.24      71.34     0.00    10.00      8 mov     829.40    0.0024    0.17%   99.93%
    [ 6]  R11     P3        43.70      72.80     0.00    10.00     10 mov     847.95    0.0007    0.05%   99.98%
    [ 7]  R5      P5        47.49      68.73     1.80    10.00     10 mov     986.80    0.0002    0.02%   99.99%
    [ 8]  R14     P5        47.49      68.49     3.21    10.00     10 mov    1126.30    0.0001    0.00%  100.00%
    [ 9]  R8      P3        43.70      59.16     4.15    10.00     10 mov    1126.65    0.0000    0.00%  100.00%
    [10]  R3      P5        47.49      72.31     3.30    10.00     10 mov    1172.90    0.0000    0.00%  100.00%
    [11]  R5      P2        49.24      70.48     3.54    10.00      8 mov    1175.30    0.0000    0.00%  100.00%
    [12]  R11     P5        47.49      76.59     3.60    10.00     10 mov    1246.20    0.0000    0.00%  100.00%
    [13]  R14     P2        49.24      70.24     4.96    10.00      8 mov    1314.80    0.0000    0.00%  100.00%
    [14]  R3      P2        49.24      74.06     5.05    10.00      8 mov    1361.40    0.0000    0.00%  100.00%
    [15]  R13     P3        43.70      65.08     6.14    10.00     10 mov    1384.95    0.0000    0.00%  100.00%
    [16]  R11     P2        49.24      78.34     5.35    10.00      8 mov    1434.70    0.0000    0.00%  100.00%
    [17]  R8      P5        47.49      62.96     7.95    10.00     10 mov    1544.10    0.0000    0.00%  100.00%
    [18]  R8      P2        49.24      64.71     9.69    10.00      8 mov    1732.60    0.0000    0.00%  100.00%
    [19]  R13     P5        47.49      68.87     9.94    10.00     10 mov    1802.40    0.0000    0.00%  100.00%
    [20]  R6      P3        43.70      60.98    12.13    10.00     10 mov    1943.05    0.0000    0.00%  100.00%
    [21]  R13     P2        49.24      70.62    11.69    10.00      8 mov    1990.90    0.0000    0.00%  100.00%
    [22]  R17     P4        65.14      87.24    11.52    10.00      8 mov    2140.80    0.0000    0.00%  100.00%
    [23]  R17     P1        65.54      87.64    11.92    10.00      8 mov    2184.69    0.0000    0.00%  100.00%
    [24]  R6      P5        47.49      64.77    15.93    10.00     10 mov    2360.50    0.0000    0.00%  100.00%
    [25]  R6      P2        49.24      66.52    17.68    10.00      8 mov    2549.00    0.0000    0.00%  100.00%
    [26]  R5      P4        65.14      86.38    19.44    10.00      8 mov    2924.30    0.0000    0.00%  100.00%
    [27]  R5      P1        65.54      86.78    19.84    10.00      8 mov    2968.19    0.0000    0.00%  100.00%
    [28]  R14     P4        65.14      86.14    20.86    10.00      8 mov    3063.80    0.0000    0.00%  100.00%
    [29]  R14     P1        65.54      86.54    21.26    10.00      8 mov    3107.69    0.0000    0.00%  100.00%
    [30]  R3      P4        65.14      89.96    20.95    10.00      8 mov    3110.40    0.0000    0.00%  100.00%
    [31]  R3      P1        65.54      90.36    21.35    10.00      8 mov    3154.29    0.0000    0.00%  100.00%
    [32]  R11     P4        65.14      94.24    21.25    10.00      8 mov    3183.70    0.0000    0.00%  100.00%
    [33]  R11     P1        65.54      94.64    21.65    10.00      8 mov    3227.59    0.0000    0.00%  100.00%
    [34]  R8      P4        65.14      80.61    25.59    10.00      8 mov    3481.60    0.0000    0.00%  100.00%
    [35]  R8      P1        65.54      81.01    25.99    10.00      8 mov    3525.49    0.0000    0.00%  100.00%
    [36]  R13     P4        65.14      86.52    27.59    10.00      8 mov    3739.90    0.0000    0.00%  100.00%
    [37]  R13     P1        65.54      86.92    27.99    10.00      8 mov    3783.79    0.0000    0.00%  100.00%
    [38]  R6      P4        65.14      82.42    33.58    10.00      8 mov    4298.00    0.0000    0.00%  100.00%
    [39]  R6      P1        65.54      82.82    33.98    10.00      8 mov    4341.89    0.0000    0.00%  100.00%
    draw=0.4278  →  (R14, P3) (rank 0) selected
  start-time compare  R14 → P3:  t_imm=43.70 cost=650.95 (2 new movs)  vs  t_nob=55.14 cost=1847.80

  Assignment: R14 → P3  [43.70 → 64.69]  delay=0.00
    J14-1      [43.70 → 53.02]
    J14-2      [53.02 → 59.99]
    J14-3      [59.99 → 64.69]

  Assigned so far:
    ID      Pos       start    finish    delay
    ----------------------------------------
    R12     P3         8.13     13.91     0.00
    R7      P1         1.21     15.14     0.00
    R2      P4         0.00     15.20     0.00
    R4      P2         0.00     16.65     0.00
    R1      P5         0.00     18.30     0.00
    R16     P1        25.14     31.77     0.00
    R18     P4        25.20     33.27     0.00
    R20     P3        23.91     33.70     0.00
    R19     P5        28.30     37.49     0.00
    R9      P2        26.65     39.24     0.00
    R15     P1        41.77     55.54     0.00
    R10     P4        43.27     55.14     0.00
    R14     P3        43.70     64.69     0.00

========================================================================
  STEP 14/20
========================================================================

  Pair evaluation  (35 pairs):
    Rank   ID      Pos     t_start   t_finish    delay      gap   blocking      score    weight     P(%)   cum(%)
    ---------------------------------------------------------------------------------------------------------
    [ 0]  R17     P5        47.49      69.59     0.00    10.00     14 mov     823.90    1.0000   70.00%   70.00%
    [ 1]  R17     P2        49.24      71.34     0.00    10.00     10 mov     833.40    0.3000   21.00%   91.00%
    [ 2]  R5      P5        47.49      68.73     1.80    10.00     14 mov     994.80    0.0900    6.30%   97.30%
    [ 3]  R5      P2        49.24      70.48     3.54    10.00     10 mov    1179.30    0.0270    1.89%   99.19%
    [ 4]  R3      P5        47.49      72.31     3.30    10.00     14 mov    1180.90    0.0081    0.57%   99.76%
    [ 5]  R11     P5        47.49      76.59     3.60    10.00     14 mov    1254.20    0.0024    0.17%   99.93%
    [ 6]  R3      P2        49.24      74.06     5.05    10.00     10 mov    1365.40    0.0007    0.05%   99.98%
    [ 7]  R11     P2        49.24      78.34     5.35    10.00     10 mov    1438.70    0.0002    0.02%   99.99%
    [ 8]  R8      P5        47.49      62.96     7.95    10.00     16 mov    1556.10    0.0001    0.00%  100.00%
    [ 9]  R8      P2        49.24      64.71     9.69    10.00     10 mov    1736.60    0.0000    0.00%  100.00%
    [10]  R13     P5        47.49      68.87     9.94    10.00     14 mov    1810.40    0.0000    0.00%  100.00%
    [11]  R13     P2        49.24      70.62    11.69    10.00     10 mov    1994.90    0.0000    0.00%  100.00%
    [12]  R17     P4        65.14      87.24    11.52    10.00     10 mov    2144.80    0.0000    0.00%  100.00%
    [13]  R17     P1        65.54      87.64    11.92    10.00     10 mov    2188.69    0.0000    0.00%  100.00%
    [14]  R6      P5        47.49      64.77    15.93    10.00     14 mov    2368.50    0.0000    0.00%  100.00%
    [15]  R6      P2        49.24      66.52    17.68    10.00     10 mov    2553.00    0.0000    0.00%  100.00%
    [16]  R5      P4        65.14      86.38    19.44    10.00     10 mov    2928.30    0.0000    0.00%  100.00%
    [17]  R5      P1        65.54      86.78    19.84    10.00     10 mov    2972.19    0.0000    0.00%  100.00%
    [18]  R3      P4        65.14      89.96    20.95    10.00     10 mov    3114.40    0.0000    0.00%  100.00%
    [19]  R3      P1        65.54      90.36    21.35    10.00     10 mov    3158.29    0.0000    0.00%  100.00%
    [20]  R11     P4        65.14      94.24    21.25    10.00     10 mov    3187.70    0.0000    0.00%  100.00%
    [21]  R17     P3        74.69      96.79    21.08    10.00     10 mov    3195.85    0.0000    0.00%  100.00%
    [22]  R11     P1        65.54      94.64    21.65    10.00     10 mov    3231.59    0.0000    0.00%  100.00%
    [23]  R8      P4        65.14      80.61    25.59    10.00     10 mov    3485.60    0.0000    0.00%  100.00%
    [24]  R8      P1        65.54      81.01    25.99    10.00     10 mov    3529.49    0.0000    0.00%  100.00%
    [25]  R13     P4        65.14      86.52    27.59    10.00     10 mov    3743.90    0.0000    0.00%  100.00%
    [26]  R13     P1        65.54      86.92    27.99    10.00     10 mov    3787.79    0.0000    0.00%  100.00%
    [27]  R5      P3        74.69      95.94    29.00    10.00     10 mov    3979.35    0.0000    0.00%  100.00%
    [28]  R3      P3        74.69      99.51    30.50    10.00     10 mov    4165.45    0.0000    0.00%  100.00%
    [29]  R11     P3        74.69     103.79    30.81    10.00     10 mov    4238.75    0.0000    0.00%  100.00%
    [30]  R6      P4        65.14      82.42    33.58    10.00     10 mov    4302.00    0.0000    0.00%  100.00%
    [31]  R6      P1        65.54      82.82    33.98    10.00     10 mov    4345.89    0.0000    0.00%  100.00%
    [32]  R8      P3        74.69      90.16    35.15    10.00     10 mov    4536.65    0.0000    0.00%  100.00%
    [33]  R13     P3        74.69      96.07    37.14    10.00     10 mov    4794.95    0.0000    0.00%  100.00%
    [34]  R6      P3        74.69      91.97    43.13    10.00     10 mov    5353.05    0.0000    0.00%  100.00%
    draw=0.8193  →  (R17, P5) (rank 0) selected
  start-time compare  R17 → P5:  t_imm=47.49 cost=703.90 (4 new movs)  vs  t_nob=64.69 cost=1975.85

  Assignment: R17 → P5  [47.49 → 69.59]  delay=0.00
    J17-1      [47.49 → 53.60]
    J17-2      [53.60 → 61.40]
    J17-3      [61.40 → 69.59]

  Assigned so far:
    ID      Pos       start    finish    delay
    ----------------------------------------
    R12     P3         8.13     13.91     0.00
    R7      P1         1.21     15.14     0.00
    R2      P4         0.00     15.20     0.00
    R4      P2         0.00     16.65     0.00
    R1      P5         0.00     18.30     0.00
    R16     P1        25.14     31.77     0.00
    R18     P4        25.20     33.27     0.00
    R20     P3        23.91     33.70     0.00
    R19     P5        28.30     37.49     0.00
    R9      P2        26.65     39.24     0.00
    R15     P1        41.77     55.54     0.00
    R10     P4        43.27     55.14     0.00
    R14     P3        43.70     64.69     0.00
    R17     P5        47.49     69.59     0.00

========================================================================
  STEP 15/20
========================================================================

  Pair evaluation  (30 pairs):
    Rank   ID      Pos     t_start   t_finish    delay      gap   blocking      score    weight     P(%)   cum(%)
    ---------------------------------------------------------------------------------------------------------
    [ 0]  R5      P2        49.24      70.48     3.54    10.00     14 mov    1187.30    1.0000   70.00%   70.00%
    [ 1]  R3      P2        49.24      74.06     5.05    10.00     14 mov    1373.40    0.3000   21.00%   91.00%
    [ 2]  R11     P2        49.24      78.34     5.35    10.00     14 mov    1446.70    0.0900    6.30%   97.30%
    [ 3]  R8      P2        49.24      64.71     9.69    10.00     14 mov    1744.60    0.0270    1.89%   99.19%
    [ 4]  R13     P2        49.24      70.62    11.69    10.00     14 mov    2002.90    0.0081    0.57%   99.76%
    [ 5]  R6      P2        49.24      66.52    17.68    10.00     14 mov    2561.00    0.0024    0.17%   99.93%
    [ 6]  R5      P4        65.14      86.38    19.44    10.00     16 mov    2940.30    0.0007    0.05%   99.98%
    [ 7]  R5      P1        65.54      86.78    19.84    10.00     14 mov    2980.19    0.0002    0.02%   99.99%
    [ 8]  R3      P4        65.14      89.96    20.95    10.00     16 mov    3126.40    0.0001    0.00%  100.00%
    [ 9]  R3      P1        65.54      90.36    21.35    10.00     14 mov    3166.29    0.0000    0.00%  100.00%
    [10]  R11     P4        65.14      94.24    21.25    10.00     16 mov    3199.70    0.0000    0.00%  100.00%
    [11]  R11     P1        65.54      94.64    21.65    10.00     14 mov    3239.59    0.0000    0.00%  100.00%
    [12]  R8      P4        65.14      80.61    25.59    10.00     16 mov    3497.60    0.0000    0.00%  100.00%
    [13]  R8      P1        65.54      81.01    25.99    10.00     14 mov    3537.49    0.0000    0.00%  100.00%
    [14]  R13     P4        65.14      86.52    27.59    10.00     16 mov    3755.90    0.0000    0.00%  100.00%
    [15]  R13     P1        65.54      86.92    27.99    10.00     14 mov    3795.79    0.0000    0.00%  100.00%
    [16]  R5      P3        74.69      95.94    29.00    10.00     14 mov    3987.35    0.0000    0.00%  100.00%
    [17]  R3      P3        74.69      99.51    30.50    10.00     14 mov    4173.45    0.0000    0.00%  100.00%
    [18]  R11     P3        74.69     103.79    30.81    10.00     14 mov    4246.75    0.0000    0.00%  100.00%
    [19]  R6      P4        65.14      82.42    33.58    10.00     16 mov    4314.00    0.0000    0.00%  100.00%
    [20]  R6      P1        65.54      82.82    33.98    10.00     14 mov    4353.89    0.0000    0.00%  100.00%
    [21]  R5      P5        79.59     100.83    33.90    10.00     14 mov    4525.80    0.0000    0.00%  100.00%
    [22]  R8      P3        74.69      90.16    35.15    10.00     14 mov    4544.65    0.0000    0.00%  100.00%
    [23]  R3      P5        79.59     104.41    35.40    10.00     14 mov    4711.90    0.0000    0.00%  100.00%
    [24]  R11     P5        79.59     108.69    35.70    10.00     14 mov    4785.20    0.0000    0.00%  100.00%
    [25]  R13     P3        74.69      96.07    37.14    10.00     14 mov    4802.95    0.0000    0.00%  100.00%
    [26]  R8      P5        79.59      95.06    40.05    10.00     14 mov    5083.10    0.0000    0.00%  100.00%
    [27]  R13     P5        79.59     100.97    42.04    10.00     14 mov    5341.40    0.0000    0.00%  100.00%
    [28]  R6      P3        74.69      91.97    43.13    10.00     14 mov    5361.05    0.0000    0.00%  100.00%
    [29]  R6      P5        79.59      96.87    48.03    10.00     14 mov    5899.50    0.0000    0.00%  100.00%
    draw=0.2148  →  (R5, P2) (rank 0) selected

  Assignment: R5 → P2  [49.24 → 70.48]  delay=3.55
    J5-1       [49.24 → 55.77]
    J5-2       [55.77 → 63.44]
    J5-3       [63.44 → 70.48]

  Assigned so far:
    ID      Pos       start    finish    delay
    ----------------------------------------
    R12     P3         8.13     13.91     0.00
    R7      P1         1.21     15.14     0.00
    R2      P4         0.00     15.20     0.00
    R4      P2         0.00     16.65     0.00
    R1      P5         0.00     18.30     0.00
    R16     P1        25.14     31.77     0.00
    R18     P4        25.20     33.27     0.00
    R20     P3        23.91     33.70     0.00
    R19     P5        28.30     37.49     0.00
    R9      P2        26.65     39.24     0.00
    R15     P1        41.77     55.54     0.00
    R10     P4        43.27     55.14     0.00
    R14     P3        43.70     64.69     0.00
    R17     P5        47.49     69.59     0.00
    R5      P2        49.24     70.48     3.54

========================================================================
  STEP 16/20
========================================================================

  Pair evaluation  (25 pairs):
    Rank   ID      Pos     t_start   t_finish    delay      gap   blocking      score    weight     P(%)   cum(%)
    ---------------------------------------------------------------------------------------------------------
    [ 0]  R3      P4        65.14      89.96    20.95    10.00     16 mov    3126.40    1.0000   70.00%   70.00%
    [ 1]  R3      P1        65.54      90.36    21.35    10.00     14 mov    3166.29    0.3000   21.00%   91.00%
    [ 2]  R11     P4        65.14      94.24    21.25    10.00     16 mov    3199.70    0.0900    6.30%   97.30%
    [ 3]  R11     P1        65.54      94.64    21.65    10.00     14 mov    3239.59    0.0270    1.89%   99.19%
    [ 4]  R8      P4        65.14      80.61    25.59    10.00     16 mov    3497.60    0.0081    0.57%   99.76%
    [ 5]  R8      P1        65.54      81.01    25.99    10.00     14 mov    3537.49    0.0024    0.17%   99.93%
    [ 6]  R13     P4        65.14      86.52    27.59    10.00     16 mov    3755.90    0.0007    0.05%   99.98%
    [ 7]  R13     P1        65.54      86.92    27.99    10.00     14 mov    3795.79    0.0002    0.02%   99.99%
    [ 8]  R3      P3        74.69      99.51    30.50    10.00     14 mov    4173.45    0.0001    0.00%  100.00%
    [ 9]  R11     P3        74.69     103.79    30.81    10.00     14 mov    4246.75    0.0000    0.00%  100.00%
    [10]  R6      P4        65.14      82.42    33.58    10.00     16 mov    4314.00    0.0000    0.00%  100.00%
    [11]  R6      P1        65.54      82.82    33.98    10.00     14 mov    4353.89    0.0000    0.00%  100.00%
    [12]  R8      P3        74.69      90.16    35.15    10.00     14 mov    4544.65    0.0000    0.00%  100.00%
    [13]  R3      P5        79.59     104.41    35.40    10.00     14 mov    4711.90    0.0000    0.00%  100.00%
    [14]  R11     P5        79.59     108.69    35.70    10.00     14 mov    4785.20    0.0000    0.00%  100.00%
    [15]  R13     P3        74.69      96.07    37.14    10.00     14 mov    4802.95    0.0000    0.00%  100.00%
    [16]  R3      P2        80.48     105.30    36.29    10.00     14 mov    4809.80    0.0000    0.00%  100.00%
    [17]  R11     P2        80.48     109.58    36.59    10.00     14 mov    4883.10    0.0000    0.00%  100.00%
    [18]  R8      P5        79.59      95.06    40.05    10.00     14 mov    5083.10    0.0000    0.00%  100.00%
    [19]  R8      P2        80.48      95.95    40.94    10.00     14 mov    5181.00    0.0000    0.00%  100.00%
    [20]  R13     P5        79.59     100.97    42.04    10.00     14 mov    5341.40    0.0000    0.00%  100.00%
    [21]  R6      P3        74.69      91.97    43.13    10.00     14 mov    5361.05    0.0000    0.00%  100.00%
    [22]  R13     P2        80.48     101.86    42.93    10.00     14 mov    5439.30    0.0000    0.00%  100.00%
    [23]  R6      P5        79.59      96.87    48.03    10.00     14 mov    5899.50    0.0000    0.00%  100.00%
    [24]  R6      P2        80.48      97.76    48.92    10.00     14 mov    5997.40    0.0000    0.00%  100.00%
    draw=1.4281  →  (R13, P4) (rank 6) selected
  start-time compare  R13 → P4:  t_imm=65.14 cost=3627.90 (2 new movs)  vs  t_nob=69.59 cost=4113.40

  Assignment: R13 → P4  [65.14 → 86.52]  delay=27.59
    J13-1      [65.14 → 77.23]
    J13-2      [77.23 → 86.52]

  Assigned so far:
    ID      Pos       start    finish    delay
    ----------------------------------------
    R12     P3         8.13     13.91     0.00
    R7      P1         1.21     15.14     0.00
    R2      P4         0.00     15.20     0.00
    R4      P2         0.00     16.65     0.00
    R1      P5         0.00     18.30     0.00
    R16     P1        25.14     31.77     0.00
    R18     P4        25.20     33.27     0.00
    R20     P3        23.91     33.70     0.00
    R19     P5        28.30     37.49     0.00
    R9      P2        26.65     39.24     0.00
    R15     P1        41.77     55.54     0.00
    R10     P4        43.27     55.14     0.00
    R14     P3        43.70     64.69     0.00
    R17     P5        47.49     69.59     0.00
    R5      P2        49.24     70.48     3.54
    R13     P4        65.14     86.52    27.59

========================================================================
  STEP 17/20
========================================================================

  Pair evaluation  (20 pairs):
    Rank   ID      Pos     t_start   t_finish    delay      gap   blocking      score    weight     P(%)   cum(%)
    ---------------------------------------------------------------------------------------------------------
    [ 0]  R3      P1        65.54      90.36    21.35    10.00     16 mov    3170.29    1.0000   70.00%   70.00%
    [ 1]  R11     P1        65.54      94.64    21.65    10.00     16 mov    3243.59    0.3000   21.00%   91.00%
    [ 2]  R8      P1        65.54      81.01    25.99    10.00     16 mov    3541.49    0.0900    6.30%   97.30%
    [ 3]  R3      P3        74.69      99.51    30.50    10.00     18 mov    4181.45    0.0270    1.89%   99.19%
    [ 4]  R11     P3        74.69     103.79    30.81    10.00     18 mov    4254.75    0.0081    0.57%   99.76%
    [ 5]  R6      P1        65.54      82.82    33.98    10.00     16 mov    4357.89    0.0024    0.17%   99.93%
    [ 6]  R8      P3        74.69      90.16    35.15    10.00     18 mov    4552.65    0.0007    0.05%   99.98%
    [ 7]  R3      P5        79.59     104.41    35.40    10.00     18 mov    4719.90    0.0002    0.02%   99.99%
    [ 8]  R11     P5        79.59     108.69    35.70    10.00     18 mov    4793.20    0.0001    0.00%  100.00%
    [ 9]  R3      P2        80.48     105.30    36.29    10.00     16 mov    4813.80    0.0000    0.00%  100.00%
    [10]  R11     P2        80.48     109.58    36.59    10.00     16 mov    4887.10    0.0000    0.00%  100.00%
    [11]  R8      P5        79.59      95.06    40.05    10.00     18 mov    5091.10    0.0000    0.00%  100.00%
    [12]  R8      P2        80.48      95.95    40.94    10.00     16 mov    5185.00    0.0000    0.00%  100.00%
    [13]  R6      P3        74.69      91.97    43.13    10.00     18 mov    5369.05    0.0000    0.00%  100.00%
    [14]  R6      P5        79.59      96.87    48.03    10.00     18 mov    5907.50    0.0000    0.00%  100.00%
    [15]  R6      P2        80.48      97.76    48.92    10.00     16 mov    6001.40    0.0000    0.00%  100.00%
    [16]  R3      P4        96.52     121.34    52.33    10.00     16 mov    6578.20    0.0000    0.00%  100.00%
    [17]  R11     P4        96.52     125.62    52.63    10.00     16 mov    6651.50    0.0000    0.00%  100.00%
    [18]  R8      P4        96.52     111.99    56.97    10.00     16 mov    6949.40    0.0000    0.00%  100.00%
    [19]  R6      P4        96.52     113.80    64.96    10.00     16 mov    7765.80    0.0000    0.00%  100.00%
    draw=0.2334  →  (R3, P1) (rank 0) selected

  Assignment: R3 → P1  [65.54 → 90.36]  delay=21.35
    J3-1       [65.54 → 72.47]
    J3-2       [72.47 → 81.63]
    J3-3       [81.63 → 90.36]

  Assigned so far:
    ID      Pos       start    finish    delay
    ----------------------------------------
    R12     P3         8.13     13.91     0.00
    R7      P1         1.21     15.14     0.00
    R2      P4         0.00     15.20     0.00
    R4      P2         0.00     16.65     0.00
    R1      P5         0.00     18.30     0.00
    R16     P1        25.14     31.77     0.00
    R18     P4        25.20     33.27     0.00
    R20     P3        23.91     33.70     0.00
    R19     P5        28.30     37.49     0.00
    R9      P2        26.65     39.24     0.00
    R15     P1        41.77     55.54     0.00
    R10     P4        43.27     55.14     0.00
    R14     P3        43.70     64.69     0.00
    R17     P5        47.49     69.59     0.00
    R5      P2        49.24     70.48     3.54
    R13     P4        65.14     86.52    27.59
    R3      P1        65.54     90.36    21.35

========================================================================
  STEP 18/20
========================================================================

  Pair evaluation  (15 pairs):
    Rank   ID      Pos     t_start   t_finish    delay      gap   blocking      score    weight     P(%)   cum(%)
    ---------------------------------------------------------------------------------------------------------
    [ 0]  R11     P3        74.69     103.79    30.81    10.00     18 mov    4254.75    1.0000   70.00%   70.00%
    [ 1]  R8      P3        74.69      90.16    35.15    10.00     18 mov    4552.65    0.3000   21.00%   91.00%
    [ 2]  R11     P5        79.59     108.69    35.70    10.00     18 mov    4793.20    0.0900    6.30%   97.30%
    [ 3]  R11     P2        80.48     109.58    36.59    10.00     16 mov    4887.10    0.0270    1.89%   99.19%
    [ 4]  R8      P5        79.59      95.06    40.05    10.00     18 mov    5091.10    0.0081    0.57%   99.76%
    [ 5]  R8      P2        80.48      95.95    40.94    10.00     16 mov    5185.00    0.0024    0.17%   99.93%
    [ 6]  R6      P3        74.69      91.97    43.13    10.00     18 mov    5369.05    0.0007    0.05%   99.98%
    [ 7]  R6      P5        79.59      96.87    48.03    10.00     18 mov    5907.50    0.0002    0.02%   99.99%
    [ 8]  R6      P2        80.48      97.76    48.92    10.00     16 mov    6001.40    0.0001    0.00%  100.00%
    [ 9]  R11     P4        96.52     125.62    52.63    10.00     16 mov    6651.50    0.0000    0.00%  100.00%
    [10]  R8      P4        96.52     111.99    56.97    10.00     16 mov    6949.40    0.0000    0.00%  100.00%
    [11]  R11     P1       100.36     129.46    56.47    10.00     16 mov    7073.79    0.0000    0.00%  100.00%
    [12]  R8      P1       100.36     115.83    60.81    10.00     16 mov    7371.69    0.0000    0.00%  100.00%
    [13]  R6      P4        96.52     113.80    64.96    10.00     16 mov    7765.80    0.0000    0.00%  100.00%
    [14]  R6      P1       100.36     117.64    68.80    10.00     16 mov    8188.09    0.0000    0.00%  100.00%
    draw=1.3842  →  (R11, P5) (rank 2) selected
  start-time compare  R11 → P5:  t_imm=79.59 cost=4661.20 (2 new movs)  vs  t_nob=86.52 cost=5419.50

  Assignment: R11 → P5  [79.59 → 108.69]  delay=35.70
    J11-1      [79.59 → 88.02]
    J11-2      [88.02 → 96.45]
    J11-3      [96.45 → 108.69]

  Assigned so far:
    ID      Pos       start    finish    delay
    ----------------------------------------
    R12     P3         8.13     13.91     0.00
    R7      P1         1.21     15.14     0.00
    R2      P4         0.00     15.20     0.00
    R4      P2         0.00     16.65     0.00
    R1      P5         0.00     18.30     0.00
    R16     P1        25.14     31.77     0.00
    R18     P4        25.20     33.27     0.00
    R20     P3        23.91     33.70     0.00
    R19     P5        28.30     37.49     0.00
    R9      P2        26.65     39.24     0.00
    R15     P1        41.77     55.54     0.00
    R10     P4        43.27     55.14     0.00
    R14     P3        43.70     64.69     0.00
    R17     P5        47.49     69.59     0.00
    R5      P2        49.24     70.48     3.54
    R13     P4        65.14     86.52    27.59
    R3      P1        65.54     90.36    21.35
    R11     P5        79.59    108.69    35.70

========================================================================
  STEP 19/20
========================================================================

  Pair evaluation  (10 pairs):
    Rank   ID      Pos     t_start   t_finish    delay      gap   blocking      score    weight     P(%)   cum(%)
    ---------------------------------------------------------------------------------------------------------
    [ 0]  R8      P3        74.69      90.16    35.15    10.00     22 mov    4560.65    1.0000   70.00%   70.00%
    [ 1]  R8      P2        80.48      95.95    40.94    10.00     18 mov    5189.00    0.3000   21.00%   91.00%
    [ 2]  R6      P3        74.69      91.97    43.13    10.00     22 mov    5377.05    0.0900    6.30%   97.30%
    [ 3]  R6      P2        80.48      97.76    48.92    10.00     18 mov    6005.40    0.0270    1.89%   99.19%
    [ 4]  R8      P4        96.52     111.99    56.97    10.00     20 mov    6957.40    0.0081    0.57%   99.76%
    [ 5]  R8      P1       100.36     115.83    60.81    10.00     18 mov    7375.69    0.0024    0.17%   99.93%
    [ 6]  R6      P4        96.52     113.80    64.96    10.00     20 mov    7773.80    0.0007    0.05%   99.98%
    [ 7]  R6      P1       100.36     117.64    68.80    10.00     18 mov    8192.09    0.0002    0.02%   99.99%
    [ 8]  R8      P5       118.69     134.16    79.15    10.00     18 mov    9392.10    0.0001    0.00%  100.00%
    [ 9]  R6      P5       118.69     135.97    87.13    10.00     18 mov   10208.50    0.0000    0.00%  100.00%
    draw=0.1999  →  (R8, P3) (rank 0) selected
  start-time compare  R8 → P3:  t_imm=74.69 cost=4424.65 (4 new movs)  vs  t_nob=86.52 cost=5717.40

  Assignment: R8 → P3  [74.69 → 90.16]  delay=35.15
    J8-1       [74.69 → 82.72]
    J8-2       [82.72 → 90.17]

  Assigned so far:
    ID      Pos       start    finish    delay
    ----------------------------------------
    R12     P3         8.13     13.91     0.00
    R7      P1         1.21     15.14     0.00
    R2      P4         0.00     15.20     0.00
    R4      P2         0.00     16.65     0.00
    R1      P5         0.00     18.30     0.00
    R16     P1        25.14     31.77     0.00
    R18     P4        25.20     33.27     0.00
    R20     P3        23.91     33.70     0.00
    R19     P5        28.30     37.49     0.00
    R9      P2        26.65     39.24     0.00
    R15     P1        41.77     55.54     0.00
    R10     P4        43.27     55.14     0.00
    R14     P3        43.70     64.69     0.00
    R17     P5        47.49     69.59     0.00
    R5      P2        49.24     70.48     3.54
    R13     P4        65.14     86.52    27.59
    R3      P1        65.54     90.36    21.35
    R11     P5        79.59    108.69    35.70
    R8      P3        74.69     90.17    35.15

========================================================================
  STEP 20/20
========================================================================

  Pair evaluation  (5 pairs):
    Rank   ID      Pos     t_start   t_finish    delay      gap   blocking      score    weight     P(%)   cum(%)
    ---------------------------------------------------------------------------------------------------------
    [ 0]  R6      P2        80.48      97.76    48.92    10.00     22 mov    6013.40    1.0000   70.17%   70.17%
    [ 1]  R6      P4        96.52     113.80    64.96    10.00     24 mov    7781.80    0.3000   21.05%   91.22%
    [ 2]  R6      P3       100.16     117.44    68.60    10.00     24 mov    8182.75    0.0900    6.32%   97.54%
    [ 3]  R6      P1       100.36     117.64    68.80    10.00     22 mov    8200.09    0.0270    1.89%   99.43%
    [ 4]  R6      P5       118.69     135.97    87.13    10.00     22 mov   10216.50    0.0081    0.57%  100.00%
    draw=0.4385  →  (R6, P2) (rank 0) selected

  Assignment: R6 → P2  [80.48 → 97.76]  delay=48.92
    J6-1       [80.48 → 89.68]
    J6-2       [89.68 → 97.76]

  Assigned so far:
    ID      Pos       start    finish    delay
    ----------------------------------------
    R12     P3         8.13     13.91     0.00
    R7      P1         1.21     15.14     0.00
    R2      P4         0.00     15.20     0.00
    R4      P2         0.00     16.65     0.00
    R1      P5         0.00     18.30     0.00
    R16     P1        25.14     31.77     0.00
    R18     P4        25.20     33.27     0.00
    R20     P3        23.91     33.70     0.00
    R19     P5        28.30     37.49     0.00
    R9      P2        26.65     39.24     0.00
    R15     P1        41.77     55.54     0.00
    R10     P4        43.27     55.14     0.00
    R14     P3        43.70     64.69     0.00
    R17     P5        47.49     69.59     0.00
    R5      P2        49.24     70.48     3.54
    R13     P4        65.14     86.52    27.59
    R3      P1        65.54     90.36    21.35
    R11     P5        79.59    108.69    35.70
    R8      P3        74.69     90.17    35.15
    R6      P2        80.48     97.76    48.92

========================================================================
  Iteration result:  makespan=108.69  movements=22  delay=172.25
========================================================================

========================================================================
  Local search start  obj=18333.90
========================================================================
  Local search end    obj=18333.90

────────────────────────────────────────────────────────────────────────
  Iteration history
────────────────────────────────────────────────────────────────────────
      Iter   Time(s)           Obj    Makespan       Delay    Mov
  ------------------------------------------------------------
         1      0.00      20663.45      107.06      195.73     20  *
         2      0.16      20138.00      102.27      190.93     22  *
         3      0.32      19375.40      107.91      182.78     18  *
         4      2.15      21211.70      101.64      201.79     16
         5      2.67      20204.40      102.27      191.64     18
         6      2.82      21963.09      107.00      208.73     20
         7      3.20      23255.60      107.91      221.54     22
         8      3.35      19982.89      109.73      188.64     22
         9      3.53      19306.30      109.56      181.91     20  *
        10      3.80      20222.90      102.27      191.78     22
        11      3.95      19306.30      109.56      181.91     20
        12      4.60      20482.50      107.67      193.88     18
        13      5.38      18981.20      104.73      179.14     20  *
        14      5.52      21969.69      103.39      209.12     24
        15      6.16      19179.80      111.01      180.46     24
        16      7.63      20524.40      109.32      194.11     20
        17      8.60      19503.10      107.91      184.02     22
        18      9.36      22159.40      100.21      211.35     22
        19     10.20      20213.50      102.27      191.67     24
        20     10.35      19379.40      107.91      182.78     22
        21     11.34      19162.00      109.56      180.40     26
        22     12.62      18402.10       99.41      173.90     18  *
        23     12.76      21438.45      120.52      202.13     20
        24     12.93      21921.90      107.91      208.27     16
        25     13.94      20213.10      102.63      191.67     20
        26     14.09      22040.50      106.64      209.46     28
        27     14.24      20492.50      107.67      193.88     28
        28     15.23      19377.40      107.91      182.78     20
        29     16.74      21221.70      101.64      201.79     26
        30     18.05      21573.50      103.37      205.18     22
        31     18.21      20175.00      106.37      190.93     18
        32     18.40      21058.40      100.21      200.34     22
        33     19.68      21222.94      102.50      201.74     24
        34     19.83      19316.30      109.56      181.91     30
        35     21.09      18493.80      103.65      174.37     20
        36     21.24      20488.50      107.67      193.88     24
        37     22.13      19377.40      107.91      182.78     20
        38     23.11      20605.90       99.91      195.83     24
        39     23.26      20368.50      112.26      192.22     24
        40     24.79      19624.24      104.20      185.50     32
        41     24.94      18919.90      102.27      178.79     18
        42     25.10      19383.40      107.91      182.78     26
        43     26.43      21737.69      116.30      205.57     18
        44     26.61      19145.50      107.91      180.40     26
        45     27.89      25034.60       99.41      240.25     16
        46     28.03      20136.00      102.27      190.93     20
        47     28.18      19377.40      107.91      182.78     20
        48     29.19      22090.40      107.82      209.90     22
        49     29.35      21206.20      106.55      201.19     22
        50     29.51      19381.40      107.91      182.78     24
        51     30.26      20962.70      109.56      198.51     16
        52     30.85      19511.10      107.91      184.02     30
        53     32.30      21107.44      100.60      200.81     20
        54     32.45      21911.15      110.34      207.92     16
        55     33.47      18333.90      108.69      172.25     22  *
        56     33.63      32756.30      114.82      315.84     24
        57     33.81      20478.50      107.67      193.88     14
        58     35.15      21510.49      114.08      203.48     22
        59     35.34      22037.64      106.58      209.46     26
        60     35.50      22051.00       97.05      210.71     10
        61     36.20      20482.50      107.67      193.88     18
        62     37.40      20540.90      110.77      194.11     22
        63     38.84      20494.50      107.67      193.88     30
        64     40.06      21215.70      101.64      201.79     20
        65     41.30      22254.10      104.80      211.82     24
        66     42.32      22302.60      104.09      212.44     18
        67     43.34      21437.70      115.36      202.66     18
        68     44.53      23955.90      123.01      227.02     24
        69     44.72      22785.59      111.51      216.53     18
        70     44.91      19379.40      107.91      182.78     22
        71     46.12      20530.40      109.32      194.11     26
        72     47.22      19503.10      107.91      184.02     22
        73     48.94      20494.50      107.67      193.88     30
        74     49.97      19375.40      107.91      182.78     18
        75     50.85      20511.90      103.05      194.47     34
        76     52.52      19375.40      107.91      182.78     18
        77     53.54      19173.70      111.01      180.40     24
        78     55.10      19141.50      107.91      180.40     22
        79     56.09      20494.50      107.67      193.88     30
        80     57.74      22094.75      108.08      209.94     20
        81     57.92      23119.25      115.23      219.45     22
        82     58.11      21217.65      110.34      200.92     22
        83     59.21      19154.00      109.56      180.40     18
  ------------------------------------------------------------
